series_id,period,frequency,value,unit,status,source_id,source_url,source_sha256,retrieved_at
indec_gdp_constant_2004_annual,2004,annual,485115.195206,million_ars_2004,official,indec_gdp_original,https://www.indec.gob.ar/ftp/cuadros/economia/sh_oferta_demanda_06_26.xls,f6a236be1884b47316c01b45d2145b7a8aee95d3766d9887848e635c8ab56538,2026-08-20T23:52:51Z
indec_gdp_constant_2004_annual,2005,annual,528055.942503,million_ars_2004,official,indec_gdp_original,https://www.indec.gob.ar/ftp/cuadros/economia/sh_oferta_demanda_06_26.xls,f6a236be1884b47316c01b45d2145b7a8aee95d3766d9887848e635c8ab56538,2026-08-20T23:52:51Z
indec_gdp_constant_2004_annual,2006,annual,570549.404221,million_ars_2004,official,indec_gdp_original,https://www.indec.gob.ar/ftp/cuadros/economia/sh_oferta_demanda_06_26.xls,f6a236be1884b47316c01b45d2145b7a8aee95d3766d9887848e635c8ab56538,2026-08-20T23:52:51Z
indec_gdp_constant_2004_annual,2007,annual,621942.502646,million_ars_2004,official,indec_gdp_original,https://www.indec.gob.ar/ftp/cuadros/economia/sh_oferta_demanda_06_26.xls,f6a236be1884b47316c01b45d2145b7a8aee95d3766d9887848e635c8ab56538,2026-08-20T23:52:51Z
indec_gdp_constant_2004_annual,2008,annual,647176.159741,million_ars_2004,official,indec_gdp_original,https://www.indec.gob.ar/ftp/cuadros/economia/sh_oferta_demanda_06_26.xls,f6a236be1884b47316c01b45d2145b7a8aee95d3766d9887848e635c8ab56538,2026-08-20T23:52:51Z
indec_gdp_constant_2004_annual,2009,annual,608872.876413,million_ars_2004,official,indec_gdp_original,https://www.indec.gob.ar/ftp/cuadros/economia/sh_oferta_demanda_06_26.xls,f6a236be1884b47316c01b45d2145b7a8aee95d3766d9887848e635c8ab56538,2026-08-20T23:52:51Z
indec_gdp_constant_2004_annual,2010,annual,670523.679442,million_ars_2004,official,indec_gdp_original,https://www.indec.gob.ar/ftp/cuadros/economia/sh_oferta_demanda_06_26.xls,f6a236be1884b47316c01b45d2145b7a8aee95d3766d9887848e635c8ab56538,2026-08-20T23:52:51Z
indec_gdp_constant_2004_annual,2011,annual,710781.597221,million_ars_2004,official,indec_gdp_original,https://www.indec.gob.ar/ftp/cuadros/economia/sh_oferta_demanda_06_26.xls,f6a236be1884b47316c01b45d2145b7a8aee95d3766d9887848e635c8ab56538,2026-08-20T23:52:51Z
indec_gdp_constant_2004_annual,2012,annual,703485.989459,million_ars_2004,official,indec_gdp_original,https://www.indec.gob.ar/ftp/cuadros/economia/sh_oferta_demanda_06_26.xls,f6a236be1884b47316c01b45d2145b7a8aee95d3766d9887848e635c8ab56538,2026-08-20T23:52:51Z
indec_gdp_constant_2004_annual,2013,annual,720407.105303,million_ars_2004,official,indec_gdp_original,https://www.indec.gob.ar/ftp/cuadros/economia/sh_oferta_demanda_06_26.xls,f6a236be1884b47316c01b45d2145b7a8aee95d3766d9887848e635c8ab56538,2026-08-20T23:52:51Z
indec_gdp_constant_2004_annual,2014,annual,702306.045963,million_ars_2004,official,indec_gdp_original,https://www.indec.gob.ar/ftp/cuadros/economia/sh_oferta_demanda_06_26.xls,f6a236be1884b47316c01b45d2145b7a8aee95d3766d9887848e635c8ab56538,2026-08-20T23:52:51Z
indec_gdp_constant_2004_annual,2015,annual,721487.146638,million_ars_2004,official,indec_gdp_original,https://www.indec.gob.ar/ftp/cuadros/economia/sh_oferta_demanda_06_26.xls,f6a236be1884b47316c01b45d2145b7a8aee95d3766d9887848e635c8ab56538,2026-08-20T23:52:51Z
indec_gdp_constant_2004_annual,2016,annual,706477.848599,million_ars_2004,official,indec_gdp_original,https://www.indec.gob.ar/ftp/cuadros/economia/sh_oferta_demanda_06_26.xls,f6a236be1884b47316c01b45d2145b7a8aee95d3766d9887848e635c8ab56538,2026-08-20T23:52:51Z
indec_gdp_constant_2004_annual,2017,annual,726389.947763,million_ars_2004,official,indec_gdp_original,https://www.indec.gob.ar/ftp/cuadros/economia/sh_oferta_demanda_06_26.xls,f6a236be1884b47316c01b45d2145b7a8aee95d3766d9887848e635c8ab56538,2026-08-20T23:52:51Z
indec_gdp_constant_2004_annual,2018,annual,707377.442983,million_ars_2004,official,indec_gdp_original,https://www.indec.gob.ar/ftp/cuadros/economia/sh_oferta_demanda_06_26.xls,f6a236be1884b47316c01b45d2145b7a8aee95d3766d9887848e635c8ab56538,2026-08-20T23:52:51Z
indec_gdp_constant_2004_annual,2019,annual,693223.803589,million_ars_2004,official,indec_gdp_original,https://www.indec.gob.ar/ftp/cuadros/economia/sh_oferta_demanda_06_26.xls,f6a236be1884b47316c01b45d2145b7a8aee95d3766d9887848e635c8ab56538,2026-08-20T23:52:51Z
indec_gdp_constant_2004_annual,2020,annual,624591.286153,million_ars_2004,official,indec_gdp_original,https://www.indec.gob.ar/ftp/cuadros/economia/sh_oferta_demanda_06_26.xls,f6a236be1884b47316c01b45d2145b7a8aee95d3766d9887848e635c8ab56538,2026-08-20T23:52:51Z
indec_gdp_constant_2004_annual,2021,annual,689809.934034,million_ars_2004,official,indec_gdp_original,https://www.indec.gob.ar/ftp/cuadros/economia/sh_oferta_demanda_06_26.xls,f6a236be1884b47316c01b45d2145b7a8aee95d3766d9887848e635c8ab56538,2026-08-20T23:52:51Z
indec_gdp_constant_2004_annual,2022,annual,731341.633727,million_ars_2004,official,indec_gdp_original,https://www.indec.gob.ar/ftp/cuadros/economia/sh_oferta_demanda_06_26.xls,f6a236be1884b47316c01b45d2145b7a8aee95d3766d9887848e635c8ab56538,2026-08-20T23:52:51Z
indec_gdp_constant_2004_annual,2023,annual,717805.725240,million_ars_2004,official,indec_gdp_original,https://www.indec.gob.ar/ftp/cuadros/economia/sh_oferta_demanda_06_26.xls,f6a236be1884b47316c01b45d2145b7a8aee95d3766d9887848e635c8ab56538,2026-08-20T23:52:51Z
indec_gdp_constant_2004_annual,2024,annual,707987.884558,million_ars_2004,official,indec_gdp_original,https://www.indec.gob.ar/ftp/cuadros/economia/sh_oferta_demanda_06_26.xls,f6a236be1884b47316c01b45d2145b7a8aee95d3766d9887848e635c8ab56538,2026-08-20T23:52:51Z
indec_gdp_constant_2004_annual,2025,annual,739728.713374,million_ars_2004,official,indec_gdp_original,https://www.indec.gob.ar/ftp/cuadros/economia/sh_oferta_demanda_06_26.xls,f6a236be1884b47316c01b45d2145b7a8aee95d3766d9887848e635c8ab56538,2026-08-20T23:52:51Z
indec_gdp_constant_2004_quarterly,2004-Q1,quarterly,460369.442233,million_ars_2004,official,indec_gdp_original,https://www.indec.gob.ar/ftp/cuadros/economia/sh_oferta_demanda_06_26.xls,f6a236be1884b47316c01b45d2145b7a8aee95d3766d9887848e635c8ab56538,2026-08-20T23:52:51Z
indec_gdp_constant_2004_quarterly,2004-Q2,quarterly,514395.681772,million_ars_2004,official,indec_gdp_original,https://www.indec.gob.ar/ftp/cuadros/economia/sh_oferta_demanda_06_26.xls,f6a236be1884b47316c01b45d2145b7a8aee95d3766d9887848e635c8ab56538,2026-08-20T23:52:51Z
indec_gdp_constant_2004_quarterly,2004-Q3,quarterly,481151.979944,million_ars_2004,official,indec_gdp_original,https://www.indec.gob.ar/ftp/cuadros/economia/sh_oferta_demanda_06_26.xls,f6a236be1884b47316c01b45d2145b7a8aee95d3766d9887848e635c8ab56538,2026-08-20T23:52:51Z
indec_gdp_constant_2004_quarterly,2004-Q4,quarterly,484543.676877,million_ars_2004,official,indec_gdp_original,https://www.indec.gob.ar/ftp/cuadros/economia/sh_oferta_demanda_06_26.xls,f6a236be1884b47316c01b45d2145b7a8aee95d3766d9887848e635c8ab56538,2026-08-20T23:52:51Z
indec_gdp_constant_2004_quarterly,2005-Q1,quarterly,493602.530578,million_ars_2004,official,indec_gdp_original,https://www.indec.gob.ar/ftp/cuadros/economia/sh_oferta_demanda_06_26.xls,f6a236be1884b47316c01b45d2145b7a8aee95d3766d9887848e635c8ab56538,2026-08-20T23:52:51Z
indec_gdp_constant_2004_quarterly,2005-Q2,quarterly,581668.249880,million_ars_2004,official,indec_gdp_original,https://www.indec.gob.ar/ftp/cuadros/economia/sh_oferta_demanda_06_26.xls,f6a236be1884b47316c01b45d2145b7a8aee95d3766d9887848e635c8ab56538,2026-08-20T23:52:51Z
indec_gdp_constant_2004_quarterly,2005-Q3,quarterly,514697.789505,million_ars_2004,official,indec_gdp_original,https://www.indec.gob.ar/ftp/cuadros/economia/sh_oferta_demanda_06_26.xls,f6a236be1884b47316c01b45d2145b7a8aee95d3766d9887848e635c8ab56538,2026-08-20T23:52:51Z
indec_gdp_constant_2004_quarterly,2005-Q4,quarterly,522255.200051,million_ars_2004,official,indec_gdp_original,https://www.indec.gob.ar/ftp/cuadros/economia/sh_oferta_demanda_06_26.xls,f6a236be1884b47316c01b45d2145b7a8aee95d3766d9887848e635c8ab56538,2026-08-20T23:52:51Z
indec_gdp_constant_2004_quarterly,2006-Q1,quarterly,532348.212017,million_ars_2004,official,indec_gdp_original,https://www.indec.gob.ar/ftp/cuadros/economia/sh_oferta_demanda_06_26.xls,f6a236be1884b47316c01b45d2145b7a8aee95d3766d9887848e635c8ab56538,2026-08-20T23:52:51Z
indec_gdp_constant_2004_quarterly,2006-Q2,quarterly,614076.392609,million_ars_2004,official,indec_gdp_original,https://www.indec.gob.ar/ftp/cuadros/economia/sh_oferta_demanda_06_26.xls,f6a236be1884b47316c01b45d2145b7a8aee95d3766d9887848e635c8ab56538,2026-08-20T23:52:51Z
indec_gdp_constant_2004_quarterly,2006-Q3,quarterly,562978.965627,million_ars_2004,official,indec_gdp_original,https://www.indec.gob.ar/ftp/cuadros/economia/sh_oferta_demanda_06_26.xls,f6a236be1884b47316c01b45d2145b7a8aee95d3766d9887848e635c8ab56538,2026-08-20T23:52:51Z
indec_gdp_constant_2004_quarterly,2006-Q4,quarterly,572794.046631,million_ars_2004,official,indec_gdp_original,https://www.indec.gob.ar/ftp/cuadros/economia/sh_oferta_demanda_06_26.xls,f6a236be1884b47316c01b45d2145b7a8aee95d3766d9887848e635c8ab56538,2026-08-20T23:52:51Z
indec_gdp_constant_2004_quarterly,2007-Q1,quarterly,576846.885699,million_ars_2004,official,indec_gdp_original,https://www.indec.gob.ar/ftp/cuadros/economia/sh_oferta_demanda_06_26.xls,f6a236be1884b47316c01b45d2145b7a8aee95d3766d9887848e635c8ab56538,2026-08-20T23:52:51Z
indec_gdp_constant_2004_quarterly,2007-Q2,quarterly,674620.563006,million_ars_2004,official,indec_gdp_original,https://www.indec.gob.ar/ftp/cuadros/economia/sh_oferta_demanda_06_26.xls,f6a236be1884b47316c01b45d2145b7a8aee95d3766d9887848e635c8ab56538,2026-08-20T23:52:51Z
indec_gdp_constant_2004_quarterly,2007-Q3,quarterly,610425.694015,million_ars_2004,official,indec_gdp_original,https://www.indec.gob.ar/ftp/cuadros/economia/sh_oferta_demanda_06_26.xls,f6a236be1884b47316c01b45d2145b7a8aee95d3766d9887848e635c8ab56538,2026-08-20T23:52:51Z
indec_gdp_constant_2004_quarterly,2007-Q4,quarterly,625876.867864,million_ars_2004,official,indec_gdp_original,https://www.indec.gob.ar/ftp/cuadros/economia/sh_oferta_demanda_06_26.xls,f6a236be1884b47316c01b45d2145b7a8aee95d3766d9887848e635c8ab56538,2026-08-20T23:52:51Z
indec_gdp_constant_2004_quarterly,2008-Q1,quarterly,616720.357064,million_ars_2004,official,indec_gdp_original,https://www.indec.gob.ar/ftp/cuadros/economia/sh_oferta_demanda_06_26.xls,f6a236be1884b47316c01b45d2145b7a8aee95d3766d9887848e635c8ab56538,2026-08-20T23:52:51Z
indec_gdp_constant_2004_quarterly,2008-Q2,quarterly,711405.500455,million_ars_2004,official,indec_gdp_original,https://www.indec.gob.ar/ftp/cuadros/economia/sh_oferta_demanda_06_26.xls,f6a236be1884b47316c01b45d2145b7a8aee95d3766d9887848e635c8ab56538,2026-08-20T23:52:51Z
indec_gdp_constant_2004_quarterly,2008-Q3,quarterly,647087.959742,million_ars_2004,official,indec_gdp_original,https://www.indec.gob.ar/ftp/cuadros/economia/sh_oferta_demanda_06_26.xls,f6a236be1884b47316c01b45d2145b7a8aee95d3766d9887848e635c8ab56538,2026-08-20T23:52:51Z
indec_gdp_constant_2004_quarterly,2008-Q4,quarterly,613490.821703,million_ars_2004,official,indec_gdp_original,https://www.indec.gob.ar/ftp/cuadros/economia/sh_oferta_demanda_06_26.xls,f6a236be1884b47316c01b45d2145b7a8aee95d3766d9887848e635c8ab56538,2026-08-20T23:52:51Z
indec_gdp_constant_2004_quarterly,2009-Q1,quarterly,578553.044242,million_ars_2004,official,indec_gdp_original,https://www.indec.gob.ar/ftp/cuadros/economia/sh_oferta_demanda_06_26.xls,f6a236be1884b47316c01b45d2145b7a8aee95d3766d9887848e635c8ab56538,2026-08-20T23:52:51Z
indec_gdp_constant_2004_quarterly,2009-Q2,quarterly,631197.751860,million_ars_2004,official,indec_gdp_original,https://www.indec.gob.ar/ftp/cuadros/economia/sh_oferta_demanda_06_26.xls,f6a236be1884b47316c01b45d2145b7a8aee95d3766d9887848e635c8ab56538,2026-08-20T23:52:51Z
indec_gdp_constant_2004_quarterly,2009-Q3,quarterly,610519.854612,million_ars_2004,official,indec_gdp_original,https://www.indec.gob.ar/ftp/cuadros/economia/sh_oferta_demanda_06_26.xls,f6a236be1884b47316c01b45d2145b7a8aee95d3766d9887848e635c8ab56538,2026-08-20T23:52:51Z
indec_gdp_constant_2004_quarterly,2009-Q4,quarterly,615220.854937,million_ars_2004,official,indec_gdp_original,https://www.indec.gob.ar/ftp/cuadros/economia/sh_oferta_demanda_06_26.xls,f6a236be1884b47316c01b45d2145b7a8aee95d3766d9887848e635c8ab56538,2026-08-20T23:52:51Z
indec_gdp_constant_2004_quarterly,2010-Q1,quarterly,611607.336590,million_ars_2004,official,indec_gdp_original,https://www.indec.gob.ar/ftp/cuadros/economia/sh_oferta_demanda_06_26.xls,f6a236be1884b47316c01b45d2145b7a8aee95d3766d9887848e635c8ab56538,2026-08-20T23:52:51Z
indec_gdp_constant_2004_quarterly,2010-Q2,quarterly,733730.773969,million_ars_2004,official,indec_gdp_original,https://www.indec.gob.ar/ftp/cuadros/economia/sh_oferta_demanda_06_26.xls,f6a236be1884b47316c01b45d2145b7a8aee95d3766d9887848e635c8ab56538,2026-08-20T23:52:51Z
indec_gdp_constant_2004_quarterly,2010-Q3,quarterly,668566.509489,million_ars_2004,official,indec_gdp_original,https://www.indec.gob.ar/ftp/cuadros/economia/sh_oferta_demanda_06_26.xls,f6a236be1884b47316c01b45d2145b7a8aee95d3766d9887848e635c8ab56538,2026-08-20T23:52:51Z
indec_gdp_constant_2004_quarterly,2010-Q4,quarterly,668190.097720,million_ars_2004,official,indec_gdp_original,https://www.indec.gob.ar/ftp/cuadros/economia/sh_oferta_demanda_06_26.xls,f6a236be1884b47316c01b45d2145b7a8aee95d3766d9887848e635c8ab56538,2026-08-20T23:52:51Z
indec_gdp_constant_2004_quarterly,2011-Q1,quarterly,662325.585973,million_ars_2004,official,indec_gdp_original,https://www.indec.gob.ar/ftp/cuadros/economia/sh_oferta_demanda_06_26.xls,f6a236be1884b47316c01b45d2145b7a8aee95d3766d9887848e635c8ab56538,2026-08-20T23:52:51Z
indec_gdp_constant_2004_quarterly,2011-Q2,quarterly,766332.954572,million_ars_2004,official,indec_gdp_original,https://www.indec.gob.ar/ftp/cuadros/economia/sh_oferta_demanda_06_26.xls,f6a236be1884b47316c01b45d2145b7a8aee95d3766d9887848e635c8ab56538,2026-08-20T23:52:51Z
indec_gdp_constant_2004_quarterly,2011-Q3,quarterly,711417.391930,million_ars_2004,official,indec_gdp_original,https://www.indec.gob.ar/ftp/cuadros/economia/sh_oferta_demanda_06_26.xls,f6a236be1884b47316c01b45d2145b7a8aee95d3766d9887848e635c8ab56538,2026-08-20T23:52:51Z
indec_gdp_constant_2004_quarterly,2011-Q4,quarterly,703050.456408,million_ars_2004,official,indec_gdp_original,https://www.indec.gob.ar/ftp/cuadros/economia/sh_oferta_demanda_06_26.xls,f6a236be1884b47316c01b45d2145b7a8aee95d3766d9887848e635c8ab56538,2026-08-20T23:52:51Z
indec_gdp_constant_2004_quarterly,2012-Q1,quarterly,672685.993631,million_ars_2004,official,indec_gdp_original,https://www.indec.gob.ar/ftp/cuadros/economia/sh_oferta_demanda_06_26.xls,f6a236be1884b47316c01b45d2145b7a8aee95d3766d9887848e635c8ab56538,2026-08-20T23:52:51Z
indec_gdp_constant_2004_quarterly,2012-Q2,quarterly,730838.272593,million_ars_2004,official,indec_gdp_original,https://www.indec.gob.ar/ftp/cuadros/economia/sh_oferta_demanda_06_26.xls,f6a236be1884b47316c01b45d2145b7a8aee95d3766d9887848e635c8ab56538,2026-08-20T23:52:51Z
indec_gdp_constant_2004_quarterly,2012-Q3,quarterly,703461.652530,million_ars_2004,official,indec_gdp_original,https://www.indec.gob.ar/ftp/cuadros/economia/sh_oferta_demanda_06_26.xls,f6a236be1884b47316c01b45d2145b7a8aee95d3766d9887848e635c8ab56538,2026-08-20T23:52:51Z
indec_gdp_constant_2004_quarterly,2012-Q4,quarterly,706958.039082,million_ars_2004,official,indec_gdp_original,https://www.indec.gob.ar/ftp/cuadros/economia/sh_oferta_demanda_06_26.xls,f6a236be1884b47316c01b45d2145b7a8aee95d3766d9887848e635c8ab56538,2026-08-20T23:52:51Z
indec_gdp_constant_2004_quarterly,2013-Q1,quarterly,677085.529173,million_ars_2004,official,indec_gdp_original,https://www.indec.gob.ar/ftp/cuadros/economia/sh_oferta_demanda_06_26.xls,f6a236be1884b47316c01b45d2145b7a8aee95d3766d9887848e635c8ab56538,2026-08-20T23:52:51Z
indec_gdp_constant_2004_quarterly,2013-Q2,quarterly,776486.602799,million_ars_2004,official,indec_gdp_original,https://www.indec.gob.ar/ftp/cuadros/economia/sh_oferta_demanda_06_26.xls,f6a236be1884b47316c01b45d2145b7a8aee95d3766d9887848e635c8ab56538,2026-08-20T23:52:51Z
indec_gdp_constant_2004_quarterly,2013-Q3,quarterly,721458.944216,million_ars_2004,official,indec_gdp_original,https://www.indec.gob.ar/ftp/cuadros/economia/sh_oferta_demanda_06_26.xls,f6a236be1884b47316c01b45d2145b7a8aee95d3766d9887848e635c8ab56538,2026-08-20T23:52:51Z
indec_gdp_constant_2004_quarterly,2013-Q4,quarterly,706597.345023,million_ars_2004,official,indec_gdp_original,https://www.indec.gob.ar/ftp/cuadros/economia/sh_oferta_demanda_06_26.xls,f6a236be1884b47316c01b45d2145b7a8aee95d3766d9887848e635c8ab56538,2026-08-20T23:52:51Z
indec_gdp_constant_2004_quarterly,2014-Q1,quarterly,671066.046635,million_ars_2004,official,indec_gdp_original,https://www.indec.gob.ar/ftp/cuadros/economia/sh_oferta_demanda_06_26.xls,f6a236be1884b47316c01b45d2145b7a8aee95d3766d9887848e635c8ab56538,2026-08-20T23:52:51Z
indec_gdp_constant_2004_quarterly,2014-Q2,quarterly,760576.868348,million_ars_2004,official,indec_gdp_original,https://www.indec.gob.ar/ftp/cuadros/economia/sh_oferta_demanda_06_26.xls,f6a236be1884b47316c01b45d2145b7a8aee95d3766d9887848e635c8ab56538,2026-08-20T23:52:51Z
indec_gdp_constant_2004_quarterly,2014-Q3,quarterly,690879.798252,million_ars_2004,official,indec_gdp_original,https://www.indec.gob.ar/ftp/cuadros/economia/sh_oferta_demanda_06_26.xls,f6a236be1884b47316c01b45d2145b7a8aee95d3766d9887848e635c8ab56538,2026-08-20T23:52:51Z
indec_gdp_constant_2004_quarterly,2014-Q4,quarterly,686701.470619,million_ars_2004,official,indec_gdp_original,https://www.indec.gob.ar/ftp/cuadros/economia/sh_oferta_demanda_06_26.xls,f6a236be1884b47316c01b45d2145b7a8aee95d3766d9887848e635c8ab56538,2026-08-20T23:52:51Z
indec_gdp_constant_2004_quarterly,2015-Q1,quarterly,672749.811392,million_ars_2004,official,indec_gdp_original,https://www.indec.gob.ar/ftp/cuadros/economia/sh_oferta_demanda_06_26.xls,f6a236be1884b47316c01b45d2145b7a8aee95d3766d9887848e635c8ab56538,2026-08-20T23:52:51Z
indec_gdp_constant_2004_quarterly,2015-Q2,quarterly,791235.965542,million_ars_2004,official,indec_gdp_original,https://www.indec.gob.ar/ftp/cuadros/economia/sh_oferta_demanda_06_26.xls,f6a236be1884b47316c01b45d2145b7a8aee95d3766d9887848e635c8ab56538,2026-08-20T23:52:51Z
indec_gdp_constant_2004_quarterly,2015-Q3,quarterly,718281.265450,million_ars_2004,official,indec_gdp_original,https://www.indec.gob.ar/ftp/cuadros/economia/sh_oferta_demanda_06_26.xls,f6a236be1884b47316c01b45d2145b7a8aee95d3766d9887848e635c8ab56538,2026-08-20T23:52:51Z
indec_gdp_constant_2004_quarterly,2015-Q4,quarterly,703681.544169,million_ars_2004,official,indec_gdp_original,https://www.indec.gob.ar/ftp/cuadros/economia/sh_oferta_demanda_06_26.xls,f6a236be1884b47316c01b45d2145b7a8aee95d3766d9887848e635c8ab56538,2026-08-20T23:52:51Z
indec_gdp_constant_2004_quarterly,2016-Q1,quarterly,677652.089116,million_ars_2004,official,indec_gdp_original,https://www.indec.gob.ar/ftp/cuadros/economia/sh_oferta_demanda_06_26.xls,f6a236be1884b47316c01b45d2145b7a8aee95d3766d9887848e635c8ab56538,2026-08-20T23:52:51Z
indec_gdp_constant_2004_quarterly,2016-Q2,quarterly,760703.280152,million_ars_2004,official,indec_gdp_original,https://www.indec.gob.ar/ftp/cuadros/economia/sh_oferta_demanda_06_26.xls,f6a236be1884b47316c01b45d2145b7a8aee95d3766d9887848e635c8ab56538,2026-08-20T23:52:51Z
indec_gdp_constant_2004_quarterly,2016-Q3,quarterly,694382.475776,million_ars_2004,official,indec_gdp_original,https://www.indec.gob.ar/ftp/cuadros/economia/sh_oferta_demanda_06_26.xls,f6a236be1884b47316c01b45d2145b7a8aee95d3766d9887848e635c8ab56538,2026-08-20T23:52:51Z
indec_gdp_constant_2004_quarterly,2016-Q4,quarterly,693173.549347,million_ars_2004,official,indec_gdp_original,https://www.indec.gob.ar/ftp/cuadros/economia/sh_oferta_demanda_06_26.xls,f6a236be1884b47316c01b45d2145b7a8aee95d3766d9887848e635c8ab56538,2026-08-20T23:52:51Z
indec_gdp_constant_2004_quarterly,2017-Q1,quarterly,681444.766110,million_ars_2004,official,indec_gdp_original,https://www.indec.gob.ar/ftp/cuadros/economia/sh_oferta_demanda_06_26.xls,f6a236be1884b47316c01b45d2145b7a8aee95d3766d9887848e635c8ab56538,2026-08-20T23:52:51Z
indec_gdp_constant_2004_quarterly,2017-Q2,quarterly,778401.676449,million_ars_2004,official,indec_gdp_original,https://www.indec.gob.ar/ftp/cuadros/economia/sh_oferta_demanda_06_26.xls,f6a236be1884b47316c01b45d2145b7a8aee95d3766d9887848e635c8ab56538,2026-08-20T23:52:51Z
indec_gdp_constant_2004_quarterly,2017-Q3,quarterly,721120.426853,million_ars_2004,official,indec_gdp_original,https://www.indec.gob.ar/ftp/cuadros/economia/sh_oferta_demanda_06_26.xls,f6a236be1884b47316c01b45d2145b7a8aee95d3766d9887848e635c8ab56538,2026-08-20T23:52:51Z
indec_gdp_constant_2004_quarterly,2017-Q4,quarterly,724592.921639,million_ars_2004,official,indec_gdp_original,https://www.indec.gob.ar/ftp/cuadros/economia/sh_oferta_demanda_06_26.xls,f6a236be1884b47316c01b45d2145b7a8aee95d3766d9887848e635c8ab56538,2026-08-20T23:52:51Z
indec_gdp_constant_2004_quarterly,2018-Q1,quarterly,707324.268057,million_ars_2004,official,indec_gdp_original,https://www.indec.gob.ar/ftp/cuadros/economia/sh_oferta_demanda_06_26.xls,f6a236be1884b47316c01b45d2145b7a8aee95d3766d9887848e635c8ab56538,2026-08-20T23:52:51Z
indec_gdp_constant_2004_quarterly,2018-Q2,quarterly,747428.299955,million_ars_2004,official,indec_gdp_original,https://www.indec.gob.ar/ftp/cuadros/economia/sh_oferta_demanda_06_26.xls,f6a236be1884b47316c01b45d2145b7a8aee95d3766d9887848e635c8ab56538,2026-08-20T23:52:51Z
indec_gdp_constant_2004_quarterly,2018-Q3,quarterly,696101.583522,million_ars_2004,official,indec_gdp_original,https://www.indec.gob.ar/ftp/cuadros/economia/sh_oferta_demanda_06_26.xls,f6a236be1884b47316c01b45d2145b7a8aee95d3766d9887848e635c8ab56538,2026-08-20T23:52:51Z
indec_gdp_constant_2004_quarterly,2018-Q4,quarterly,678655.620384,million_ars_2004,official,indec_gdp_original,https://www.indec.gob.ar/ftp/cuadros/economia/sh_oferta_demanda_06_26.xls,f6a236be1884b47316c01b45d2145b7a8aee95d3766d9887848e635c8ab56538,2026-08-20T23:52:51Z
indec_gdp_constant_2004_quarterly,2019-Q1,quarterly,665848.715300,million_ars_2004,official,indec_gdp_original,https://www.indec.gob.ar/ftp/cuadros/economia/sh_oferta_demanda_06_26.xls,f6a236be1884b47316c01b45d2145b7a8aee95d3766d9887848e635c8ab56538,2026-08-20T23:52:51Z
indec_gdp_constant_2004_quarterly,2019-Q2,quarterly,751784.460777,million_ars_2004,official,indec_gdp_original,https://www.indec.gob.ar/ftp/cuadros/economia/sh_oferta_demanda_06_26.xls,f6a236be1884b47316c01b45d2145b7a8aee95d3766d9887848e635c8ab56538,2026-08-20T23:52:51Z
indec_gdp_constant_2004_quarterly,2019-Q3,quarterly,683900.898553,million_ars_2004,official,indec_gdp_original,https://www.indec.gob.ar/ftp/cuadros/economia/sh_oferta_demanda_06_26.xls,f6a236be1884b47316c01b45d2145b7a8aee95d3766d9887848e635c8ab56538,2026-08-20T23:52:51Z
indec_gdp_constant_2004_quarterly,2019-Q4,quarterly,671361.139722,million_ars_2004,official,indec_gdp_original,https://www.indec.gob.ar/ftp/cuadros/economia/sh_oferta_demanda_06_26.xls,f6a236be1884b47316c01b45d2145b7a8aee95d3766d9887848e635c8ab56538,2026-08-20T23:52:51Z
indec_gdp_constant_2004_quarterly,2020-Q1,quarterly,632389.353535,million_ars_2004,official,indec_gdp_original,https://www.indec.gob.ar/ftp/cuadros/economia/sh_oferta_demanda_06_26.xls,f6a236be1884b47316c01b45d2145b7a8aee95d3766d9887848e635c8ab56538,2026-08-20T23:52:51Z
indec_gdp_constant_2004_quarterly,2020-Q2,quarterly,609379.989465,million_ars_2004,official,indec_gdp_original,https://www.indec.gob.ar/ftp/cuadros/economia/sh_oferta_demanda_06_26.xls,f6a236be1884b47316c01b45d2145b7a8aee95d3766d9887848e635c8ab56538,2026-08-20T23:52:51Z
indec_gdp_constant_2004_quarterly,2020-Q3,quarterly,614192.478404,million_ars_2004,official,indec_gdp_original,https://www.indec.gob.ar/ftp/cuadros/economia/sh_oferta_demanda_06_26.xls,f6a236be1884b47316c01b45d2145b7a8aee95d3766d9887848e635c8ab56538,2026-08-20T23:52:51Z
indec_gdp_constant_2004_quarterly,2020-Q4,quarterly,642403.323198,million_ars_2004,official,indec_gdp_original,https://www.indec.gob.ar/ftp/cuadros/economia/sh_oferta_demanda_06_26.xls,f6a236be1884b47316c01b45d2145b7a8aee95d3766d9887848e635c8ab56538,2026-08-20T23:52:51Z
indec_gdp_constant_2004_quarterly,2021-Q1,quarterly,652831.976706,million_ars_2004,official,indec_gdp_original,https://www.indec.gob.ar/ftp/cuadros/economia/sh_oferta_demanda_06_26.xls,f6a236be1884b47316c01b45d2145b7a8aee95d3766d9887848e635c8ab56538,2026-08-20T23:52:51Z
indec_gdp_constant_2004_quarterly,2021-Q2,quarterly,723516.622491,million_ars_2004,official,indec_gdp_original,https://www.indec.gob.ar/ftp/cuadros/economia/sh_oferta_demanda_06_26.xls,f6a236be1884b47316c01b45d2145b7a8aee95d3766d9887848e635c8ab56538,2026-08-20T23:52:51Z
indec_gdp_constant_2004_quarterly,2021-Q3,quarterly,686756.467827,million_ars_2004,official,indec_gdp_original,https://www.indec.gob.ar/ftp/cuadros/economia/sh_oferta_demanda_06_26.xls,f6a236be1884b47316c01b45d2145b7a8aee95d3766d9887848e635c8ab56538,2026-08-20T23:52:51Z
indec_gdp_constant_2004_quarterly,2021-Q4,quarterly,696134.669112,million_ars_2004,official,indec_gdp_original,https://www.indec.gob.ar/ftp/cuadros/economia/sh_oferta_demanda_06_26.xls,f6a236be1884b47316c01b45d2145b7a8aee95d3766d9887848e635c8ab56538,2026-08-20T23:52:51Z
indec_gdp_constant_2004_quarterly,2022-Q1,quarterly,697625.284666,million_ars_2004,official,indec_gdp_original,https://www.indec.gob.ar/ftp/cuadros/economia/sh_oferta_demanda_06_26.xls,f6a236be1884b47316c01b45d2145b7a8aee95d3766d9887848e635c8ab56538,2026-08-20T23:52:51Z
indec_gdp_constant_2004_quarterly,2022-Q2,quarterly,782338.628534,million_ars_2004,official,indec_gdp_original,https://www.indec.gob.ar/ftp/cuadros/economia/sh_oferta_demanda_06_26.xls,f6a236be1884b47316c01b45d2145b7a8aee95d3766d9887848e635c8ab56538,2026-08-20T23:52:51Z
indec_gdp_constant_2004_quarterly,2022-Q3,quarterly,732662.163876,million_ars_2004,official,indec_gdp_original,https://www.indec.gob.ar/ftp/cuadros/economia/sh_oferta_demanda_06_26.xls,f6a236be1884b47316c01b45d2145b7a8aee95d3766d9887848e635c8ab56538,2026-08-20T23:52:51Z
indec_gdp_constant_2004_quarterly,2022-Q4,quarterly,712740.457829,million_ars_2004,official,indec_gdp_original,https://www.indec.gob.ar/ftp/cuadros/economia/sh_oferta_demanda_06_26.xls,f6a236be1884b47316c01b45d2145b7a8aee95d3766d9887848e635c8ab56538,2026-08-20T23:52:51Z
indec_gdp_constant_2004_quarterly,2023-Q1,quarterly,704009.035177,million_ars_2004,official,indec_gdp_original,https://www.indec.gob.ar/ftp/cuadros/economia/sh_oferta_demanda_06_26.xls,f6a236be1884b47316c01b45d2145b7a8aee95d3766d9887848e635c8ab56538,2026-08-20T23:52:51Z
indec_gdp_constant_2004_quarterly,2023-Q2,quarterly,738128.411227,million_ars_2004,official,indec_gdp_original,https://www.indec.gob.ar/ftp/cuadros/economia/sh_oferta_demanda_06_26.xls,f6a236be1884b47316c01b45d2145b7a8aee95d3766d9887848e635c8ab56538,2026-08-20T23:52:51Z
indec_gdp_constant_2004_quarterly,2023-Q3,quarterly,728542.255847,million_ars_2004,official,indec_gdp_original,https://www.indec.gob.ar/ftp/cuadros/economia/sh_oferta_demanda_06_26.xls,f6a236be1884b47316c01b45d2145b7a8aee95d3766d9887848e635c8ab56538,2026-08-20T23:52:51Z
indec_gdp_constant_2004_quarterly,2023-Q4,quarterly,700543.198698,million_ars_2004,official,indec_gdp_original,https://www.indec.gob.ar/ftp/cuadros/economia/sh_oferta_demanda_06_26.xls,f6a236be1884b47316c01b45d2145b7a8aee95d3766d9887848e635c8ab56538,2026-08-20T23:52:51Z
indec_gdp_constant_2004_quarterly,2024-Q1,quarterly,668219.630827,million_ars_2004,official,indec_gdp_original,https://www.indec.gob.ar/ftp/cuadros/economia/sh_oferta_demanda_06_26.xls,f6a236be1884b47316c01b45d2145b7a8aee95d3766d9887848e635c8ab56538,2026-08-20T23:52:51Z
indec_gdp_constant_2004_quarterly,2024-Q2,quarterly,729909.368720,million_ars_2004,official,indec_gdp_original,https://www.indec.gob.ar/ftp/cuadros/economia/sh_oferta_demanda_06_26.xls,f6a236be1884b47316c01b45d2145b7a8aee95d3766d9887848e635c8ab56538,2026-08-20T23:52:51Z
indec_gdp_constant_2004_quarterly,2024-Q3,quarterly,714299.217956,million_ars_2004,official,indec_gdp_original,https://www.indec.gob.ar/ftp/cuadros/economia/sh_oferta_demanda_06_26.xls,f6a236be1884b47316c01b45d2145b7a8aee95d3766d9887848e635c8ab56538,2026-08-20T23:52:51Z
indec_gdp_constant_2004_quarterly,2024-Q4,quarterly,719523.320731,million_ars_2004,official,indec_gdp_original,https://www.indec.gob.ar/ftp/cuadros/economia/sh_oferta_demanda_06_26.xls,f6a236be1884b47316c01b45d2145b7a8aee95d3766d9887848e635c8ab56538,2026-08-20T23:52:51Z
indec_gdp_constant_2004_quarterly,2025-Q1,quarterly,709095.124697,million_ars_2004,official,indec_gdp_original,https://www.indec.gob.ar/ftp/cuadros/economia/sh_oferta_demanda_06_26.xls,f6a236be1884b47316c01b45d2145b7a8aee95d3766d9887848e635c8ab56538,2026-08-20T23:52:51Z
indec_gdp_constant_2004_quarterly,2025-Q2,quarterly,777482.555607,million_ars_2004,official,indec_gdp_original,https://www.indec.gob.ar/ftp/cuadros/economia/sh_oferta_demanda_06_26.xls,f6a236be1884b47316c01b45d2145b7a8aee95d3766d9887848e635c8ab56538,2026-08-20T23:52:51Z
indec_gdp_constant_2004_quarterly,2025-Q3,quarterly,737135.067678,million_ars_2004,official,indec_gdp_original,https://www.indec.gob.ar/ftp/cuadros/economia/sh_oferta_demanda_06_26.xls,f6a236be1884b47316c01b45d2145b7a8aee95d3766d9887848e635c8ab56538,2026-08-20T23:52:51Z
indec_gdp_constant_2004_quarterly,2025-Q4,quarterly,735202.105508,million_ars_2004,official,indec_gdp_original,https://www.indec.gob.ar/ftp/cuadros/economia/sh_oferta_demanda_06_26.xls,f6a236be1884b47316c01b45d2145b7a8aee95d3766d9887848e635c8ab56538,2026-08-20T23:52:51Z
indec_gdp_constant_2004_quarterly,2026-Q1,quarterly,725600.244568,million_ars_2004,official,indec_gdp_original,https://www.indec.gob.ar/ftp/cuadros/economia/sh_oferta_demanda_06_26.xls,f6a236be1884b47316c01b45d2145b7a8aee95d3766d9887848e635c8ab56538,2026-08-20T23:52:51Z
indec_gdp_current_annual,2004,annual,485115.194725,million_ars_current,official,indec_gdp_original,https://www.indec.gob.ar/ftp/cuadros/economia/sh_oferta_demanda_06_26.xls,f6a236be1884b47316c01b45d2145b7a8aee95d3766d9887848e635c8ab56538,2026-08-20T23:52:51Z
indec_gdp_current_annual,2005,annual,582538.172937,million_ars_current,official,indec_gdp_original,https://www.indec.gob.ar/ftp/cuadros/economia/sh_oferta_demanda_06_26.xls,f6a236be1884b47316c01b45d2145b7a8aee95d3766d9887848e635c8ab56538,2026-08-20T23:52:51Z
indec_gdp_current_annual,2006,annual,715904.271734,million_ars_current,official,indec_gdp_original,https://www.indec.gob.ar/ftp/cuadros/economia/sh_oferta_demanda_06_26.xls,f6a236be1884b47316c01b45d2145b7a8aee95d3766d9887848e635c8ab56538,2026-08-20T23:52:51Z
indec_gdp_current_annual,2007,annual,896980.174072,million_ars_current,official,indec_gdp_original,https://www.indec.gob.ar/ftp/cuadros/economia/sh_oferta_demanda_06_26.xls,f6a236be1884b47316c01b45d2145b7a8aee95d3766d9887848e635c8ab56538,2026-08-20T23:52:51Z
indec_gdp_current_annual,2008,annual,1149646.090584,million_ars_current,official,indec_gdp_original,https://www.indec.gob.ar/ftp/cuadros/economia/sh_oferta_demanda_06_26.xls,f6a236be1884b47316c01b45d2145b7a8aee95d3766d9887848e635c8ab56538,2026-08-20T23:52:51Z
indec_gdp_current_annual,2009,annual,1247929.268925,million_ars_current,official,indec_gdp_original,https://www.indec.gob.ar/ftp/cuadros/economia/sh_oferta_demanda_06_26.xls,f6a236be1884b47316c01b45d2145b7a8aee95d3766d9887848e635c8ab56538,2026-08-20T23:52:51Z
indec_gdp_current_annual,2010,annual,1661720.925945,million_ars_current,official,indec_gdp_original,https://www.indec.gob.ar/ftp/cuadros/economia/sh_oferta_demanda_06_26.xls,f6a236be1884b47316c01b45d2145b7a8aee95d3766d9887848e635c8ab56538,2026-08-20T23:52:51Z
indec_gdp_current_annual,2011,annual,2179024.103631,million_ars_current,official,indec_gdp_original,https://www.indec.gob.ar/ftp/cuadros/economia/sh_oferta_demanda_06_26.xls,f6a236be1884b47316c01b45d2145b7a8aee95d3766d9887848e635c8ab56538,2026-08-20T23:52:51Z
indec_gdp_current_annual,2012,annual,2637913.848216,million_ars_current,official,indec_gdp_original,https://www.indec.gob.ar/ftp/cuadros/economia/sh_oferta_demanda_06_26.xls,f6a236be1884b47316c01b45d2145b7a8aee95d3766d9887848e635c8ab56538,2026-08-20T23:52:51Z
indec_gdp_current_annual,2013,annual,3348308.488227,million_ars_current,official,indec_gdp_original,https://www.indec.gob.ar/ftp/cuadros/economia/sh_oferta_demanda_06_26.xls,f6a236be1884b47316c01b45d2145b7a8aee95d3766d9887848e635c8ab56538,2026-08-20T23:52:51Z
indec_gdp_current_annual,2014,annual,4579086.425410,million_ars_current,official,indec_gdp_original,https://www.indec.gob.ar/ftp/cuadros/economia/sh_oferta_demanda_06_26.xls,f6a236be1884b47316c01b45d2145b7a8aee95d3766d9887848e635c8ab56538,2026-08-20T23:52:51Z
indec_gdp_current_annual,2015,annual,5954510.895692,million_ars_current,official,indec_gdp_original,https://www.indec.gob.ar/ftp/cuadros/economia/sh_oferta_demanda_06_26.xls,f6a236be1884b47316c01b45d2145b7a8aee95d3766d9887848e635c8ab56538,2026-08-20T23:52:51Z
indec_gdp_current_annual,2016,annual,8228159.556536,million_ars_current,official,indec_gdp_original,https://www.indec.gob.ar/ftp/cuadros/economia/sh_oferta_demanda_06_26.xls,f6a236be1884b47316c01b45d2145b7a8aee95d3766d9887848e635c8ab56538,2026-08-20T23:52:51Z
indec_gdp_current_annual,2017,annual,10660228.494808,million_ars_current,official,indec_gdp_original,https://www.indec.gob.ar/ftp/cuadros/economia/sh_oferta_demanda_06_26.xls,f6a236be1884b47316c01b45d2145b7a8aee95d3766d9887848e635c8ab56538,2026-08-20T23:52:51Z
indec_gdp_current_annual,2018,annual,14744810.677266,million_ars_current,official,indec_gdp_original,https://www.indec.gob.ar/ftp/cuadros/economia/sh_oferta_demanda_06_26.xls,f6a236be1884b47316c01b45d2145b7a8aee95d3766d9887848e635c8ab56538,2026-08-20T23:52:51Z
indec_gdp_current_annual,2019,annual,21558444.149201,million_ars_current,official,indec_gdp_original,https://www.indec.gob.ar/ftp/cuadros/economia/sh_oferta_demanda_06_26.xls,f6a236be1884b47316c01b45d2145b7a8aee95d3766d9887848e635c8ab56538,2026-08-20T23:52:51Z
indec_gdp_current_annual,2020,annual,27209814.143288,million_ars_current,official,indec_gdp_original,https://www.indec.gob.ar/ftp/cuadros/economia/sh_oferta_demanda_06_26.xls,f6a236be1884b47316c01b45d2145b7a8aee95d3766d9887848e635c8ab56538,2026-08-20T23:52:51Z
indec_gdp_current_annual,2021,annual,46219083.510304,million_ars_current,official,indec_gdp_original,https://www.indec.gob.ar/ftp/cuadros/economia/sh_oferta_demanda_06_26.xls,f6a236be1884b47316c01b45d2145b7a8aee95d3766d9887848e635c8ab56538,2026-08-20T23:52:51Z
indec_gdp_current_annual,2022,annual,82810045.469867,million_ars_current,official,indec_gdp_original,https://www.indec.gob.ar/ftp/cuadros/economia/sh_oferta_demanda_06_26.xls,f6a236be1884b47316c01b45d2145b7a8aee95d3766d9887848e635c8ab56538,2026-08-20T23:52:51Z
indec_gdp_current_annual,2023,annual,193946178.615524,million_ars_current,official,indec_gdp_original,https://www.indec.gob.ar/ftp/cuadros/economia/sh_oferta_demanda_06_26.xls,f6a236be1884b47316c01b45d2145b7a8aee95d3766d9887848e635c8ab56538,2026-08-20T23:52:51Z
indec_gdp_current_annual,2024,annual,584377011.026690,million_ars_current,official,indec_gdp_original,https://www.indec.gob.ar/ftp/cuadros/economia/sh_oferta_demanda_06_26.xls,f6a236be1884b47316c01b45d2145b7a8aee95d3766d9887848e635c8ab56538,2026-08-20T23:52:51Z
indec_gdp_current_annual,2025,annual,850239798.224875,million_ars_current,official,indec_gdp_original,https://www.indec.gob.ar/ftp/cuadros/economia/sh_oferta_demanda_06_26.xls,f6a236be1884b47316c01b45d2145b7a8aee95d3766d9887848e635c8ab56538,2026-08-20T23:52:51Z
indec_gdp_current_quarterly,2004-Q1,quarterly,439195.865000,million_ars_current,official,indec_gdp_original,https://www.indec.gob.ar/ftp/cuadros/economia/sh_oferta_demanda_06_26.xls,f6a236be1884b47316c01b45d2145b7a8aee95d3766d9887848e635c8ab56538,2026-08-20T23:52:51Z
indec_gdp_current_quarterly,2004-Q2,quarterly,509498.663247,million_ars_current,official,indec_gdp_original,https://www.indec.gob.ar/ftp/cuadros/economia/sh_oferta_demanda_06_26.xls,f6a236be1884b47316c01b45d2145b7a8aee95d3766d9887848e635c8ab56538,2026-08-20T23:52:51Z
indec_gdp_current_quarterly,2004-Q3,quarterly,488462.382591,million_ars_current,official,indec_gdp_original,https://www.indec.gob.ar/ftp/cuadros/economia/sh_oferta_demanda_06_26.xls,f6a236be1884b47316c01b45d2145b7a8aee95d3766d9887848e635c8ab56538,2026-08-20T23:52:51Z
indec_gdp_current_quarterly,2004-Q4,quarterly,503303.868061,million_ars_current,official,indec_gdp_original,https://www.indec.gob.ar/ftp/cuadros/economia/sh_oferta_demanda_06_26.xls,f6a236be1884b47316c01b45d2145b7a8aee95d3766d9887848e635c8ab56538,2026-08-20T23:52:51Z
indec_gdp_current_quarterly,2005-Q1,quarterly,510703.427015,million_ars_current,official,indec_gdp_original,https://www.indec.gob.ar/ftp/cuadros/economia/sh_oferta_demanda_06_26.xls,f6a236be1884b47316c01b45d2145b7a8aee95d3766d9887848e635c8ab56538,2026-08-20T23:52:51Z
indec_gdp_current_quarterly,2005-Q2,quarterly,605771.775847,million_ars_current,official,indec_gdp_original,https://www.indec.gob.ar/ftp/cuadros/economia/sh_oferta_demanda_06_26.xls,f6a236be1884b47316c01b45d2145b7a8aee95d3766d9887848e635c8ab56538,2026-08-20T23:52:51Z
indec_gdp_current_quarterly,2005-Q3,quarterly,590219.559143,million_ars_current,official,indec_gdp_original,https://www.indec.gob.ar/ftp/cuadros/economia/sh_oferta_demanda_06_26.xls,f6a236be1884b47316c01b45d2145b7a8aee95d3766d9887848e635c8ab56538,2026-08-20T23:52:51Z
indec_gdp_current_quarterly,2005-Q4,quarterly,623457.929745,million_ars_current,official,indec_gdp_original,https://www.indec.gob.ar/ftp/cuadros/economia/sh_oferta_demanda_06_26.xls,f6a236be1884b47316c01b45d2145b7a8aee95d3766d9887848e635c8ab56538,2026-08-20T23:52:51Z
indec_gdp_current_quarterly,2006-Q1,quarterly,643562.379587,million_ars_current,official,indec_gdp_original,https://www.indec.gob.ar/ftp/cuadros/economia/sh_oferta_demanda_06_26.xls,f6a236be1884b47316c01b45d2145b7a8aee95d3766d9887848e635c8ab56538,2026-08-20T23:52:51Z
indec_gdp_current_quarterly,2006-Q2,quarterly,727989.187267,million_ars_current,official,indec_gdp_original,https://www.indec.gob.ar/ftp/cuadros/economia/sh_oferta_demanda_06_26.xls,f6a236be1884b47316c01b45d2145b7a8aee95d3766d9887848e635c8ab56538,2026-08-20T23:52:51Z
indec_gdp_current_quarterly,2006-Q3,quarterly,729299.498006,million_ars_current,official,indec_gdp_original,https://www.indec.gob.ar/ftp/cuadros/economia/sh_oferta_demanda_06_26.xls,f6a236be1884b47316c01b45d2145b7a8aee95d3766d9887848e635c8ab56538,2026-08-20T23:52:51Z
indec_gdp_current_quarterly,2006-Q4,quarterly,762766.022075,million_ars_current,official,indec_gdp_original,https://www.indec.gob.ar/ftp/cuadros/economia/sh_oferta_demanda_06_26.xls,f6a236be1884b47316c01b45d2145b7a8aee95d3766d9887848e635c8ab56538,2026-08-20T23:52:51Z
indec_gdp_current_quarterly,2007-Q1,quarterly,774387.787841,million_ars_current,official,indec_gdp_original,https://www.indec.gob.ar/ftp/cuadros/economia/sh_oferta_demanda_06_26.xls,f6a236be1884b47316c01b45d2145b7a8aee95d3766d9887848e635c8ab56538,2026-08-20T23:52:51Z
indec_gdp_current_quarterly,2007-Q2,quarterly,904350.388093,million_ars_current,official,indec_gdp_original,https://www.indec.gob.ar/ftp/cuadros/economia/sh_oferta_demanda_06_26.xls,f6a236be1884b47316c01b45d2145b7a8aee95d3766d9887848e635c8ab56538,2026-08-20T23:52:51Z
indec_gdp_current_quarterly,2007-Q3,quarterly,914103.967402,million_ars_current,official,indec_gdp_original,https://www.indec.gob.ar/ftp/cuadros/economia/sh_oferta_demanda_06_26.xls,f6a236be1884b47316c01b45d2145b7a8aee95d3766d9887848e635c8ab56538,2026-08-20T23:52:51Z
indec_gdp_current_quarterly,2007-Q4,quarterly,995078.552951,million_ars_current,official,indec_gdp_original,https://www.indec.gob.ar/ftp/cuadros/economia/sh_oferta_demanda_06_26.xls,f6a236be1884b47316c01b45d2145b7a8aee95d3766d9887848e635c8ab56538,2026-08-20T23:52:51Z
indec_gdp_current_quarterly,2008-Q1,quarterly,1032356.873259,million_ars_current,official,indec_gdp_original,https://www.indec.gob.ar/ftp/cuadros/economia/sh_oferta_demanda_06_26.xls,f6a236be1884b47316c01b45d2145b7a8aee95d3766d9887848e635c8ab56538,2026-08-20T23:52:51Z
indec_gdp_current_quarterly,2008-Q2,quarterly,1213883.410989,million_ars_current,official,indec_gdp_original,https://www.indec.gob.ar/ftp/cuadros/economia/sh_oferta_demanda_06_26.xls,f6a236be1884b47316c01b45d2145b7a8aee95d3766d9887848e635c8ab56538,2026-08-20T23:52:51Z
indec_gdp_current_quarterly,2008-Q3,quarterly,1183692.269706,million_ars_current,official,indec_gdp_original,https://www.indec.gob.ar/ftp/cuadros/economia/sh_oferta_demanda_06_26.xls,f6a236be1884b47316c01b45d2145b7a8aee95d3766d9887848e635c8ab56538,2026-08-20T23:52:51Z
indec_gdp_current_quarterly,2008-Q4,quarterly,1168651.808380,million_ars_current,official,indec_gdp_original,https://www.indec.gob.ar/ftp/cuadros/economia/sh_oferta_demanda_06_26.xls,f6a236be1884b47316c01b45d2145b7a8aee95d3766d9887848e635c8ab56538,2026-08-20T23:52:51Z
indec_gdp_current_quarterly,2009-Q1,quarterly,1112307.488326,million_ars_current,official,indec_gdp_original,https://www.indec.gob.ar/ftp/cuadros/economia/sh_oferta_demanda_06_26.xls,f6a236be1884b47316c01b45d2145b7a8aee95d3766d9887848e635c8ab56538,2026-08-20T23:52:51Z
indec_gdp_current_quarterly,2009-Q2,quarterly,1251464.727934,million_ars_current,official,indec_gdp_original,https://www.indec.gob.ar/ftp/cuadros/economia/sh_oferta_demanda_06_26.xls,f6a236be1884b47316c01b45d2145b7a8aee95d3766d9887848e635c8ab56538,2026-08-20T23:52:51Z
indec_gdp_current_quarterly,2009-Q3,quarterly,1269734.745267,million_ars_current,official,indec_gdp_original,https://www.indec.gob.ar/ftp/cuadros/economia/sh_oferta_demanda_06_26.xls,f6a236be1884b47316c01b45d2145b7a8aee95d3766d9887848e635c8ab56538,2026-08-20T23:52:51Z
indec_gdp_current_quarterly,2009-Q4,quarterly,1358210.114173,million_ars_current,official,indec_gdp_original,https://www.indec.gob.ar/ftp/cuadros/economia/sh_oferta_demanda_06_26.xls,f6a236be1884b47316c01b45d2145b7a8aee95d3766d9887848e635c8ab56538,2026-08-20T23:52:51Z
indec_gdp_current_quarterly,2010-Q1,quarterly,1418857.949967,million_ars_current,official,indec_gdp_original,https://www.indec.gob.ar/ftp/cuadros/economia/sh_oferta_demanda_06_26.xls,f6a236be1884b47316c01b45d2145b7a8aee95d3766d9887848e635c8ab56538,2026-08-20T23:52:51Z
indec_gdp_current_quarterly,2010-Q2,quarterly,1686066.954458,million_ars_current,official,indec_gdp_original,https://www.indec.gob.ar/ftp/cuadros/economia/sh_oferta_demanda_06_26.xls,f6a236be1884b47316c01b45d2145b7a8aee95d3766d9887848e635c8ab56538,2026-08-20T23:52:51Z
indec_gdp_current_quarterly,2010-Q3,quarterly,1712834.548938,million_ars_current,official,indec_gdp_original,https://www.indec.gob.ar/ftp/cuadros/economia/sh_oferta_demanda_06_26.xls,f6a236be1884b47316c01b45d2145b7a8aee95d3766d9887848e635c8ab56538,2026-08-20T23:52:51Z
indec_gdp_current_quarterly,2010-Q4,quarterly,1829124.250416,million_ars_current,official,indec_gdp_original,https://www.indec.gob.ar/ftp/cuadros/economia/sh_oferta_demanda_06_26.xls,f6a236be1884b47316c01b45d2145b7a8aee95d3766d9887848e635c8ab56538,2026-08-20T23:52:51Z
indec_gdp_current_quarterly,2011-Q1,quarterly,1888827.151846,million_ars_current,official,indec_gdp_original,https://www.indec.gob.ar/ftp/cuadros/economia/sh_oferta_demanda_06_26.xls,f6a236be1884b47316c01b45d2145b7a8aee95d3766d9887848e635c8ab56538,2026-08-20T23:52:51Z
indec_gdp_current_quarterly,2011-Q2,quarterly,2237123.835415,million_ars_current,official,indec_gdp_original,https://www.indec.gob.ar/ftp/cuadros/economia/sh_oferta_demanda_06_26.xls,f6a236be1884b47316c01b45d2145b7a8aee95d3766d9887848e635c8ab56538,2026-08-20T23:52:51Z
indec_gdp_current_quarterly,2011-Q3,quarterly,2250487.263792,million_ars_current,official,indec_gdp_original,https://www.indec.gob.ar/ftp/cuadros/economia/sh_oferta_demanda_06_26.xls,f6a236be1884b47316c01b45d2145b7a8aee95d3766d9887848e635c8ab56538,2026-08-20T23:52:51Z
indec_gdp_current_quarterly,2011-Q4,quarterly,2339658.163470,million_ars_current,official,indec_gdp_original,https://www.indec.gob.ar/ftp/cuadros/economia/sh_oferta_demanda_06_26.xls,f6a236be1884b47316c01b45d2145b7a8aee95d3766d9887848e635c8ab56538,2026-08-20T23:52:51Z
indec_gdp_current_quarterly,2012-Q1,quarterly,2345559.603353,million_ars_current,official,indec_gdp_original,https://www.indec.gob.ar/ftp/cuadros/economia/sh_oferta_demanda_06_26.xls,f6a236be1884b47316c01b45d2145b7a8aee95d3766d9887848e635c8ab56538,2026-08-20T23:52:51Z
indec_gdp_current_quarterly,2012-Q2,quarterly,2651098.046388,million_ars_current,official,indec_gdp_original,https://www.indec.gob.ar/ftp/cuadros/economia/sh_oferta_demanda_06_26.xls,f6a236be1884b47316c01b45d2145b7a8aee95d3766d9887848e635c8ab56538,2026-08-20T23:52:51Z
indec_gdp_current_quarterly,2012-Q3,quarterly,2704827.549855,million_ars_current,official,indec_gdp_original,https://www.indec.gob.ar/ftp/cuadros/economia/sh_oferta_demanda_06_26.xls,f6a236be1884b47316c01b45d2145b7a8aee95d3766d9887848e635c8ab56538,2026-08-20T23:52:51Z
indec_gdp_current_quarterly,2012-Q4,quarterly,2850170.193266,million_ars_current,official,indec_gdp_original,https://www.indec.gob.ar/ftp/cuadros/economia/sh_oferta_demanda_06_26.xls,f6a236be1884b47316c01b45d2145b7a8aee95d3766d9887848e635c8ab56538,2026-08-20T23:52:51Z
indec_gdp_current_quarterly,2013-Q1,quarterly,2888980.859071,million_ars_current,official,indec_gdp_original,https://www.indec.gob.ar/ftp/cuadros/economia/sh_oferta_demanda_06_26.xls,f6a236be1884b47316c01b45d2145b7a8aee95d3766d9887848e635c8ab56538,2026-08-20T23:52:51Z
indec_gdp_current_quarterly,2013-Q2,quarterly,3387810.912055,million_ars_current,official,indec_gdp_original,https://www.indec.gob.ar/ftp/cuadros/economia/sh_oferta_demanda_06_26.xls,f6a236be1884b47316c01b45d2145b7a8aee95d3766d9887848e635c8ab56538,2026-08-20T23:52:51Z
indec_gdp_current_quarterly,2013-Q3,quarterly,3436546.546378,million_ars_current,official,indec_gdp_original,https://www.indec.gob.ar/ftp/cuadros/economia/sh_oferta_demanda_06_26.xls,f6a236be1884b47316c01b45d2145b7a8aee95d3766d9887848e635c8ab56538,2026-08-20T23:52:51Z
indec_gdp_current_quarterly,2013-Q4,quarterly,3679895.635405,million_ars_current,official,indec_gdp_original,https://www.indec.gob.ar/ftp/cuadros/economia/sh_oferta_demanda_06_26.xls,f6a236be1884b47316c01b45d2145b7a8aee95d3766d9887848e635c8ab56538,2026-08-20T23:52:51Z
indec_gdp_current_quarterly,2014-Q1,quarterly,3917648.861171,million_ars_current,official,indec_gdp_original,https://www.indec.gob.ar/ftp/cuadros/economia/sh_oferta_demanda_06_26.xls,f6a236be1884b47316c01b45d2145b7a8aee95d3766d9887848e635c8ab56538,2026-08-20T23:52:51Z
indec_gdp_current_quarterly,2014-Q2,quarterly,4702629.524920,million_ars_current,official,indec_gdp_original,https://www.indec.gob.ar/ftp/cuadros/economia/sh_oferta_demanda_06_26.xls,f6a236be1884b47316c01b45d2145b7a8aee95d3766d9887848e635c8ab56538,2026-08-20T23:52:51Z
indec_gdp_current_quarterly,2014-Q3,quarterly,4685503.118678,million_ars_current,official,indec_gdp_original,https://www.indec.gob.ar/ftp/cuadros/economia/sh_oferta_demanda_06_26.xls,f6a236be1884b47316c01b45d2145b7a8aee95d3766d9887848e635c8ab56538,2026-08-20T23:52:51Z
indec_gdp_current_quarterly,2014-Q4,quarterly,5010564.196871,million_ars_current,official,indec_gdp_original,https://www.indec.gob.ar/ftp/cuadros/economia/sh_oferta_demanda_06_26.xls,f6a236be1884b47316c01b45d2145b7a8aee95d3766d9887848e635c8ab56538,2026-08-20T23:52:51Z
indec_gdp_current_quarterly,2015-Q1,quarterly,5092693.740329,million_ars_current,official,indec_gdp_original,https://www.indec.gob.ar/ftp/cuadros/economia/sh_oferta_demanda_06_26.xls,f6a236be1884b47316c01b45d2145b7a8aee95d3766d9887848e635c8ab56538,2026-08-20T23:52:51Z
indec_gdp_current_quarterly,2015-Q2,quarterly,5951478.855367,million_ars_current,official,indec_gdp_original,https://www.indec.gob.ar/ftp/cuadros/economia/sh_oferta_demanda_06_26.xls,f6a236be1884b47316c01b45d2145b7a8aee95d3766d9887848e635c8ab56538,2026-08-20T23:52:51Z
indec_gdp_current_quarterly,2015-Q3,quarterly,6221730.755772,million_ars_current,official,indec_gdp_original,https://www.indec.gob.ar/ftp/cuadros/economia/sh_oferta_demanda_06_26.xls,f6a236be1884b47316c01b45d2145b7a8aee95d3766d9887848e635c8ab56538,2026-08-20T23:52:51Z
indec_gdp_current_quarterly,2015-Q4,quarterly,6552140.231303,million_ars_current,official,indec_gdp_original,https://www.indec.gob.ar/ftp/cuadros/economia/sh_oferta_demanda_06_26.xls,f6a236be1884b47316c01b45d2145b7a8aee95d3766d9887848e635c8ab56538,2026-08-20T23:52:51Z
indec_gdp_current_quarterly,2016-Q1,quarterly,7006645.045106,million_ars_current,official,indec_gdp_original,https://www.indec.gob.ar/ftp/cuadros/economia/sh_oferta_demanda_06_26.xls,f6a236be1884b47316c01b45d2145b7a8aee95d3766d9887848e635c8ab56538,2026-08-20T23:52:51Z
indec_gdp_current_quarterly,2016-Q2,quarterly,8414556.482179,million_ars_current,official,indec_gdp_original,https://www.indec.gob.ar/ftp/cuadros/economia/sh_oferta_demanda_06_26.xls,f6a236be1884b47316c01b45d2145b7a8aee95d3766d9887848e635c8ab56538,2026-08-20T23:52:51Z
indec_gdp_current_quarterly,2016-Q3,quarterly,8527628.825278,million_ars_current,official,indec_gdp_original,https://www.indec.gob.ar/ftp/cuadros/economia/sh_oferta_demanda_06_26.xls,f6a236be1884b47316c01b45d2145b7a8aee95d3766d9887848e635c8ab56538,2026-08-20T23:52:51Z
indec_gdp_current_quarterly,2016-Q4,quarterly,8963807.873582,million_ars_current,official,indec_gdp_original,https://www.indec.gob.ar/ftp/cuadros/economia/sh_oferta_demanda_06_26.xls,f6a236be1884b47316c01b45d2145b7a8aee95d3766d9887848e635c8ab56538,2026-08-20T23:52:51Z
indec_gdp_current_quarterly,2017-Q1,quarterly,9240877.730998,million_ars_current,official,indec_gdp_original,https://www.indec.gob.ar/ftp/cuadros/economia/sh_oferta_demanda_06_26.xls,f6a236be1884b47316c01b45d2145b7a8aee95d3766d9887848e635c8ab56538,2026-08-20T23:52:51Z
indec_gdp_current_quarterly,2017-Q2,quarterly,10558208.304643,million_ars_current,official,indec_gdp_original,https://www.indec.gob.ar/ftp/cuadros/economia/sh_oferta_demanda_06_26.xls,f6a236be1884b47316c01b45d2145b7a8aee95d3766d9887848e635c8ab56538,2026-08-20T23:52:51Z
indec_gdp_current_quarterly,2017-Q3,quarterly,11116422.317869,million_ars_current,official,indec_gdp_original,https://www.indec.gob.ar/ftp/cuadros/economia/sh_oferta_demanda_06_26.xls,f6a236be1884b47316c01b45d2145b7a8aee95d3766d9887848e635c8ab56538,2026-08-20T23:52:51Z
indec_gdp_current_quarterly,2017-Q4,quarterly,11725405.625723,million_ars_current,official,indec_gdp_original,https://www.indec.gob.ar/ftp/cuadros/economia/sh_oferta_demanda_06_26.xls,f6a236be1884b47316c01b45d2145b7a8aee95d3766d9887848e635c8ab56538,2026-08-20T23:52:51Z
indec_gdp_current_quarterly,2018-Q1,quarterly,12457790.347179,million_ars_current,official,indec_gdp_original,https://www.indec.gob.ar/ftp/cuadros/economia/sh_oferta_demanda_06_26.xls,f6a236be1884b47316c01b45d2145b7a8aee95d3766d9887848e635c8ab56538,2026-08-20T23:52:51Z
indec_gdp_current_quarterly,2018-Q2,quarterly,14431394.012698,million_ars_current,official,indec_gdp_original,https://www.indec.gob.ar/ftp/cuadros/economia/sh_oferta_demanda_06_26.xls,f6a236be1884b47316c01b45d2145b7a8aee95d3766d9887848e635c8ab56538,2026-08-20T23:52:51Z
indec_gdp_current_quarterly,2018-Q3,quarterly,15276275.653390,million_ars_current,official,indec_gdp_original,https://www.indec.gob.ar/ftp/cuadros/economia/sh_oferta_demanda_06_26.xls,f6a236be1884b47316c01b45d2145b7a8aee95d3766d9887848e635c8ab56538,2026-08-20T23:52:51Z
indec_gdp_current_quarterly,2018-Q4,quarterly,16813782.695796,million_ars_current,official,indec_gdp_original,https://www.indec.gob.ar/ftp/cuadros/economia/sh_oferta_demanda_06_26.xls,f6a236be1884b47316c01b45d2145b7a8aee95d3766d9887848e635c8ab56538,2026-08-20T23:52:51Z
indec_gdp_current_quarterly,2019-Q1,quarterly,17484108.856975,million_ars_current,official,indec_gdp_original,https://www.indec.gob.ar/ftp/cuadros/economia/sh_oferta_demanda_06_26.xls,f6a236be1884b47316c01b45d2145b7a8aee95d3766d9887848e635c8ab56538,2026-08-20T23:52:51Z
indec_gdp_current_quarterly,2019-Q2,quarterly,21233558.154751,million_ars_current,official,indec_gdp_original,https://www.indec.gob.ar/ftp/cuadros/economia/sh_oferta_demanda_06_26.xls,f6a236be1884b47316c01b45d2145b7a8aee95d3766d9887848e635c8ab56538,2026-08-20T23:52:51Z
indec_gdp_current_quarterly,2019-Q3,quarterly,22303884.008780,million_ars_current,official,indec_gdp_original,https://www.indec.gob.ar/ftp/cuadros/economia/sh_oferta_demanda_06_26.xls,f6a236be1884b47316c01b45d2145b7a8aee95d3766d9887848e635c8ab56538,2026-08-20T23:52:51Z
indec_gdp_current_quarterly,2019-Q4,quarterly,25212225.576297,million_ars_current,official,indec_gdp_original,https://www.indec.gob.ar/ftp/cuadros/economia/sh_oferta_demanda_06_26.xls,f6a236be1884b47316c01b45d2145b7a8aee95d3766d9887848e635c8ab56538,2026-08-20T23:52:51Z
indec_gdp_current_quarterly,2020-Q1,quarterly,24999988.082613,million_ars_current,official,indec_gdp_original,https://www.indec.gob.ar/ftp/cuadros/economia/sh_oferta_demanda_06_26.xls,f6a236be1884b47316c01b45d2145b7a8aee95d3766d9887848e635c8ab56538,2026-08-20T23:52:51Z
indec_gdp_current_quarterly,2020-Q2,quarterly,24025361.939099,million_ars_current,official,indec_gdp_original,https://www.indec.gob.ar/ftp/cuadros/economia/sh_oferta_demanda_06_26.xls,f6a236be1884b47316c01b45d2145b7a8aee95d3766d9887848e635c8ab56538,2026-08-20T23:52:51Z
indec_gdp_current_quarterly,2020-Q3,quarterly,27536379.505392,million_ars_current,official,indec_gdp_original,https://www.indec.gob.ar/ftp/cuadros/economia/sh_oferta_demanda_06_26.xls,f6a236be1884b47316c01b45d2145b7a8aee95d3766d9887848e635c8ab56538,2026-08-20T23:52:51Z
indec_gdp_current_quarterly,2020-Q4,quarterly,32277527.046046,million_ars_current,official,indec_gdp_original,https://www.indec.gob.ar/ftp/cuadros/economia/sh_oferta_demanda_06_26.xls,f6a236be1884b47316c01b45d2145b7a8aee95d3766d9887848e635c8ab56538,2026-08-20T23:52:51Z
indec_gdp_current_quarterly,2021-Q1,quarterly,36785109.793720,million_ars_current,official,indec_gdp_original,https://www.indec.gob.ar/ftp/cuadros/economia/sh_oferta_demanda_06_26.xls,f6a236be1884b47316c01b45d2145b7a8aee95d3766d9887848e635c8ab56538,2026-08-20T23:52:51Z
indec_gdp_current_quarterly,2021-Q2,quarterly,46340281.475929,million_ars_current,official,indec_gdp_original,https://www.indec.gob.ar/ftp/cuadros/economia/sh_oferta_demanda_06_26.xls,f6a236be1884b47316c01b45d2145b7a8aee95d3766d9887848e635c8ab56538,2026-08-20T23:52:51Z
indec_gdp_current_quarterly,2021-Q3,quarterly,47462528.989100,million_ars_current,official,indec_gdp_original,https://www.indec.gob.ar/ftp/cuadros/economia/sh_oferta_demanda_06_26.xls,f6a236be1884b47316c01b45d2145b7a8aee95d3766d9887848e635c8ab56538,2026-08-20T23:52:51Z
indec_gdp_current_quarterly,2021-Q4,quarterly,54288413.782467,million_ars_current,official,indec_gdp_original,https://www.indec.gob.ar/ftp/cuadros/economia/sh_oferta_demanda_06_26.xls,f6a236be1884b47316c01b45d2145b7a8aee95d3766d9887848e635c8ab56538,2026-08-20T23:52:51Z
indec_gdp_current_quarterly,2022-Q1,quarterly,60345325.426595,million_ars_current,official,indec_gdp_original,https://www.indec.gob.ar/ftp/cuadros/economia/sh_oferta_demanda_06_26.xls,f6a236be1884b47316c01b45d2145b7a8aee95d3766d9887848e635c8ab56538,2026-08-20T23:52:51Z
indec_gdp_current_quarterly,2022-Q2,quarterly,78676963.283241,million_ars_current,official,indec_gdp_original,https://www.indec.gob.ar/ftp/cuadros/economia/sh_oferta_demanda_06_26.xls,f6a236be1884b47316c01b45d2145b7a8aee95d3766d9887848e635c8ab56538,2026-08-20T23:52:51Z
indec_gdp_current_quarterly,2022-Q3,quarterly,87863363.941945,million_ars_current,official,indec_gdp_original,https://www.indec.gob.ar/ftp/cuadros/economia/sh_oferta_demanda_06_26.xls,f6a236be1884b47316c01b45d2145b7a8aee95d3766d9887848e635c8ab56538,2026-08-20T23:52:51Z
indec_gdp_current_quarterly,2022-Q4,quarterly,104354529.227686,million_ars_current,official,indec_gdp_original,https://www.indec.gob.ar/ftp/cuadros/economia/sh_oferta_demanda_06_26.xls,f6a236be1884b47316c01b45d2145b7a8aee95d3766d9887848e635c8ab56538,2026-08-20T23:52:51Z
indec_gdp_current_quarterly,2023-Q1,quarterly,122260810.806336,million_ars_current,official,indec_gdp_original,https://www.indec.gob.ar/ftp/cuadros/economia/sh_oferta_demanda_06_26.xls,f6a236be1884b47316c01b45d2145b7a8aee95d3766d9887848e635c8ab56538,2026-08-20T23:52:51Z
indec_gdp_current_quarterly,2023-Q2,quarterly,160137437.361369,million_ars_current,official,indec_gdp_original,https://www.indec.gob.ar/ftp/cuadros/economia/sh_oferta_demanda_06_26.xls,f6a236be1884b47316c01b45d2145b7a8aee95d3766d9887848e635c8ab56538,2026-08-20T23:52:51Z
indec_gdp_current_quarterly,2023-Q3,quarterly,208506894.419810,million_ars_current,official,indec_gdp_original,https://www.indec.gob.ar/ftp/cuadros/economia/sh_oferta_demanda_06_26.xls,f6a236be1884b47316c01b45d2145b7a8aee95d3766d9887848e635c8ab56538,2026-08-20T23:52:51Z
indec_gdp_current_quarterly,2023-Q4,quarterly,284879571.874580,million_ars_current,official,indec_gdp_original,https://www.indec.gob.ar/ftp/cuadros/economia/sh_oferta_demanda_06_26.xls,f6a236be1884b47316c01b45d2145b7a8aee95d3766d9887848e635c8ab56538,2026-08-20T23:52:51Z
indec_gdp_current_quarterly,2024-Q1,quarterly,431840977.840383,million_ars_current,official,indec_gdp_original,https://www.indec.gob.ar/ftp/cuadros/economia/sh_oferta_demanda_06_26.xls,f6a236be1884b47316c01b45d2145b7a8aee95d3766d9887848e635c8ab56538,2026-08-20T23:52:51Z
indec_gdp_current_quarterly,2024-Q2,quarterly,559535913.189159,million_ars_current,official,indec_gdp_original,https://www.indec.gob.ar/ftp/cuadros/economia/sh_oferta_demanda_06_26.xls,f6a236be1884b47316c01b45d2145b7a8aee95d3766d9887848e635c8ab56538,2026-08-20T23:52:51Z
indec_gdp_current_quarterly,2024-Q3,quarterly,637639916.336375,million_ars_current,official,indec_gdp_original,https://www.indec.gob.ar/ftp/cuadros/economia/sh_oferta_demanda_06_26.xls,f6a236be1884b47316c01b45d2145b7a8aee95d3766d9887848e635c8ab56538,2026-08-20T23:52:51Z
indec_gdp_current_quarterly,2024-Q4,quarterly,708491236.740843,million_ars_current,official,indec_gdp_original,https://www.indec.gob.ar/ftp/cuadros/economia/sh_oferta_demanda_06_26.xls,f6a236be1884b47316c01b45d2145b7a8aee95d3766d9887848e635c8ab56538,2026-08-20T23:52:51Z
indec_gdp_current_quarterly,2025-Q1,quarterly,729698211.141071,million_ars_current,official,indec_gdp_original,https://www.indec.gob.ar/ftp/cuadros/economia/sh_oferta_demanda_06_26.xls,f6a236be1884b47316c01b45d2145b7a8aee95d3766d9887848e635c8ab56538,2026-08-20T23:52:51Z
indec_gdp_current_quarterly,2025-Q2,quarterly,835447894.188078,million_ars_current,official,indec_gdp_original,https://www.indec.gob.ar/ftp/cuadros/economia/sh_oferta_demanda_06_26.xls,f6a236be1884b47316c01b45d2145b7a8aee95d3766d9887848e635c8ab56538,2026-08-20T23:52:51Z
indec_gdp_current_quarterly,2025-Q3,quarterly,888000914.239184,million_ars_current,official,indec_gdp_original,https://www.indec.gob.ar/ftp/cuadros/economia/sh_oferta_demanda_06_26.xls,f6a236be1884b47316c01b45d2145b7a8aee95d3766d9887848e635c8ab56538,2026-08-20T23:52:51Z
indec_gdp_current_quarterly,2025-Q4,quarterly,947812173.331166,million_ars_current,official,indec_gdp_original,https://www.indec.gob.ar/ftp/cuadros/economia/sh_oferta_demanda_06_26.xls,f6a236be1884b47316c01b45d2145b7a8aee95d3766d9887848e635c8ab56538,2026-08-20T23:52:51Z
indec_gdp_current_quarterly,2026-Q1,quarterly,973875781.700478,million_ars_current,official,indec_gdp_original,https://www.indec.gob.ar/ftp/cuadros/economia/sh_oferta_demanda_06_26.xls,f6a236be1884b47316c01b45d2145b7a8aee95d3766d9887848e635c8ab56538,2026-08-20T23:52:51Z
indec_gdp_growth_annual,2005,annual,8.851660,percent_change,official,indec_gdp_original,https://www.indec.gob.ar/ftp/cuadros/economia/sh_oferta_demanda_06_26.xls,f6a236be1884b47316c01b45d2145b7a8aee95d3766d9887848e635c8ab56538,2026-08-20T23:52:51Z
indec_gdp_growth_annual,2006,annual,8.047152,percent_change,official,indec_gdp_original,https://www.indec.gob.ar/ftp/cuadros/economia/sh_oferta_demanda_06_26.xls,f6a236be1884b47316c01b45d2145b7a8aee95d3766d9887848e635c8ab56538,2026-08-20T23:52:51Z
indec_gdp_growth_annual,2007,annual,9.007651,percent_change,official,indec_gdp_original,https://www.indec.gob.ar/ftp/cuadros/economia/sh_oferta_demanda_06_26.xls,f6a236be1884b47316c01b45d2145b7a8aee95d3766d9887848e635c8ab56538,2026-08-20T23:52:51Z
indec_gdp_growth_annual,2008,annual,4.057233,percent_change,official,indec_gdp_original,https://www.indec.gob.ar/ftp/cuadros/economia/sh_oferta_demanda_06_26.xls,f6a236be1884b47316c01b45d2145b7a8aee95d3766d9887848e635c8ab56538,2026-08-20T23:52:51Z
indec_gdp_growth_annual,2009,annual,-5.918525,percent_change,official,indec_gdp_original,https://www.indec.gob.ar/ftp/cuadros/economia/sh_oferta_demanda_06_26.xls,f6a236be1884b47316c01b45d2145b7a8aee95d3766d9887848e635c8ab56538,2026-08-20T23:52:51Z
indec_gdp_growth_annual,2010,annual,10.125398,percent_change,official,indec_gdp_original,https://www.indec.gob.ar/ftp/cuadros/economia/sh_oferta_demanda_06_26.xls,f6a236be1884b47316c01b45d2145b7a8aee95d3766d9887848e635c8ab56538,2026-08-20T23:52:51Z
indec_gdp_growth_annual,2011,annual,6.003952,percent_change,official,indec_gdp_original,https://www.indec.gob.ar/ftp/cuadros/economia/sh_oferta_demanda_06_26.xls,f6a236be1884b47316c01b45d2145b7a8aee95d3766d9887848e635c8ab56538,2026-08-20T23:52:51Z
indec_gdp_growth_annual,2012,annual,-1.026420,percent_change,official,indec_gdp_original,https://www.indec.gob.ar/ftp/cuadros/economia/sh_oferta_demanda_06_26.xls,f6a236be1884b47316c01b45d2145b7a8aee95d3766d9887848e635c8ab56538,2026-08-20T23:52:51Z
indec_gdp_growth_annual,2013,annual,2.405324,percent_change,official,indec_gdp_original,https://www.indec.gob.ar/ftp/cuadros/economia/sh_oferta_demanda_06_26.xls,f6a236be1884b47316c01b45d2145b7a8aee95d3766d9887848e635c8ab56538,2026-08-20T23:52:51Z
indec_gdp_growth_annual,2014,annual,-2.512615,percent_change,official,indec_gdp_original,https://www.indec.gob.ar/ftp/cuadros/economia/sh_oferta_demanda_06_26.xls,f6a236be1884b47316c01b45d2145b7a8aee95d3766d9887848e635c8ab56538,2026-08-20T23:52:51Z
indec_gdp_growth_annual,2015,annual,2.731160,percent_change,official,indec_gdp_original,https://www.indec.gob.ar/ftp/cuadros/economia/sh_oferta_demanda_06_26.xls,f6a236be1884b47316c01b45d2145b7a8aee95d3766d9887848e635c8ab56538,2026-08-20T23:52:51Z
indec_gdp_growth_annual,2016,annual,-2.080328,percent_change,official,indec_gdp_original,https://www.indec.gob.ar/ftp/cuadros/economia/sh_oferta_demanda_06_26.xls,f6a236be1884b47316c01b45d2145b7a8aee95d3766d9887848e635c8ab56538,2026-08-20T23:52:51Z
indec_gdp_growth_annual,2017,annual,2.818503,percent_change,official,indec_gdp_original,https://www.indec.gob.ar/ftp/cuadros/economia/sh_oferta_demanda_06_26.xls,f6a236be1884b47316c01b45d2145b7a8aee95d3766d9887848e635c8ab56538,2026-08-20T23:52:51Z
indec_gdp_growth_annual,2018,annual,-2.617396,percent_change,official,indec_gdp_original,https://www.indec.gob.ar/ftp/cuadros/economia/sh_oferta_demanda_06_26.xls,f6a236be1884b47316c01b45d2145b7a8aee95d3766d9887848e635c8ab56538,2026-08-20T23:52:51Z
indec_gdp_growth_annual,2019,annual,-2.000861,percent_change,official,indec_gdp_original,https://www.indec.gob.ar/ftp/cuadros/economia/sh_oferta_demanda_06_26.xls,f6a236be1884b47316c01b45d2145b7a8aee95d3766d9887848e635c8ab56538,2026-08-20T23:52:51Z
indec_gdp_growth_annual,2020,annual,-9.900485,percent_change,official,indec_gdp_original,https://www.indec.gob.ar/ftp/cuadros/economia/sh_oferta_demanda_06_26.xls,f6a236be1884b47316c01b45d2145b7a8aee95d3766d9887848e635c8ab56538,2026-08-20T23:52:51Z
indec_gdp_growth_annual,2021,annual,10.441812,percent_change,official,indec_gdp_original,https://www.indec.gob.ar/ftp/cuadros/economia/sh_oferta_demanda_06_26.xls,f6a236be1884b47316c01b45d2145b7a8aee95d3766d9887848e635c8ab56538,2026-08-20T23:52:51Z
indec_gdp_growth_annual,2022,annual,6.020745,percent_change,official,indec_gdp_original,https://www.indec.gob.ar/ftp/cuadros/economia/sh_oferta_demanda_06_26.xls,f6a236be1884b47316c01b45d2145b7a8aee95d3766d9887848e635c8ab56538,2026-08-20T23:52:51Z
indec_gdp_growth_annual,2023,annual,-1.850832,percent_change,official,indec_gdp_original,https://www.indec.gob.ar/ftp/cuadros/economia/sh_oferta_demanda_06_26.xls,f6a236be1884b47316c01b45d2145b7a8aee95d3766d9887848e635c8ab56538,2026-08-20T23:52:51Z
indec_gdp_growth_annual,2024,annual,-1.367757,percent_change,official,indec_gdp_original,https://www.indec.gob.ar/ftp/cuadros/economia/sh_oferta_demanda_06_26.xls,f6a236be1884b47316c01b45d2145b7a8aee95d3766d9887848e635c8ab56538,2026-08-20T23:52:51Z
indec_gdp_growth_annual,2025,annual,4.483245,percent_change,official,indec_gdp_original,https://www.indec.gob.ar/ftp/cuadros/economia/sh_oferta_demanda_06_26.xls,f6a236be1884b47316c01b45d2145b7a8aee95d3766d9887848e635c8ab56538,2026-08-20T23:52:51Z
indec_gdp_growth_quarterly,2005-Q1,quarterly,7.218787,percent_change,official,indec_gdp_original,https://www.indec.gob.ar/ftp/cuadros/economia/sh_oferta_demanda_06_26.xls,f6a236be1884b47316c01b45d2145b7a8aee95d3766d9887848e635c8ab56538,2026-08-20T23:52:51Z
indec_gdp_growth_quarterly,2005-Q2,quarterly,13.077981,percent_change,official,indec_gdp_original,https://www.indec.gob.ar/ftp/cuadros/economia/sh_oferta_demanda_06_26.xls,f6a236be1884b47316c01b45d2145b7a8aee95d3766d9887848e635c8ab56538,2026-08-20T23:52:51Z
indec_gdp_growth_quarterly,2005-Q3,quarterly,6.971978,percent_change,official,indec_gdp_original,https://www.indec.gob.ar/ftp/cuadros/economia/sh_oferta_demanda_06_26.xls,f6a236be1884b47316c01b45d2145b7a8aee95d3766d9887848e635c8ab56538,2026-08-20T23:52:51Z
indec_gdp_growth_quarterly,2005-Q4,quarterly,7.782894,percent_change,official,indec_gdp_original,https://www.indec.gob.ar/ftp/cuadros/economia/sh_oferta_demanda_06_26.xls,f6a236be1884b47316c01b45d2145b7a8aee95d3766d9887848e635c8ab56538,2026-08-20T23:52:51Z
indec_gdp_growth_quarterly,2006-Q1,quarterly,7.849571,percent_change,official,indec_gdp_original,https://www.indec.gob.ar/ftp/cuadros/economia/sh_oferta_demanda_06_26.xls,f6a236be1884b47316c01b45d2145b7a8aee95d3766d9887848e635c8ab56538,2026-08-20T23:52:51Z
indec_gdp_growth_quarterly,2006-Q2,quarterly,5.571585,percent_change,official,indec_gdp_original,https://www.indec.gob.ar/ftp/cuadros/economia/sh_oferta_demanda_06_26.xls,f6a236be1884b47316c01b45d2145b7a8aee95d3766d9887848e635c8ab56538,2026-08-20T23:52:51Z
indec_gdp_growth_quarterly,2006-Q3,quarterly,9.380490,percent_change,official,indec_gdp_original,https://www.indec.gob.ar/ftp/cuadros/economia/sh_oferta_demanda_06_26.xls,f6a236be1884b47316c01b45d2145b7a8aee95d3766d9887848e635c8ab56538,2026-08-20T23:52:51Z
indec_gdp_growth_quarterly,2006-Q4,quarterly,9.677040,percent_change,official,indec_gdp_original,https://www.indec.gob.ar/ftp/cuadros/economia/sh_oferta_demanda_06_26.xls,f6a236be1884b47316c01b45d2145b7a8aee95d3766d9887848e635c8ab56538,2026-08-20T23:52:51Z
indec_gdp_growth_quarterly,2007-Q1,quarterly,8.358941,percent_change,official,indec_gdp_original,https://www.indec.gob.ar/ftp/cuadros/economia/sh_oferta_demanda_06_26.xls,f6a236be1884b47316c01b45d2145b7a8aee95d3766d9887848e635c8ab56538,2026-08-20T23:52:51Z
indec_gdp_growth_quarterly,2007-Q2,quarterly,9.859387,percent_change,official,indec_gdp_original,https://www.indec.gob.ar/ftp/cuadros/economia/sh_oferta_demanda_06_26.xls,f6a236be1884b47316c01b45d2145b7a8aee95d3766d9887848e635c8ab56538,2026-08-20T23:52:51Z
indec_gdp_growth_quarterly,2007-Q3,quarterly,8.427798,percent_change,official,indec_gdp_original,https://www.indec.gob.ar/ftp/cuadros/economia/sh_oferta_demanda_06_26.xls,f6a236be1884b47316c01b45d2145b7a8aee95d3766d9887848e635c8ab56538,2026-08-20T23:52:51Z
indec_gdp_growth_quarterly,2007-Q4,quarterly,9.267349,percent_change,official,indec_gdp_original,https://www.indec.gob.ar/ftp/cuadros/economia/sh_oferta_demanda_06_26.xls,f6a236be1884b47316c01b45d2145b7a8aee95d3766d9887848e635c8ab56538,2026-08-20T23:52:51Z
indec_gdp_growth_quarterly,2008-Q1,quarterly,6.912315,percent_change,official,indec_gdp_original,https://www.indec.gob.ar/ftp/cuadros/economia/sh_oferta_demanda_06_26.xls,f6a236be1884b47316c01b45d2145b7a8aee95d3766d9887848e635c8ab56538,2026-08-20T23:52:51Z
indec_gdp_growth_quarterly,2008-Q2,quarterly,5.452685,percent_change,official,indec_gdp_original,https://www.indec.gob.ar/ftp/cuadros/economia/sh_oferta_demanda_06_26.xls,f6a236be1884b47316c01b45d2145b7a8aee95d3766d9887848e635c8ab56538,2026-08-20T23:52:51Z
indec_gdp_growth_quarterly,2008-Q3,quarterly,6.006016,percent_change,official,indec_gdp_original,https://www.indec.gob.ar/ftp/cuadros/economia/sh_oferta_demanda_06_26.xls,f6a236be1884b47316c01b45d2145b7a8aee95d3766d9887848e635c8ab56538,2026-08-20T23:52:51Z
indec_gdp_growth_quarterly,2008-Q4,quarterly,-1.978991,percent_change,official,indec_gdp_original,https://www.indec.gob.ar/ftp/cuadros/economia/sh_oferta_demanda_06_26.xls,f6a236be1884b47316c01b45d2145b7a8aee95d3766d9887848e635c8ab56538,2026-08-20T23:52:51Z
indec_gdp_growth_quarterly,2009-Q1,quarterly,-6.188755,percent_change,official,indec_gdp_original,https://www.indec.gob.ar/ftp/cuadros/economia/sh_oferta_demanda_06_26.xls,f6a236be1884b47316c01b45d2145b7a8aee95d3766d9887848e635c8ab56538,2026-08-20T23:52:51Z
indec_gdp_growth_quarterly,2009-Q2,quarterly,-11.274547,percent_change,official,indec_gdp_original,https://www.indec.gob.ar/ftp/cuadros/economia/sh_oferta_demanda_06_26.xls,f6a236be1884b47316c01b45d2145b7a8aee95d3766d9887848e635c8ab56538,2026-08-20T23:52:51Z
indec_gdp_growth_quarterly,2009-Q3,quarterly,-5.651180,percent_change,official,indec_gdp_original,https://www.indec.gob.ar/ftp/cuadros/economia/sh_oferta_demanda_06_26.xls,f6a236be1884b47316c01b45d2145b7a8aee95d3766d9887848e635c8ab56538,2026-08-20T23:52:51Z
indec_gdp_growth_quarterly,2009-Q4,quarterly,0.281998,percent_change,official,indec_gdp_original,https://www.indec.gob.ar/ftp/cuadros/economia/sh_oferta_demanda_06_26.xls,f6a236be1884b47316c01b45d2145b7a8aee95d3766d9887848e635c8ab56538,2026-08-20T23:52:51Z
indec_gdp_growth_quarterly,2010-Q1,quarterly,5.713269,percent_change,official,indec_gdp_original,https://www.indec.gob.ar/ftp/cuadros/economia/sh_oferta_demanda_06_26.xls,f6a236be1884b47316c01b45d2145b7a8aee95d3766d9887848e635c8ab56538,2026-08-20T23:52:51Z
indec_gdp_growth_quarterly,2010-Q2,quarterly,16.244200,percent_change,official,indec_gdp_original,https://www.indec.gob.ar/ftp/cuadros/economia/sh_oferta_demanda_06_26.xls,f6a236be1884b47316c01b45d2145b7a8aee95d3766d9887848e635c8ab56538,2026-08-20T23:52:51Z
indec_gdp_growth_quarterly,2010-Q3,quarterly,9.507742,percent_change,official,indec_gdp_original,https://www.indec.gob.ar/ftp/cuadros/economia/sh_oferta_demanda_06_26.xls,f6a236be1884b47316c01b45d2145b7a8aee95d3766d9887848e635c8ab56538,2026-08-20T23:52:51Z
indec_gdp_growth_quarterly,2010-Q4,quarterly,8.609793,percent_change,official,indec_gdp_original,https://www.indec.gob.ar/ftp/cuadros/economia/sh_oferta_demanda_06_26.xls,f6a236be1884b47316c01b45d2145b7a8aee95d3766d9887848e635c8ab56538,2026-08-20T23:52:51Z
indec_gdp_growth_quarterly,2011-Q1,quarterly,8.292616,percent_change,official,indec_gdp_original,https://www.indec.gob.ar/ftp/cuadros/economia/sh_oferta_demanda_06_26.xls,f6a236be1884b47316c01b45d2145b7a8aee95d3766d9887848e635c8ab56538,2026-08-20T23:52:51Z
indec_gdp_growth_quarterly,2011-Q2,quarterly,4.443344,percent_change,official,indec_gdp_original,https://www.indec.gob.ar/ftp/cuadros/economia/sh_oferta_demanda_06_26.xls,f6a236be1884b47316c01b45d2145b7a8aee95d3766d9887848e635c8ab56538,2026-08-20T23:52:51Z
indec_gdp_growth_quarterly,2011-Q3,quarterly,6.409367,percent_change,official,indec_gdp_original,https://www.indec.gob.ar/ftp/cuadros/economia/sh_oferta_demanda_06_26.xls,f6a236be1884b47316c01b45d2145b7a8aee95d3766d9887848e635c8ab56538,2026-08-20T23:52:51Z
indec_gdp_growth_quarterly,2011-Q4,quarterly,5.217132,percent_change,official,indec_gdp_original,https://www.indec.gob.ar/ftp/cuadros/economia/sh_oferta_demanda_06_26.xls,f6a236be1884b47316c01b45d2145b7a8aee95d3766d9887848e635c8ab56538,2026-08-20T23:52:51Z
indec_gdp_growth_quarterly,2012-Q1,quarterly,1.564247,percent_change,official,indec_gdp_original,https://www.indec.gob.ar/ftp/cuadros/economia/sh_oferta_demanda_06_26.xls,f6a236be1884b47316c01b45d2145b7a8aee95d3766d9887848e635c8ab56538,2026-08-20T23:52:51Z
indec_gdp_growth_quarterly,2012-Q2,quarterly,-4.631757,percent_change,official,indec_gdp_original,https://www.indec.gob.ar/ftp/cuadros/economia/sh_oferta_demanda_06_26.xls,f6a236be1884b47316c01b45d2145b7a8aee95d3766d9887848e635c8ab56538,2026-08-20T23:52:51Z
indec_gdp_growth_quarterly,2012-Q3,quarterly,-1.118294,percent_change,official,indec_gdp_original,https://www.indec.gob.ar/ftp/cuadros/economia/sh_oferta_demanda_06_26.xls,f6a236be1884b47316c01b45d2145b7a8aee95d3766d9887848e635c8ab56538,2026-08-20T23:52:51Z
indec_gdp_growth_quarterly,2012-Q4,quarterly,0.555804,percent_change,official,indec_gdp_original,https://www.indec.gob.ar/ftp/cuadros/economia/sh_oferta_demanda_06_26.xls,f6a236be1884b47316c01b45d2145b7a8aee95d3766d9887848e635c8ab56538,2026-08-20T23:52:51Z
indec_gdp_growth_quarterly,2013-Q1,quarterly,0.654025,percent_change,official,indec_gdp_original,https://www.indec.gob.ar/ftp/cuadros/economia/sh_oferta_demanda_06_26.xls,f6a236be1884b47316c01b45d2145b7a8aee95d3766d9887848e635c8ab56538,2026-08-20T23:52:51Z
indec_gdp_growth_quarterly,2013-Q2,quarterly,6.246023,percent_change,official,indec_gdp_original,https://www.indec.gob.ar/ftp/cuadros/economia/sh_oferta_demanda_06_26.xls,f6a236be1884b47316c01b45d2145b7a8aee95d3766d9887848e635c8ab56538,2026-08-20T23:52:51Z
indec_gdp_growth_quarterly,2013-Q3,quarterly,2.558390,percent_change,official,indec_gdp_original,https://www.indec.gob.ar/ftp/cuadros/economia/sh_oferta_demanda_06_26.xls,f6a236be1884b47316c01b45d2145b7a8aee95d3766d9887848e635c8ab56538,2026-08-20T23:52:51Z
indec_gdp_growth_quarterly,2013-Q4,quarterly,-0.051021,percent_change,official,indec_gdp_original,https://www.indec.gob.ar/ftp/cuadros/economia/sh_oferta_demanda_06_26.xls,f6a236be1884b47316c01b45d2145b7a8aee95d3766d9887848e635c8ab56538,2026-08-20T23:52:51Z
indec_gdp_growth_quarterly,2014-Q1,quarterly,-0.889028,percent_change,official,indec_gdp_original,https://www.indec.gob.ar/ftp/cuadros/economia/sh_oferta_demanda_06_26.xls,f6a236be1884b47316c01b45d2145b7a8aee95d3766d9887848e635c8ab56538,2026-08-20T23:52:51Z
indec_gdp_growth_quarterly,2014-Q2,quarterly,-2.048939,percent_change,official,indec_gdp_original,https://www.indec.gob.ar/ftp/cuadros/economia/sh_oferta_demanda_06_26.xls,f6a236be1884b47316c01b45d2145b7a8aee95d3766d9887848e635c8ab56538,2026-08-20T23:52:51Z
indec_gdp_growth_quarterly,2014-Q3,quarterly,-4.238515,percent_change,official,indec_gdp_original,https://www.indec.gob.ar/ftp/cuadros/economia/sh_oferta_demanda_06_26.xls,f6a236be1884b47316c01b45d2145b7a8aee95d3766d9887848e635c8ab56538,2026-08-20T23:52:51Z
indec_gdp_growth_quarterly,2014-Q4,quarterly,-2.815730,percent_change,official,indec_gdp_original,https://www.indec.gob.ar/ftp/cuadros/economia/sh_oferta_demanda_06_26.xls,f6a236be1884b47316c01b45d2145b7a8aee95d3766d9887848e635c8ab56538,2026-08-20T23:52:51Z
indec_gdp_growth_quarterly,2015-Q1,quarterly,0.250909,percent_change,official,indec_gdp_original,https://www.indec.gob.ar/ftp/cuadros/economia/sh_oferta_demanda_06_26.xls,f6a236be1884b47316c01b45d2145b7a8aee95d3766d9887848e635c8ab56538,2026-08-20T23:52:51Z
indec_gdp_growth_quarterly,2015-Q2,quarterly,4.031032,percent_change,official,indec_gdp_original,https://www.indec.gob.ar/ftp/cuadros/economia/sh_oferta_demanda_06_26.xls,f6a236be1884b47316c01b45d2145b7a8aee95d3766d9887848e635c8ab56538,2026-08-20T23:52:51Z
indec_gdp_growth_quarterly,2015-Q3,quarterly,3.966170,percent_change,official,indec_gdp_original,https://www.indec.gob.ar/ftp/cuadros/economia/sh_oferta_demanda_06_26.xls,f6a236be1884b47316c01b45d2145b7a8aee95d3766d9887848e635c8ab56538,2026-08-20T23:52:51Z
indec_gdp_growth_quarterly,2015-Q4,quarterly,2.472701,percent_change,official,indec_gdp_original,https://www.indec.gob.ar/ftp/cuadros/economia/sh_oferta_demanda_06_26.xls,f6a236be1884b47316c01b45d2145b7a8aee95d3766d9887848e635c8ab56538,2026-08-20T23:52:51Z
indec_gdp_growth_quarterly,2016-Q1,quarterly,0.728693,percent_change,official,indec_gdp_original,https://www.indec.gob.ar/ftp/cuadros/economia/sh_oferta_demanda_06_26.xls,f6a236be1884b47316c01b45d2145b7a8aee95d3766d9887848e635c8ab56538,2026-08-20T23:52:51Z
indec_gdp_growth_quarterly,2016-Q2,quarterly,-3.858860,percent_change,official,indec_gdp_original,https://www.indec.gob.ar/ftp/cuadros/economia/sh_oferta_demanda_06_26.xls,f6a236be1884b47316c01b45d2145b7a8aee95d3766d9887848e635c8ab56538,2026-08-20T23:52:51Z
indec_gdp_growth_quarterly,2016-Q3,quarterly,-3.327219,percent_change,official,indec_gdp_original,https://www.indec.gob.ar/ftp/cuadros/economia/sh_oferta_demanda_06_26.xls,f6a236be1884b47316c01b45d2145b7a8aee95d3766d9887848e635c8ab56538,2026-08-20T23:52:51Z
indec_gdp_growth_quarterly,2016-Q4,quarterly,-1.493288,percent_change,official,indec_gdp_original,https://www.indec.gob.ar/ftp/cuadros/economia/sh_oferta_demanda_06_26.xls,f6a236be1884b47316c01b45d2145b7a8aee95d3766d9887848e635c8ab56538,2026-08-20T23:52:51Z
indec_gdp_growth_quarterly,2017-Q1,quarterly,0.559679,percent_change,official,indec_gdp_original,https://www.indec.gob.ar/ftp/cuadros/economia/sh_oferta_demanda_06_26.xls,f6a236be1884b47316c01b45d2145b7a8aee95d3766d9887848e635c8ab56538,2026-08-20T23:52:51Z
indec_gdp_growth_quarterly,2017-Q2,quarterly,2.326583,percent_change,official,indec_gdp_original,https://www.indec.gob.ar/ftp/cuadros/economia/sh_oferta_demanda_06_26.xls,f6a236be1884b47316c01b45d2145b7a8aee95d3766d9887848e635c8ab56538,2026-08-20T23:52:51Z
indec_gdp_growth_quarterly,2017-Q3,quarterly,3.850609,percent_change,official,indec_gdp_original,https://www.indec.gob.ar/ftp/cuadros/economia/sh_oferta_demanda_06_26.xls,f6a236be1884b47316c01b45d2145b7a8aee95d3766d9887848e635c8ab56538,2026-08-20T23:52:51Z
indec_gdp_growth_quarterly,2017-Q4,quarterly,4.532685,percent_change,official,indec_gdp_original,https://www.indec.gob.ar/ftp/cuadros/economia/sh_oferta_demanda_06_26.xls,f6a236be1884b47316c01b45d2145b7a8aee95d3766d9887848e635c8ab56538,2026-08-20T23:52:51Z
indec_gdp_growth_quarterly,2018-Q1,quarterly,3.797740,percent_change,official,indec_gdp_original,https://www.indec.gob.ar/ftp/cuadros/economia/sh_oferta_demanda_06_26.xls,f6a236be1884b47316c01b45d2145b7a8aee95d3766d9887848e635c8ab56538,2026-08-20T23:52:51Z
indec_gdp_growth_quarterly,2018-Q2,quarterly,-3.979099,percent_change,official,indec_gdp_original,https://www.indec.gob.ar/ftp/cuadros/economia/sh_oferta_demanda_06_26.xls,f6a236be1884b47316c01b45d2145b7a8aee95d3766d9887848e635c8ab56538,2026-08-20T23:52:51Z
indec_gdp_growth_quarterly,2018-Q3,quarterly,-3.469440,percent_change,official,indec_gdp_original,https://www.indec.gob.ar/ftp/cuadros/economia/sh_oferta_demanda_06_26.xls,f6a236be1884b47316c01b45d2145b7a8aee95d3766d9887848e635c8ab56538,2026-08-20T23:52:51Z
indec_gdp_growth_quarterly,2018-Q4,quarterly,-6.339739,percent_change,official,indec_gdp_original,https://www.indec.gob.ar/ftp/cuadros/economia/sh_oferta_demanda_06_26.xls,f6a236be1884b47316c01b45d2145b7a8aee95d3766d9887848e635c8ab56538,2026-08-20T23:52:51Z
indec_gdp_growth_quarterly,2019-Q1,quarterly,-5.863725,percent_change,official,indec_gdp_original,https://www.indec.gob.ar/ftp/cuadros/economia/sh_oferta_demanda_06_26.xls,f6a236be1884b47316c01b45d2145b7a8aee95d3766d9887848e635c8ab56538,2026-08-20T23:52:51Z
indec_gdp_growth_quarterly,2019-Q2,quarterly,0.582820,percent_change,official,indec_gdp_original,https://www.indec.gob.ar/ftp/cuadros/economia/sh_oferta_demanda_06_26.xls,f6a236be1884b47316c01b45d2145b7a8aee95d3766d9887848e635c8ab56538,2026-08-20T23:52:51Z
indec_gdp_growth_quarterly,2019-Q3,quarterly,-1.752716,percent_change,official,indec_gdp_original,https://www.indec.gob.ar/ftp/cuadros/economia/sh_oferta_demanda_06_26.xls,f6a236be1884b47316c01b45d2145b7a8aee95d3766d9887848e635c8ab56538,2026-08-20T23:52:51Z
indec_gdp_growth_quarterly,2019-Q4,quarterly,-1.074843,percent_change,official,indec_gdp_original,https://www.indec.gob.ar/ftp/cuadros/economia/sh_oferta_demanda_06_26.xls,f6a236be1884b47316c01b45d2145b7a8aee95d3766d9887848e635c8ab56538,2026-08-20T23:52:51Z
indec_gdp_growth_quarterly,2020-Q1,quarterly,-5.025070,percent_change,official,indec_gdp_original,https://www.indec.gob.ar/ftp/cuadros/economia/sh_oferta_demanda_06_26.xls,f6a236be1884b47316c01b45d2145b7a8aee95d3766d9887848e635c8ab56538,2026-08-20T23:52:51Z
indec_gdp_growth_quarterly,2020-Q2,quarterly,-18.942194,percent_change,official,indec_gdp_original,https://www.indec.gob.ar/ftp/cuadros/economia/sh_oferta_demanda_06_26.xls,f6a236be1884b47316c01b45d2145b7a8aee95d3766d9887848e635c8ab56538,2026-08-20T23:52:51Z
indec_gdp_growth_quarterly,2020-Q3,quarterly,-10.192766,percent_change,official,indec_gdp_original,https://www.indec.gob.ar/ftp/cuadros/economia/sh_oferta_demanda_06_26.xls,f6a236be1884b47316c01b45d2145b7a8aee95d3766d9887848e635c8ab56538,2026-08-20T23:52:51Z
indec_gdp_growth_quarterly,2020-Q4,quarterly,-4.313299,percent_change,official,indec_gdp_original,https://www.indec.gob.ar/ftp/cuadros/economia/sh_oferta_demanda_06_26.xls,f6a236be1884b47316c01b45d2145b7a8aee95d3766d9887848e635c8ab56538,2026-08-20T23:52:51Z
indec_gdp_growth_quarterly,2021-Q1,quarterly,3.232601,percent_change,official,indec_gdp_original,https://www.indec.gob.ar/ftp/cuadros/economia/sh_oferta_demanda_06_26.xls,f6a236be1884b47316c01b45d2145b7a8aee95d3766d9887848e635c8ab56538,2026-08-20T23:52:51Z
indec_gdp_growth_quarterly,2021-Q2,quarterly,18.729961,percent_change,official,indec_gdp_original,https://www.indec.gob.ar/ftp/cuadros/economia/sh_oferta_demanda_06_26.xls,f6a236be1884b47316c01b45d2145b7a8aee95d3766d9887848e635c8ab56538,2026-08-20T23:52:51Z
indec_gdp_growth_quarterly,2021-Q3,quarterly,11.814536,percent_change,official,indec_gdp_original,https://www.indec.gob.ar/ftp/cuadros/economia/sh_oferta_demanda_06_26.xls,f6a236be1884b47316c01b45d2145b7a8aee95d3766d9887848e635c8ab56538,2026-08-20T23:52:51Z
indec_gdp_growth_quarterly,2021-Q4,quarterly,8.364114,percent_change,official,indec_gdp_original,https://www.indec.gob.ar/ftp/cuadros/economia/sh_oferta_demanda_06_26.xls,f6a236be1884b47316c01b45d2145b7a8aee95d3766d9887848e635c8ab56538,2026-08-20T23:52:51Z
indec_gdp_growth_quarterly,2022-Q1,quarterly,6.861384,percent_change,official,indec_gdp_original,https://www.indec.gob.ar/ftp/cuadros/economia/sh_oferta_demanda_06_26.xls,f6a236be1884b47316c01b45d2145b7a8aee95d3766d9887848e635c8ab56538,2026-08-20T23:52:51Z
indec_gdp_growth_quarterly,2022-Q2,quarterly,8.130014,percent_change,official,indec_gdp_original,https://www.indec.gob.ar/ftp/cuadros/economia/sh_oferta_demanda_06_26.xls,f6a236be1884b47316c01b45d2145b7a8aee95d3766d9887848e635c8ab56538,2026-08-20T23:52:51Z
indec_gdp_growth_quarterly,2022-Q3,quarterly,6.684421,percent_change,official,indec_gdp_original,https://www.indec.gob.ar/ftp/cuadros/economia/sh_oferta_demanda_06_26.xls,f6a236be1884b47316c01b45d2145b7a8aee95d3766d9887848e635c8ab56538,2026-08-20T23:52:51Z
indec_gdp_growth_quarterly,2022-Q4,quarterly,2.385428,percent_change,official,indec_gdp_original,https://www.indec.gob.ar/ftp/cuadros/economia/sh_oferta_demanda_06_26.xls,f6a236be1884b47316c01b45d2145b7a8aee95d3766d9887848e635c8ab56538,2026-08-20T23:52:51Z
indec_gdp_growth_quarterly,2023-Q1,quarterly,0.915069,percent_change,official,indec_gdp_original,https://www.indec.gob.ar/ftp/cuadros/economia/sh_oferta_demanda_06_26.xls,f6a236be1884b47316c01b45d2145b7a8aee95d3766d9887848e635c8ab56538,2026-08-20T23:52:51Z
indec_gdp_growth_quarterly,2023-Q2,quarterly,-5.651033,percent_change,official,indec_gdp_original,https://www.indec.gob.ar/ftp/cuadros/economia/sh_oferta_demanda_06_26.xls,f6a236be1884b47316c01b45d2145b7a8aee95d3766d9887848e635c8ab56538,2026-08-20T23:52:51Z
indec_gdp_growth_quarterly,2023-Q3,quarterly,-0.562320,percent_change,official,indec_gdp_original,https://www.indec.gob.ar/ftp/cuadros/economia/sh_oferta_demanda_06_26.xls,f6a236be1884b47316c01b45d2145b7a8aee95d3766d9887848e635c8ab56538,2026-08-20T23:52:51Z
indec_gdp_growth_quarterly,2023-Q4,quarterly,-1.711318,percent_change,official,indec_gdp_original,https://www.indec.gob.ar/ftp/cuadros/economia/sh_oferta_demanda_06_26.xls,f6a236be1884b47316c01b45d2145b7a8aee95d3766d9887848e635c8ab56538,2026-08-20T23:52:51Z
indec_gdp_growth_quarterly,2024-Q1,quarterly,-5.083657,percent_change,official,indec_gdp_original,https://www.indec.gob.ar/ftp/cuadros/economia/sh_oferta_demanda_06_26.xls,f6a236be1884b47316c01b45d2145b7a8aee95d3766d9887848e635c8ab56538,2026-08-20T23:52:51Z
indec_gdp_growth_quarterly,2024-Q2,quarterly,-1.113498,percent_change,official,indec_gdp_original,https://www.indec.gob.ar/ftp/cuadros/economia/sh_oferta_demanda_06_26.xls,f6a236be1884b47316c01b45d2145b7a8aee95d3766d9887848e635c8ab56538,2026-08-20T23:52:51Z
indec_gdp_growth_quarterly,2024-Q3,quarterly,-1.955005,percent_change,official,indec_gdp_original,https://www.indec.gob.ar/ftp/cuadros/economia/sh_oferta_demanda_06_26.xls,f6a236be1884b47316c01b45d2145b7a8aee95d3766d9887848e635c8ab56538,2026-08-20T23:52:51Z
indec_gdp_growth_quarterly,2024-Q4,quarterly,2.709344,percent_change,official,indec_gdp_original,https://www.indec.gob.ar/ftp/cuadros/economia/sh_oferta_demanda_06_26.xls,f6a236be1884b47316c01b45d2145b7a8aee95d3766d9887848e635c8ab56538,2026-08-20T23:52:51Z
indec_gdp_growth_quarterly,2025-Q1,quarterly,6.117075,percent_change,official,indec_gdp_original,https://www.indec.gob.ar/ftp/cuadros/economia/sh_oferta_demanda_06_26.xls,f6a236be1884b47316c01b45d2145b7a8aee95d3766d9887848e635c8ab56538,2026-08-20T23:52:51Z
indec_gdp_growth_quarterly,2025-Q2,quarterly,6.517684,percent_change,official,indec_gdp_original,https://www.indec.gob.ar/ftp/cuadros/economia/sh_oferta_demanda_06_26.xls,f6a236be1884b47316c01b45d2145b7a8aee95d3766d9887848e635c8ab56538,2026-08-20T23:52:51Z
indec_gdp_growth_quarterly,2025-Q3,quarterly,3.196959,percent_change,official,indec_gdp_original,https://www.indec.gob.ar/ftp/cuadros/economia/sh_oferta_demanda_06_26.xls,f6a236be1884b47316c01b45d2145b7a8aee95d3766d9887848e635c8ab56538,2026-08-20T23:52:51Z
indec_gdp_growth_quarterly,2025-Q4,quarterly,2.179052,percent_change,official,indec_gdp_original,https://www.indec.gob.ar/ftp/cuadros/economia/sh_oferta_demanda_06_26.xls,f6a236be1884b47316c01b45d2145b7a8aee95d3766d9887848e635c8ab56538,2026-08-20T23:52:51Z
indec_gdp_growth_quarterly,2026-Q1,quarterly,2.327631,percent_change,official,indec_gdp_original,https://www.indec.gob.ar/ftp/cuadros/economia/sh_oferta_demanda_06_26.xls,f6a236be1884b47316c01b45d2145b7a8aee95d3766d9887848e635c8ab56538,2026-08-20T23:52:51Z
indec_gdp_sa_constant_2004,2004-Q1,quarterly,475539.402860,million_ars_2004,official,indec_gdp_seasonally_adjusted,https://www.indec.gob.ar/ftp/cuadros/economia/sh_oferta_demanda_desest_06_26.xls,fa82bda51d16390019b3c78a0442caa5fd4160199b21e8c8844595d000935d14,2026-08-20T23:52:53Z
indec_gdp_sa_constant_2004,2004-Q2,quarterly,470354.119484,million_ars_2004,official,indec_gdp_seasonally_adjusted,https://www.indec.gob.ar/ftp/cuadros/economia/sh_oferta_demanda_desest_06_26.xls,fa82bda51d16390019b3c78a0442caa5fd4160199b21e8c8844595d000935d14,2026-08-20T23:52:53Z
indec_gdp_sa_constant_2004,2004-Q3,quarterly,493797.378208,million_ars_2004,official,indec_gdp_seasonally_adjusted,https://www.indec.gob.ar/ftp/cuadros/economia/sh_oferta_demanda_desest_06_26.xls,fa82bda51d16390019b3c78a0442caa5fd4160199b21e8c8844595d000935d14,2026-08-20T23:52:53Z
indec_gdp_sa_constant_2004,2004-Q4,quarterly,500769.879646,million_ars_2004,official,indec_gdp_seasonally_adjusted,https://www.indec.gob.ar/ftp/cuadros/economia/sh_oferta_demanda_desest_06_26.xls,fa82bda51d16390019b3c78a0442caa5fd4160199b21e8c8844595d000935d14,2026-08-20T23:52:53Z
indec_gdp_sa_constant_2004,2005-Q1,quarterly,515285.822268,million_ars_2004,official,indec_gdp_seasonally_adjusted,https://www.indec.gob.ar/ftp/cuadros/economia/sh_oferta_demanda_desest_06_26.xls,fa82bda51d16390019b3c78a0442caa5fd4160199b21e8c8844595d000935d14,2026-08-20T23:52:53Z
indec_gdp_sa_constant_2004,2005-Q2,quarterly,526591.971485,million_ars_2004,official,indec_gdp_seasonally_adjusted,https://www.indec.gob.ar/ftp/cuadros/economia/sh_oferta_demanda_desest_06_26.xls,fa82bda51d16390019b3c78a0442caa5fd4160199b21e8c8844595d000935d14,2026-08-20T23:52:53Z
indec_gdp_sa_constant_2004,2005-Q3,quarterly,530024.969161,million_ars_2004,official,indec_gdp_seasonally_adjusted,https://www.indec.gob.ar/ftp/cuadros/economia/sh_oferta_demanda_desest_06_26.xls,fa82bda51d16390019b3c78a0442caa5fd4160199b21e8c8844595d000935d14,2026-08-20T23:52:53Z
indec_gdp_sa_constant_2004,2005-Q4,quarterly,540321.007099,million_ars_2004,official,indec_gdp_seasonally_adjusted,https://www.indec.gob.ar/ftp/cuadros/economia/sh_oferta_demanda_desest_06_26.xls,fa82bda51d16390019b3c78a0442caa5fd4160199b21e8c8844595d000935d14,2026-08-20T23:52:53Z
indec_gdp_sa_constant_2004,2006-Q1,quarterly,554468.162110,million_ars_2004,official,indec_gdp_seasonally_adjusted,https://www.indec.gob.ar/ftp/cuadros/economia/sh_oferta_demanda_desest_06_26.xls,fa82bda51d16390019b3c78a0442caa5fd4160199b21e8c8844595d000935d14,2026-08-20T23:52:53Z
indec_gdp_sa_constant_2004,2006-Q2,quarterly,561434.677870,million_ars_2004,official,indec_gdp_seasonally_adjusted,https://www.indec.gob.ar/ftp/cuadros/economia/sh_oferta_demanda_desest_06_26.xls,fa82bda51d16390019b3c78a0442caa5fd4160199b21e8c8844595d000935d14,2026-08-20T23:52:53Z
indec_gdp_sa_constant_2004,2006-Q3,quarterly,576815.720981,million_ars_2004,official,indec_gdp_seasonally_adjusted,https://www.indec.gob.ar/ftp/cuadros/economia/sh_oferta_demanda_desest_06_26.xls,fa82bda51d16390019b3c78a0442caa5fd4160199b21e8c8844595d000935d14,2026-08-20T23:52:53Z
indec_gdp_sa_constant_2004,2006-Q4,quarterly,589479.055922,million_ars_2004,official,indec_gdp_seasonally_adjusted,https://www.indec.gob.ar/ftp/cuadros/economia/sh_oferta_demanda_desest_06_26.xls,fa82bda51d16390019b3c78a0442caa5fd4160199b21e8c8844595d000935d14,2026-08-20T23:52:53Z
indec_gdp_sa_constant_2004,2007-Q1,quarterly,603416.481859,million_ars_2004,official,indec_gdp_seasonally_adjusted,https://www.indec.gob.ar/ftp/cuadros/economia/sh_oferta_demanda_desest_06_26.xls,fa82bda51d16390019b3c78a0442caa5fd4160199b21e8c8844595d000935d14,2026-08-20T23:52:53Z
indec_gdp_sa_constant_2004,2007-Q2,quarterly,616299.393125,million_ars_2004,official,indec_gdp_seasonally_adjusted,https://www.indec.gob.ar/ftp/cuadros/economia/sh_oferta_demanda_desest_06_26.xls,fa82bda51d16390019b3c78a0442caa5fd4160199b21e8c8844595d000935d14,2026-08-20T23:52:53Z
indec_gdp_sa_constant_2004,2007-Q3,quarterly,624352.588684,million_ars_2004,official,indec_gdp_seasonally_adjusted,https://www.indec.gob.ar/ftp/cuadros/economia/sh_oferta_demanda_desest_06_26.xls,fa82bda51d16390019b3c78a0442caa5fd4160199b21e8c8844595d000935d14,2026-08-20T23:52:53Z
indec_gdp_sa_constant_2004,2007-Q4,quarterly,643701.546917,million_ars_2004,official,indec_gdp_seasonally_adjusted,https://www.indec.gob.ar/ftp/cuadros/economia/sh_oferta_demanda_desest_06_26.xls,fa82bda51d16390019b3c78a0442caa5fd4160199b21e8c8844595d000935d14,2026-08-20T23:52:53Z
indec_gdp_sa_constant_2004,2008-Q1,quarterly,650062.832800,million_ars_2004,official,indec_gdp_seasonally_adjusted,https://www.indec.gob.ar/ftp/cuadros/economia/sh_oferta_demanda_desest_06_26.xls,fa82bda51d16390019b3c78a0442caa5fd4160199b21e8c8844595d000935d14,2026-08-20T23:52:53Z
indec_gdp_sa_constant_2004,2008-Q2,quarterly,653269.761385,million_ars_2004,official,indec_gdp_seasonally_adjusted,https://www.indec.gob.ar/ftp/cuadros/economia/sh_oferta_demanda_desest_06_26.xls,fa82bda51d16390019b3c78a0442caa5fd4160199b21e8c8844595d000935d14,2026-08-20T23:52:53Z
indec_gdp_sa_constant_2004,2008-Q3,quarterly,657936.932553,million_ars_2004,official,indec_gdp_seasonally_adjusted,https://www.indec.gob.ar/ftp/cuadros/economia/sh_oferta_demanda_desest_06_26.xls,fa82bda51d16390019b3c78a0442caa5fd4160199b21e8c8844595d000935d14,2026-08-20T23:52:53Z
indec_gdp_sa_constant_2004,2008-Q4,quarterly,627435.112228,million_ars_2004,official,indec_gdp_seasonally_adjusted,https://www.indec.gob.ar/ftp/cuadros/economia/sh_oferta_demanda_desest_06_26.xls,fa82bda51d16390019b3c78a0442caa5fd4160199b21e8c8844595d000935d14,2026-08-20T23:52:53Z
indec_gdp_sa_constant_2004,2009-Q1,quarterly,604739.799060,million_ars_2004,official,indec_gdp_seasonally_adjusted,https://www.indec.gob.ar/ftp/cuadros/economia/sh_oferta_demanda_desest_06_26.xls,fa82bda51d16390019b3c78a0442caa5fd4160199b21e8c8844595d000935d14,2026-08-20T23:52:53Z
indec_gdp_sa_constant_2004,2009-Q2,quarterly,590902.231428,million_ars_2004,official,indec_gdp_seasonally_adjusted,https://www.indec.gob.ar/ftp/cuadros/economia/sh_oferta_demanda_desest_06_26.xls,fa82bda51d16390019b3c78a0442caa5fd4160199b21e8c8844595d000935d14,2026-08-20T23:52:53Z
indec_gdp_sa_constant_2004,2009-Q3,quarterly,614035.543435,million_ars_2004,official,indec_gdp_seasonally_adjusted,https://www.indec.gob.ar/ftp/cuadros/economia/sh_oferta_demanda_desest_06_26.xls,fa82bda51d16390019b3c78a0442caa5fd4160199b21e8c8844595d000935d14,2026-08-20T23:52:53Z
indec_gdp_sa_constant_2004,2009-Q4,quarterly,625813.931729,million_ars_2004,official,indec_gdp_seasonally_adjusted,https://www.indec.gob.ar/ftp/cuadros/economia/sh_oferta_demanda_desest_06_26.xls,fa82bda51d16390019b3c78a0442caa5fd4160199b21e8c8844595d000935d14,2026-08-20T23:52:53Z
indec_gdp_sa_constant_2004,2010-Q1,quarterly,644901.886932,million_ars_2004,official,indec_gdp_seasonally_adjusted,https://www.indec.gob.ar/ftp/cuadros/economia/sh_oferta_demanda_desest_06_26.xls,fa82bda51d16390019b3c78a0442caa5fd4160199b21e8c8844595d000935d14,2026-08-20T23:52:53Z
indec_gdp_sa_constant_2004,2010-Q2,quarterly,673704.246913,million_ars_2004,official,indec_gdp_seasonally_adjusted,https://www.indec.gob.ar/ftp/cuadros/economia/sh_oferta_demanda_desest_06_26.xls,fa82bda51d16390019b3c78a0442caa5fd4160199b21e8c8844595d000935d14,2026-08-20T23:52:53Z
indec_gdp_sa_constant_2004,2010-Q3,quarterly,677196.113894,million_ars_2004,official,indec_gdp_seasonally_adjusted,https://www.indec.gob.ar/ftp/cuadros/economia/sh_oferta_demanda_desest_06_26.xls,fa82bda51d16390019b3c78a0442caa5fd4160199b21e8c8844595d000935d14,2026-08-20T23:52:53Z
indec_gdp_sa_constant_2004,2010-Q4,quarterly,686292.470028,million_ars_2004,official,indec_gdp_seasonally_adjusted,https://www.indec.gob.ar/ftp/cuadros/economia/sh_oferta_demanda_desest_06_26.xls,fa82bda51d16390019b3c78a0442caa5fd4160199b21e8c8844595d000935d14,2026-08-20T23:52:53Z
indec_gdp_sa_constant_2004,2011-Q1,quarterly,702715.187312,million_ars_2004,official,indec_gdp_seasonally_adjusted,https://www.indec.gob.ar/ftp/cuadros/economia/sh_oferta_demanda_desest_06_26.xls,fa82bda51d16390019b3c78a0442caa5fd4160199b21e8c8844595d000935d14,2026-08-20T23:52:53Z
indec_gdp_sa_constant_2004,2011-Q2,quarterly,709752.099002,million_ars_2004,official,indec_gdp_seasonally_adjusted,https://www.indec.gob.ar/ftp/cuadros/economia/sh_oferta_demanda_desest_06_26.xls,fa82bda51d16390019b3c78a0442caa5fd4160199b21e8c8844595d000935d14,2026-08-20T23:52:53Z
indec_gdp_sa_constant_2004,2011-Q3,quarterly,715352.506992,million_ars_2004,official,indec_gdp_seasonally_adjusted,https://www.indec.gob.ar/ftp/cuadros/economia/sh_oferta_demanda_desest_06_26.xls,fa82bda51d16390019b3c78a0442caa5fd4160199b21e8c8844595d000935d14,2026-08-20T23:52:53Z
indec_gdp_sa_constant_2004,2011-Q4,quarterly,715306.595576,million_ars_2004,official,indec_gdp_seasonally_adjusted,https://www.indec.gob.ar/ftp/cuadros/economia/sh_oferta_demanda_desest_06_26.xls,fa82bda51d16390019b3c78a0442caa5fd4160199b21e8c8844595d000935d14,2026-08-20T23:52:53Z
indec_gdp_sa_constant_2004,2012-Q1,quarterly,707988.221333,million_ars_2004,official,indec_gdp_seasonally_adjusted,https://www.indec.gob.ar/ftp/cuadros/economia/sh_oferta_demanda_desest_06_26.xls,fa82bda51d16390019b3c78a0442caa5fd4160199b21e8c8844595d000935d14,2026-08-20T23:52:53Z
indec_gdp_sa_constant_2004,2012-Q2,quarterly,683985.423061,million_ars_2004,official,indec_gdp_seasonally_adjusted,https://www.indec.gob.ar/ftp/cuadros/economia/sh_oferta_demanda_desest_06_26.xls,fa82bda51d16390019b3c78a0442caa5fd4160199b21e8c8844595d000935d14,2026-08-20T23:52:53Z
indec_gdp_sa_constant_2004,2012-Q3,quarterly,705109.993438,million_ars_2004,official,indec_gdp_seasonally_adjusted,https://www.indec.gob.ar/ftp/cuadros/economia/sh_oferta_demanda_desest_06_26.xls,fa82bda51d16390019b3c78a0442caa5fd4160199b21e8c8844595d000935d14,2026-08-20T23:52:53Z
indec_gdp_sa_constant_2004,2012-Q4,quarterly,716860.320003,million_ars_2004,official,indec_gdp_seasonally_adjusted,https://www.indec.gob.ar/ftp/cuadros/economia/sh_oferta_demanda_desest_06_26.xls,fa82bda51d16390019b3c78a0442caa5fd4160199b21e8c8844595d000935d14,2026-08-20T23:52:53Z
indec_gdp_sa_constant_2004,2013-Q1,quarterly,716958.913566,million_ars_2004,official,indec_gdp_seasonally_adjusted,https://www.indec.gob.ar/ftp/cuadros/economia/sh_oferta_demanda_desest_06_26.xls,fa82bda51d16390019b3c78a0442caa5fd4160199b21e8c8844595d000935d14,2026-08-20T23:52:53Z
indec_gdp_sa_constant_2004,2013-Q2,quarterly,721290.348191,million_ars_2004,official,indec_gdp_seasonally_adjusted,https://www.indec.gob.ar/ftp/cuadros/economia/sh_oferta_demanda_desest_06_26.xls,fa82bda51d16390019b3c78a0442caa5fd4160199b21e8c8844595d000935d14,2026-08-20T23:52:53Z
indec_gdp_sa_constant_2004,2013-Q3,quarterly,725228.860578,million_ars_2004,official,indec_gdp_seasonally_adjusted,https://www.indec.gob.ar/ftp/cuadros/economia/sh_oferta_demanda_desest_06_26.xls,fa82bda51d16390019b3c78a0442caa5fd4160199b21e8c8844595d000935d14,2026-08-20T23:52:53Z
indec_gdp_sa_constant_2004,2013-Q4,quarterly,718150.298877,million_ars_2004,official,indec_gdp_seasonally_adjusted,https://www.indec.gob.ar/ftp/cuadros/economia/sh_oferta_demanda_desest_06_26.xls,fa82bda51d16390019b3c78a0442caa5fd4160199b21e8c8844595d000935d14,2026-08-20T23:52:53Z
indec_gdp_sa_constant_2004,2014-Q1,quarterly,707604.649722,million_ars_2004,official,indec_gdp_seasonally_adjusted,https://www.indec.gob.ar/ftp/cuadros/economia/sh_oferta_demanda_desest_06_26.xls,fa82bda51d16390019b3c78a0442caa5fd4160199b21e8c8844595d000935d14,2026-08-20T23:52:53Z
indec_gdp_sa_constant_2004,2014-Q2,quarterly,703288.518505,million_ars_2004,official,indec_gdp_seasonally_adjusted,https://www.indec.gob.ar/ftp/cuadros/economia/sh_oferta_demanda_desest_06_26.xls,fa82bda51d16390019b3c78a0442caa5fd4160199b21e8c8844595d000935d14,2026-08-20T23:52:53Z
indec_gdp_sa_constant_2004,2014-Q3,quarterly,697226.219788,million_ars_2004,official,indec_gdp_seasonally_adjusted,https://www.indec.gob.ar/ftp/cuadros/economia/sh_oferta_demanda_desest_06_26.xls,fa82bda51d16390019b3c78a0442caa5fd4160199b21e8c8844595d000935d14,2026-08-20T23:52:53Z
indec_gdp_sa_constant_2004,2014-Q4,quarterly,701104.795839,million_ars_2004,official,indec_gdp_seasonally_adjusted,https://www.indec.gob.ar/ftp/cuadros/economia/sh_oferta_demanda_desest_06_26.xls,fa82bda51d16390019b3c78a0442caa5fd4160199b21e8c8844595d000935d14,2026-08-20T23:52:53Z
indec_gdp_sa_constant_2004,2015-Q1,quarterly,711401.440681,million_ars_2004,official,indec_gdp_seasonally_adjusted,https://www.indec.gob.ar/ftp/cuadros/economia/sh_oferta_demanda_desest_06_26.xls,fa82bda51d16390019b3c78a0442caa5fd4160199b21e8c8844595d000935d14,2026-08-20T23:52:53Z
indec_gdp_sa_constant_2004,2015-Q2,quarterly,727767.460531,million_ars_2004,official,indec_gdp_seasonally_adjusted,https://www.indec.gob.ar/ftp/cuadros/economia/sh_oferta_demanda_desest_06_26.xls,fa82bda51d16390019b3c78a0442caa5fd4160199b21e8c8844595d000935d14,2026-08-20T23:52:53Z
indec_gdp_sa_constant_2004,2015-Q3,quarterly,727494.477015,million_ars_2004,official,indec_gdp_seasonally_adjusted,https://www.indec.gob.ar/ftp/cuadros/economia/sh_oferta_demanda_desest_06_26.xls,fa82bda51d16390019b3c78a0442caa5fd4160199b21e8c8844595d000935d14,2026-08-20T23:52:53Z
indec_gdp_sa_constant_2004,2015-Q4,quarterly,719285.208325,million_ars_2004,official,indec_gdp_seasonally_adjusted,https://www.indec.gob.ar/ftp/cuadros/economia/sh_oferta_demanda_desest_06_26.xls,fa82bda51d16390019b3c78a0442caa5fd4160199b21e8c8844595d000935d14,2026-08-20T23:52:53Z
indec_gdp_sa_constant_2004,2016-Q1,quarterly,712710.635757,million_ars_2004,official,indec_gdp_seasonally_adjusted,https://www.indec.gob.ar/ftp/cuadros/economia/sh_oferta_demanda_desest_06_26.xls,fa82bda51d16390019b3c78a0442caa5fd4160199b21e8c8844595d000935d14,2026-08-20T23:52:53Z
indec_gdp_sa_constant_2004,2016-Q2,quarterly,701267.875465,million_ars_2004,official,indec_gdp_seasonally_adjusted,https://www.indec.gob.ar/ftp/cuadros/economia/sh_oferta_demanda_desest_06_26.xls,fa82bda51d16390019b3c78a0442caa5fd4160199b21e8c8844595d000935d14,2026-08-20T23:52:53Z
indec_gdp_sa_constant_2004,2016-Q3,quarterly,703825.313067,million_ars_2004,official,indec_gdp_seasonally_adjusted,https://www.indec.gob.ar/ftp/cuadros/economia/sh_oferta_demanda_desest_06_26.xls,fa82bda51d16390019b3c78a0442caa5fd4160199b21e8c8844595d000935d14,2026-08-20T23:52:53Z
indec_gdp_sa_constant_2004,2016-Q4,quarterly,708107.570102,million_ars_2004,official,indec_gdp_seasonally_adjusted,https://www.indec.gob.ar/ftp/cuadros/economia/sh_oferta_demanda_desest_06_26.xls,fa82bda51d16390019b3c78a0442caa5fd4160199b21e8c8844595d000935d14,2026-08-20T23:52:53Z
indec_gdp_sa_constant_2004,2017-Q1,quarterly,714000.682135,million_ars_2004,official,indec_gdp_seasonally_adjusted,https://www.indec.gob.ar/ftp/cuadros/economia/sh_oferta_demanda_desest_06_26.xls,fa82bda51d16390019b3c78a0442caa5fd4160199b21e8c8844595d000935d14,2026-08-20T23:52:53Z
indec_gdp_sa_constant_2004,2017-Q2,quarterly,722206.782095,million_ars_2004,official,indec_gdp_seasonally_adjusted,https://www.indec.gob.ar/ftp/cuadros/economia/sh_oferta_demanda_desest_06_26.xls,fa82bda51d16390019b3c78a0442caa5fd4160199b21e8c8844595d000935d14,2026-08-20T23:52:53Z
indec_gdp_sa_constant_2004,2017-Q3,quarterly,731022.657804,million_ars_2004,official,indec_gdp_seasonally_adjusted,https://www.indec.gob.ar/ftp/cuadros/economia/sh_oferta_demanda_desest_06_26.xls,fa82bda51d16390019b3c78a0442caa5fd4160199b21e8c8844595d000935d14,2026-08-20T23:52:53Z
indec_gdp_sa_constant_2004,2017-Q4,quarterly,738329.669017,million_ars_2004,official,indec_gdp_seasonally_adjusted,https://www.indec.gob.ar/ftp/cuadros/economia/sh_oferta_demanda_desest_06_26.xls,fa82bda51d16390019b3c78a0442caa5fd4160199b21e8c8844595d000935d14,2026-08-20T23:52:53Z
indec_gdp_sa_constant_2004,2018-Q1,quarterly,735269.263887,million_ars_2004,official,indec_gdp_seasonally_adjusted,https://www.indec.gob.ar/ftp/cuadros/economia/sh_oferta_demanda_desest_06_26.xls,fa82bda51d16390019b3c78a0442caa5fd4160199b21e8c8844595d000935d14,2026-08-20T23:52:53Z
indec_gdp_sa_constant_2004,2018-Q2,quarterly,702794.190387,million_ars_2004,official,indec_gdp_seasonally_adjusted,https://www.indec.gob.ar/ftp/cuadros/economia/sh_oferta_demanda_desest_06_26.xls,fa82bda51d16390019b3c78a0442caa5fd4160199b21e8c8844595d000935d14,2026-08-20T23:52:53Z
indec_gdp_sa_constant_2004,2018-Q3,quarterly,700585.061797,million_ars_2004,official,indec_gdp_seasonally_adjusted,https://www.indec.gob.ar/ftp/cuadros/economia/sh_oferta_demanda_desest_06_26.xls,fa82bda51d16390019b3c78a0442caa5fd4160199b21e8c8844595d000935d14,2026-08-20T23:52:53Z
indec_gdp_sa_constant_2004,2018-Q4,quarterly,690861.255846,million_ars_2004,official,indec_gdp_seasonally_adjusted,https://www.indec.gob.ar/ftp/cuadros/economia/sh_oferta_demanda_desest_06_26.xls,fa82bda51d16390019b3c78a0442caa5fd4160199b21e8c8844595d000935d14,2026-08-20T23:52:53Z
indec_gdp_sa_constant_2004,2019-Q1,quarterly,690992.538906,million_ars_2004,official,indec_gdp_seasonally_adjusted,https://www.indec.gob.ar/ftp/cuadros/economia/sh_oferta_demanda_desest_06_26.xls,fa82bda51d16390019b3c78a0442caa5fd4160199b21e8c8844595d000935d14,2026-08-20T23:52:53Z
indec_gdp_sa_constant_2004,2019-Q2,quarterly,697721.486971,million_ars_2004,official,indec_gdp_seasonally_adjusted,https://www.indec.gob.ar/ftp/cuadros/economia/sh_oferta_demanda_desest_06_26.xls,fa82bda51d16390019b3c78a0442caa5fd4160199b21e8c8844595d000935d14,2026-08-20T23:52:53Z
indec_gdp_sa_constant_2004,2019-Q3,quarterly,697245.701415,million_ars_2004,official,indec_gdp_seasonally_adjusted,https://www.indec.gob.ar/ftp/cuadros/economia/sh_oferta_demanda_desest_06_26.xls,fa82bda51d16390019b3c78a0442caa5fd4160199b21e8c8844595d000935d14,2026-08-20T23:52:53Z
indec_gdp_sa_constant_2004,2019-Q4,quarterly,686935.487060,million_ars_2004,official,indec_gdp_seasonally_adjusted,https://www.indec.gob.ar/ftp/cuadros/economia/sh_oferta_demanda_desest_06_26.xls,fa82bda51d16390019b3c78a0442caa5fd4160199b21e8c8844595d000935d14,2026-08-20T23:52:53Z
indec_gdp_sa_constant_2004,2020-Q1,quarterly,657234.367242,million_ars_2004,official,indec_gdp_seasonally_adjusted,https://www.indec.gob.ar/ftp/cuadros/economia/sh_oferta_demanda_desest_06_26.xls,fa82bda51d16390019b3c78a0442caa5fd4160199b21e8c8844595d000935d14,2026-08-20T23:52:53Z
indec_gdp_sa_constant_2004,2020-Q2,quarterly,562000.898234,million_ars_2004,official,indec_gdp_seasonally_adjusted,https://www.indec.gob.ar/ftp/cuadros/economia/sh_oferta_demanda_desest_06_26.xls,fa82bda51d16390019b3c78a0442caa5fd4160199b21e8c8844595d000935d14,2026-08-20T23:52:53Z
indec_gdp_sa_constant_2004,2020-Q3,quarterly,623856.363235,million_ars_2004,official,indec_gdp_seasonally_adjusted,https://www.indec.gob.ar/ftp/cuadros/economia/sh_oferta_demanda_desest_06_26.xls,fa82bda51d16390019b3c78a0442caa5fd4160199b21e8c8844595d000935d14,2026-08-20T23:52:53Z
indec_gdp_sa_constant_2004,2020-Q4,quarterly,655273.515891,million_ars_2004,official,indec_gdp_seasonally_adjusted,https://www.indec.gob.ar/ftp/cuadros/economia/sh_oferta_demanda_desest_06_26.xls,fa82bda51d16390019b3c78a0442caa5fd4160199b21e8c8844595d000935d14,2026-08-20T23:52:53Z
indec_gdp_sa_constant_2004,2021-Q1,quarterly,677518.091924,million_ars_2004,official,indec_gdp_seasonally_adjusted,https://www.indec.gob.ar/ftp/cuadros/economia/sh_oferta_demanda_desest_06_26.xls,fa82bda51d16390019b3c78a0442caa5fd4160199b21e8c8844595d000935d14,2026-08-20T23:52:53Z
indec_gdp_sa_constant_2004,2021-Q2,quarterly,678667.843238,million_ars_2004,official,indec_gdp_seasonally_adjusted,https://www.indec.gob.ar/ftp/cuadros/economia/sh_oferta_demanda_desest_06_26.xls,fa82bda51d16390019b3c78a0442caa5fd4160199b21e8c8844595d000935d14,2026-08-20T23:52:53Z
indec_gdp_sa_constant_2004,2021-Q3,quarterly,693508.416941,million_ars_2004,official,indec_gdp_seasonally_adjusted,https://www.indec.gob.ar/ftp/cuadros/economia/sh_oferta_demanda_desest_06_26.xls,fa82bda51d16390019b3c78a0442caa5fd4160199b21e8c8844595d000935d14,2026-08-20T23:52:53Z
indec_gdp_sa_constant_2004,2021-Q4,quarterly,709545.384033,million_ars_2004,official,indec_gdp_seasonally_adjusted,https://www.indec.gob.ar/ftp/cuadros/economia/sh_oferta_demanda_desest_06_26.xls,fa82bda51d16390019b3c78a0442caa5fd4160199b21e8c8844595d000935d14,2026-08-20T23:52:53Z
indec_gdp_sa_constant_2004,2022-Q1,quarterly,726994.433109,million_ars_2004,official,indec_gdp_seasonally_adjusted,https://www.indec.gob.ar/ftp/cuadros/economia/sh_oferta_demanda_desest_06_26.xls,fa82bda51d16390019b3c78a0442caa5fd4160199b21e8c8844595d000935d14,2026-08-20T23:52:53Z
indec_gdp_sa_constant_2004,2022-Q2,quarterly,741461.967537,million_ars_2004,official,indec_gdp_seasonally_adjusted,https://www.indec.gob.ar/ftp/cuadros/economia/sh_oferta_demanda_desest_06_26.xls,fa82bda51d16390019b3c78a0442caa5fd4160199b21e8c8844595d000935d14,2026-08-20T23:52:53Z
indec_gdp_sa_constant_2004,2022-Q3,quarterly,735869.563257,million_ars_2004,official,indec_gdp_seasonally_adjusted,https://www.indec.gob.ar/ftp/cuadros/economia/sh_oferta_demanda_desest_06_26.xls,fa82bda51d16390019b3c78a0442caa5fd4160199b21e8c8844595d000935d14,2026-08-20T23:52:53Z
indec_gdp_sa_constant_2004,2022-Q4,quarterly,721040.571002,million_ars_2004,official,indec_gdp_seasonally_adjusted,https://www.indec.gob.ar/ftp/cuadros/economia/sh_oferta_demanda_desest_06_26.xls,fa82bda51d16390019b3c78a0442caa5fd4160199b21e8c8844595d000935d14,2026-08-20T23:52:53Z
indec_gdp_sa_constant_2004,2023-Q1,quarterly,729079.815705,million_ars_2004,official,indec_gdp_seasonally_adjusted,https://www.indec.gob.ar/ftp/cuadros/economia/sh_oferta_demanda_desest_06_26.xls,fa82bda51d16390019b3c78a0442caa5fd4160199b21e8c8844595d000935d14,2026-08-20T23:52:53Z
indec_gdp_sa_constant_2004,2023-Q2,quarterly,709842.352700,million_ars_2004,official,indec_gdp_seasonally_adjusted,https://www.indec.gob.ar/ftp/cuadros/economia/sh_oferta_demanda_desest_06_26.xls,fa82bda51d16390019b3c78a0442caa5fd4160199b21e8c8844595d000935d14,2026-08-20T23:52:53Z
indec_gdp_sa_constant_2004,2023-Q3,quarterly,725214.643790,million_ars_2004,official,indec_gdp_seasonally_adjusted,https://www.indec.gob.ar/ftp/cuadros/economia/sh_oferta_demanda_desest_06_26.xls,fa82bda51d16390019b3c78a0442caa5fd4160199b21e8c8844595d000935d14,2026-08-20T23:52:53Z
indec_gdp_sa_constant_2004,2023-Q4,quarterly,707086.088754,million_ars_2004,official,indec_gdp_seasonally_adjusted,https://www.indec.gob.ar/ftp/cuadros/economia/sh_oferta_demanda_desest_06_26.xls,fa82bda51d16390019b3c78a0442caa5fd4160199b21e8c8844595d000935d14,2026-08-20T23:52:53Z
indec_gdp_sa_constant_2004,2024-Q1,quarterly,694486.099549,million_ars_2004,official,indec_gdp_seasonally_adjusted,https://www.indec.gob.ar/ftp/cuadros/economia/sh_oferta_demanda_desest_06_26.xls,fa82bda51d16390019b3c78a0442caa5fd4160199b21e8c8844595d000935d14,2026-08-20T23:52:53Z
indec_gdp_sa_constant_2004,2024-Q2,quarterly,691468.750675,million_ars_2004,official,indec_gdp_seasonally_adjusted,https://www.indec.gob.ar/ftp/cuadros/economia/sh_oferta_demanda_desest_06_26.xls,fa82bda51d16390019b3c78a0442caa5fd4160199b21e8c8844595d000935d14,2026-08-20T23:52:53Z
indec_gdp_sa_constant_2004,2024-Q3,quarterly,716166.174561,million_ars_2004,official,indec_gdp_seasonally_adjusted,https://www.indec.gob.ar/ftp/cuadros/economia/sh_oferta_demanda_desest_06_26.xls,fa82bda51d16390019b3c78a0442caa5fd4160199b21e8c8844595d000935d14,2026-08-20T23:52:53Z
indec_gdp_sa_constant_2004,2024-Q4,quarterly,729830.513449,million_ars_2004,official,indec_gdp_seasonally_adjusted,https://www.indec.gob.ar/ftp/cuadros/economia/sh_oferta_demanda_desest_06_26.xls,fa82bda51d16390019b3c78a0442caa5fd4160199b21e8c8844595d000935d14,2026-08-20T23:52:53Z
indec_gdp_sa_constant_2004,2025-Q1,quarterly,735468.221186,million_ars_2004,official,indec_gdp_seasonally_adjusted,https://www.indec.gob.ar/ftp/cuadros/economia/sh_oferta_demanda_desest_06_26.xls,fa82bda51d16390019b3c78a0442caa5fd4160199b21e8c8844595d000935d14,2026-08-20T23:52:53Z
indec_gdp_sa_constant_2004,2025-Q2,quarterly,737703.226467,million_ars_2004,official,indec_gdp_seasonally_adjusted,https://www.indec.gob.ar/ftp/cuadros/economia/sh_oferta_demanda_desest_06_26.xls,fa82bda51d16390019b3c78a0442caa5fd4160199b21e8c8844595d000935d14,2026-08-20T23:52:53Z
indec_gdp_sa_constant_2004,2025-Q3,quarterly,738582.979274,million_ars_2004,official,indec_gdp_seasonally_adjusted,https://www.indec.gob.ar/ftp/cuadros/economia/sh_oferta_demanda_desest_06_26.xls,fa82bda51d16390019b3c78a0442caa5fd4160199b21e8c8844595d000935d14,2026-08-20T23:52:53Z
indec_gdp_sa_constant_2004,2025-Q4,quarterly,747160.427183,million_ars_2004,official,indec_gdp_seasonally_adjusted,https://www.indec.gob.ar/ftp/cuadros/economia/sh_oferta_demanda_desest_06_26.xls,fa82bda51d16390019b3c78a0442caa5fd4160199b21e8c8844595d000935d14,2026-08-20T23:52:53Z
indec_gdp_sa_constant_2004,2026-Q1,quarterly,752727.873729,million_ars_2004,official,indec_gdp_seasonally_adjusted,https://www.indec.gob.ar/ftp/cuadros/economia/sh_oferta_demanda_desest_06_26.xls,fa82bda51d16390019b3c78a0442caa5fd4160199b21e8c8844595d000935d14,2026-08-20T23:52:53Z
indec_gdp_sa_qoq,2004-Q2,quarterly,-1.090400,percent_change,official,indec_gdp_seasonally_adjusted,https://www.indec.gob.ar/ftp/cuadros/economia/sh_oferta_demanda_desest_06_26.xls,fa82bda51d16390019b3c78a0442caa5fd4160199b21e8c8844595d000935d14,2026-08-20T23:52:53Z
indec_gdp_sa_qoq,2004-Q3,quarterly,4.984172,percent_change,official,indec_gdp_seasonally_adjusted,https://www.indec.gob.ar/ftp/cuadros/economia/sh_oferta_demanda_desest_06_26.xls,fa82bda51d16390019b3c78a0442caa5fd4160199b21e8c8844595d000935d14,2026-08-20T23:52:53Z
indec_gdp_sa_qoq,2004-Q4,quarterly,1.412017,percent_change,official,indec_gdp_seasonally_adjusted,https://www.indec.gob.ar/ftp/cuadros/economia/sh_oferta_demanda_desest_06_26.xls,fa82bda51d16390019b3c78a0442caa5fd4160199b21e8c8844595d000935d14,2026-08-20T23:52:53Z
indec_gdp_sa_qoq,2005-Q1,quarterly,2.898725,percent_change,official,indec_gdp_seasonally_adjusted,https://www.indec.gob.ar/ftp/cuadros/economia/sh_oferta_demanda_desest_06_26.xls,fa82bda51d16390019b3c78a0442caa5fd4160199b21e8c8844595d000935d14,2026-08-20T23:52:53Z
indec_gdp_sa_qoq,2005-Q2,quarterly,2.194151,percent_change,official,indec_gdp_seasonally_adjusted,https://www.indec.gob.ar/ftp/cuadros/economia/sh_oferta_demanda_desest_06_26.xls,fa82bda51d16390019b3c78a0442caa5fd4160199b21e8c8844595d000935d14,2026-08-20T23:52:53Z
indec_gdp_sa_qoq,2005-Q3,quarterly,0.651927,percent_change,official,indec_gdp_seasonally_adjusted,https://www.indec.gob.ar/ftp/cuadros/economia/sh_oferta_demanda_desest_06_26.xls,fa82bda51d16390019b3c78a0442caa5fd4160199b21e8c8844595d000935d14,2026-08-20T23:52:53Z
indec_gdp_sa_qoq,2005-Q4,quarterly,1.942557,percent_change,official,indec_gdp_seasonally_adjusted,https://www.indec.gob.ar/ftp/cuadros/economia/sh_oferta_demanda_desest_06_26.xls,fa82bda51d16390019b3c78a0442caa5fd4160199b21e8c8844595d000935d14,2026-08-20T23:52:53Z
indec_gdp_sa_qoq,2006-Q1,quarterly,2.618287,percent_change,official,indec_gdp_seasonally_adjusted,https://www.indec.gob.ar/ftp/cuadros/economia/sh_oferta_demanda_desest_06_26.xls,fa82bda51d16390019b3c78a0442caa5fd4160199b21e8c8844595d000935d14,2026-08-20T23:52:53Z
indec_gdp_sa_qoq,2006-Q2,quarterly,1.256432,percent_change,official,indec_gdp_seasonally_adjusted,https://www.indec.gob.ar/ftp/cuadros/economia/sh_oferta_demanda_desest_06_26.xls,fa82bda51d16390019b3c78a0442caa5fd4160199b21e8c8844595d000935d14,2026-08-20T23:52:53Z
indec_gdp_sa_qoq,2006-Q3,quarterly,2.739596,percent_change,official,indec_gdp_seasonally_adjusted,https://www.indec.gob.ar/ftp/cuadros/economia/sh_oferta_demanda_desest_06_26.xls,fa82bda51d16390019b3c78a0442caa5fd4160199b21e8c8844595d000935d14,2026-08-20T23:52:53Z
indec_gdp_sa_qoq,2006-Q4,quarterly,2.195387,percent_change,official,indec_gdp_seasonally_adjusted,https://www.indec.gob.ar/ftp/cuadros/economia/sh_oferta_demanda_desest_06_26.xls,fa82bda51d16390019b3c78a0442caa5fd4160199b21e8c8844595d000935d14,2026-08-20T23:52:53Z
indec_gdp_sa_qoq,2007-Q1,quarterly,2.364363,percent_change,official,indec_gdp_seasonally_adjusted,https://www.indec.gob.ar/ftp/cuadros/economia/sh_oferta_demanda_desest_06_26.xls,fa82bda51d16390019b3c78a0442caa5fd4160199b21e8c8844595d000935d14,2026-08-20T23:52:53Z
indec_gdp_sa_qoq,2007-Q2,quarterly,2.134995,percent_change,official,indec_gdp_seasonally_adjusted,https://www.indec.gob.ar/ftp/cuadros/economia/sh_oferta_demanda_desest_06_26.xls,fa82bda51d16390019b3c78a0442caa5fd4160199b21e8c8844595d000935d14,2026-08-20T23:52:53Z
indec_gdp_sa_qoq,2007-Q3,quarterly,1.306702,percent_change,official,indec_gdp_seasonally_adjusted,https://www.indec.gob.ar/ftp/cuadros/economia/sh_oferta_demanda_desest_06_26.xls,fa82bda51d16390019b3c78a0442caa5fd4160199b21e8c8844595d000935d14,2026-08-20T23:52:53Z
indec_gdp_sa_qoq,2007-Q4,quarterly,3.099043,percent_change,official,indec_gdp_seasonally_adjusted,https://www.indec.gob.ar/ftp/cuadros/economia/sh_oferta_demanda_desest_06_26.xls,fa82bda51d16390019b3c78a0442caa5fd4160199b21e8c8844595d000935d14,2026-08-20T23:52:53Z
indec_gdp_sa_qoq,2008-Q1,quarterly,0.988235,percent_change,official,indec_gdp_seasonally_adjusted,https://www.indec.gob.ar/ftp/cuadros/economia/sh_oferta_demanda_desest_06_26.xls,fa82bda51d16390019b3c78a0442caa5fd4160199b21e8c8844595d000935d14,2026-08-20T23:52:53Z
indec_gdp_sa_qoq,2008-Q2,quarterly,0.493326,percent_change,official,indec_gdp_seasonally_adjusted,https://www.indec.gob.ar/ftp/cuadros/economia/sh_oferta_demanda_desest_06_26.xls,fa82bda51d16390019b3c78a0442caa5fd4160199b21e8c8844595d000935d14,2026-08-20T23:52:53Z
indec_gdp_sa_qoq,2008-Q3,quarterly,0.714432,percent_change,official,indec_gdp_seasonally_adjusted,https://www.indec.gob.ar/ftp/cuadros/economia/sh_oferta_demanda_desest_06_26.xls,fa82bda51d16390019b3c78a0442caa5fd4160199b21e8c8844595d000935d14,2026-08-20T23:52:53Z
indec_gdp_sa_qoq,2008-Q4,quarterly,-4.635979,percent_change,official,indec_gdp_seasonally_adjusted,https://www.indec.gob.ar/ftp/cuadros/economia/sh_oferta_demanda_desest_06_26.xls,fa82bda51d16390019b3c78a0442caa5fd4160199b21e8c8844595d000935d14,2026-08-20T23:52:53Z
indec_gdp_sa_qoq,2009-Q1,quarterly,-3.617157,percent_change,official,indec_gdp_seasonally_adjusted,https://www.indec.gob.ar/ftp/cuadros/economia/sh_oferta_demanda_desest_06_26.xls,fa82bda51d16390019b3c78a0442caa5fd4160199b21e8c8844595d000935d14,2026-08-20T23:52:53Z
indec_gdp_sa_qoq,2009-Q2,quarterly,-2.288185,percent_change,official,indec_gdp_seasonally_adjusted,https://www.indec.gob.ar/ftp/cuadros/economia/sh_oferta_demanda_desest_06_26.xls,fa82bda51d16390019b3c78a0442caa5fd4160199b21e8c8844595d000935d14,2026-08-20T23:52:53Z
indec_gdp_sa_qoq,2009-Q3,quarterly,3.914914,percent_change,official,indec_gdp_seasonally_adjusted,https://www.indec.gob.ar/ftp/cuadros/economia/sh_oferta_demanda_desest_06_26.xls,fa82bda51d16390019b3c78a0442caa5fd4160199b21e8c8844595d000935d14,2026-08-20T23:52:53Z
indec_gdp_sa_qoq,2009-Q4,quarterly,1.918193,percent_change,official,indec_gdp_seasonally_adjusted,https://www.indec.gob.ar/ftp/cuadros/economia/sh_oferta_demanda_desest_06_26.xls,fa82bda51d16390019b3c78a0442caa5fd4160199b21e8c8844595d000935d14,2026-08-20T23:52:53Z
indec_gdp_sa_qoq,2010-Q1,quarterly,3.050101,percent_change,official,indec_gdp_seasonally_adjusted,https://www.indec.gob.ar/ftp/cuadros/economia/sh_oferta_demanda_desest_06_26.xls,fa82bda51d16390019b3c78a0442caa5fd4160199b21e8c8844595d000935d14,2026-08-20T23:52:53Z
indec_gdp_sa_qoq,2010-Q2,quarterly,4.466162,percent_change,official,indec_gdp_seasonally_adjusted,https://www.indec.gob.ar/ftp/cuadros/economia/sh_oferta_demanda_desest_06_26.xls,fa82bda51d16390019b3c78a0442caa5fd4160199b21e8c8844595d000935d14,2026-08-20T23:52:53Z
indec_gdp_sa_qoq,2010-Q3,quarterly,0.518309,percent_change,official,indec_gdp_seasonally_adjusted,https://www.indec.gob.ar/ftp/cuadros/economia/sh_oferta_demanda_desest_06_26.xls,fa82bda51d16390019b3c78a0442caa5fd4160199b21e8c8844595d000935d14,2026-08-20T23:52:53Z
indec_gdp_sa_qoq,2010-Q4,quarterly,1.343238,percent_change,official,indec_gdp_seasonally_adjusted,https://www.indec.gob.ar/ftp/cuadros/economia/sh_oferta_demanda_desest_06_26.xls,fa82bda51d16390019b3c78a0442caa5fd4160199b21e8c8844595d000935d14,2026-08-20T23:52:53Z
indec_gdp_sa_qoq,2011-Q1,quarterly,2.392962,percent_change,official,indec_gdp_seasonally_adjusted,https://www.indec.gob.ar/ftp/cuadros/economia/sh_oferta_demanda_desest_06_26.xls,fa82bda51d16390019b3c78a0442caa5fd4160199b21e8c8844595d000935d14,2026-08-20T23:52:53Z
indec_gdp_sa_qoq,2011-Q2,quarterly,1.001389,percent_change,official,indec_gdp_seasonally_adjusted,https://www.indec.gob.ar/ftp/cuadros/economia/sh_oferta_demanda_desest_06_26.xls,fa82bda51d16390019b3c78a0442caa5fd4160199b21e8c8844595d000935d14,2026-08-20T23:52:53Z
indec_gdp_sa_qoq,2011-Q3,quarterly,0.789065,percent_change,official,indec_gdp_seasonally_adjusted,https://www.indec.gob.ar/ftp/cuadros/economia/sh_oferta_demanda_desest_06_26.xls,fa82bda51d16390019b3c78a0442caa5fd4160199b21e8c8844595d000935d14,2026-08-20T23:52:53Z
indec_gdp_sa_qoq,2011-Q4,quarterly,-0.006418,percent_change,official,indec_gdp_seasonally_adjusted,https://www.indec.gob.ar/ftp/cuadros/economia/sh_oferta_demanda_desest_06_26.xls,fa82bda51d16390019b3c78a0442caa5fd4160199b21e8c8844595d000935d14,2026-08-20T23:52:53Z
indec_gdp_sa_qoq,2012-Q1,quarterly,-1.023110,percent_change,official,indec_gdp_seasonally_adjusted,https://www.indec.gob.ar/ftp/cuadros/economia/sh_oferta_demanda_desest_06_26.xls,fa82bda51d16390019b3c78a0442caa5fd4160199b21e8c8844595d000935d14,2026-08-20T23:52:53Z
indec_gdp_sa_qoq,2012-Q2,quarterly,-3.390282,percent_change,official,indec_gdp_seasonally_adjusted,https://www.indec.gob.ar/ftp/cuadros/economia/sh_oferta_demanda_desest_06_26.xls,fa82bda51d16390019b3c78a0442caa5fd4160199b21e8c8844595d000935d14,2026-08-20T23:52:53Z
indec_gdp_sa_qoq,2012-Q3,quarterly,3.088453,percent_change,official,indec_gdp_seasonally_adjusted,https://www.indec.gob.ar/ftp/cuadros/economia/sh_oferta_demanda_desest_06_26.xls,fa82bda51d16390019b3c78a0442caa5fd4160199b21e8c8844595d000935d14,2026-08-20T23:52:53Z
indec_gdp_sa_qoq,2012-Q4,quarterly,1.666453,percent_change,official,indec_gdp_seasonally_adjusted,https://www.indec.gob.ar/ftp/cuadros/economia/sh_oferta_demanda_desest_06_26.xls,fa82bda51d16390019b3c78a0442caa5fd4160199b21e8c8844595d000935d14,2026-08-20T23:52:53Z
indec_gdp_sa_qoq,2013-Q1,quarterly,0.013754,percent_change,official,indec_gdp_seasonally_adjusted,https://www.indec.gob.ar/ftp/cuadros/economia/sh_oferta_demanda_desest_06_26.xls,fa82bda51d16390019b3c78a0442caa5fd4160199b21e8c8844595d000935d14,2026-08-20T23:52:53Z
indec_gdp_sa_qoq,2013-Q2,quarterly,0.604140,percent_change,official,indec_gdp_seasonally_adjusted,https://www.indec.gob.ar/ftp/cuadros/economia/sh_oferta_demanda_desest_06_26.xls,fa82bda51d16390019b3c78a0442caa5fd4160199b21e8c8844595d000935d14,2026-08-20T23:52:53Z
indec_gdp_sa_qoq,2013-Q3,quarterly,0.546037,percent_change,official,indec_gdp_seasonally_adjusted,https://www.indec.gob.ar/ftp/cuadros/economia/sh_oferta_demanda_desest_06_26.xls,fa82bda51d16390019b3c78a0442caa5fd4160199b21e8c8844595d000935d14,2026-08-20T23:52:53Z
indec_gdp_sa_qoq,2013-Q4,quarterly,-0.976045,percent_change,official,indec_gdp_seasonally_adjusted,https://www.indec.gob.ar/ftp/cuadros/economia/sh_oferta_demanda_desest_06_26.xls,fa82bda51d16390019b3c78a0442caa5fd4160199b21e8c8844595d000935d14,2026-08-20T23:52:53Z
indec_gdp_sa_qoq,2014-Q1,quarterly,-1.468446,percent_change,official,indec_gdp_seasonally_adjusted,https://www.indec.gob.ar/ftp/cuadros/economia/sh_oferta_demanda_desest_06_26.xls,fa82bda51d16390019b3c78a0442caa5fd4160199b21e8c8844595d000935d14,2026-08-20T23:52:53Z
indec_gdp_sa_qoq,2014-Q2,quarterly,-0.609964,percent_change,official,indec_gdp_seasonally_adjusted,https://www.indec.gob.ar/ftp/cuadros/economia/sh_oferta_demanda_desest_06_26.xls,fa82bda51d16390019b3c78a0442caa5fd4160199b21e8c8844595d000935d14,2026-08-20T23:52:53Z
indec_gdp_sa_qoq,2014-Q3,quarterly,-0.861993,percent_change,official,indec_gdp_seasonally_adjusted,https://www.indec.gob.ar/ftp/cuadros/economia/sh_oferta_demanda_desest_06_26.xls,fa82bda51d16390019b3c78a0442caa5fd4160199b21e8c8844595d000935d14,2026-08-20T23:52:53Z
indec_gdp_sa_qoq,2014-Q4,quarterly,0.556287,percent_change,official,indec_gdp_seasonally_adjusted,https://www.indec.gob.ar/ftp/cuadros/economia/sh_oferta_demanda_desest_06_26.xls,fa82bda51d16390019b3c78a0442caa5fd4160199b21e8c8844595d000935d14,2026-08-20T23:52:53Z
indec_gdp_sa_qoq,2015-Q1,quarterly,1.468631,percent_change,official,indec_gdp_seasonally_adjusted,https://www.indec.gob.ar/ftp/cuadros/economia/sh_oferta_demanda_desest_06_26.xls,fa82bda51d16390019b3c78a0442caa5fd4160199b21e8c8844595d000935d14,2026-08-20T23:52:53Z
indec_gdp_sa_qoq,2015-Q2,quarterly,2.300532,percent_change,official,indec_gdp_seasonally_adjusted,https://www.indec.gob.ar/ftp/cuadros/economia/sh_oferta_demanda_desest_06_26.xls,fa82bda51d16390019b3c78a0442caa5fd4160199b21e8c8844595d000935d14,2026-08-20T23:52:53Z
indec_gdp_sa_qoq,2015-Q3,quarterly,-0.037510,percent_change,official,indec_gdp_seasonally_adjusted,https://www.indec.gob.ar/ftp/cuadros/economia/sh_oferta_demanda_desest_06_26.xls,fa82bda51d16390019b3c78a0442caa5fd4160199b21e8c8844595d000935d14,2026-08-20T23:52:53Z
indec_gdp_sa_qoq,2015-Q4,quarterly,-1.128430,percent_change,official,indec_gdp_seasonally_adjusted,https://www.indec.gob.ar/ftp/cuadros/economia/sh_oferta_demanda_desest_06_26.xls,fa82bda51d16390019b3c78a0442caa5fd4160199b21e8c8844595d000935d14,2026-08-20T23:52:53Z
indec_gdp_sa_qoq,2016-Q1,quarterly,-0.914043,percent_change,official,indec_gdp_seasonally_adjusted,https://www.indec.gob.ar/ftp/cuadros/economia/sh_oferta_demanda_desest_06_26.xls,fa82bda51d16390019b3c78a0442caa5fd4160199b21e8c8844595d000935d14,2026-08-20T23:52:53Z
indec_gdp_sa_qoq,2016-Q2,quarterly,-1.605527,percent_change,official,indec_gdp_seasonally_adjusted,https://www.indec.gob.ar/ftp/cuadros/economia/sh_oferta_demanda_desest_06_26.xls,fa82bda51d16390019b3c78a0442caa5fd4160199b21e8c8844595d000935d14,2026-08-20T23:52:53Z
indec_gdp_sa_qoq,2016-Q3,quarterly,0.364688,percent_change,official,indec_gdp_seasonally_adjusted,https://www.indec.gob.ar/ftp/cuadros/economia/sh_oferta_demanda_desest_06_26.xls,fa82bda51d16390019b3c78a0442caa5fd4160199b21e8c8844595d000935d14,2026-08-20T23:52:53Z
indec_gdp_sa_qoq,2016-Q4,quarterly,0.608426,percent_change,official,indec_gdp_seasonally_adjusted,https://www.indec.gob.ar/ftp/cuadros/economia/sh_oferta_demanda_desest_06_26.xls,fa82bda51d16390019b3c78a0442caa5fd4160199b21e8c8844595d000935d14,2026-08-20T23:52:53Z
indec_gdp_sa_qoq,2017-Q1,quarterly,0.832234,percent_change,official,indec_gdp_seasonally_adjusted,https://www.indec.gob.ar/ftp/cuadros/economia/sh_oferta_demanda_desest_06_26.xls,fa82bda51d16390019b3c78a0442caa5fd4160199b21e8c8844595d000935d14,2026-08-20T23:52:53Z
indec_gdp_sa_qoq,2017-Q2,quarterly,1.149313,percent_change,official,indec_gdp_seasonally_adjusted,https://www.indec.gob.ar/ftp/cuadros/economia/sh_oferta_demanda_desest_06_26.xls,fa82bda51d16390019b3c78a0442caa5fd4160199b21e8c8844595d000935d14,2026-08-20T23:52:53Z
indec_gdp_sa_qoq,2017-Q3,quarterly,1.220686,percent_change,official,indec_gdp_seasonally_adjusted,https://www.indec.gob.ar/ftp/cuadros/economia/sh_oferta_demanda_desest_06_26.xls,fa82bda51d16390019b3c78a0442caa5fd4160199b21e8c8844595d000935d14,2026-08-20T23:52:53Z
indec_gdp_sa_qoq,2017-Q4,quarterly,0.999560,percent_change,official,indec_gdp_seasonally_adjusted,https://www.indec.gob.ar/ftp/cuadros/economia/sh_oferta_demanda_desest_06_26.xls,fa82bda51d16390019b3c78a0442caa5fd4160199b21e8c8844595d000935d14,2026-08-20T23:52:53Z
indec_gdp_sa_qoq,2018-Q1,quarterly,-0.414504,percent_change,official,indec_gdp_seasonally_adjusted,https://www.indec.gob.ar/ftp/cuadros/economia/sh_oferta_demanda_desest_06_26.xls,fa82bda51d16390019b3c78a0442caa5fd4160199b21e8c8844595d000935d14,2026-08-20T23:52:53Z
indec_gdp_sa_qoq,2018-Q2,quarterly,-4.416759,percent_change,official,indec_gdp_seasonally_adjusted,https://www.indec.gob.ar/ftp/cuadros/economia/sh_oferta_demanda_desest_06_26.xls,fa82bda51d16390019b3c78a0442caa5fd4160199b21e8c8844595d000935d14,2026-08-20T23:52:53Z
indec_gdp_sa_qoq,2018-Q3,quarterly,-0.314335,percent_change,official,indec_gdp_seasonally_adjusted,https://www.indec.gob.ar/ftp/cuadros/economia/sh_oferta_demanda_desest_06_26.xls,fa82bda51d16390019b3c78a0442caa5fd4160199b21e8c8844595d000935d14,2026-08-20T23:52:53Z
indec_gdp_sa_qoq,2018-Q4,quarterly,-1.387955,percent_change,official,indec_gdp_seasonally_adjusted,https://www.indec.gob.ar/ftp/cuadros/economia/sh_oferta_demanda_desest_06_26.xls,fa82bda51d16390019b3c78a0442caa5fd4160199b21e8c8844595d000935d14,2026-08-20T23:52:53Z
indec_gdp_sa_qoq,2019-Q1,quarterly,0.019003,percent_change,official,indec_gdp_seasonally_adjusted,https://www.indec.gob.ar/ftp/cuadros/economia/sh_oferta_demanda_desest_06_26.xls,fa82bda51d16390019b3c78a0442caa5fd4160199b21e8c8844595d000935d14,2026-08-20T23:52:53Z
indec_gdp_sa_qoq,2019-Q2,quarterly,0.973809,percent_change,official,indec_gdp_seasonally_adjusted,https://www.indec.gob.ar/ftp/cuadros/economia/sh_oferta_demanda_desest_06_26.xls,fa82bda51d16390019b3c78a0442caa5fd4160199b21e8c8844595d000935d14,2026-08-20T23:52:53Z
indec_gdp_sa_qoq,2019-Q3,quarterly,-0.068191,percent_change,official,indec_gdp_seasonally_adjusted,https://www.indec.gob.ar/ftp/cuadros/economia/sh_oferta_demanda_desest_06_26.xls,fa82bda51d16390019b3c78a0442caa5fd4160199b21e8c8844595d000935d14,2026-08-20T23:52:53Z
indec_gdp_sa_qoq,2019-Q4,quarterly,-1.478706,percent_change,official,indec_gdp_seasonally_adjusted,https://www.indec.gob.ar/ftp/cuadros/economia/sh_oferta_demanda_desest_06_26.xls,fa82bda51d16390019b3c78a0442caa5fd4160199b21e8c8844595d000935d14,2026-08-20T23:52:53Z
indec_gdp_sa_qoq,2020-Q1,quarterly,-4.323713,percent_change,official,indec_gdp_seasonally_adjusted,https://www.indec.gob.ar/ftp/cuadros/economia/sh_oferta_demanda_desest_06_26.xls,fa82bda51d16390019b3c78a0442caa5fd4160199b21e8c8844595d000935d14,2026-08-20T23:52:53Z
indec_gdp_sa_qoq,2020-Q2,quarterly,-14.490032,percent_change,official,indec_gdp_seasonally_adjusted,https://www.indec.gob.ar/ftp/cuadros/economia/sh_oferta_demanda_desest_06_26.xls,fa82bda51d16390019b3c78a0442caa5fd4160199b21e8c8844595d000935d14,2026-08-20T23:52:53Z
indec_gdp_sa_qoq,2020-Q3,quarterly,11.006293,percent_change,official,indec_gdp_seasonally_adjusted,https://www.indec.gob.ar/ftp/cuadros/economia/sh_oferta_demanda_desest_06_26.xls,fa82bda51d16390019b3c78a0442caa5fd4160199b21e8c8844595d000935d14,2026-08-20T23:52:53Z
indec_gdp_sa_qoq,2020-Q4,quarterly,5.035959,percent_change,official,indec_gdp_seasonally_adjusted,https://www.indec.gob.ar/ftp/cuadros/economia/sh_oferta_demanda_desest_06_26.xls,fa82bda51d16390019b3c78a0442caa5fd4160199b21e8c8844595d000935d14,2026-08-20T23:52:53Z
indec_gdp_sa_qoq,2021-Q1,quarterly,3.394701,percent_change,official,indec_gdp_seasonally_adjusted,https://www.indec.gob.ar/ftp/cuadros/economia/sh_oferta_demanda_desest_06_26.xls,fa82bda51d16390019b3c78a0442caa5fd4160199b21e8c8844595d000935d14,2026-08-20T23:52:53Z
indec_gdp_sa_qoq,2021-Q2,quarterly,0.169700,percent_change,official,indec_gdp_seasonally_adjusted,https://www.indec.gob.ar/ftp/cuadros/economia/sh_oferta_demanda_desest_06_26.xls,fa82bda51d16390019b3c78a0442caa5fd4160199b21e8c8844595d000935d14,2026-08-20T23:52:53Z
indec_gdp_sa_qoq,2021-Q3,quarterly,2.186721,percent_change,official,indec_gdp_seasonally_adjusted,https://www.indec.gob.ar/ftp/cuadros/economia/sh_oferta_demanda_desest_06_26.xls,fa82bda51d16390019b3c78a0442caa5fd4160199b21e8c8844595d000935d14,2026-08-20T23:52:53Z
indec_gdp_sa_qoq,2021-Q4,quarterly,2.312440,percent_change,official,indec_gdp_seasonally_adjusted,https://www.indec.gob.ar/ftp/cuadros/economia/sh_oferta_demanda_desest_06_26.xls,fa82bda51d16390019b3c78a0442caa5fd4160199b21e8c8844595d000935d14,2026-08-20T23:52:53Z
indec_gdp_sa_qoq,2022-Q1,quarterly,2.459187,percent_change,official,indec_gdp_seasonally_adjusted,https://www.indec.gob.ar/ftp/cuadros/economia/sh_oferta_demanda_desest_06_26.xls,fa82bda51d16390019b3c78a0442caa5fd4160199b21e8c8844595d000935d14,2026-08-20T23:52:53Z
indec_gdp_sa_qoq,2022-Q2,quarterly,1.990047,percent_change,official,indec_gdp_seasonally_adjusted,https://www.indec.gob.ar/ftp/cuadros/economia/sh_oferta_demanda_desest_06_26.xls,fa82bda51d16390019b3c78a0442caa5fd4160199b21e8c8844595d000935d14,2026-08-20T23:52:53Z
indec_gdp_sa_qoq,2022-Q3,quarterly,-0.754240,percent_change,official,indec_gdp_seasonally_adjusted,https://www.indec.gob.ar/ftp/cuadros/economia/sh_oferta_demanda_desest_06_26.xls,fa82bda51d16390019b3c78a0442caa5fd4160199b21e8c8844595d000935d14,2026-08-20T23:52:53Z
indec_gdp_sa_qoq,2022-Q4,quarterly,-2.015166,percent_change,official,indec_gdp_seasonally_adjusted,https://www.indec.gob.ar/ftp/cuadros/economia/sh_oferta_demanda_desest_06_26.xls,fa82bda51d16390019b3c78a0442caa5fd4160199b21e8c8844595d000935d14,2026-08-20T23:52:53Z
indec_gdp_sa_qoq,2023-Q1,quarterly,1.114950,percent_change,official,indec_gdp_seasonally_adjusted,https://www.indec.gob.ar/ftp/cuadros/economia/sh_oferta_demanda_desest_06_26.xls,fa82bda51d16390019b3c78a0442caa5fd4160199b21e8c8844595d000935d14,2026-08-20T23:52:53Z
indec_gdp_sa_qoq,2023-Q2,quarterly,-2.638595,percent_change,official,indec_gdp_seasonally_adjusted,https://www.indec.gob.ar/ftp/cuadros/economia/sh_oferta_demanda_desest_06_26.xls,fa82bda51d16390019b3c78a0442caa5fd4160199b21e8c8844595d000935d14,2026-08-20T23:52:53Z
indec_gdp_sa_qoq,2023-Q3,quarterly,2.165592,percent_change,official,indec_gdp_seasonally_adjusted,https://www.indec.gob.ar/ftp/cuadros/economia/sh_oferta_demanda_desest_06_26.xls,fa82bda51d16390019b3c78a0442caa5fd4160199b21e8c8844595d000935d14,2026-08-20T23:52:53Z
indec_gdp_sa_qoq,2023-Q4,quarterly,-2.499750,percent_change,official,indec_gdp_seasonally_adjusted,https://www.indec.gob.ar/ftp/cuadros/economia/sh_oferta_demanda_desest_06_26.xls,fa82bda51d16390019b3c78a0442caa5fd4160199b21e8c8844595d000935d14,2026-08-20T23:52:53Z
indec_gdp_sa_qoq,2024-Q1,quarterly,-1.781960,percent_change,official,indec_gdp_seasonally_adjusted,https://www.indec.gob.ar/ftp/cuadros/economia/sh_oferta_demanda_desest_06_26.xls,fa82bda51d16390019b3c78a0442caa5fd4160199b21e8c8844595d000935d14,2026-08-20T23:52:53Z
indec_gdp_sa_qoq,2024-Q2,quarterly,-0.434472,percent_change,official,indec_gdp_seasonally_adjusted,https://www.indec.gob.ar/ftp/cuadros/economia/sh_oferta_demanda_desest_06_26.xls,fa82bda51d16390019b3c78a0442caa5fd4160199b21e8c8844595d000935d14,2026-08-20T23:52:53Z
indec_gdp_sa_qoq,2024-Q3,quarterly,3.571734,percent_change,official,indec_gdp_seasonally_adjusted,https://www.indec.gob.ar/ftp/cuadros/economia/sh_oferta_demanda_desest_06_26.xls,fa82bda51d16390019b3c78a0442caa5fd4160199b21e8c8844595d000935d14,2026-08-20T23:52:53Z
indec_gdp_sa_qoq,2024-Q4,quarterly,1.907984,percent_change,official,indec_gdp_seasonally_adjusted,https://www.indec.gob.ar/ftp/cuadros/economia/sh_oferta_demanda_desest_06_26.xls,fa82bda51d16390019b3c78a0442caa5fd4160199b21e8c8844595d000935d14,2026-08-20T23:52:53Z
indec_gdp_sa_qoq,2025-Q1,quarterly,0.772468,percent_change,official,indec_gdp_seasonally_adjusted,https://www.indec.gob.ar/ftp/cuadros/economia/sh_oferta_demanda_desest_06_26.xls,fa82bda51d16390019b3c78a0442caa5fd4160199b21e8c8844595d000935d14,2026-08-20T23:52:53Z
indec_gdp_sa_qoq,2025-Q2,quarterly,0.303889,percent_change,official,indec_gdp_seasonally_adjusted,https://www.indec.gob.ar/ftp/cuadros/economia/sh_oferta_demanda_desest_06_26.xls,fa82bda51d16390019b3c78a0442caa5fd4160199b21e8c8844595d000935d14,2026-08-20T23:52:53Z
indec_gdp_sa_qoq,2025-Q3,quarterly,0.119256,percent_change,official,indec_gdp_seasonally_adjusted,https://www.indec.gob.ar/ftp/cuadros/economia/sh_oferta_demanda_desest_06_26.xls,fa82bda51d16390019b3c78a0442caa5fd4160199b21e8c8844595d000935d14,2026-08-20T23:52:53Z
indec_gdp_sa_qoq,2025-Q4,quarterly,1.161338,percent_change,official,indec_gdp_seasonally_adjusted,https://www.indec.gob.ar/ftp/cuadros/economia/sh_oferta_demanda_desest_06_26.xls,fa82bda51d16390019b3c78a0442caa5fd4160199b21e8c8844595d000935d14,2026-08-20T23:52:53Z
indec_gdp_sa_qoq,2026-Q1,quarterly,0.745147,percent_change,official,indec_gdp_seasonally_adjusted,https://www.indec.gob.ar/ftp/cuadros/economia/sh_oferta_demanda_desest_06_26.xls,fa82bda51d16390019b3c78a0442caa5fd4160199b21e8c8844595d000935d14,2026-08-20T23:52:53Z
indec_private_consumption_constant_2004_annual,2004,annual,312081.885791,million_ars_2004,official,indec_gdp_original,https://www.indec.gob.ar/ftp/cuadros/economia/sh_oferta_demanda_06_26.xls,f6a236be1884b47316c01b45d2145b7a8aee95d3766d9887848e635c8ab56538,2026-08-20T23:52:51Z
indec_private_consumption_constant_2004_annual,2005,annual,335152.783840,million_ars_2004,official,indec_gdp_original,https://www.indec.gob.ar/ftp/cuadros/economia/sh_oferta_demanda_06_26.xls,f6a236be1884b47316c01b45d2145b7a8aee95d3766d9887848e635c8ab56538,2026-08-20T23:52:51Z
indec_private_consumption_constant_2004_annual,2006,annual,371872.908460,million_ars_2004,official,indec_gdp_original,https://www.indec.gob.ar/ftp/cuadros/economia/sh_oferta_demanda_06_26.xls,f6a236be1884b47316c01b45d2145b7a8aee95d3766d9887848e635c8ab56538,2026-08-20T23:52:51Z
indec_private_consumption_constant_2004_annual,2007,annual,406601.537754,million_ars_2004,official,indec_gdp_original,https://www.indec.gob.ar/ftp/cuadros/economia/sh_oferta_demanda_06_26.xls,f6a236be1884b47316c01b45d2145b7a8aee95d3766d9887848e635c8ab56538,2026-08-20T23:52:51Z
indec_private_consumption_constant_2004_annual,2008,annual,436058.391833,million_ars_2004,official,indec_gdp_original,https://www.indec.gob.ar/ftp/cuadros/economia/sh_oferta_demanda_06_26.xls,f6a236be1884b47316c01b45d2145b7a8aee95d3766d9887848e635c8ab56538,2026-08-20T23:52:51Z
indec_private_consumption_constant_2004_annual,2009,annual,412521.477350,million_ars_2004,official,indec_gdp_original,https://www.indec.gob.ar/ftp/cuadros/economia/sh_oferta_demanda_06_26.xls,f6a236be1884b47316c01b45d2145b7a8aee95d3766d9887848e635c8ab56538,2026-08-20T23:52:51Z
indec_private_consumption_constant_2004_annual,2010,annual,458675.166107,million_ars_2004,official,indec_gdp_original,https://www.indec.gob.ar/ftp/cuadros/economia/sh_oferta_demanda_06_26.xls,f6a236be1884b47316c01b45d2145b7a8aee95d3766d9887848e635c8ab56538,2026-08-20T23:52:51Z
indec_private_consumption_constant_2004_annual,2011,annual,501647.153410,million_ars_2004,official,indec_gdp_original,https://www.indec.gob.ar/ftp/cuadros/economia/sh_oferta_demanda_06_26.xls,f6a236be1884b47316c01b45d2145b7a8aee95d3766d9887848e635c8ab56538,2026-08-20T23:52:51Z
indec_private_consumption_constant_2004_annual,2012,annual,507216.850432,million_ars_2004,official,indec_gdp_original,https://www.indec.gob.ar/ftp/cuadros/economia/sh_oferta_demanda_06_26.xls,f6a236be1884b47316c01b45d2145b7a8aee95d3766d9887848e635c8ab56538,2026-08-20T23:52:51Z
indec_private_consumption_constant_2004_annual,2013,annual,525674.532288,million_ars_2004,official,indec_gdp_original,https://www.indec.gob.ar/ftp/cuadros/economia/sh_oferta_demanda_06_26.xls,f6a236be1884b47316c01b45d2145b7a8aee95d3766d9887848e635c8ab56538,2026-08-20T23:52:51Z
indec_private_consumption_constant_2004_annual,2014,annual,502764.436417,million_ars_2004,official,indec_gdp_original,https://www.indec.gob.ar/ftp/cuadros/economia/sh_oferta_demanda_06_26.xls,f6a236be1884b47316c01b45d2145b7a8aee95d3766d9887848e635c8ab56538,2026-08-20T23:52:51Z
indec_private_consumption_constant_2004_annual,2015,annual,521146.490547,million_ars_2004,official,indec_gdp_original,https://www.indec.gob.ar/ftp/cuadros/economia/sh_oferta_demanda_06_26.xls,f6a236be1884b47316c01b45d2145b7a8aee95d3766d9887848e635c8ab56538,2026-08-20T23:52:51Z
indec_private_consumption_constant_2004_annual,2016,annual,517080.138788,million_ars_2004,official,indec_gdp_original,https://www.indec.gob.ar/ftp/cuadros/economia/sh_oferta_demanda_06_26.xls,f6a236be1884b47316c01b45d2145b7a8aee95d3766d9887848e635c8ab56538,2026-08-20T23:52:51Z
indec_private_consumption_constant_2004_annual,2017,annual,538582.624721,million_ars_2004,official,indec_gdp_original,https://www.indec.gob.ar/ftp/cuadros/economia/sh_oferta_demanda_06_26.xls,f6a236be1884b47316c01b45d2145b7a8aee95d3766d9887848e635c8ab56538,2026-08-20T23:52:51Z
indec_private_consumption_constant_2004_annual,2018,annual,526487.534288,million_ars_2004,official,indec_gdp_original,https://www.indec.gob.ar/ftp/cuadros/economia/sh_oferta_demanda_06_26.xls,f6a236be1884b47316c01b45d2145b7a8aee95d3766d9887848e635c8ab56538,2026-08-20T23:52:51Z
indec_private_consumption_constant_2004_annual,2019,annual,494230.113283,million_ars_2004,official,indec_gdp_original,https://www.indec.gob.ar/ftp/cuadros/economia/sh_oferta_demanda_06_26.xls,f6a236be1884b47316c01b45d2145b7a8aee95d3766d9887848e635c8ab56538,2026-08-20T23:52:51Z
indec_private_consumption_constant_2004_annual,2020,annual,434075.559027,million_ars_2004,official,indec_gdp_original,https://www.indec.gob.ar/ftp/cuadros/economia/sh_oferta_demanda_06_26.xls,f6a236be1884b47316c01b45d2145b7a8aee95d3766d9887848e635c8ab56538,2026-08-20T23:52:51Z
indec_private_consumption_constant_2004_annual,2021,annual,475165.995429,million_ars_2004,official,indec_gdp_original,https://www.indec.gob.ar/ftp/cuadros/economia/sh_oferta_demanda_06_26.xls,f6a236be1884b47316c01b45d2145b7a8aee95d3766d9887848e635c8ab56538,2026-08-20T23:52:51Z
indec_private_consumption_constant_2004_annual,2022,annual,520146.304532,million_ars_2004,official,indec_gdp_original,https://www.indec.gob.ar/ftp/cuadros/economia/sh_oferta_demanda_06_26.xls,f6a236be1884b47316c01b45d2145b7a8aee95d3766d9887848e635c8ab56538,2026-08-20T23:52:51Z
indec_private_consumption_constant_2004_annual,2023,annual,525280.734066,million_ars_2004,official,indec_gdp_original,https://www.indec.gob.ar/ftp/cuadros/economia/sh_oferta_demanda_06_26.xls,f6a236be1884b47316c01b45d2145b7a8aee95d3766d9887848e635c8ab56538,2026-08-20T23:52:51Z
indec_private_consumption_constant_2004_annual,2024,annual,510223.796833,million_ars_2004,official,indec_gdp_original,https://www.indec.gob.ar/ftp/cuadros/economia/sh_oferta_demanda_06_26.xls,f6a236be1884b47316c01b45d2145b7a8aee95d3766d9887848e635c8ab56538,2026-08-20T23:52:51Z
indec_private_consumption_constant_2004_annual,2025,annual,553933.795191,million_ars_2004,official,indec_gdp_original,https://www.indec.gob.ar/ftp/cuadros/economia/sh_oferta_demanda_06_26.xls,f6a236be1884b47316c01b45d2145b7a8aee95d3766d9887848e635c8ab56538,2026-08-20T23:52:51Z
indec_private_consumption_constant_2004_quarterly,2004-Q1,quarterly,305237.173406,million_ars_2004,official,indec_gdp_original,https://www.indec.gob.ar/ftp/cuadros/economia/sh_oferta_demanda_06_26.xls,f6a236be1884b47316c01b45d2145b7a8aee95d3766d9887848e635c8ab56538,2026-08-20T23:52:51Z
indec_private_consumption_constant_2004_quarterly,2004-Q2,quarterly,338800.001676,million_ars_2004,official,indec_gdp_original,https://www.indec.gob.ar/ftp/cuadros/economia/sh_oferta_demanda_06_26.xls,f6a236be1884b47316c01b45d2145b7a8aee95d3766d9887848e635c8ab56538,2026-08-20T23:52:51Z
indec_private_consumption_constant_2004_quarterly,2004-Q3,quarterly,310440.574131,million_ars_2004,official,indec_gdp_original,https://www.indec.gob.ar/ftp/cuadros/economia/sh_oferta_demanda_06_26.xls,f6a236be1884b47316c01b45d2145b7a8aee95d3766d9887848e635c8ab56538,2026-08-20T23:52:51Z
indec_private_consumption_constant_2004_quarterly,2004-Q4,quarterly,293849.793952,million_ars_2004,official,indec_gdp_original,https://www.indec.gob.ar/ftp/cuadros/economia/sh_oferta_demanda_06_26.xls,f6a236be1884b47316c01b45d2145b7a8aee95d3766d9887848e635c8ab56538,2026-08-20T23:52:51Z
indec_private_consumption_constant_2004_quarterly,2005-Q1,quarterly,319799.762518,million_ars_2004,official,indec_gdp_original,https://www.indec.gob.ar/ftp/cuadros/economia/sh_oferta_demanda_06_26.xls,f6a236be1884b47316c01b45d2145b7a8aee95d3766d9887848e635c8ab56538,2026-08-20T23:52:51Z
indec_private_consumption_constant_2004_quarterly,2005-Q2,quarterly,385778.072111,million_ars_2004,official,indec_gdp_original,https://www.indec.gob.ar/ftp/cuadros/economia/sh_oferta_demanda_06_26.xls,f6a236be1884b47316c01b45d2145b7a8aee95d3766d9887848e635c8ab56538,2026-08-20T23:52:51Z
indec_private_consumption_constant_2004_quarterly,2005-Q3,quarterly,323831.365661,million_ars_2004,official,indec_gdp_original,https://www.indec.gob.ar/ftp/cuadros/economia/sh_oferta_demanda_06_26.xls,f6a236be1884b47316c01b45d2145b7a8aee95d3766d9887848e635c8ab56538,2026-08-20T23:52:51Z
indec_private_consumption_constant_2004_quarterly,2005-Q4,quarterly,311201.935068,million_ars_2004,official,indec_gdp_original,https://www.indec.gob.ar/ftp/cuadros/economia/sh_oferta_demanda_06_26.xls,f6a236be1884b47316c01b45d2145b7a8aee95d3766d9887848e635c8ab56538,2026-08-20T23:52:51Z
indec_private_consumption_constant_2004_quarterly,2006-Q1,quarterly,354888.119837,million_ars_2004,official,indec_gdp_original,https://www.indec.gob.ar/ftp/cuadros/economia/sh_oferta_demanda_06_26.xls,f6a236be1884b47316c01b45d2145b7a8aee95d3766d9887848e635c8ab56538,2026-08-20T23:52:51Z
indec_private_consumption_constant_2004_quarterly,2006-Q2,quarterly,412814.666691,million_ars_2004,official,indec_gdp_original,https://www.indec.gob.ar/ftp/cuadros/economia/sh_oferta_demanda_06_26.xls,f6a236be1884b47316c01b45d2145b7a8aee95d3766d9887848e635c8ab56538,2026-08-20T23:52:51Z
indec_private_consumption_constant_2004_quarterly,2006-Q3,quarterly,372993.093800,million_ars_2004,official,indec_gdp_original,https://www.indec.gob.ar/ftp/cuadros/economia/sh_oferta_demanda_06_26.xls,f6a236be1884b47316c01b45d2145b7a8aee95d3766d9887848e635c8ab56538,2026-08-20T23:52:51Z
indec_private_consumption_constant_2004_quarterly,2006-Q4,quarterly,346795.753512,million_ars_2004,official,indec_gdp_original,https://www.indec.gob.ar/ftp/cuadros/economia/sh_oferta_demanda_06_26.xls,f6a236be1884b47316c01b45d2145b7a8aee95d3766d9887848e635c8ab56538,2026-08-20T23:52:51Z
indec_private_consumption_constant_2004_quarterly,2007-Q1,quarterly,394546.922373,million_ars_2004,official,indec_gdp_original,https://www.indec.gob.ar/ftp/cuadros/economia/sh_oferta_demanda_06_26.xls,f6a236be1884b47316c01b45d2145b7a8aee95d3766d9887848e635c8ab56538,2026-08-20T23:52:51Z
indec_private_consumption_constant_2004_quarterly,2007-Q2,quarterly,444046.111655,million_ars_2004,official,indec_gdp_original,https://www.indec.gob.ar/ftp/cuadros/economia/sh_oferta_demanda_06_26.xls,f6a236be1884b47316c01b45d2145b7a8aee95d3766d9887848e635c8ab56538,2026-08-20T23:52:51Z
indec_private_consumption_constant_2004_quarterly,2007-Q3,quarterly,403183.038184,million_ars_2004,official,indec_gdp_original,https://www.indec.gob.ar/ftp/cuadros/economia/sh_oferta_demanda_06_26.xls,f6a236be1884b47316c01b45d2145b7a8aee95d3766d9887848e635c8ab56538,2026-08-20T23:52:51Z
indec_private_consumption_constant_2004_quarterly,2007-Q4,quarterly,384630.078804,million_ars_2004,official,indec_gdp_original,https://www.indec.gob.ar/ftp/cuadros/economia/sh_oferta_demanda_06_26.xls,f6a236be1884b47316c01b45d2145b7a8aee95d3766d9887848e635c8ab56538,2026-08-20T23:52:51Z
indec_private_consumption_constant_2004_quarterly,2008-Q1,quarterly,434706.920710,million_ars_2004,official,indec_gdp_original,https://www.indec.gob.ar/ftp/cuadros/economia/sh_oferta_demanda_06_26.xls,f6a236be1884b47316c01b45d2145b7a8aee95d3766d9887848e635c8ab56538,2026-08-20T23:52:51Z
indec_private_consumption_constant_2004_quarterly,2008-Q2,quarterly,485578.459355,million_ars_2004,official,indec_gdp_original,https://www.indec.gob.ar/ftp/cuadros/economia/sh_oferta_demanda_06_26.xls,f6a236be1884b47316c01b45d2145b7a8aee95d3766d9887848e635c8ab56538,2026-08-20T23:52:51Z
indec_private_consumption_constant_2004_quarterly,2008-Q3,quarterly,425312.744409,million_ars_2004,official,indec_gdp_original,https://www.indec.gob.ar/ftp/cuadros/economia/sh_oferta_demanda_06_26.xls,f6a236be1884b47316c01b45d2145b7a8aee95d3766d9887848e635c8ab56538,2026-08-20T23:52:51Z
indec_private_consumption_constant_2004_quarterly,2008-Q4,quarterly,398635.442857,million_ars_2004,official,indec_gdp_original,https://www.indec.gob.ar/ftp/cuadros/economia/sh_oferta_demanda_06_26.xls,f6a236be1884b47316c01b45d2145b7a8aee95d3766d9887848e635c8ab56538,2026-08-20T23:52:51Z
indec_private_consumption_constant_2004_quarterly,2009-Q1,quarterly,410435.158377,million_ars_2004,official,indec_gdp_original,https://www.indec.gob.ar/ftp/cuadros/economia/sh_oferta_demanda_06_26.xls,f6a236be1884b47316c01b45d2145b7a8aee95d3766d9887848e635c8ab56538,2026-08-20T23:52:51Z
indec_private_consumption_constant_2004_quarterly,2009-Q2,quarterly,423959.338624,million_ars_2004,official,indec_gdp_original,https://www.indec.gob.ar/ftp/cuadros/economia/sh_oferta_demanda_06_26.xls,f6a236be1884b47316c01b45d2145b7a8aee95d3766d9887848e635c8ab56538,2026-08-20T23:52:51Z
indec_private_consumption_constant_2004_quarterly,2009-Q3,quarterly,419318.043210,million_ars_2004,official,indec_gdp_original,https://www.indec.gob.ar/ftp/cuadros/economia/sh_oferta_demanda_06_26.xls,f6a236be1884b47316c01b45d2145b7a8aee95d3766d9887848e635c8ab56538,2026-08-20T23:52:51Z
indec_private_consumption_constant_2004_quarterly,2009-Q4,quarterly,396373.369190,million_ars_2004,official,indec_gdp_original,https://www.indec.gob.ar/ftp/cuadros/economia/sh_oferta_demanda_06_26.xls,f6a236be1884b47316c01b45d2145b7a8aee95d3766d9887848e635c8ab56538,2026-08-20T23:52:51Z
indec_private_consumption_constant_2004_quarterly,2010-Q1,quarterly,439461.245717,million_ars_2004,official,indec_gdp_original,https://www.indec.gob.ar/ftp/cuadros/economia/sh_oferta_demanda_06_26.xls,f6a236be1884b47316c01b45d2145b7a8aee95d3766d9887848e635c8ab56538,2026-08-20T23:52:51Z
indec_private_consumption_constant_2004_quarterly,2010-Q2,quarterly,487297.598648,million_ars_2004,official,indec_gdp_original,https://www.indec.gob.ar/ftp/cuadros/economia/sh_oferta_demanda_06_26.xls,f6a236be1884b47316c01b45d2145b7a8aee95d3766d9887848e635c8ab56538,2026-08-20T23:52:51Z
indec_private_consumption_constant_2004_quarterly,2010-Q3,quarterly,456779.066656,million_ars_2004,official,indec_gdp_original,https://www.indec.gob.ar/ftp/cuadros/economia/sh_oferta_demanda_06_26.xls,f6a236be1884b47316c01b45d2145b7a8aee95d3766d9887848e635c8ab56538,2026-08-20T23:52:51Z
indec_private_consumption_constant_2004_quarterly,2010-Q4,quarterly,451162.753405,million_ars_2004,official,indec_gdp_original,https://www.indec.gob.ar/ftp/cuadros/economia/sh_oferta_demanda_06_26.xls,f6a236be1884b47316c01b45d2145b7a8aee95d3766d9887848e635c8ab56538,2026-08-20T23:52:51Z
indec_private_consumption_constant_2004_quarterly,2011-Q1,quarterly,484513.986622,million_ars_2004,official,indec_gdp_original,https://www.indec.gob.ar/ftp/cuadros/economia/sh_oferta_demanda_06_26.xls,f6a236be1884b47316c01b45d2145b7a8aee95d3766d9887848e635c8ab56538,2026-08-20T23:52:51Z
indec_private_consumption_constant_2004_quarterly,2011-Q2,quarterly,521971.624699,million_ars_2004,official,indec_gdp_original,https://www.indec.gob.ar/ftp/cuadros/economia/sh_oferta_demanda_06_26.xls,f6a236be1884b47316c01b45d2145b7a8aee95d3766d9887848e635c8ab56538,2026-08-20T23:52:51Z
indec_private_consumption_constant_2004_quarterly,2011-Q3,quarterly,509458.253858,million_ars_2004,official,indec_gdp_original,https://www.indec.gob.ar/ftp/cuadros/economia/sh_oferta_demanda_06_26.xls,f6a236be1884b47316c01b45d2145b7a8aee95d3766d9887848e635c8ab56538,2026-08-20T23:52:51Z
indec_private_consumption_constant_2004_quarterly,2011-Q4,quarterly,490644.748459,million_ars_2004,official,indec_gdp_original,https://www.indec.gob.ar/ftp/cuadros/economia/sh_oferta_demanda_06_26.xls,f6a236be1884b47316c01b45d2145b7a8aee95d3766d9887848e635c8ab56538,2026-08-20T23:52:51Z
indec_private_consumption_constant_2004_quarterly,2012-Q1,quarterly,494561.058683,million_ars_2004,official,indec_gdp_original,https://www.indec.gob.ar/ftp/cuadros/economia/sh_oferta_demanda_06_26.xls,f6a236be1884b47316c01b45d2145b7a8aee95d3766d9887848e635c8ab56538,2026-08-20T23:52:51Z
indec_private_consumption_constant_2004_quarterly,2012-Q2,quarterly,516528.231768,million_ars_2004,official,indec_gdp_original,https://www.indec.gob.ar/ftp/cuadros/economia/sh_oferta_demanda_06_26.xls,f6a236be1884b47316c01b45d2145b7a8aee95d3766d9887848e635c8ab56538,2026-08-20T23:52:51Z
indec_private_consumption_constant_2004_quarterly,2012-Q3,quarterly,517627.479436,million_ars_2004,official,indec_gdp_original,https://www.indec.gob.ar/ftp/cuadros/economia/sh_oferta_demanda_06_26.xls,f6a236be1884b47316c01b45d2145b7a8aee95d3766d9887848e635c8ab56538,2026-08-20T23:52:51Z
indec_private_consumption_constant_2004_quarterly,2012-Q4,quarterly,500150.631840,million_ars_2004,official,indec_gdp_original,https://www.indec.gob.ar/ftp/cuadros/economia/sh_oferta_demanda_06_26.xls,f6a236be1884b47316c01b45d2145b7a8aee95d3766d9887848e635c8ab56538,2026-08-20T23:52:51Z
indec_private_consumption_constant_2004_quarterly,2013-Q1,quarterly,506950.446407,million_ars_2004,official,indec_gdp_original,https://www.indec.gob.ar/ftp/cuadros/economia/sh_oferta_demanda_06_26.xls,f6a236be1884b47316c01b45d2145b7a8aee95d3766d9887848e635c8ab56538,2026-08-20T23:52:51Z
indec_private_consumption_constant_2004_quarterly,2013-Q2,quarterly,543923.352754,million_ars_2004,official,indec_gdp_original,https://www.indec.gob.ar/ftp/cuadros/economia/sh_oferta_demanda_06_26.xls,f6a236be1884b47316c01b45d2145b7a8aee95d3766d9887848e635c8ab56538,2026-08-20T23:52:51Z
indec_private_consumption_constant_2004_quarterly,2013-Q3,quarterly,538421.078253,million_ars_2004,official,indec_gdp_original,https://www.indec.gob.ar/ftp/cuadros/economia/sh_oferta_demanda_06_26.xls,f6a236be1884b47316c01b45d2145b7a8aee95d3766d9887848e635c8ab56538,2026-08-20T23:52:51Z
indec_private_consumption_constant_2004_quarterly,2013-Q4,quarterly,513403.251740,million_ars_2004,official,indec_gdp_original,https://www.indec.gob.ar/ftp/cuadros/economia/sh_oferta_demanda_06_26.xls,f6a236be1884b47316c01b45d2145b7a8aee95d3766d9887848e635c8ab56538,2026-08-20T23:52:51Z
indec_private_consumption_constant_2004_quarterly,2014-Q1,quarterly,517840.533744,million_ars_2004,official,indec_gdp_original,https://www.indec.gob.ar/ftp/cuadros/economia/sh_oferta_demanda_06_26.xls,f6a236be1884b47316c01b45d2145b7a8aee95d3766d9887848e635c8ab56538,2026-08-20T23:52:51Z
indec_private_consumption_constant_2004_quarterly,2014-Q2,quarterly,527379.226943,million_ars_2004,official,indec_gdp_original,https://www.indec.gob.ar/ftp/cuadros/economia/sh_oferta_demanda_06_26.xls,f6a236be1884b47316c01b45d2145b7a8aee95d3766d9887848e635c8ab56538,2026-08-20T23:52:51Z
indec_private_consumption_constant_2004_quarterly,2014-Q3,quarterly,490626.989487,million_ars_2004,official,indec_gdp_original,https://www.indec.gob.ar/ftp/cuadros/economia/sh_oferta_demanda_06_26.xls,f6a236be1884b47316c01b45d2145b7a8aee95d3766d9887848e635c8ab56538,2026-08-20T23:52:51Z
indec_private_consumption_constant_2004_quarterly,2014-Q4,quarterly,475210.995494,million_ars_2004,official,indec_gdp_original,https://www.indec.gob.ar/ftp/cuadros/economia/sh_oferta_demanda_06_26.xls,f6a236be1884b47316c01b45d2145b7a8aee95d3766d9887848e635c8ab56538,2026-08-20T23:52:51Z
indec_private_consumption_constant_2004_quarterly,2015-Q1,quarterly,507483.723069,million_ars_2004,official,indec_gdp_original,https://www.indec.gob.ar/ftp/cuadros/economia/sh_oferta_demanda_06_26.xls,f6a236be1884b47316c01b45d2145b7a8aee95d3766d9887848e635c8ab56538,2026-08-20T23:52:51Z
indec_private_consumption_constant_2004_quarterly,2015-Q2,quarterly,569042.185871,million_ars_2004,official,indec_gdp_original,https://www.indec.gob.ar/ftp/cuadros/economia/sh_oferta_demanda_06_26.xls,f6a236be1884b47316c01b45d2145b7a8aee95d3766d9887848e635c8ab56538,2026-08-20T23:52:51Z
indec_private_consumption_constant_2004_quarterly,2015-Q3,quarterly,518592.727888,million_ars_2004,official,indec_gdp_original,https://www.indec.gob.ar/ftp/cuadros/economia/sh_oferta_demanda_06_26.xls,f6a236be1884b47316c01b45d2145b7a8aee95d3766d9887848e635c8ab56538,2026-08-20T23:52:51Z
indec_private_consumption_constant_2004_quarterly,2015-Q4,quarterly,489467.325359,million_ars_2004,official,indec_gdp_original,https://www.indec.gob.ar/ftp/cuadros/economia/sh_oferta_demanda_06_26.xls,f6a236be1884b47316c01b45d2145b7a8aee95d3766d9887848e635c8ab56538,2026-08-20T23:52:51Z
indec_private_consumption_constant_2004_quarterly,2016-Q1,quarterly,520749.188978,million_ars_2004,official,indec_gdp_original,https://www.indec.gob.ar/ftp/cuadros/economia/sh_oferta_demanda_06_26.xls,f6a236be1884b47316c01b45d2145b7a8aee95d3766d9887848e635c8ab56538,2026-08-20T23:52:51Z
indec_private_consumption_constant_2004_quarterly,2016-Q2,quarterly,558368.435396,million_ars_2004,official,indec_gdp_original,https://www.indec.gob.ar/ftp/cuadros/economia/sh_oferta_demanda_06_26.xls,f6a236be1884b47316c01b45d2145b7a8aee95d3766d9887848e635c8ab56538,2026-08-20T23:52:51Z
indec_private_consumption_constant_2004_quarterly,2016-Q3,quarterly,506410.570713,million_ars_2004,official,indec_gdp_original,https://www.indec.gob.ar/ftp/cuadros/economia/sh_oferta_demanda_06_26.xls,f6a236be1884b47316c01b45d2145b7a8aee95d3766d9887848e635c8ab56538,2026-08-20T23:52:51Z
indec_private_consumption_constant_2004_quarterly,2016-Q4,quarterly,482792.360065,million_ars_2004,official,indec_gdp_original,https://www.indec.gob.ar/ftp/cuadros/economia/sh_oferta_demanda_06_26.xls,f6a236be1884b47316c01b45d2145b7a8aee95d3766d9887848e635c8ab56538,2026-08-20T23:52:51Z
indec_private_consumption_constant_2004_quarterly,2017-Q1,quarterly,536011.267969,million_ars_2004,official,indec_gdp_original,https://www.indec.gob.ar/ftp/cuadros/economia/sh_oferta_demanda_06_26.xls,f6a236be1884b47316c01b45d2145b7a8aee95d3766d9887848e635c8ab56538,2026-08-20T23:52:51Z
indec_private_consumption_constant_2004_quarterly,2017-Q2,quarterly,579761.663474,million_ars_2004,official,indec_gdp_original,https://www.indec.gob.ar/ftp/cuadros/economia/sh_oferta_demanda_06_26.xls,f6a236be1884b47316c01b45d2145b7a8aee95d3766d9887848e635c8ab56538,2026-08-20T23:52:51Z
indec_private_consumption_constant_2004_quarterly,2017-Q3,quarterly,530448.743500,million_ars_2004,official,indec_gdp_original,https://www.indec.gob.ar/ftp/cuadros/economia/sh_oferta_demanda_06_26.xls,f6a236be1884b47316c01b45d2145b7a8aee95d3766d9887848e635c8ab56538,2026-08-20T23:52:51Z
indec_private_consumption_constant_2004_quarterly,2017-Q4,quarterly,508108.823941,million_ars_2004,official,indec_gdp_original,https://www.indec.gob.ar/ftp/cuadros/economia/sh_oferta_demanda_06_26.xls,f6a236be1884b47316c01b45d2145b7a8aee95d3766d9887848e635c8ab56538,2026-08-20T23:52:51Z
indec_private_consumption_constant_2004_quarterly,2018-Q1,quarterly,552912.878592,million_ars_2004,official,indec_gdp_original,https://www.indec.gob.ar/ftp/cuadros/economia/sh_oferta_demanda_06_26.xls,f6a236be1884b47316c01b45d2145b7a8aee95d3766d9887848e635c8ab56538,2026-08-20T23:52:51Z
indec_private_consumption_constant_2004_quarterly,2018-Q2,quarterly,588455.756530,million_ars_2004,official,indec_gdp_original,https://www.indec.gob.ar/ftp/cuadros/economia/sh_oferta_demanda_06_26.xls,f6a236be1884b47316c01b45d2145b7a8aee95d3766d9887848e635c8ab56538,2026-08-20T23:52:51Z
indec_private_consumption_constant_2004_quarterly,2018-Q3,quarterly,513316.292978,million_ars_2004,official,indec_gdp_original,https://www.indec.gob.ar/ftp/cuadros/economia/sh_oferta_demanda_06_26.xls,f6a236be1884b47316c01b45d2145b7a8aee95d3766d9887848e635c8ab56538,2026-08-20T23:52:51Z
indec_private_consumption_constant_2004_quarterly,2018-Q4,quarterly,451265.209051,million_ars_2004,official,indec_gdp_original,https://www.indec.gob.ar/ftp/cuadros/economia/sh_oferta_demanda_06_26.xls,f6a236be1884b47316c01b45d2145b7a8aee95d3766d9887848e635c8ab56538,2026-08-20T23:52:51Z
indec_private_consumption_constant_2004_quarterly,2019-Q1,quarterly,504391.511028,million_ars_2004,official,indec_gdp_original,https://www.indec.gob.ar/ftp/cuadros/economia/sh_oferta_demanda_06_26.xls,f6a236be1884b47316c01b45d2145b7a8aee95d3766d9887848e635c8ab56538,2026-08-20T23:52:51Z
indec_private_consumption_constant_2004_quarterly,2019-Q2,quarterly,550677.285400,million_ars_2004,official,indec_gdp_original,https://www.indec.gob.ar/ftp/cuadros/economia/sh_oferta_demanda_06_26.xls,f6a236be1884b47316c01b45d2145b7a8aee95d3766d9887848e635c8ab56538,2026-08-20T23:52:51Z
indec_private_consumption_constant_2004_quarterly,2019-Q3,quarterly,480415.606896,million_ars_2004,official,indec_gdp_original,https://www.indec.gob.ar/ftp/cuadros/economia/sh_oferta_demanda_06_26.xls,f6a236be1884b47316c01b45d2145b7a8aee95d3766d9887848e635c8ab56538,2026-08-20T23:52:51Z
indec_private_consumption_constant_2004_quarterly,2019-Q4,quarterly,441436.049807,million_ars_2004,official,indec_gdp_original,https://www.indec.gob.ar/ftp/cuadros/economia/sh_oferta_demanda_06_26.xls,f6a236be1884b47316c01b45d2145b7a8aee95d3766d9887848e635c8ab56538,2026-08-20T23:52:51Z
indec_private_consumption_constant_2004_quarterly,2020-Q1,quarterly,470887.434282,million_ars_2004,official,indec_gdp_original,https://www.indec.gob.ar/ftp/cuadros/economia/sh_oferta_demanda_06_26.xls,f6a236be1884b47316c01b45d2145b7a8aee95d3766d9887848e635c8ab56538,2026-08-20T23:52:51Z
indec_private_consumption_constant_2004_quarterly,2020-Q2,quarterly,434291.221916,million_ars_2004,official,indec_gdp_original,https://www.indec.gob.ar/ftp/cuadros/economia/sh_oferta_demanda_06_26.xls,f6a236be1884b47316c01b45d2145b7a8aee95d3766d9887848e635c8ab56538,2026-08-20T23:52:51Z
indec_private_consumption_constant_2004_quarterly,2020-Q3,quarterly,408971.262976,million_ars_2004,official,indec_gdp_original,https://www.indec.gob.ar/ftp/cuadros/economia/sh_oferta_demanda_06_26.xls,f6a236be1884b47316c01b45d2145b7a8aee95d3766d9887848e635c8ab56538,2026-08-20T23:52:51Z
indec_private_consumption_constant_2004_quarterly,2020-Q4,quarterly,422152.316935,million_ars_2004,official,indec_gdp_original,https://www.indec.gob.ar/ftp/cuadros/economia/sh_oferta_demanda_06_26.xls,f6a236be1884b47316c01b45d2145b7a8aee95d3766d9887848e635c8ab56538,2026-08-20T23:52:51Z
indec_private_consumption_constant_2004_quarterly,2021-Q1,quarterly,473418.886634,million_ars_2004,official,indec_gdp_original,https://www.indec.gob.ar/ftp/cuadros/economia/sh_oferta_demanda_06_26.xls,f6a236be1884b47316c01b45d2145b7a8aee95d3766d9887848e635c8ab56538,2026-08-20T23:52:51Z
indec_private_consumption_constant_2004_quarterly,2021-Q2,quarterly,514737.793541,million_ars_2004,official,indec_gdp_original,https://www.indec.gob.ar/ftp/cuadros/economia/sh_oferta_demanda_06_26.xls,f6a236be1884b47316c01b45d2145b7a8aee95d3766d9887848e635c8ab56538,2026-08-20T23:52:51Z
indec_private_consumption_constant_2004_quarterly,2021-Q3,quarterly,449491.733682,million_ars_2004,official,indec_gdp_original,https://www.indec.gob.ar/ftp/cuadros/economia/sh_oferta_demanda_06_26.xls,f6a236be1884b47316c01b45d2145b7a8aee95d3766d9887848e635c8ab56538,2026-08-20T23:52:51Z
indec_private_consumption_constant_2004_quarterly,2021-Q4,quarterly,463015.567860,million_ars_2004,official,indec_gdp_original,https://www.indec.gob.ar/ftp/cuadros/economia/sh_oferta_demanda_06_26.xls,f6a236be1884b47316c01b45d2145b7a8aee95d3766d9887848e635c8ab56538,2026-08-20T23:52:51Z
indec_private_consumption_constant_2004_quarterly,2022-Q1,quarterly,516582.480347,million_ars_2004,official,indec_gdp_original,https://www.indec.gob.ar/ftp/cuadros/economia/sh_oferta_demanda_06_26.xls,f6a236be1884b47316c01b45d2145b7a8aee95d3766d9887848e635c8ab56538,2026-08-20T23:52:51Z
indec_private_consumption_constant_2004_quarterly,2022-Q2,quarterly,576435.438809,million_ars_2004,official,indec_gdp_original,https://www.indec.gob.ar/ftp/cuadros/economia/sh_oferta_demanda_06_26.xls,f6a236be1884b47316c01b45d2145b7a8aee95d3766d9887848e635c8ab56538,2026-08-20T23:52:51Z
indec_private_consumption_constant_2004_quarterly,2022-Q3,quarterly,497399.579057,million_ars_2004,official,indec_gdp_original,https://www.indec.gob.ar/ftp/cuadros/economia/sh_oferta_demanda_06_26.xls,f6a236be1884b47316c01b45d2145b7a8aee95d3766d9887848e635c8ab56538,2026-08-20T23:52:51Z
indec_private_consumption_constant_2004_quarterly,2022-Q4,quarterly,490167.719914,million_ars_2004,official,indec_gdp_original,https://www.indec.gob.ar/ftp/cuadros/economia/sh_oferta_demanda_06_26.xls,f6a236be1884b47316c01b45d2145b7a8aee95d3766d9887848e635c8ab56538,2026-08-20T23:52:51Z
indec_private_consumption_constant_2004_quarterly,2023-Q1,quarterly,535974.726636,million_ars_2004,official,indec_gdp_original,https://www.indec.gob.ar/ftp/cuadros/economia/sh_oferta_demanda_06_26.xls,f6a236be1884b47316c01b45d2145b7a8aee95d3766d9887848e635c8ab56538,2026-08-20T23:52:51Z
indec_private_consumption_constant_2004_quarterly,2023-Q2,quarterly,588087.031823,million_ars_2004,official,indec_gdp_original,https://www.indec.gob.ar/ftp/cuadros/economia/sh_oferta_demanda_06_26.xls,f6a236be1884b47316c01b45d2145b7a8aee95d3766d9887848e635c8ab56538,2026-08-20T23:52:51Z
indec_private_consumption_constant_2004_quarterly,2023-Q3,quarterly,496373.766654,million_ars_2004,official,indec_gdp_original,https://www.indec.gob.ar/ftp/cuadros/economia/sh_oferta_demanda_06_26.xls,f6a236be1884b47316c01b45d2145b7a8aee95d3766d9887848e635c8ab56538,2026-08-20T23:52:51Z
indec_private_consumption_constant_2004_quarterly,2023-Q4,quarterly,480687.411150,million_ars_2004,official,indec_gdp_original,https://www.indec.gob.ar/ftp/cuadros/economia/sh_oferta_demanda_06_26.xls,f6a236be1884b47316c01b45d2145b7a8aee95d3766d9887848e635c8ab56538,2026-08-20T23:52:51Z
indec_private_consumption_constant_2004_quarterly,2024-Q1,quarterly,508286.748599,million_ars_2004,official,indec_gdp_original,https://www.indec.gob.ar/ftp/cuadros/economia/sh_oferta_demanda_06_26.xls,f6a236be1884b47316c01b45d2145b7a8aee95d3766d9887848e635c8ab56538,2026-08-20T23:52:51Z
indec_private_consumption_constant_2004_quarterly,2024-Q2,quarterly,538393.964800,million_ars_2004,official,indec_gdp_original,https://www.indec.gob.ar/ftp/cuadros/economia/sh_oferta_demanda_06_26.xls,f6a236be1884b47316c01b45d2145b7a8aee95d3766d9887848e635c8ab56538,2026-08-20T23:52:51Z
indec_private_consumption_constant_2004_quarterly,2024-Q3,quarterly,490119.306834,million_ars_2004,official,indec_gdp_original,https://www.indec.gob.ar/ftp/cuadros/economia/sh_oferta_demanda_06_26.xls,f6a236be1884b47316c01b45d2145b7a8aee95d3766d9887848e635c8ab56538,2026-08-20T23:52:51Z
indec_private_consumption_constant_2004_quarterly,2024-Q4,quarterly,504095.167097,million_ars_2004,official,indec_gdp_original,https://www.indec.gob.ar/ftp/cuadros/economia/sh_oferta_demanda_06_26.xls,f6a236be1884b47316c01b45d2145b7a8aee95d3766d9887848e635c8ab56538,2026-08-20T23:52:51Z
indec_private_consumption_constant_2004_quarterly,2025-Q1,quarterly,566590.758372,million_ars_2004,official,indec_gdp_original,https://www.indec.gob.ar/ftp/cuadros/economia/sh_oferta_demanda_06_26.xls,f6a236be1884b47316c01b45d2145b7a8aee95d3766d9887848e635c8ab56538,2026-08-20T23:52:51Z
indec_private_consumption_constant_2004_quarterly,2025-Q2,quarterly,601163.867188,million_ars_2004,official,indec_gdp_original,https://www.indec.gob.ar/ftp/cuadros/economia/sh_oferta_demanda_06_26.xls,f6a236be1884b47316c01b45d2145b7a8aee95d3766d9887848e635c8ab56538,2026-08-20T23:52:51Z
indec_private_consumption_constant_2004_quarterly,2025-Q3,quarterly,522534.771833,million_ars_2004,official,indec_gdp_original,https://www.indec.gob.ar/ftp/cuadros/economia/sh_oferta_demanda_06_26.xls,f6a236be1884b47316c01b45d2145b7a8aee95d3766d9887848e635c8ab56538,2026-08-20T23:52:51Z
indec_private_consumption_constant_2004_quarterly,2025-Q4,quarterly,525445.783373,million_ars_2004,official,indec_gdp_original,https://www.indec.gob.ar/ftp/cuadros/economia/sh_oferta_demanda_06_26.xls,f6a236be1884b47316c01b45d2145b7a8aee95d3766d9887848e635c8ab56538,2026-08-20T23:52:51Z
indec_private_consumption_constant_2004_quarterly,2026-Q1,quarterly,582154.795555,million_ars_2004,official,indec_gdp_original,https://www.indec.gob.ar/ftp/cuadros/economia/sh_oferta_demanda_06_26.xls,f6a236be1884b47316c01b45d2145b7a8aee95d3766d9887848e635c8ab56538,2026-08-20T23:52:51Z
indec_private_consumption_current_annual,2004,annual,312081.885590,million_ars_current,official,indec_gdp_original,https://www.indec.gob.ar/ftp/cuadros/economia/sh_oferta_demanda_06_26.xls,f6a236be1884b47316c01b45d2145b7a8aee95d3766d9887848e635c8ab56538,2026-08-20T23:52:51Z
indec_private_consumption_current_annual,2005,annual,367170.269355,million_ars_current,official,indec_gdp_original,https://www.indec.gob.ar/ftp/cuadros/economia/sh_oferta_demanda_06_26.xls,f6a236be1884b47316c01b45d2145b7a8aee95d3766d9887848e635c8ab56538,2026-08-20T23:52:51Z
indec_private_consumption_current_annual,2006,annual,452953.978939,million_ars_current,official,indec_gdp_original,https://www.indec.gob.ar/ftp/cuadros/economia/sh_oferta_demanda_06_26.xls,f6a236be1884b47316c01b45d2145b7a8aee95d3766d9887848e635c8ab56538,2026-08-20T23:52:51Z
indec_private_consumption_current_annual,2007,annual,560892.761804,million_ars_current,official,indec_gdp_original,https://www.indec.gob.ar/ftp/cuadros/economia/sh_oferta_demanda_06_26.xls,f6a236be1884b47316c01b45d2145b7a8aee95d3766d9887848e635c8ab56538,2026-08-20T23:52:51Z
indec_private_consumption_current_annual,2008,annual,725134.483129,million_ars_current,official,indec_gdp_original,https://www.indec.gob.ar/ftp/cuadros/economia/sh_oferta_demanda_06_26.xls,f6a236be1884b47316c01b45d2145b7a8aee95d3766d9887848e635c8ab56538,2026-08-20T23:52:51Z
indec_private_consumption_current_annual,2009,annual,785922.737976,million_ars_current,official,indec_gdp_original,https://www.indec.gob.ar/ftp/cuadros/economia/sh_oferta_demanda_06_26.xls,f6a236be1884b47316c01b45d2145b7a8aee95d3766d9887848e635c8ab56538,2026-08-20T23:52:51Z
indec_private_consumption_current_annual,2010,annual,1067391.726615,million_ars_current,official,indec_gdp_original,https://www.indec.gob.ar/ftp/cuadros/economia/sh_oferta_demanda_06_26.xls,f6a236be1884b47316c01b45d2145b7a8aee95d3766d9887848e635c8ab56538,2026-08-20T23:52:51Z
indec_private_consumption_current_annual,2011,annual,1399376.280135,million_ars_current,official,indec_gdp_original,https://www.indec.gob.ar/ftp/cuadros/economia/sh_oferta_demanda_06_26.xls,f6a236be1884b47316c01b45d2145b7a8aee95d3766d9887848e635c8ab56538,2026-08-20T23:52:51Z
indec_private_consumption_current_annual,2012,annual,1712095.753011,million_ars_current,official,indec_gdp_original,https://www.indec.gob.ar/ftp/cuadros/economia/sh_oferta_demanda_06_26.xls,f6a236be1884b47316c01b45d2145b7a8aee95d3766d9887848e635c8ab56538,2026-08-20T23:52:51Z
indec_private_consumption_current_annual,2013,annual,2209467.257761,million_ars_current,official,indec_gdp_original,https://www.indec.gob.ar/ftp/cuadros/economia/sh_oferta_demanda_06_26.xls,f6a236be1884b47316c01b45d2145b7a8aee95d3766d9887848e635c8ab56538,2026-08-20T23:52:51Z
indec_private_consumption_current_annual,2014,annual,2993947.728213,million_ars_current,official,indec_gdp_original,https://www.indec.gob.ar/ftp/cuadros/economia/sh_oferta_demanda_06_26.xls,f6a236be1884b47316c01b45d2145b7a8aee95d3766d9887848e635c8ab56538,2026-08-20T23:52:51Z
indec_private_consumption_current_annual,2015,annual,3924370.265583,million_ars_current,official,indec_gdp_original,https://www.indec.gob.ar/ftp/cuadros/economia/sh_oferta_demanda_06_26.xls,f6a236be1884b47316c01b45d2145b7a8aee95d3766d9887848e635c8ab56538,2026-08-20T23:52:51Z
indec_private_consumption_current_annual,2016,annual,5407702.093304,million_ars_current,official,indec_gdp_original,https://www.indec.gob.ar/ftp/cuadros/economia/sh_oferta_demanda_06_26.xls,f6a236be1884b47316c01b45d2145b7a8aee95d3766d9887848e635c8ab56538,2026-08-20T23:52:51Z
indec_private_consumption_current_annual,2017,annual,7114591.012520,million_ars_current,official,indec_gdp_original,https://www.indec.gob.ar/ftp/cuadros/economia/sh_oferta_demanda_06_26.xls,f6a236be1884b47316c01b45d2145b7a8aee95d3766d9887848e635c8ab56538,2026-08-20T23:52:51Z
indec_private_consumption_current_annual,2018,annual,10243246.855512,million_ars_current,official,indec_gdp_original,https://www.indec.gob.ar/ftp/cuadros/economia/sh_oferta_demanda_06_26.xls,f6a236be1884b47316c01b45d2145b7a8aee95d3766d9887848e635c8ab56538,2026-08-20T23:52:51Z
indec_private_consumption_current_annual,2019,annual,14256078.760762,million_ars_current,official,indec_gdp_original,https://www.indec.gob.ar/ftp/cuadros/economia/sh_oferta_demanda_06_26.xls,f6a236be1884b47316c01b45d2145b7a8aee95d3766d9887848e635c8ab56538,2026-08-20T23:52:51Z
indec_private_consumption_current_annual,2020,annual,17878128.605928,million_ars_current,official,indec_gdp_original,https://www.indec.gob.ar/ftp/cuadros/economia/sh_oferta_demanda_06_26.xls,f6a236be1884b47316c01b45d2145b7a8aee95d3766d9887848e635c8ab56538,2026-08-20T23:52:51Z
indec_private_consumption_current_annual,2021,annual,29096375.459997,million_ars_current,official,indec_gdp_original,https://www.indec.gob.ar/ftp/cuadros/economia/sh_oferta_demanda_06_26.xls,f6a236be1884b47316c01b45d2145b7a8aee95d3766d9887848e635c8ab56538,2026-08-20T23:52:51Z
indec_private_consumption_current_annual,2022,annual,54595543.899309,million_ars_current,official,indec_gdp_original,https://www.indec.gob.ar/ftp/cuadros/economia/sh_oferta_demanda_06_26.xls,f6a236be1884b47316c01b45d2145b7a8aee95d3766d9887848e635c8ab56538,2026-08-20T23:52:51Z
indec_private_consumption_current_annual,2023,annual,127549584.404145,million_ars_current,official,indec_gdp_original,https://www.indec.gob.ar/ftp/cuadros/economia/sh_oferta_demanda_06_26.xls,f6a236be1884b47316c01b45d2145b7a8aee95d3766d9887848e635c8ab56538,2026-08-20T23:52:51Z
indec_private_consumption_current_annual,2024,annual,393696218.034125,million_ars_current,official,indec_gdp_original,https://www.indec.gob.ar/ftp/cuadros/economia/sh_oferta_demanda_06_26.xls,f6a236be1884b47316c01b45d2145b7a8aee95d3766d9887848e635c8ab56538,2026-08-20T23:52:51Z
indec_private_consumption_current_annual,2025,annual,602211641.900713,million_ars_current,official,indec_gdp_original,https://www.indec.gob.ar/ftp/cuadros/economia/sh_oferta_demanda_06_26.xls,f6a236be1884b47316c01b45d2145b7a8aee95d3766d9887848e635c8ab56538,2026-08-20T23:52:51Z
indec_private_consumption_current_quarterly,2004-Q1,quarterly,291921.510612,million_ars_current,official,indec_gdp_original,https://www.indec.gob.ar/ftp/cuadros/economia/sh_oferta_demanda_06_26.xls,f6a236be1884b47316c01b45d2145b7a8aee95d3766d9887848e635c8ab56538,2026-08-20T23:52:51Z
indec_private_consumption_current_quarterly,2004-Q2,quarterly,334394.658926,million_ars_current,official,indec_gdp_original,https://www.indec.gob.ar/ftp/cuadros/economia/sh_oferta_demanda_06_26.xls,f6a236be1884b47316c01b45d2145b7a8aee95d3766d9887848e635c8ab56538,2026-08-20T23:52:51Z
indec_private_consumption_current_quarterly,2004-Q3,quarterly,314867.080277,million_ars_current,official,indec_gdp_original,https://www.indec.gob.ar/ftp/cuadros/economia/sh_oferta_demanda_06_26.xls,f6a236be1884b47316c01b45d2145b7a8aee95d3766d9887848e635c8ab56538,2026-08-20T23:52:51Z
indec_private_consumption_current_quarterly,2004-Q4,quarterly,307144.292544,million_ars_current,official,indec_gdp_original,https://www.indec.gob.ar/ftp/cuadros/economia/sh_oferta_demanda_06_26.xls,f6a236be1884b47316c01b45d2145b7a8aee95d3766d9887848e635c8ab56538,2026-08-20T23:52:51Z
indec_private_consumption_current_quarterly,2005-Q1,quarterly,329383.735353,million_ars_current,official,indec_gdp_original,https://www.indec.gob.ar/ftp/cuadros/economia/sh_oferta_demanda_06_26.xls,f6a236be1884b47316c01b45d2145b7a8aee95d3766d9887848e635c8ab56538,2026-08-20T23:52:51Z
indec_private_consumption_current_quarterly,2005-Q2,quarterly,400294.005058,million_ars_current,official,indec_gdp_original,https://www.indec.gob.ar/ftp/cuadros/economia/sh_oferta_demanda_06_26.xls,f6a236be1884b47316c01b45d2145b7a8aee95d3766d9887848e635c8ab56538,2026-08-20T23:52:51Z
indec_private_consumption_current_quarterly,2005-Q3,quarterly,370307.887517,million_ars_current,official,indec_gdp_original,https://www.indec.gob.ar/ftp/cuadros/economia/sh_oferta_demanda_06_26.xls,f6a236be1884b47316c01b45d2145b7a8aee95d3766d9887848e635c8ab56538,2026-08-20T23:52:51Z
indec_private_consumption_current_quarterly,2005-Q4,quarterly,368695.449493,million_ars_current,official,indec_gdp_original,https://www.indec.gob.ar/ftp/cuadros/economia/sh_oferta_demanda_06_26.xls,f6a236be1884b47316c01b45d2145b7a8aee95d3766d9887848e635c8ab56538,2026-08-20T23:52:51Z
indec_private_consumption_current_quarterly,2006-Q1,quarterly,420680.072850,million_ars_current,official,indec_gdp_original,https://www.indec.gob.ar/ftp/cuadros/economia/sh_oferta_demanda_06_26.xls,f6a236be1884b47316c01b45d2145b7a8aee95d3766d9887848e635c8ab56538,2026-08-20T23:52:51Z
indec_private_consumption_current_quarterly,2006-Q2,quarterly,472564.970616,million_ars_current,official,indec_gdp_original,https://www.indec.gob.ar/ftp/cuadros/economia/sh_oferta_demanda_06_26.xls,f6a236be1884b47316c01b45d2145b7a8aee95d3766d9887848e635c8ab56538,2026-08-20T23:52:51Z
indec_private_consumption_current_quarterly,2006-Q3,quarterly,469727.002464,million_ars_current,official,indec_gdp_original,https://www.indec.gob.ar/ftp/cuadros/economia/sh_oferta_demanda_06_26.xls,f6a236be1884b47316c01b45d2145b7a8aee95d3766d9887848e635c8ab56538,2026-08-20T23:52:51Z
indec_private_consumption_current_quarterly,2006-Q4,quarterly,448843.869825,million_ars_current,official,indec_gdp_original,https://www.indec.gob.ar/ftp/cuadros/economia/sh_oferta_demanda_06_26.xls,f6a236be1884b47316c01b45d2145b7a8aee95d3766d9887848e635c8ab56538,2026-08-20T23:52:51Z
indec_private_consumption_current_quarterly,2007-Q1,quarterly,506621.028007,million_ars_current,official,indec_gdp_original,https://www.indec.gob.ar/ftp/cuadros/economia/sh_oferta_demanda_06_26.xls,f6a236be1884b47316c01b45d2145b7a8aee95d3766d9887848e635c8ab56538,2026-08-20T23:52:51Z
indec_private_consumption_current_quarterly,2007-Q2,quarterly,576216.899411,million_ars_current,official,indec_gdp_original,https://www.indec.gob.ar/ftp/cuadros/economia/sh_oferta_demanda_06_26.xls,f6a236be1884b47316c01b45d2145b7a8aee95d3766d9887848e635c8ab56538,2026-08-20T23:52:51Z
indec_private_consumption_current_quarterly,2007-Q3,quarterly,589438.231775,million_ars_current,official,indec_gdp_original,https://www.indec.gob.ar/ftp/cuadros/economia/sh_oferta_demanda_06_26.xls,f6a236be1884b47316c01b45d2145b7a8aee95d3766d9887848e635c8ab56538,2026-08-20T23:52:51Z
indec_private_consumption_current_quarterly,2007-Q4,quarterly,571294.888021,million_ars_current,official,indec_gdp_original,https://www.indec.gob.ar/ftp/cuadros/economia/sh_oferta_demanda_06_26.xls,f6a236be1884b47316c01b45d2145b7a8aee95d3766d9887848e635c8ab56538,2026-08-20T23:52:51Z
indec_private_consumption_current_quarterly,2008-Q1,quarterly,674136.757239,million_ars_current,official,indec_gdp_original,https://www.indec.gob.ar/ftp/cuadros/economia/sh_oferta_demanda_06_26.xls,f6a236be1884b47316c01b45d2145b7a8aee95d3766d9887848e635c8ab56538,2026-08-20T23:52:51Z
indec_private_consumption_current_quarterly,2008-Q2,quarterly,786479.257857,million_ars_current,official,indec_gdp_original,https://www.indec.gob.ar/ftp/cuadros/economia/sh_oferta_demanda_06_26.xls,f6a236be1884b47316c01b45d2145b7a8aee95d3766d9887848e635c8ab56538,2026-08-20T23:52:51Z
indec_private_consumption_current_quarterly,2008-Q3,quarterly,735708.420172,million_ars_current,official,indec_gdp_original,https://www.indec.gob.ar/ftp/cuadros/economia/sh_oferta_demanda_06_26.xls,f6a236be1884b47316c01b45d2145b7a8aee95d3766d9887848e635c8ab56538,2026-08-20T23:52:51Z
indec_private_consumption_current_quarterly,2008-Q4,quarterly,704213.497249,million_ars_current,official,indec_gdp_original,https://www.indec.gob.ar/ftp/cuadros/economia/sh_oferta_demanda_06_26.xls,f6a236be1884b47316c01b45d2145b7a8aee95d3766d9887848e635c8ab56538,2026-08-20T23:52:51Z
indec_private_consumption_current_quarterly,2009-Q1,quarterly,745582.805434,million_ars_current,official,indec_gdp_original,https://www.indec.gob.ar/ftp/cuadros/economia/sh_oferta_demanda_06_26.xls,f6a236be1884b47316c01b45d2145b7a8aee95d3766d9887848e635c8ab56538,2026-08-20T23:52:51Z
indec_private_consumption_current_quarterly,2009-Q2,quarterly,783242.363267,million_ars_current,official,indec_gdp_original,https://www.indec.gob.ar/ftp/cuadros/economia/sh_oferta_demanda_06_26.xls,f6a236be1884b47316c01b45d2145b7a8aee95d3766d9887848e635c8ab56538,2026-08-20T23:52:51Z
indec_private_consumption_current_quarterly,2009-Q3,quarterly,811737.138653,million_ars_current,official,indec_gdp_original,https://www.indec.gob.ar/ftp/cuadros/economia/sh_oferta_demanda_06_26.xls,f6a236be1884b47316c01b45d2145b7a8aee95d3766d9887848e635c8ab56538,2026-08-20T23:52:51Z
indec_private_consumption_current_quarterly,2009-Q4,quarterly,803128.644552,million_ars_current,official,indec_gdp_original,https://www.indec.gob.ar/ftp/cuadros/economia/sh_oferta_demanda_06_26.xls,f6a236be1884b47316c01b45d2145b7a8aee95d3766d9887848e635c8ab56538,2026-08-20T23:52:51Z
indec_private_consumption_current_quarterly,2010-Q1,quarterly,955921.059862,million_ars_current,official,indec_gdp_original,https://www.indec.gob.ar/ftp/cuadros/economia/sh_oferta_demanda_06_26.xls,f6a236be1884b47316c01b45d2145b7a8aee95d3766d9887848e635c8ab56538,2026-08-20T23:52:51Z
indec_private_consumption_current_quarterly,2010-Q2,quarterly,1074344.681686,million_ars_current,official,indec_gdp_original,https://www.indec.gob.ar/ftp/cuadros/economia/sh_oferta_demanda_06_26.xls,f6a236be1884b47316c01b45d2145b7a8aee95d3766d9887848e635c8ab56538,2026-08-20T23:52:51Z
indec_private_consumption_current_quarterly,2010-Q3,quarterly,1099323.153821,million_ars_current,official,indec_gdp_original,https://www.indec.gob.ar/ftp/cuadros/economia/sh_oferta_demanda_06_26.xls,f6a236be1884b47316c01b45d2145b7a8aee95d3766d9887848e635c8ab56538,2026-08-20T23:52:51Z
indec_private_consumption_current_quarterly,2010-Q4,quarterly,1139978.011089,million_ars_current,official,indec_gdp_original,https://www.indec.gob.ar/ftp/cuadros/economia/sh_oferta_demanda_06_26.xls,f6a236be1884b47316c01b45d2145b7a8aee95d3766d9887848e635c8ab56538,2026-08-20T23:52:51Z
indec_private_consumption_current_quarterly,2011-Q1,quarterly,1263267.558523,million_ars_current,official,indec_gdp_original,https://www.indec.gob.ar/ftp/cuadros/economia/sh_oferta_demanda_06_26.xls,f6a236be1884b47316c01b45d2145b7a8aee95d3766d9887848e635c8ab56538,2026-08-20T23:52:51Z
indec_private_consumption_current_quarterly,2011-Q2,quarterly,1407332.329815,million_ars_current,official,indec_gdp_original,https://www.indec.gob.ar/ftp/cuadros/economia/sh_oferta_demanda_06_26.xls,f6a236be1884b47316c01b45d2145b7a8aee95d3766d9887848e635c8ab56538,2026-08-20T23:52:51Z
indec_private_consumption_current_quarterly,2011-Q3,quarterly,1462525.700753,million_ars_current,official,indec_gdp_original,https://www.indec.gob.ar/ftp/cuadros/economia/sh_oferta_demanda_06_26.xls,f6a236be1884b47316c01b45d2145b7a8aee95d3766d9887848e635c8ab56538,2026-08-20T23:52:51Z
indec_private_consumption_current_quarterly,2011-Q4,quarterly,1464379.531448,million_ars_current,official,indec_gdp_original,https://www.indec.gob.ar/ftp/cuadros/economia/sh_oferta_demanda_06_26.xls,f6a236be1884b47316c01b45d2145b7a8aee95d3766d9887848e635c8ab56538,2026-08-20T23:52:51Z
indec_private_consumption_current_quarterly,2012-Q1,quarterly,1557362.136736,million_ars_current,official,indec_gdp_original,https://www.indec.gob.ar/ftp/cuadros/economia/sh_oferta_demanda_06_26.xls,f6a236be1884b47316c01b45d2145b7a8aee95d3766d9887848e635c8ab56538,2026-08-20T23:52:51Z
indec_private_consumption_current_quarterly,2012-Q2,quarterly,1738478.525308,million_ars_current,official,indec_gdp_original,https://www.indec.gob.ar/ftp/cuadros/economia/sh_oferta_demanda_06_26.xls,f6a236be1884b47316c01b45d2145b7a8aee95d3766d9887848e635c8ab56538,2026-08-20T23:52:51Z
indec_private_consumption_current_quarterly,2012-Q3,quarterly,1767630.624626,million_ars_current,official,indec_gdp_original,https://www.indec.gob.ar/ftp/cuadros/economia/sh_oferta_demanda_06_26.xls,f6a236be1884b47316c01b45d2145b7a8aee95d3766d9887848e635c8ab56538,2026-08-20T23:52:51Z
indec_private_consumption_current_quarterly,2012-Q4,quarterly,1784911.725373,million_ars_current,official,indec_gdp_original,https://www.indec.gob.ar/ftp/cuadros/economia/sh_oferta_demanda_06_26.xls,f6a236be1884b47316c01b45d2145b7a8aee95d3766d9887848e635c8ab56538,2026-08-20T23:52:51Z
indec_private_consumption_current_quarterly,2013-Q1,quarterly,1948085.842746,million_ars_current,official,indec_gdp_original,https://www.indec.gob.ar/ftp/cuadros/economia/sh_oferta_demanda_06_26.xls,f6a236be1884b47316c01b45d2145b7a8aee95d3766d9887848e635c8ab56538,2026-08-20T23:52:51Z
indec_private_consumption_current_quarterly,2013-Q2,quarterly,2193026.263726,million_ars_current,official,indec_gdp_original,https://www.indec.gob.ar/ftp/cuadros/economia/sh_oferta_demanda_06_26.xls,f6a236be1884b47316c01b45d2145b7a8aee95d3766d9887848e635c8ab56538,2026-08-20T23:52:51Z
indec_private_consumption_current_quarterly,2013-Q3,quarterly,2293051.887073,million_ars_current,official,indec_gdp_original,https://www.indec.gob.ar/ftp/cuadros/economia/sh_oferta_demanda_06_26.xls,f6a236be1884b47316c01b45d2145b7a8aee95d3766d9887848e635c8ab56538,2026-08-20T23:52:51Z
indec_private_consumption_current_quarterly,2013-Q4,quarterly,2403705.037500,million_ars_current,official,indec_gdp_original,https://www.indec.gob.ar/ftp/cuadros/economia/sh_oferta_demanda_06_26.xls,f6a236be1884b47316c01b45d2145b7a8aee95d3766d9887848e635c8ab56538,2026-08-20T23:52:51Z
indec_private_consumption_current_quarterly,2014-Q1,quarterly,2760478.851901,million_ars_current,official,indec_gdp_original,https://www.indec.gob.ar/ftp/cuadros/economia/sh_oferta_demanda_06_26.xls,f6a236be1884b47316c01b45d2145b7a8aee95d3766d9887848e635c8ab56538,2026-08-20T23:52:51Z
indec_private_consumption_current_quarterly,2014-Q2,quarterly,2955020.074585,million_ars_current,official,indec_gdp_original,https://www.indec.gob.ar/ftp/cuadros/economia/sh_oferta_demanda_06_26.xls,f6a236be1884b47316c01b45d2145b7a8aee95d3766d9887848e635c8ab56538,2026-08-20T23:52:51Z
indec_private_consumption_current_quarterly,2014-Q3,quarterly,3052487.108041,million_ars_current,official,indec_gdp_original,https://www.indec.gob.ar/ftp/cuadros/economia/sh_oferta_demanda_06_26.xls,f6a236be1884b47316c01b45d2145b7a8aee95d3766d9887848e635c8ab56538,2026-08-20T23:52:51Z
indec_private_consumption_current_quarterly,2014-Q4,quarterly,3207804.878326,million_ars_current,official,indec_gdp_original,https://www.indec.gob.ar/ftp/cuadros/economia/sh_oferta_demanda_06_26.xls,f6a236be1884b47316c01b45d2145b7a8aee95d3766d9887848e635c8ab56538,2026-08-20T23:52:51Z
indec_private_consumption_current_quarterly,2015-Q1,quarterly,3519817.768083,million_ars_current,official,indec_gdp_original,https://www.indec.gob.ar/ftp/cuadros/economia/sh_oferta_demanda_06_26.xls,f6a236be1884b47316c01b45d2145b7a8aee95d3766d9887848e635c8ab56538,2026-08-20T23:52:51Z
indec_private_consumption_current_quarterly,2015-Q2,quarterly,3979552.265258,million_ars_current,official,indec_gdp_original,https://www.indec.gob.ar/ftp/cuadros/economia/sh_oferta_demanda_06_26.xls,f6a236be1884b47316c01b45d2145b7a8aee95d3766d9887848e635c8ab56538,2026-08-20T23:52:51Z
indec_private_consumption_current_quarterly,2015-Q3,quarterly,4034499.981430,million_ars_current,official,indec_gdp_original,https://www.indec.gob.ar/ftp/cuadros/economia/sh_oferta_demanda_06_26.xls,f6a236be1884b47316c01b45d2145b7a8aee95d3766d9887848e635c8ab56538,2026-08-20T23:52:51Z
indec_private_consumption_current_quarterly,2015-Q4,quarterly,4163611.047559,million_ars_current,official,indec_gdp_original,https://www.indec.gob.ar/ftp/cuadros/economia/sh_oferta_demanda_06_26.xls,f6a236be1884b47316c01b45d2145b7a8aee95d3766d9887848e635c8ab56538,2026-08-20T23:52:51Z
indec_private_consumption_current_quarterly,2016-Q1,quarterly,4828308.207967,million_ars_current,official,indec_gdp_original,https://www.indec.gob.ar/ftp/cuadros/economia/sh_oferta_demanda_06_26.xls,f6a236be1884b47316c01b45d2145b7a8aee95d3766d9887848e635c8ab56538,2026-08-20T23:52:51Z
indec_private_consumption_current_quarterly,2016-Q2,quarterly,5531903.238537,million_ars_current,official,indec_gdp_original,https://www.indec.gob.ar/ftp/cuadros/economia/sh_oferta_demanda_06_26.xls,f6a236be1884b47316c01b45d2145b7a8aee95d3766d9887848e635c8ab56538,2026-08-20T23:52:51Z
indec_private_consumption_current_quarterly,2016-Q3,quarterly,5624181.518856,million_ars_current,official,indec_gdp_original,https://www.indec.gob.ar/ftp/cuadros/economia/sh_oferta_demanda_06_26.xls,f6a236be1884b47316c01b45d2145b7a8aee95d3766d9887848e635c8ab56538,2026-08-20T23:52:51Z
indec_private_consumption_current_quarterly,2016-Q4,quarterly,5646415.407855,million_ars_current,official,indec_gdp_original,https://www.indec.gob.ar/ftp/cuadros/economia/sh_oferta_demanda_06_26.xls,f6a236be1884b47316c01b45d2145b7a8aee95d3766d9887848e635c8ab56538,2026-08-20T23:52:51Z
indec_private_consumption_current_quarterly,2017-Q1,quarterly,6452494.867485,million_ars_current,official,indec_gdp_original,https://www.indec.gob.ar/ftp/cuadros/economia/sh_oferta_demanda_06_26.xls,f6a236be1884b47316c01b45d2145b7a8aee95d3766d9887848e635c8ab56538,2026-08-20T23:52:51Z
indec_private_consumption_current_quarterly,2017-Q2,quarterly,7222060.253297,million_ars_current,official,indec_gdp_original,https://www.indec.gob.ar/ftp/cuadros/economia/sh_oferta_demanda_06_26.xls,f6a236be1884b47316c01b45d2145b7a8aee95d3766d9887848e635c8ab56538,2026-08-20T23:52:51Z
indec_private_consumption_current_quarterly,2017-Q3,quarterly,7389754.589204,million_ars_current,official,indec_gdp_original,https://www.indec.gob.ar/ftp/cuadros/economia/sh_oferta_demanda_06_26.xls,f6a236be1884b47316c01b45d2145b7a8aee95d3766d9887848e635c8ab56538,2026-08-20T23:52:51Z
indec_private_consumption_current_quarterly,2017-Q4,quarterly,7394054.340092,million_ars_current,official,indec_gdp_original,https://www.indec.gob.ar/ftp/cuadros/economia/sh_oferta_demanda_06_26.xls,f6a236be1884b47316c01b45d2145b7a8aee95d3766d9887848e635c8ab56538,2026-08-20T23:52:51Z
indec_private_consumption_current_quarterly,2018-Q1,quarterly,8985619.314472,million_ars_current,official,indec_gdp_original,https://www.indec.gob.ar/ftp/cuadros/economia/sh_oferta_demanda_06_26.xls,f6a236be1884b47316c01b45d2145b7a8aee95d3766d9887848e635c8ab56538,2026-08-20T23:52:51Z
indec_private_consumption_current_quarterly,2018-Q2,quarterly,10330546.935143,million_ars_current,official,indec_gdp_original,https://www.indec.gob.ar/ftp/cuadros/economia/sh_oferta_demanda_06_26.xls,f6a236be1884b47316c01b45d2145b7a8aee95d3766d9887848e635c8ab56538,2026-08-20T23:52:51Z
indec_private_consumption_current_quarterly,2018-Q3,quarterly,10818287.266995,million_ars_current,official,indec_gdp_original,https://www.indec.gob.ar/ftp/cuadros/economia/sh_oferta_demanda_06_26.xls,f6a236be1884b47316c01b45d2145b7a8aee95d3766d9887848e635c8ab56538,2026-08-20T23:52:51Z
indec_private_consumption_current_quarterly,2018-Q4,quarterly,10838533.902791,million_ars_current,official,indec_gdp_original,https://www.indec.gob.ar/ftp/cuadros/economia/sh_oferta_demanda_06_26.xls,f6a236be1884b47316c01b45d2145b7a8aee95d3766d9887848e635c8ab56538,2026-08-20T23:52:51Z
indec_private_consumption_current_quarterly,2019-Q1,quarterly,12506829.117932,million_ars_current,official,indec_gdp_original,https://www.indec.gob.ar/ftp/cuadros/economia/sh_oferta_demanda_06_26.xls,f6a236be1884b47316c01b45d2145b7a8aee95d3766d9887848e635c8ab56538,2026-08-20T23:52:51Z
indec_private_consumption_current_quarterly,2019-Q2,quarterly,14726541.986569,million_ars_current,official,indec_gdp_original,https://www.indec.gob.ar/ftp/cuadros/economia/sh_oferta_demanda_06_26.xls,f6a236be1884b47316c01b45d2145b7a8aee95d3766d9887848e635c8ab56538,2026-08-20T23:52:51Z
indec_private_consumption_current_quarterly,2019-Q3,quarterly,14448983.823250,million_ars_current,official,indec_gdp_original,https://www.indec.gob.ar/ftp/cuadros/economia/sh_oferta_demanda_06_26.xls,f6a236be1884b47316c01b45d2145b7a8aee95d3766d9887848e635c8ab56538,2026-08-20T23:52:51Z
indec_private_consumption_current_quarterly,2019-Q4,quarterly,15341960.115296,million_ars_current,official,indec_gdp_original,https://www.indec.gob.ar/ftp/cuadros/economia/sh_oferta_demanda_06_26.xls,f6a236be1884b47316c01b45d2145b7a8aee95d3766d9887848e635c8ab56538,2026-08-20T23:52:51Z
indec_private_consumption_current_quarterly,2020-Q1,quarterly,17610147.710212,million_ars_current,official,indec_gdp_original,https://www.indec.gob.ar/ftp/cuadros/economia/sh_oferta_demanda_06_26.xls,f6a236be1884b47316c01b45d2145b7a8aee95d3766d9887848e635c8ab56538,2026-08-20T23:52:51Z
indec_private_consumption_current_quarterly,2020-Q2,quarterly,16394879.795358,million_ars_current,official,indec_gdp_original,https://www.indec.gob.ar/ftp/cuadros/economia/sh_oferta_demanda_06_26.xls,f6a236be1884b47316c01b45d2145b7a8aee95d3766d9887848e635c8ab56538,2026-08-20T23:52:51Z
indec_private_consumption_current_quarterly,2020-Q3,quarterly,17443145.176057,million_ars_current,official,indec_gdp_original,https://www.indec.gob.ar/ftp/cuadros/economia/sh_oferta_demanda_06_26.xls,f6a236be1884b47316c01b45d2145b7a8aee95d3766d9887848e635c8ab56538,2026-08-20T23:52:51Z
indec_private_consumption_current_quarterly,2020-Q4,quarterly,20064341.742085,million_ars_current,official,indec_gdp_original,https://www.indec.gob.ar/ftp/cuadros/economia/sh_oferta_demanda_06_26.xls,f6a236be1884b47316c01b45d2145b7a8aee95d3766d9887848e635c8ab56538,2026-08-20T23:52:51Z
indec_private_consumption_current_quarterly,2021-Q1,quarterly,24629078.749412,million_ars_current,official,indec_gdp_original,https://www.indec.gob.ar/ftp/cuadros/economia/sh_oferta_demanda_06_26.xls,f6a236be1884b47316c01b45d2145b7a8aee95d3766d9887848e635c8ab56538,2026-08-20T23:52:51Z
indec_private_consumption_current_quarterly,2021-Q2,quarterly,29481554.959085,million_ars_current,official,indec_gdp_original,https://www.indec.gob.ar/ftp/cuadros/economia/sh_oferta_demanda_06_26.xls,f6a236be1884b47316c01b45d2145b7a8aee95d3766d9887848e635c8ab56538,2026-08-20T23:52:51Z
indec_private_consumption_current_quarterly,2021-Q3,quarterly,28914823.003487,million_ars_current,official,indec_gdp_original,https://www.indec.gob.ar/ftp/cuadros/economia/sh_oferta_demanda_06_26.xls,f6a236be1884b47316c01b45d2145b7a8aee95d3766d9887848e635c8ab56538,2026-08-20T23:52:51Z
indec_private_consumption_current_quarterly,2021-Q4,quarterly,33360045.128001,million_ars_current,official,indec_gdp_original,https://www.indec.gob.ar/ftp/cuadros/economia/sh_oferta_demanda_06_26.xls,f6a236be1884b47316c01b45d2145b7a8aee95d3766d9887848e635c8ab56538,2026-08-20T23:52:51Z
indec_private_consumption_current_quarterly,2022-Q1,quarterly,41374961.887745,million_ars_current,official,indec_gdp_original,https://www.indec.gob.ar/ftp/cuadros/economia/sh_oferta_demanda_06_26.xls,f6a236be1884b47316c01b45d2145b7a8aee95d3766d9887848e635c8ab56538,2026-08-20T23:52:51Z
indec_private_consumption_current_quarterly,2022-Q2,quarterly,53232611.060796,million_ars_current,official,indec_gdp_original,https://www.indec.gob.ar/ftp/cuadros/economia/sh_oferta_demanda_06_26.xls,f6a236be1884b47316c01b45d2145b7a8aee95d3766d9887848e635c8ab56538,2026-08-20T23:52:51Z
indec_private_consumption_current_quarterly,2022-Q3,quarterly,56507068.844351,million_ars_current,official,indec_gdp_original,https://www.indec.gob.ar/ftp/cuadros/economia/sh_oferta_demanda_06_26.xls,f6a236be1884b47316c01b45d2145b7a8aee95d3766d9887848e635c8ab56538,2026-08-20T23:52:51Z
indec_private_consumption_current_quarterly,2022-Q4,quarterly,67267533.804344,million_ars_current,official,indec_gdp_original,https://www.indec.gob.ar/ftp/cuadros/economia/sh_oferta_demanda_06_26.xls,f6a236be1884b47316c01b45d2145b7a8aee95d3766d9887848e635c8ab56538,2026-08-20T23:52:51Z
indec_private_consumption_current_quarterly,2023-Q1,quarterly,83215905.710842,million_ars_current,official,indec_gdp_original,https://www.indec.gob.ar/ftp/cuadros/economia/sh_oferta_demanda_06_26.xls,f6a236be1884b47316c01b45d2145b7a8aee95d3766d9887848e635c8ab56538,2026-08-20T23:52:51Z
indec_private_consumption_current_quarterly,2023-Q2,quarterly,106194078.821305,million_ars_current,official,indec_gdp_original,https://www.indec.gob.ar/ftp/cuadros/economia/sh_oferta_demanda_06_26.xls,f6a236be1884b47316c01b45d2145b7a8aee95d3766d9887848e635c8ab56538,2026-08-20T23:52:51Z
indec_private_consumption_current_quarterly,2023-Q3,quarterly,136427189.733280,million_ars_current,official,indec_gdp_original,https://www.indec.gob.ar/ftp/cuadros/economia/sh_oferta_demanda_06_26.xls,f6a236be1884b47316c01b45d2145b7a8aee95d3766d9887848e635c8ab56538,2026-08-20T23:52:51Z
indec_private_consumption_current_quarterly,2023-Q4,quarterly,184361163.351152,million_ars_current,official,indec_gdp_original,https://www.indec.gob.ar/ftp/cuadros/economia/sh_oferta_demanda_06_26.xls,f6a236be1884b47316c01b45d2145b7a8aee95d3766d9887848e635c8ab56538,2026-08-20T23:52:51Z
indec_private_consumption_current_quarterly,2024-Q1,quarterly,298350491.597111,million_ars_current,official,indec_gdp_original,https://www.indec.gob.ar/ftp/cuadros/economia/sh_oferta_demanda_06_26.xls,f6a236be1884b47316c01b45d2145b7a8aee95d3766d9887848e635c8ab56538,2026-08-20T23:52:51Z
indec_private_consumption_current_quarterly,2024-Q2,quarterly,362548495.084563,million_ars_current,official,indec_gdp_original,https://www.indec.gob.ar/ftp/cuadros/economia/sh_oferta_demanda_06_26.xls,f6a236be1884b47316c01b45d2145b7a8aee95d3766d9887848e635c8ab56538,2026-08-20T23:52:51Z
indec_private_consumption_current_quarterly,2024-Q3,quarterly,431724973.306797,million_ars_current,official,indec_gdp_original,https://www.indec.gob.ar/ftp/cuadros/economia/sh_oferta_demanda_06_26.xls,f6a236be1884b47316c01b45d2145b7a8aee95d3766d9887848e635c8ab56538,2026-08-20T23:52:51Z
indec_private_consumption_current_quarterly,2024-Q4,quarterly,482160912.148028,million_ars_current,official,indec_gdp_original,https://www.indec.gob.ar/ftp/cuadros/economia/sh_oferta_demanda_06_26.xls,f6a236be1884b47316c01b45d2145b7a8aee95d3766d9887848e635c8ab56538,2026-08-20T23:52:51Z
indec_private_consumption_current_quarterly,2025-Q1,quarterly,562163487.084508,million_ars_current,official,indec_gdp_original,https://www.indec.gob.ar/ftp/cuadros/economia/sh_oferta_demanda_06_26.xls,f6a236be1884b47316c01b45d2145b7a8aee95d3766d9887848e635c8ab56538,2026-08-20T23:52:51Z
indec_private_consumption_current_quarterly,2025-Q2,quarterly,580202719.252706,million_ars_current,official,indec_gdp_original,https://www.indec.gob.ar/ftp/cuadros/economia/sh_oferta_demanda_06_26.xls,f6a236be1884b47316c01b45d2145b7a8aee95d3766d9887848e635c8ab56538,2026-08-20T23:52:51Z
indec_private_consumption_current_quarterly,2025-Q3,quarterly,609888243.381583,million_ars_current,official,indec_gdp_original,https://www.indec.gob.ar/ftp/cuadros/economia/sh_oferta_demanda_06_26.xls,f6a236be1884b47316c01b45d2145b7a8aee95d3766d9887848e635c8ab56538,2026-08-20T23:52:51Z
indec_private_consumption_current_quarterly,2025-Q4,quarterly,656592117.884056,million_ars_current,official,indec_gdp_original,https://www.indec.gob.ar/ftp/cuadros/economia/sh_oferta_demanda_06_26.xls,f6a236be1884b47316c01b45d2145b7a8aee95d3766d9887848e635c8ab56538,2026-08-20T23:52:51Z
indec_private_consumption_current_quarterly,2026-Q1,quarterly,763296947.808702,million_ars_current,official,indec_gdp_original,https://www.indec.gob.ar/ftp/cuadros/economia/sh_oferta_demanda_06_26.xls,f6a236be1884b47316c01b45d2145b7a8aee95d3766d9887848e635c8ab56538,2026-08-20T23:52:51Z
indec_private_consumption_gdp_share_annual,2004,annual,64.331501,percent_gdp,official,indec_gdp_original,https://www.indec.gob.ar/ftp/cuadros/economia/sh_oferta_demanda_06_26.xls,f6a236be1884b47316c01b45d2145b7a8aee95d3766d9887848e635c8ab56538,2026-08-20T23:52:51Z
indec_private_consumption_gdp_share_annual,2005,annual,63.029392,percent_gdp,official,indec_gdp_original,https://www.indec.gob.ar/ftp/cuadros/economia/sh_oferta_demanda_06_26.xls,f6a236be1884b47316c01b45d2145b7a8aee95d3766d9887848e635c8ab56538,2026-08-20T23:52:51Z
indec_private_consumption_gdp_share_annual,2006,annual,63.270188,percent_gdp,official,indec_gdp_original,https://www.indec.gob.ar/ftp/cuadros/economia/sh_oferta_demanda_06_26.xls,f6a236be1884b47316c01b45d2145b7a8aee95d3766d9887848e635c8ab56538,2026-08-20T23:52:51Z
indec_private_consumption_gdp_share_annual,2007,annual,62.531233,percent_gdp,official,indec_gdp_original,https://www.indec.gob.ar/ftp/cuadros/economia/sh_oferta_demanda_06_26.xls,f6a236be1884b47316c01b45d2145b7a8aee95d3766d9887848e635c8ab56538,2026-08-20T23:52:51Z
indec_private_consumption_gdp_share_annual,2008,annual,63.074583,percent_gdp,official,indec_gdp_original,https://www.indec.gob.ar/ftp/cuadros/economia/sh_oferta_demanda_06_26.xls,f6a236be1884b47316c01b45d2145b7a8aee95d3766d9887848e635c8ab56538,2026-08-20T23:52:51Z
indec_private_consumption_gdp_share_annual,2009,annual,62.978148,percent_gdp,official,indec_gdp_original,https://www.indec.gob.ar/ftp/cuadros/economia/sh_oferta_demanda_06_26.xls,f6a236be1884b47316c01b45d2145b7a8aee95d3766d9887848e635c8ab56538,2026-08-20T23:52:51Z
indec_private_consumption_gdp_share_annual,2010,annual,64.234115,percent_gdp,official,indec_gdp_original,https://www.indec.gob.ar/ftp/cuadros/economia/sh_oferta_demanda_06_26.xls,f6a236be1884b47316c01b45d2145b7a8aee95d3766d9887848e635c8ab56538,2026-08-20T23:52:51Z
indec_private_consumption_gdp_share_annual,2011,annual,64.220321,percent_gdp,official,indec_gdp_original,https://www.indec.gob.ar/ftp/cuadros/economia/sh_oferta_demanda_06_26.xls,f6a236be1884b47316c01b45d2145b7a8aee95d3766d9887848e635c8ab56538,2026-08-20T23:52:51Z
indec_private_consumption_gdp_share_annual,2012,annual,64.903399,percent_gdp,official,indec_gdp_original,https://www.indec.gob.ar/ftp/cuadros/economia/sh_oferta_demanda_06_26.xls,f6a236be1884b47316c01b45d2145b7a8aee95d3766d9887848e635c8ab56538,2026-08-20T23:52:51Z
indec_private_consumption_gdp_share_annual,2013,annual,65.987566,percent_gdp,official,indec_gdp_original,https://www.indec.gob.ar/ftp/cuadros/economia/sh_oferta_demanda_06_26.xls,f6a236be1884b47316c01b45d2145b7a8aee95d3766d9887848e635c8ab56538,2026-08-20T23:52:51Z
indec_private_consumption_gdp_share_annual,2014,annual,65.383080,percent_gdp,official,indec_gdp_original,https://www.indec.gob.ar/ftp/cuadros/economia/sh_oferta_demanda_06_26.xls,f6a236be1884b47316c01b45d2145b7a8aee95d3766d9887848e635c8ab56538,2026-08-20T23:52:51Z
indec_private_consumption_gdp_share_annual,2015,annual,65.905837,percent_gdp,official,indec_gdp_original,https://www.indec.gob.ar/ftp/cuadros/economia/sh_oferta_demanda_06_26.xls,f6a236be1884b47316c01b45d2145b7a8aee95d3766d9887848e635c8ab56538,2026-08-20T23:52:51Z
indec_private_consumption_gdp_share_annual,2016,annual,65.721891,percent_gdp,official,indec_gdp_original,https://www.indec.gob.ar/ftp/cuadros/economia/sh_oferta_demanda_06_26.xls,f6a236be1884b47316c01b45d2145b7a8aee95d3766d9887848e635c8ab56538,2026-08-20T23:52:51Z
indec_private_consumption_gdp_share_annual,2017,annual,66.739573,percent_gdp,official,indec_gdp_original,https://www.indec.gob.ar/ftp/cuadros/economia/sh_oferta_demanda_06_26.xls,f6a236be1884b47316c01b45d2145b7a8aee95d3766d9887848e635c8ab56538,2026-08-20T23:52:51Z
indec_private_consumption_gdp_share_annual,2018,annual,69.470182,percent_gdp,official,indec_gdp_original,https://www.indec.gob.ar/ftp/cuadros/economia/sh_oferta_demanda_06_26.xls,f6a236be1884b47316c01b45d2145b7a8aee95d3766d9887848e635c8ab56538,2026-08-20T23:52:51Z
indec_private_consumption_gdp_share_annual,2019,annual,66.127586,percent_gdp,official,indec_gdp_original,https://www.indec.gob.ar/ftp/cuadros/economia/sh_oferta_demanda_06_26.xls,f6a236be1884b47316c01b45d2145b7a8aee95d3766d9887848e635c8ab56538,2026-08-20T23:52:51Z
indec_private_consumption_gdp_share_annual,2020,annual,65.704707,percent_gdp,official,indec_gdp_original,https://www.indec.gob.ar/ftp/cuadros/economia/sh_oferta_demanda_06_26.xls,f6a236be1884b47316c01b45d2145b7a8aee95d3766d9887848e635c8ab56538,2026-08-20T23:52:51Z
indec_private_consumption_gdp_share_annual,2021,annual,62.953164,percent_gdp,official,indec_gdp_original,https://www.indec.gob.ar/ftp/cuadros/economia/sh_oferta_demanda_06_26.xls,f6a236be1884b47316c01b45d2145b7a8aee95d3766d9887848e635c8ab56538,2026-08-20T23:52:51Z
indec_private_consumption_gdp_share_annual,2022,annual,65.928649,percent_gdp,official,indec_gdp_original,https://www.indec.gob.ar/ftp/cuadros/economia/sh_oferta_demanda_06_26.xls,f6a236be1884b47316c01b45d2145b7a8aee95d3766d9887848e635c8ab56538,2026-08-20T23:52:51Z
indec_private_consumption_gdp_share_annual,2023,annual,65.765454,percent_gdp,official,indec_gdp_original,https://www.indec.gob.ar/ftp/cuadros/economia/sh_oferta_demanda_06_26.xls,f6a236be1884b47316c01b45d2145b7a8aee95d3766d9887848e635c8ab56538,2026-08-20T23:52:51Z
indec_private_consumption_gdp_share_annual,2024,annual,67.370244,percent_gdp,official,indec_gdp_original,https://www.indec.gob.ar/ftp/cuadros/economia/sh_oferta_demanda_06_26.xls,f6a236be1884b47316c01b45d2145b7a8aee95d3766d9887848e635c8ab56538,2026-08-20T23:52:51Z
indec_private_consumption_gdp_share_annual,2025,annual,70.828447,percent_gdp,official,indec_gdp_original,https://www.indec.gob.ar/ftp/cuadros/economia/sh_oferta_demanda_06_26.xls,f6a236be1884b47316c01b45d2145b7a8aee95d3766d9887848e635c8ab56538,2026-08-20T23:52:51Z
indec_private_consumption_gdp_share_quarterly,2004-Q1,quarterly,66.467272,percent_gdp,official,indec_gdp_original,https://www.indec.gob.ar/ftp/cuadros/economia/sh_oferta_demanda_06_26.xls,f6a236be1884b47316c01b45d2145b7a8aee95d3766d9887848e635c8ab56538,2026-08-20T23:52:51Z
indec_private_consumption_gdp_share_quarterly,2004-Q2,quarterly,65.632097,percent_gdp,official,indec_gdp_original,https://www.indec.gob.ar/ftp/cuadros/economia/sh_oferta_demanda_06_26.xls,f6a236be1884b47316c01b45d2145b7a8aee95d3766d9887848e635c8ab56538,2026-08-20T23:52:51Z
indec_private_consumption_gdp_share_quarterly,2004-Q3,quarterly,64.460866,percent_gdp,official,indec_gdp_original,https://www.indec.gob.ar/ftp/cuadros/economia/sh_oferta_demanda_06_26.xls,f6a236be1884b47316c01b45d2145b7a8aee95d3766d9887848e635c8ab56538,2026-08-20T23:52:51Z
indec_private_consumption_gdp_share_quarterly,2004-Q4,quarterly,61.025617,percent_gdp,official,indec_gdp_original,https://www.indec.gob.ar/ftp/cuadros/economia/sh_oferta_demanda_06_26.xls,f6a236be1884b47316c01b45d2145b7a8aee95d3766d9887848e635c8ab56538,2026-08-20T23:52:51Z
indec_private_consumption_gdp_share_quarterly,2005-Q1,quarterly,64.496089,percent_gdp,official,indec_gdp_original,https://www.indec.gob.ar/ftp/cuadros/economia/sh_oferta_demanda_06_26.xls,f6a236be1884b47316c01b45d2145b7a8aee95d3766d9887848e635c8ab56538,2026-08-20T23:52:51Z
indec_private_consumption_gdp_share_quarterly,2005-Q2,quarterly,66.080003,percent_gdp,official,indec_gdp_original,https://www.indec.gob.ar/ftp/cuadros/economia/sh_oferta_demanda_06_26.xls,f6a236be1884b47316c01b45d2145b7a8aee95d3766d9887848e635c8ab56538,2026-08-20T23:52:51Z
indec_private_consumption_gdp_share_quarterly,2005-Q3,quarterly,62.740701,percent_gdp,official,indec_gdp_original,https://www.indec.gob.ar/ftp/cuadros/economia/sh_oferta_demanda_06_26.xls,f6a236be1884b47316c01b45d2145b7a8aee95d3766d9887848e635c8ab56538,2026-08-20T23:52:51Z
indec_private_consumption_gdp_share_quarterly,2005-Q4,quarterly,59.137182,percent_gdp,official,indec_gdp_original,https://www.indec.gob.ar/ftp/cuadros/economia/sh_oferta_demanda_06_26.xls,f6a236be1884b47316c01b45d2145b7a8aee95d3766d9887848e635c8ab56538,2026-08-20T23:52:51Z
indec_private_consumption_gdp_share_quarterly,2006-Q1,quarterly,65.367412,percent_gdp,official,indec_gdp_original,https://www.indec.gob.ar/ftp/cuadros/economia/sh_oferta_demanda_06_26.xls,f6a236be1884b47316c01b45d2145b7a8aee95d3766d9887848e635c8ab56538,2026-08-20T23:52:51Z
indec_private_consumption_gdp_share_quarterly,2006-Q2,quarterly,64.913735,percent_gdp,official,indec_gdp_original,https://www.indec.gob.ar/ftp/cuadros/economia/sh_oferta_demanda_06_26.xls,f6a236be1884b47316c01b45d2145b7a8aee95d3766d9887848e635c8ab56538,2026-08-20T23:52:51Z
indec_private_consumption_gdp_share_quarterly,2006-Q3,quarterly,64.407970,percent_gdp,official,indec_gdp_original,https://www.indec.gob.ar/ftp/cuadros/economia/sh_oferta_demanda_06_26.xls,f6a236be1884b47316c01b45d2145b7a8aee95d3766d9887848e635c8ab56538,2026-08-20T23:52:51Z
indec_private_consumption_gdp_share_quarterly,2006-Q4,quarterly,58.844240,percent_gdp,official,indec_gdp_original,https://www.indec.gob.ar/ftp/cuadros/economia/sh_oferta_demanda_06_26.xls,f6a236be1884b47316c01b45d2145b7a8aee95d3766d9887848e635c8ab56538,2026-08-20T23:52:51Z
indec_private_consumption_gdp_share_quarterly,2007-Q1,quarterly,65.422136,percent_gdp,official,indec_gdp_original,https://www.indec.gob.ar/ftp/cuadros/economia/sh_oferta_demanda_06_26.xls,f6a236be1884b47316c01b45d2145b7a8aee95d3766d9887848e635c8ab56538,2026-08-20T23:52:51Z
indec_private_consumption_gdp_share_quarterly,2007-Q2,quarterly,63.716111,percent_gdp,official,indec_gdp_original,https://www.indec.gob.ar/ftp/cuadros/economia/sh_oferta_demanda_06_26.xls,f6a236be1884b47316c01b45d2145b7a8aee95d3766d9887848e635c8ab56538,2026-08-20T23:52:51Z
indec_private_consumption_gdp_share_quarterly,2007-Q3,quarterly,64.482625,percent_gdp,official,indec_gdp_original,https://www.indec.gob.ar/ftp/cuadros/economia/sh_oferta_demanda_06_26.xls,f6a236be1884b47316c01b45d2145b7a8aee95d3766d9887848e635c8ab56538,2026-08-20T23:52:51Z
indec_private_consumption_gdp_share_quarterly,2007-Q4,quarterly,57.412039,percent_gdp,official,indec_gdp_original,https://www.indec.gob.ar/ftp/cuadros/economia/sh_oferta_demanda_06_26.xls,f6a236be1884b47316c01b45d2145b7a8aee95d3766d9887848e635c8ab56538,2026-08-20T23:52:51Z
indec_private_consumption_gdp_share_quarterly,2008-Q1,quarterly,65.300748,percent_gdp,official,indec_gdp_original,https://www.indec.gob.ar/ftp/cuadros/economia/sh_oferta_demanda_06_26.xls,f6a236be1884b47316c01b45d2145b7a8aee95d3766d9887848e635c8ab56538,2026-08-20T23:52:51Z
indec_private_consumption_gdp_share_quarterly,2008-Q2,quarterly,64.790346,percent_gdp,official,indec_gdp_original,https://www.indec.gob.ar/ftp/cuadros/economia/sh_oferta_demanda_06_26.xls,f6a236be1884b47316c01b45d2145b7a8aee95d3766d9887848e635c8ab56538,2026-08-20T23:52:51Z
indec_private_consumption_gdp_share_quarterly,2008-Q3,quarterly,62.153690,percent_gdp,official,indec_gdp_original,https://www.indec.gob.ar/ftp/cuadros/economia/sh_oferta_demanda_06_26.xls,f6a236be1884b47316c01b45d2145b7a8aee95d3766d9887848e635c8ab56538,2026-08-20T23:52:51Z
indec_private_consumption_gdp_share_quarterly,2008-Q4,quarterly,60.258624,percent_gdp,official,indec_gdp_original,https://www.indec.gob.ar/ftp/cuadros/economia/sh_oferta_demanda_06_26.xls,f6a236be1884b47316c01b45d2145b7a8aee95d3766d9887848e635c8ab56538,2026-08-20T23:52:51Z
indec_private_consumption_gdp_share_quarterly,2009-Q1,quarterly,67.030278,percent_gdp,official,indec_gdp_original,https://www.indec.gob.ar/ftp/cuadros/economia/sh_oferta_demanda_06_26.xls,f6a236be1884b47316c01b45d2145b7a8aee95d3766d9887848e635c8ab56538,2026-08-20T23:52:51Z
indec_private_consumption_gdp_share_quarterly,2009-Q2,quarterly,62.586052,percent_gdp,official,indec_gdp_original,https://www.indec.gob.ar/ftp/cuadros/economia/sh_oferta_demanda_06_26.xls,f6a236be1884b47316c01b45d2145b7a8aee95d3766d9887848e635c8ab56538,2026-08-20T23:52:51Z
indec_private_consumption_gdp_share_quarterly,2009-Q3,quarterly,63.929663,percent_gdp,official,indec_gdp_original,https://www.indec.gob.ar/ftp/cuadros/economia/sh_oferta_demanda_06_26.xls,f6a236be1884b47316c01b45d2145b7a8aee95d3766d9887848e635c8ab56538,2026-08-20T23:52:51Z
indec_private_consumption_gdp_share_quarterly,2009-Q4,quarterly,59.131399,percent_gdp,official,indec_gdp_original,https://www.indec.gob.ar/ftp/cuadros/economia/sh_oferta_demanda_06_26.xls,f6a236be1884b47316c01b45d2145b7a8aee95d3766d9887848e635c8ab56538,2026-08-20T23:52:51Z
indec_private_consumption_gdp_share_quarterly,2010-Q1,quarterly,67.372570,percent_gdp,official,indec_gdp_original,https://www.indec.gob.ar/ftp/cuadros/economia/sh_oferta_demanda_06_26.xls,f6a236be1884b47316c01b45d2145b7a8aee95d3766d9887848e635c8ab56538,2026-08-20T23:52:51Z
indec_private_consumption_gdp_share_quarterly,2010-Q2,quarterly,63.718981,percent_gdp,official,indec_gdp_original,https://www.indec.gob.ar/ftp/cuadros/economia/sh_oferta_demanda_06_26.xls,f6a236be1884b47316c01b45d2145b7a8aee95d3766d9887848e635c8ab56538,2026-08-20T23:52:51Z
indec_private_consumption_gdp_share_quarterly,2010-Q3,quarterly,64.181514,percent_gdp,official,indec_gdp_original,https://www.indec.gob.ar/ftp/cuadros/economia/sh_oferta_demanda_06_26.xls,f6a236be1884b47316c01b45d2145b7a8aee95d3766d9887848e635c8ab56538,2026-08-20T23:52:51Z
indec_private_consumption_gdp_share_quarterly,2010-Q4,quarterly,62.323706,percent_gdp,official,indec_gdp_original,https://www.indec.gob.ar/ftp/cuadros/economia/sh_oferta_demanda_06_26.xls,f6a236be1884b47316c01b45d2145b7a8aee95d3766d9887848e635c8ab56538,2026-08-20T23:52:51Z
indec_private_consumption_gdp_share_quarterly,2011-Q1,quarterly,66.881057,percent_gdp,official,indec_gdp_original,https://www.indec.gob.ar/ftp/cuadros/economia/sh_oferta_demanda_06_26.xls,f6a236be1884b47316c01b45d2145b7a8aee95d3766d9887848e635c8ab56538,2026-08-20T23:52:51Z
indec_private_consumption_gdp_share_quarterly,2011-Q2,quarterly,62.908110,percent_gdp,official,indec_gdp_original,https://www.indec.gob.ar/ftp/cuadros/economia/sh_oferta_demanda_06_26.xls,f6a236be1884b47316c01b45d2145b7a8aee95d3766d9887848e635c8ab56538,2026-08-20T23:52:51Z
indec_private_consumption_gdp_share_quarterly,2011-Q3,quarterly,64.987069,percent_gdp,official,indec_gdp_original,https://www.indec.gob.ar/ftp/cuadros/economia/sh_oferta_demanda_06_26.xls,f6a236be1884b47316c01b45d2145b7a8aee95d3766d9887848e635c8ab56538,2026-08-20T23:52:51Z
indec_private_consumption_gdp_share_quarterly,2011-Q4,quarterly,62.589465,percent_gdp,official,indec_gdp_original,https://www.indec.gob.ar/ftp/cuadros/economia/sh_oferta_demanda_06_26.xls,f6a236be1884b47316c01b45d2145b7a8aee95d3766d9887848e635c8ab56538,2026-08-20T23:52:51Z
indec_private_consumption_gdp_share_quarterly,2012-Q1,quarterly,66.396187,percent_gdp,official,indec_gdp_original,https://www.indec.gob.ar/ftp/cuadros/economia/sh_oferta_demanda_06_26.xls,f6a236be1884b47316c01b45d2145b7a8aee95d3766d9887848e635c8ab56538,2026-08-20T23:52:51Z
indec_private_consumption_gdp_share_quarterly,2012-Q2,quarterly,65.575791,percent_gdp,official,indec_gdp_original,https://www.indec.gob.ar/ftp/cuadros/economia/sh_oferta_demanda_06_26.xls,f6a236be1884b47316c01b45d2145b7a8aee95d3766d9887848e635c8ab56538,2026-08-20T23:52:51Z
indec_private_consumption_gdp_share_quarterly,2012-Q3,quarterly,65.350955,percent_gdp,official,indec_gdp_original,https://www.indec.gob.ar/ftp/cuadros/economia/sh_oferta_demanda_06_26.xls,f6a236be1884b47316c01b45d2145b7a8aee95d3766d9887848e635c8ab56538,2026-08-20T23:52:51Z
indec_private_consumption_gdp_share_quarterly,2012-Q4,quarterly,62.624742,percent_gdp,official,indec_gdp_original,https://www.indec.gob.ar/ftp/cuadros/economia/sh_oferta_demanda_06_26.xls,f6a236be1884b47316c01b45d2145b7a8aee95d3766d9887848e635c8ab56538,2026-08-20T23:52:51Z
indec_private_consumption_gdp_share_quarterly,2013-Q1,quarterly,67.431594,percent_gdp,official,indec_gdp_original,https://www.indec.gob.ar/ftp/cuadros/economia/sh_oferta_demanda_06_26.xls,f6a236be1884b47316c01b45d2145b7a8aee95d3766d9887848e635c8ab56538,2026-08-20T23:52:51Z
indec_private_consumption_gdp_share_quarterly,2013-Q2,quarterly,64.732841,percent_gdp,official,indec_gdp_original,https://www.indec.gob.ar/ftp/cuadros/economia/sh_oferta_demanda_06_26.xls,f6a236be1884b47316c01b45d2145b7a8aee95d3766d9887848e635c8ab56538,2026-08-20T23:52:51Z
indec_private_consumption_gdp_share_quarterly,2013-Q3,quarterly,66.725472,percent_gdp,official,indec_gdp_original,https://www.indec.gob.ar/ftp/cuadros/economia/sh_oferta_demanda_06_26.xls,f6a236be1884b47316c01b45d2145b7a8aee95d3766d9887848e635c8ab56538,2026-08-20T23:52:51Z
indec_private_consumption_gdp_share_quarterly,2013-Q4,quarterly,65.319924,percent_gdp,official,indec_gdp_original,https://www.indec.gob.ar/ftp/cuadros/economia/sh_oferta_demanda_06_26.xls,f6a236be1884b47316c01b45d2145b7a8aee95d3766d9887848e635c8ab56538,2026-08-20T23:52:51Z
indec_private_consumption_gdp_share_quarterly,2014-Q1,quarterly,70.462641,percent_gdp,official,indec_gdp_original,https://www.indec.gob.ar/ftp/cuadros/economia/sh_oferta_demanda_06_26.xls,f6a236be1884b47316c01b45d2145b7a8aee95d3766d9887848e635c8ab56538,2026-08-20T23:52:51Z
indec_private_consumption_gdp_share_quarterly,2014-Q2,quarterly,62.837612,percent_gdp,official,indec_gdp_original,https://www.indec.gob.ar/ftp/cuadros/economia/sh_oferta_demanda_06_26.xls,f6a236be1884b47316c01b45d2145b7a8aee95d3766d9887848e635c8ab56538,2026-08-20T23:52:51Z
indec_private_consumption_gdp_share_quarterly,2014-Q3,quarterly,65.147478,percent_gdp,official,indec_gdp_original,https://www.indec.gob.ar/ftp/cuadros/economia/sh_oferta_demanda_06_26.xls,f6a236be1884b47316c01b45d2145b7a8aee95d3766d9887848e635c8ab56538,2026-08-20T23:52:51Z
indec_private_consumption_gdp_share_quarterly,2014-Q4,quarterly,64.020832,percent_gdp,official,indec_gdp_original,https://www.indec.gob.ar/ftp/cuadros/economia/sh_oferta_demanda_06_26.xls,f6a236be1884b47316c01b45d2145b7a8aee95d3766d9887848e635c8ab56538,2026-08-20T23:52:51Z
indec_private_consumption_gdp_share_quarterly,2015-Q1,quarterly,69.115049,percent_gdp,official,indec_gdp_original,https://www.indec.gob.ar/ftp/cuadros/economia/sh_oferta_demanda_06_26.xls,f6a236be1884b47316c01b45d2145b7a8aee95d3766d9887848e635c8ab56538,2026-08-20T23:52:51Z
indec_private_consumption_gdp_share_quarterly,2015-Q2,quarterly,66.866612,percent_gdp,official,indec_gdp_original,https://www.indec.gob.ar/ftp/cuadros/economia/sh_oferta_demanda_06_26.xls,f6a236be1884b47316c01b45d2145b7a8aee95d3766d9887848e635c8ab56538,2026-08-20T23:52:51Z
indec_private_consumption_gdp_share_quarterly,2015-Q3,quarterly,64.845300,percent_gdp,official,indec_gdp_original,https://www.indec.gob.ar/ftp/cuadros/economia/sh_oferta_demanda_06_26.xls,f6a236be1884b47316c01b45d2145b7a8aee95d3766d9887848e635c8ab56538,2026-08-20T23:52:51Z
indec_private_consumption_gdp_share_quarterly,2015-Q4,quarterly,63.545817,percent_gdp,official,indec_gdp_original,https://www.indec.gob.ar/ftp/cuadros/economia/sh_oferta_demanda_06_26.xls,f6a236be1884b47316c01b45d2145b7a8aee95d3766d9887848e635c8ab56538,2026-08-20T23:52:51Z
indec_private_consumption_gdp_share_quarterly,2016-Q1,quarterly,68.910415,percent_gdp,official,indec_gdp_original,https://www.indec.gob.ar/ftp/cuadros/economia/sh_oferta_demanda_06_26.xls,f6a236be1884b47316c01b45d2145b7a8aee95d3766d9887848e635c8ab56538,2026-08-20T23:52:51Z
indec_private_consumption_gdp_share_quarterly,2016-Q2,quarterly,65.742066,percent_gdp,official,indec_gdp_original,https://www.indec.gob.ar/ftp/cuadros/economia/sh_oferta_demanda_06_26.xls,f6a236be1884b47316c01b45d2145b7a8aee95d3766d9887848e635c8ab56538,2026-08-20T23:52:51Z
indec_private_consumption_gdp_share_quarterly,2016-Q3,quarterly,65.952466,percent_gdp,official,indec_gdp_original,https://www.indec.gob.ar/ftp/cuadros/economia/sh_oferta_demanda_06_26.xls,f6a236be1884b47316c01b45d2145b7a8aee95d3766d9887848e635c8ab56538,2026-08-20T23:52:51Z
indec_private_consumption_gdp_share_quarterly,2016-Q4,quarterly,62.991259,percent_gdp,official,indec_gdp_original,https://www.indec.gob.ar/ftp/cuadros/economia/sh_oferta_demanda_06_26.xls,f6a236be1884b47316c01b45d2145b7a8aee95d3766d9887848e635c8ab56538,2026-08-20T23:52:51Z
indec_private_consumption_gdp_share_quarterly,2017-Q1,quarterly,69.825563,percent_gdp,official,indec_gdp_original,https://www.indec.gob.ar/ftp/cuadros/economia/sh_oferta_demanda_06_26.xls,f6a236be1884b47316c01b45d2145b7a8aee95d3766d9887848e635c8ab56538,2026-08-20T23:52:51Z
indec_private_consumption_gdp_share_quarterly,2017-Q2,quarterly,68.402328,percent_gdp,official,indec_gdp_original,https://www.indec.gob.ar/ftp/cuadros/economia/sh_oferta_demanda_06_26.xls,f6a236be1884b47316c01b45d2145b7a8aee95d3766d9887848e635c8ab56538,2026-08-20T23:52:51Z
indec_private_consumption_gdp_share_quarterly,2017-Q3,quarterly,66.476015,percent_gdp,official,indec_gdp_original,https://www.indec.gob.ar/ftp/cuadros/economia/sh_oferta_demanda_06_26.xls,f6a236be1884b47316c01b45d2145b7a8aee95d3766d9887848e635c8ab56538,2026-08-20T23:52:51Z
indec_private_consumption_gdp_share_quarterly,2017-Q4,quarterly,63.060116,percent_gdp,official,indec_gdp_original,https://www.indec.gob.ar/ftp/cuadros/economia/sh_oferta_demanda_06_26.xls,f6a236be1884b47316c01b45d2145b7a8aee95d3766d9887848e635c8ab56538,2026-08-20T23:52:51Z
indec_private_consumption_gdp_share_quarterly,2018-Q1,quarterly,72.128516,percent_gdp,official,indec_gdp_original,https://www.indec.gob.ar/ftp/cuadros/economia/sh_oferta_demanda_06_26.xls,f6a236be1884b47316c01b45d2145b7a8aee95d3766d9887848e635c8ab56538,2026-08-20T23:52:51Z
indec_private_consumption_gdp_share_quarterly,2018-Q2,quarterly,71.583846,percent_gdp,official,indec_gdp_original,https://www.indec.gob.ar/ftp/cuadros/economia/sh_oferta_demanda_06_26.xls,f6a236be1884b47316c01b45d2145b7a8aee95d3766d9887848e635c8ab56538,2026-08-20T23:52:51Z
indec_private_consumption_gdp_share_quarterly,2018-Q3,quarterly,70.817570,percent_gdp,official,indec_gdp_original,https://www.indec.gob.ar/ftp/cuadros/economia/sh_oferta_demanda_06_26.xls,f6a236be1884b47316c01b45d2145b7a8aee95d3766d9887848e635c8ab56538,2026-08-20T23:52:51Z
indec_private_consumption_gdp_share_quarterly,2018-Q4,quarterly,64.462198,percent_gdp,official,indec_gdp_original,https://www.indec.gob.ar/ftp/cuadros/economia/sh_oferta_demanda_06_26.xls,f6a236be1884b47316c01b45d2145b7a8aee95d3766d9887848e635c8ab56538,2026-08-20T23:52:51Z
indec_private_consumption_gdp_share_quarterly,2019-Q1,quarterly,71.532551,percent_gdp,official,indec_gdp_original,https://www.indec.gob.ar/ftp/cuadros/economia/sh_oferta_demanda_06_26.xls,f6a236be1884b47316c01b45d2145b7a8aee95d3766d9887848e635c8ab56538,2026-08-20T23:52:51Z
indec_private_consumption_gdp_share_quarterly,2019-Q2,quarterly,69.355036,percent_gdp,official,indec_gdp_original,https://www.indec.gob.ar/ftp/cuadros/economia/sh_oferta_demanda_06_26.xls,f6a236be1884b47316c01b45d2145b7a8aee95d3766d9887848e635c8ab56538,2026-08-20T23:52:51Z
indec_private_consumption_gdp_share_quarterly,2019-Q3,quarterly,64.782366,percent_gdp,official,indec_gdp_original,https://www.indec.gob.ar/ftp/cuadros/economia/sh_oferta_demanda_06_26.xls,f6a236be1884b47316c01b45d2145b7a8aee95d3766d9887848e635c8ab56538,2026-08-20T23:52:51Z
indec_private_consumption_gdp_share_quarterly,2019-Q4,quarterly,60.851273,percent_gdp,official,indec_gdp_original,https://www.indec.gob.ar/ftp/cuadros/economia/sh_oferta_demanda_06_26.xls,f6a236be1884b47316c01b45d2145b7a8aee95d3766d9887848e635c8ab56538,2026-08-20T23:52:51Z
indec_private_consumption_gdp_share_quarterly,2020-Q1,quarterly,70.440624,percent_gdp,official,indec_gdp_original,https://www.indec.gob.ar/ftp/cuadros/economia/sh_oferta_demanda_06_26.xls,f6a236be1884b47316c01b45d2145b7a8aee95d3766d9887848e635c8ab56538,2026-08-20T23:52:51Z
indec_private_consumption_gdp_share_quarterly,2020-Q2,quarterly,68.239887,percent_gdp,official,indec_gdp_original,https://www.indec.gob.ar/ftp/cuadros/economia/sh_oferta_demanda_06_26.xls,f6a236be1884b47316c01b45d2145b7a8aee95d3766d9887848e635c8ab56538,2026-08-20T23:52:51Z
indec_private_consumption_gdp_share_quarterly,2020-Q3,quarterly,63.345819,percent_gdp,official,indec_gdp_original,https://www.indec.gob.ar/ftp/cuadros/economia/sh_oferta_demanda_06_26.xls,f6a236be1884b47316c01b45d2145b7a8aee95d3766d9887848e635c8ab56538,2026-08-20T23:52:51Z
indec_private_consumption_gdp_share_quarterly,2020-Q4,quarterly,62.161955,percent_gdp,official,indec_gdp_original,https://www.indec.gob.ar/ftp/cuadros/economia/sh_oferta_demanda_06_26.xls,f6a236be1884b47316c01b45d2145b7a8aee95d3766d9887848e635c8ab56538,2026-08-20T23:52:51Z
indec_private_consumption_gdp_share_quarterly,2021-Q1,quarterly,66.953936,percent_gdp,official,indec_gdp_original,https://www.indec.gob.ar/ftp/cuadros/economia/sh_oferta_demanda_06_26.xls,f6a236be1884b47316c01b45d2145b7a8aee95d3766d9887848e635c8ab56538,2026-08-20T23:52:51Z
indec_private_consumption_gdp_share_quarterly,2021-Q2,quarterly,63.619715,percent_gdp,official,indec_gdp_original,https://www.indec.gob.ar/ftp/cuadros/economia/sh_oferta_demanda_06_26.xls,f6a236be1884b47316c01b45d2145b7a8aee95d3766d9887848e635c8ab56538,2026-08-20T23:52:51Z
indec_private_consumption_gdp_share_quarterly,2021-Q3,quarterly,60.921370,percent_gdp,official,indec_gdp_original,https://www.indec.gob.ar/ftp/cuadros/economia/sh_oferta_demanda_06_26.xls,f6a236be1884b47316c01b45d2145b7a8aee95d3766d9887848e635c8ab56538,2026-08-20T23:52:51Z
indec_private_consumption_gdp_share_quarterly,2021-Q4,quarterly,61.449659,percent_gdp,official,indec_gdp_original,https://www.indec.gob.ar/ftp/cuadros/economia/sh_oferta_demanda_06_26.xls,f6a236be1884b47316c01b45d2145b7a8aee95d3766d9887848e635c8ab56538,2026-08-20T23:52:51Z
indec_private_consumption_gdp_share_quarterly,2022-Q1,quarterly,68.563657,percent_gdp,official,indec_gdp_original,https://www.indec.gob.ar/ftp/cuadros/economia/sh_oferta_demanda_06_26.xls,f6a236be1884b47316c01b45d2145b7a8aee95d3766d9887848e635c8ab56538,2026-08-20T23:52:51Z
indec_private_consumption_gdp_share_quarterly,2022-Q2,quarterly,67.659717,percent_gdp,official,indec_gdp_original,https://www.indec.gob.ar/ftp/cuadros/economia/sh_oferta_demanda_06_26.xls,f6a236be1884b47316c01b45d2145b7a8aee95d3766d9887848e635c8ab56538,2026-08-20T23:52:51Z
indec_private_consumption_gdp_share_quarterly,2022-Q3,quarterly,64.312435,percent_gdp,official,indec_gdp_original,https://www.indec.gob.ar/ftp/cuadros/economia/sh_oferta_demanda_06_26.xls,f6a236be1884b47316c01b45d2145b7a8aee95d3766d9887848e635c8ab56538,2026-08-20T23:52:51Z
indec_private_consumption_gdp_share_quarterly,2022-Q4,quarterly,64.460579,percent_gdp,official,indec_gdp_original,https://www.indec.gob.ar/ftp/cuadros/economia/sh_oferta_demanda_06_26.xls,f6a236be1884b47316c01b45d2145b7a8aee95d3766d9887848e635c8ab56538,2026-08-20T23:52:51Z
indec_private_consumption_gdp_share_quarterly,2023-Q1,quarterly,68.064251,percent_gdp,official,indec_gdp_original,https://www.indec.gob.ar/ftp/cuadros/economia/sh_oferta_demanda_06_26.xls,f6a236be1884b47316c01b45d2145b7a8aee95d3766d9887848e635c8ab56538,2026-08-20T23:52:51Z
indec_private_consumption_gdp_share_quarterly,2023-Q2,quarterly,66.314336,percent_gdp,official,indec_gdp_original,https://www.indec.gob.ar/ftp/cuadros/economia/sh_oferta_demanda_06_26.xls,f6a236be1884b47316c01b45d2145b7a8aee95d3766d9887848e635c8ab56538,2026-08-20T23:52:51Z
indec_private_consumption_gdp_share_quarterly,2023-Q3,quarterly,65.430541,percent_gdp,official,indec_gdp_original,https://www.indec.gob.ar/ftp/cuadros/economia/sh_oferta_demanda_06_26.xls,f6a236be1884b47316c01b45d2145b7a8aee95d3766d9887848e635c8ab56538,2026-08-20T23:52:51Z
indec_private_consumption_gdp_share_quarterly,2023-Q4,quarterly,64.715473,percent_gdp,official,indec_gdp_original,https://www.indec.gob.ar/ftp/cuadros/economia/sh_oferta_demanda_06_26.xls,f6a236be1884b47316c01b45d2145b7a8aee95d3766d9887848e635c8ab56538,2026-08-20T23:52:51Z
indec_private_consumption_gdp_share_quarterly,2024-Q1,quarterly,69.088046,percent_gdp,official,indec_gdp_original,https://www.indec.gob.ar/ftp/cuadros/economia/sh_oferta_demanda_06_26.xls,f6a236be1884b47316c01b45d2145b7a8aee95d3766d9887848e635c8ab56538,2026-08-20T23:52:51Z
indec_private_consumption_gdp_share_quarterly,2024-Q2,quarterly,64.794500,percent_gdp,official,indec_gdp_original,https://www.indec.gob.ar/ftp/cuadros/economia/sh_oferta_demanda_06_26.xls,f6a236be1884b47316c01b45d2145b7a8aee95d3766d9887848e635c8ab56538,2026-08-20T23:52:51Z
indec_private_consumption_gdp_share_quarterly,2024-Q3,quarterly,67.706704,percent_gdp,official,indec_gdp_original,https://www.indec.gob.ar/ftp/cuadros/economia/sh_oferta_demanda_06_26.xls,f6a236be1884b47316c01b45d2145b7a8aee95d3766d9887848e635c8ab56538,2026-08-20T23:52:51Z
indec_private_consumption_gdp_share_quarterly,2024-Q4,quarterly,68.054605,percent_gdp,official,indec_gdp_original,https://www.indec.gob.ar/ftp/cuadros/economia/sh_oferta_demanda_06_26.xls,f6a236be1884b47316c01b45d2145b7a8aee95d3766d9887848e635c8ab56538,2026-08-20T23:52:51Z
indec_private_consumption_gdp_share_quarterly,2025-Q1,quarterly,77.040546,percent_gdp,official,indec_gdp_original,https://www.indec.gob.ar/ftp/cuadros/economia/sh_oferta_demanda_06_26.xls,f6a236be1884b47316c01b45d2145b7a8aee95d3766d9887848e635c8ab56538,2026-08-20T23:52:51Z
indec_private_consumption_gdp_share_quarterly,2025-Q2,quarterly,69.448104,percent_gdp,official,indec_gdp_original,https://www.indec.gob.ar/ftp/cuadros/economia/sh_oferta_demanda_06_26.xls,f6a236be1884b47316c01b45d2145b7a8aee95d3766d9887848e635c8ab56538,2026-08-20T23:52:51Z
indec_private_consumption_gdp_share_quarterly,2025-Q3,quarterly,68.681038,percent_gdp,official,indec_gdp_original,https://www.indec.gob.ar/ftp/cuadros/economia/sh_oferta_demanda_06_26.xls,f6a236be1884b47316c01b45d2145b7a8aee95d3766d9887848e635c8ab56538,2026-08-20T23:52:51Z
indec_private_consumption_gdp_share_quarterly,2025-Q4,quarterly,69.274497,percent_gdp,official,indec_gdp_original,https://www.indec.gob.ar/ftp/cuadros/economia/sh_oferta_demanda_06_26.xls,f6a236be1884b47316c01b45d2145b7a8aee95d3766d9887848e635c8ab56538,2026-08-20T23:52:51Z
indec_private_consumption_gdp_share_quarterly,2026-Q1,quarterly,78.377239,percent_gdp,official,indec_gdp_original,https://www.indec.gob.ar/ftp/cuadros/economia/sh_oferta_demanda_06_26.xls,f6a236be1884b47316c01b45d2145b7a8aee95d3766d9887848e635c8ab56538,2026-08-20T23:52:51Z
indec_private_consumption_growth_annual,2005,annual,7.392578,percent_change,official,indec_gdp_original,https://www.indec.gob.ar/ftp/cuadros/economia/sh_oferta_demanda_06_26.xls,f6a236be1884b47316c01b45d2145b7a8aee95d3766d9887848e635c8ab56538,2026-08-20T23:52:51Z
indec_private_consumption_growth_annual,2006,annual,10.956234,percent_change,official,indec_gdp_original,https://www.indec.gob.ar/ftp/cuadros/economia/sh_oferta_demanda_06_26.xls,f6a236be1884b47316c01b45d2145b7a8aee95d3766d9887848e635c8ab56538,2026-08-20T23:52:51Z
indec_private_consumption_growth_annual,2007,annual,9.338844,percent_change,official,indec_gdp_original,https://www.indec.gob.ar/ftp/cuadros/economia/sh_oferta_demanda_06_26.xls,f6a236be1884b47316c01b45d2145b7a8aee95d3766d9887848e635c8ab56538,2026-08-20T23:52:51Z
indec_private_consumption_growth_annual,2008,annual,7.244649,percent_change,official,indec_gdp_original,https://www.indec.gob.ar/ftp/cuadros/economia/sh_oferta_demanda_06_26.xls,f6a236be1884b47316c01b45d2145b7a8aee95d3766d9887848e635c8ab56538,2026-08-20T23:52:51Z
indec_private_consumption_growth_annual,2009,annual,-5.397652,percent_change,official,indec_gdp_original,https://www.indec.gob.ar/ftp/cuadros/economia/sh_oferta_demanda_06_26.xls,f6a236be1884b47316c01b45d2145b7a8aee95d3766d9887848e635c8ab56538,2026-08-20T23:52:51Z
indec_private_consumption_growth_annual,2010,annual,11.188191,percent_change,official,indec_gdp_original,https://www.indec.gob.ar/ftp/cuadros/economia/sh_oferta_demanda_06_26.xls,f6a236be1884b47316c01b45d2145b7a8aee95d3766d9887848e635c8ab56538,2026-08-20T23:52:51Z
indec_private_consumption_growth_annual,2011,annual,9.368719,percent_change,official,indec_gdp_original,https://www.indec.gob.ar/ftp/cuadros/economia/sh_oferta_demanda_06_26.xls,f6a236be1884b47316c01b45d2145b7a8aee95d3766d9887848e635c8ab56538,2026-08-20T23:52:51Z
indec_private_consumption_growth_annual,2012,annual,1.110282,percent_change,official,indec_gdp_original,https://www.indec.gob.ar/ftp/cuadros/economia/sh_oferta_demanda_06_26.xls,f6a236be1884b47316c01b45d2145b7a8aee95d3766d9887848e635c8ab56538,2026-08-20T23:52:51Z
indec_private_consumption_growth_annual,2013,annual,3.639012,percent_change,official,indec_gdp_original,https://www.indec.gob.ar/ftp/cuadros/economia/sh_oferta_demanda_06_26.xls,f6a236be1884b47316c01b45d2145b7a8aee95d3766d9887848e635c8ab56538,2026-08-20T23:52:51Z
indec_private_consumption_growth_annual,2014,annual,-4.358228,percent_change,official,indec_gdp_original,https://www.indec.gob.ar/ftp/cuadros/economia/sh_oferta_demanda_06_26.xls,f6a236be1884b47316c01b45d2145b7a8aee95d3766d9887848e635c8ab56538,2026-08-20T23:52:51Z
indec_private_consumption_growth_annual,2015,annual,3.656196,percent_change,official,indec_gdp_original,https://www.indec.gob.ar/ftp/cuadros/economia/sh_oferta_demanda_06_26.xls,f6a236be1884b47316c01b45d2145b7a8aee95d3766d9887848e635c8ab56538,2026-08-20T23:52:51Z
indec_private_consumption_growth_annual,2016,annual,-0.780270,percent_change,official,indec_gdp_original,https://www.indec.gob.ar/ftp/cuadros/economia/sh_oferta_demanda_06_26.xls,f6a236be1884b47316c01b45d2145b7a8aee95d3766d9887848e635c8ab56538,2026-08-20T23:52:51Z
indec_private_consumption_growth_annual,2017,annual,4.158444,percent_change,official,indec_gdp_original,https://www.indec.gob.ar/ftp/cuadros/economia/sh_oferta_demanda_06_26.xls,f6a236be1884b47316c01b45d2145b7a8aee95d3766d9887848e635c8ab56538,2026-08-20T23:52:51Z
indec_private_consumption_growth_annual,2018,annual,-2.245726,percent_change,official,indec_gdp_original,https://www.indec.gob.ar/ftp/cuadros/economia/sh_oferta_demanda_06_26.xls,f6a236be1884b47316c01b45d2145b7a8aee95d3766d9887848e635c8ab56538,2026-08-20T23:52:51Z
indec_private_consumption_growth_annual,2019,annual,-6.126911,percent_change,official,indec_gdp_original,https://www.indec.gob.ar/ftp/cuadros/economia/sh_oferta_demanda_06_26.xls,f6a236be1884b47316c01b45d2145b7a8aee95d3766d9887848e635c8ab56538,2026-08-20T23:52:51Z
indec_private_consumption_growth_annual,2020,annual,-12.171366,percent_change,official,indec_gdp_original,https://www.indec.gob.ar/ftp/cuadros/economia/sh_oferta_demanda_06_26.xls,f6a236be1884b47316c01b45d2145b7a8aee95d3766d9887848e635c8ab56538,2026-08-20T23:52:51Z
indec_private_consumption_growth_annual,2021,annual,9.466194,percent_change,official,indec_gdp_original,https://www.indec.gob.ar/ftp/cuadros/economia/sh_oferta_demanda_06_26.xls,f6a236be1884b47316c01b45d2145b7a8aee95d3766d9887848e635c8ab56538,2026-08-20T23:52:51Z
indec_private_consumption_growth_annual,2022,annual,9.466231,percent_change,official,indec_gdp_original,https://www.indec.gob.ar/ftp/cuadros/economia/sh_oferta_demanda_06_26.xls,f6a236be1884b47316c01b45d2145b7a8aee95d3766d9887848e635c8ab56538,2026-08-20T23:52:51Z
indec_private_consumption_growth_annual,2023,annual,0.987113,percent_change,official,indec_gdp_original,https://www.indec.gob.ar/ftp/cuadros/economia/sh_oferta_demanda_06_26.xls,f6a236be1884b47316c01b45d2145b7a8aee95d3766d9887848e635c8ab56538,2026-08-20T23:52:51Z
indec_private_consumption_growth_annual,2024,annual,-2.866455,percent_change,official,indec_gdp_original,https://www.indec.gob.ar/ftp/cuadros/economia/sh_oferta_demanda_06_26.xls,f6a236be1884b47316c01b45d2145b7a8aee95d3766d9887848e635c8ab56538,2026-08-20T23:52:51Z
indec_private_consumption_growth_annual,2025,annual,8.566829,percent_change,official,indec_gdp_original,https://www.indec.gob.ar/ftp/cuadros/economia/sh_oferta_demanda_06_26.xls,f6a236be1884b47316c01b45d2145b7a8aee95d3766d9887848e635c8ab56538,2026-08-20T23:52:51Z
indec_private_consumption_growth_quarterly,2005-Q1,quarterly,4.770909,percent_change,official,indec_gdp_original,https://www.indec.gob.ar/ftp/cuadros/economia/sh_oferta_demanda_06_26.xls,f6a236be1884b47316c01b45d2145b7a8aee95d3766d9887848e635c8ab56538,2026-08-20T23:52:51Z
indec_private_consumption_growth_quarterly,2005-Q2,quarterly,13.866018,percent_change,official,indec_gdp_original,https://www.indec.gob.ar/ftp/cuadros/economia/sh_oferta_demanda_06_26.xls,f6a236be1884b47316c01b45d2145b7a8aee95d3766d9887848e635c8ab56538,2026-08-20T23:52:51Z
indec_private_consumption_growth_quarterly,2005-Q3,quarterly,4.313480,percent_change,official,indec_gdp_original,https://www.indec.gob.ar/ftp/cuadros/economia/sh_oferta_demanda_06_26.xls,f6a236be1884b47316c01b45d2145b7a8aee95d3766d9887848e635c8ab56538,2026-08-20T23:52:51Z
indec_private_consumption_growth_quarterly,2005-Q4,quarterly,5.905106,percent_change,official,indec_gdp_original,https://www.indec.gob.ar/ftp/cuadros/economia/sh_oferta_demanda_06_26.xls,f6a236be1884b47316c01b45d2145b7a8aee95d3766d9887848e635c8ab56538,2026-08-20T23:52:51Z
indec_private_consumption_growth_quarterly,2006-Q1,quarterly,10.971977,percent_change,official,indec_gdp_original,https://www.indec.gob.ar/ftp/cuadros/economia/sh_oferta_demanda_06_26.xls,f6a236be1884b47316c01b45d2145b7a8aee95d3766d9887848e635c8ab56538,2026-08-20T23:52:51Z
indec_private_consumption_growth_quarterly,2006-Q2,quarterly,7.008329,percent_change,official,indec_gdp_original,https://www.indec.gob.ar/ftp/cuadros/economia/sh_oferta_demanda_06_26.xls,f6a236be1884b47316c01b45d2145b7a8aee95d3766d9887848e635c8ab56538,2026-08-20T23:52:51Z
indec_private_consumption_growth_quarterly,2006-Q3,quarterly,15.181274,percent_change,official,indec_gdp_original,https://www.indec.gob.ar/ftp/cuadros/economia/sh_oferta_demanda_06_26.xls,f6a236be1884b47316c01b45d2145b7a8aee95d3766d9887848e635c8ab56538,2026-08-20T23:52:51Z
indec_private_consumption_growth_quarterly,2006-Q4,quarterly,11.437531,percent_change,official,indec_gdp_original,https://www.indec.gob.ar/ftp/cuadros/economia/sh_oferta_demanda_06_26.xls,f6a236be1884b47316c01b45d2145b7a8aee95d3766d9887848e635c8ab56538,2026-08-20T23:52:51Z
indec_private_consumption_growth_quarterly,2007-Q1,quarterly,11.175016,percent_change,official,indec_gdp_original,https://www.indec.gob.ar/ftp/cuadros/economia/sh_oferta_demanda_06_26.xls,f6a236be1884b47316c01b45d2145b7a8aee95d3766d9887848e635c8ab56538,2026-08-20T23:52:51Z
indec_private_consumption_growth_quarterly,2007-Q2,quarterly,7.565488,percent_change,official,indec_gdp_original,https://www.indec.gob.ar/ftp/cuadros/economia/sh_oferta_demanda_06_26.xls,f6a236be1884b47316c01b45d2145b7a8aee95d3766d9887848e635c8ab56538,2026-08-20T23:52:51Z
indec_private_consumption_growth_quarterly,2007-Q3,quarterly,8.093969,percent_change,official,indec_gdp_original,https://www.indec.gob.ar/ftp/cuadros/economia/sh_oferta_demanda_06_26.xls,f6a236be1884b47316c01b45d2145b7a8aee95d3766d9887848e635c8ab56538,2026-08-20T23:52:51Z
indec_private_consumption_growth_quarterly,2007-Q4,quarterly,10.909685,percent_change,official,indec_gdp_original,https://www.indec.gob.ar/ftp/cuadros/economia/sh_oferta_demanda_06_26.xls,f6a236be1884b47316c01b45d2145b7a8aee95d3766d9887848e635c8ab56538,2026-08-20T23:52:51Z
indec_private_consumption_growth_quarterly,2008-Q1,quarterly,10.178764,percent_change,official,indec_gdp_original,https://www.indec.gob.ar/ftp/cuadros/economia/sh_oferta_demanda_06_26.xls,f6a236be1884b47316c01b45d2145b7a8aee95d3766d9887848e635c8ab56538,2026-08-20T23:52:51Z
indec_private_consumption_growth_quarterly,2008-Q2,quarterly,9.353161,percent_change,official,indec_gdp_original,https://www.indec.gob.ar/ftp/cuadros/economia/sh_oferta_demanda_06_26.xls,f6a236be1884b47316c01b45d2145b7a8aee95d3766d9887848e635c8ab56538,2026-08-20T23:52:51Z
indec_private_consumption_growth_quarterly,2008-Q3,quarterly,5.488749,percent_change,official,indec_gdp_original,https://www.indec.gob.ar/ftp/cuadros/economia/sh_oferta_demanda_06_26.xls,f6a236be1884b47316c01b45d2145b7a8aee95d3766d9887848e635c8ab56538,2026-08-20T23:52:51Z
indec_private_consumption_growth_quarterly,2008-Q4,quarterly,3.641256,percent_change,official,indec_gdp_original,https://www.indec.gob.ar/ftp/cuadros/economia/sh_oferta_demanda_06_26.xls,f6a236be1884b47316c01b45d2145b7a8aee95d3766d9887848e635c8ab56538,2026-08-20T23:52:51Z
indec_private_consumption_growth_quarterly,2009-Q1,quarterly,-5.583477,percent_change,official,indec_gdp_original,https://www.indec.gob.ar/ftp/cuadros/economia/sh_oferta_demanda_06_26.xls,f6a236be1884b47316c01b45d2145b7a8aee95d3766d9887848e635c8ab56538,2026-08-20T23:52:51Z
indec_private_consumption_growth_quarterly,2009-Q2,quarterly,-12.689838,percent_change,official,indec_gdp_original,https://www.indec.gob.ar/ftp/cuadros/economia/sh_oferta_demanda_06_26.xls,f6a236be1884b47316c01b45d2145b7a8aee95d3766d9887848e635c8ab56538,2026-08-20T23:52:51Z
indec_private_consumption_growth_quarterly,2009-Q3,quarterly,-1.409481,percent_change,official,indec_gdp_original,https://www.indec.gob.ar/ftp/cuadros/economia/sh_oferta_demanda_06_26.xls,f6a236be1884b47316c01b45d2145b7a8aee95d3766d9887848e635c8ab56538,2026-08-20T23:52:51Z
indec_private_consumption_growth_quarterly,2009-Q4,quarterly,-0.567454,percent_change,official,indec_gdp_original,https://www.indec.gob.ar/ftp/cuadros/economia/sh_oferta_demanda_06_26.xls,f6a236be1884b47316c01b45d2145b7a8aee95d3766d9887848e635c8ab56538,2026-08-20T23:52:51Z
indec_private_consumption_growth_quarterly,2010-Q1,quarterly,7.072028,percent_change,official,indec_gdp_original,https://www.indec.gob.ar/ftp/cuadros/economia/sh_oferta_demanda_06_26.xls,f6a236be1884b47316c01b45d2145b7a8aee95d3766d9887848e635c8ab56538,2026-08-20T23:52:51Z
indec_private_consumption_growth_quarterly,2010-Q2,quarterly,14.939702,percent_change,official,indec_gdp_original,https://www.indec.gob.ar/ftp/cuadros/economia/sh_oferta_demanda_06_26.xls,f6a236be1884b47316c01b45d2145b7a8aee95d3766d9887848e635c8ab56538,2026-08-20T23:52:51Z
indec_private_consumption_growth_quarterly,2010-Q3,quarterly,8.933797,percent_change,official,indec_gdp_original,https://www.indec.gob.ar/ftp/cuadros/economia/sh_oferta_demanda_06_26.xls,f6a236be1884b47316c01b45d2145b7a8aee95d3766d9887848e635c8ab56538,2026-08-20T23:52:51Z
indec_private_consumption_growth_quarterly,2010-Q4,quarterly,13.822670,percent_change,official,indec_gdp_original,https://www.indec.gob.ar/ftp/cuadros/economia/sh_oferta_demanda_06_26.xls,f6a236be1884b47316c01b45d2145b7a8aee95d3766d9887848e635c8ab56538,2026-08-20T23:52:51Z
indec_private_consumption_growth_quarterly,2011-Q1,quarterly,10.251812,percent_change,official,indec_gdp_original,https://www.indec.gob.ar/ftp/cuadros/economia/sh_oferta_demanda_06_26.xls,f6a236be1884b47316c01b45d2145b7a8aee95d3766d9887848e635c8ab56538,2026-08-20T23:52:51Z
indec_private_consumption_growth_quarterly,2011-Q2,quarterly,7.115575,percent_change,official,indec_gdp_original,https://www.indec.gob.ar/ftp/cuadros/economia/sh_oferta_demanda_06_26.xls,f6a236be1884b47316c01b45d2145b7a8aee95d3766d9887848e635c8ab56538,2026-08-20T23:52:51Z
indec_private_consumption_growth_quarterly,2011-Q3,quarterly,11.532750,percent_change,official,indec_gdp_original,https://www.indec.gob.ar/ftp/cuadros/economia/sh_oferta_demanda_06_26.xls,f6a236be1884b47316c01b45d2145b7a8aee95d3766d9887848e635c8ab56538,2026-08-20T23:52:51Z
indec_private_consumption_growth_quarterly,2011-Q4,quarterly,8.751165,percent_change,official,indec_gdp_original,https://www.indec.gob.ar/ftp/cuadros/economia/sh_oferta_demanda_06_26.xls,f6a236be1884b47316c01b45d2145b7a8aee95d3766d9887848e635c8ab56538,2026-08-20T23:52:51Z
indec_private_consumption_growth_quarterly,2012-Q1,quarterly,2.073639,percent_change,official,indec_gdp_original,https://www.indec.gob.ar/ftp/cuadros/economia/sh_oferta_demanda_06_26.xls,f6a236be1884b47316c01b45d2145b7a8aee95d3766d9887848e635c8ab56538,2026-08-20T23:52:51Z
indec_private_consumption_growth_quarterly,2012-Q2,quarterly,-1.042852,percent_change,official,indec_gdp_original,https://www.indec.gob.ar/ftp/cuadros/economia/sh_oferta_demanda_06_26.xls,f6a236be1884b47316c01b45d2145b7a8aee95d3766d9887848e635c8ab56538,2026-08-20T23:52:51Z
indec_private_consumption_growth_quarterly,2012-Q3,quarterly,1.603512,percent_change,official,indec_gdp_original,https://www.indec.gob.ar/ftp/cuadros/economia/sh_oferta_demanda_06_26.xls,f6a236be1884b47316c01b45d2145b7a8aee95d3766d9887848e635c8ab56538,2026-08-20T23:52:51Z
indec_private_consumption_growth_quarterly,2012-Q4,quarterly,1.937427,percent_change,official,indec_gdp_original,https://www.indec.gob.ar/ftp/cuadros/economia/sh_oferta_demanda_06_26.xls,f6a236be1884b47316c01b45d2145b7a8aee95d3766d9887848e635c8ab56538,2026-08-20T23:52:51Z
indec_private_consumption_growth_quarterly,2013-Q1,quarterly,2.505128,percent_change,official,indec_gdp_original,https://www.indec.gob.ar/ftp/cuadros/economia/sh_oferta_demanda_06_26.xls,f6a236be1884b47316c01b45d2145b7a8aee95d3766d9887848e635c8ab56538,2026-08-20T23:52:51Z
indec_private_consumption_growth_quarterly,2013-Q2,quarterly,5.303703,percent_change,official,indec_gdp_original,https://www.indec.gob.ar/ftp/cuadros/economia/sh_oferta_demanda_06_26.xls,f6a236be1884b47316c01b45d2145b7a8aee95d3766d9887848e635c8ab56538,2026-08-20T23:52:51Z
indec_private_consumption_growth_quarterly,2013-Q3,quarterly,4.017097,percent_change,official,indec_gdp_original,https://www.indec.gob.ar/ftp/cuadros/economia/sh_oferta_demanda_06_26.xls,f6a236be1884b47316c01b45d2145b7a8aee95d3766d9887848e635c8ab56538,2026-08-20T23:52:51Z
indec_private_consumption_growth_quarterly,2013-Q4,quarterly,2.649726,percent_change,official,indec_gdp_original,https://www.indec.gob.ar/ftp/cuadros/economia/sh_oferta_demanda_06_26.xls,f6a236be1884b47316c01b45d2145b7a8aee95d3766d9887848e635c8ab56538,2026-08-20T23:52:51Z
indec_private_consumption_growth_quarterly,2014-Q1,quarterly,2.148156,percent_change,official,indec_gdp_original,https://www.indec.gob.ar/ftp/cuadros/economia/sh_oferta_demanda_06_26.xls,f6a236be1884b47316c01b45d2145b7a8aee95d3766d9887848e635c8ab56538,2026-08-20T23:52:51Z
indec_private_consumption_growth_quarterly,2014-Q2,quarterly,-3.041628,percent_change,official,indec_gdp_original,https://www.indec.gob.ar/ftp/cuadros/economia/sh_oferta_demanda_06_26.xls,f6a236be1884b47316c01b45d2145b7a8aee95d3766d9887848e635c8ab56538,2026-08-20T23:52:51Z
indec_private_consumption_growth_quarterly,2014-Q3,quarterly,-8.876712,percent_change,official,indec_gdp_original,https://www.indec.gob.ar/ftp/cuadros/economia/sh_oferta_demanda_06_26.xls,f6a236be1884b47316c01b45d2145b7a8aee95d3766d9887848e635c8ab56538,2026-08-20T23:52:51Z
indec_private_consumption_growth_quarterly,2014-Q4,quarterly,-7.439037,percent_change,official,indec_gdp_original,https://www.indec.gob.ar/ftp/cuadros/economia/sh_oferta_demanda_06_26.xls,f6a236be1884b47316c01b45d2145b7a8aee95d3766d9887848e635c8ab56538,2026-08-20T23:52:51Z
indec_private_consumption_growth_quarterly,2015-Q1,quarterly,-2.000000,percent_change,official,indec_gdp_original,https://www.indec.gob.ar/ftp/cuadros/economia/sh_oferta_demanda_06_26.xls,f6a236be1884b47316c01b45d2145b7a8aee95d3766d9887848e635c8ab56538,2026-08-20T23:52:51Z
indec_private_consumption_growth_quarterly,2015-Q2,quarterly,7.900000,percent_change,official,indec_gdp_original,https://www.indec.gob.ar/ftp/cuadros/economia/sh_oferta_demanda_06_26.xls,f6a236be1884b47316c01b45d2145b7a8aee95d3766d9887848e635c8ab56538,2026-08-20T23:52:51Z
indec_private_consumption_growth_quarterly,2015-Q3,quarterly,5.700000,percent_change,official,indec_gdp_original,https://www.indec.gob.ar/ftp/cuadros/economia/sh_oferta_demanda_06_26.xls,f6a236be1884b47316c01b45d2145b7a8aee95d3766d9887848e635c8ab56538,2026-08-20T23:52:51Z
indec_private_consumption_growth_quarterly,2015-Q4,quarterly,3.000000,percent_change,official,indec_gdp_original,https://www.indec.gob.ar/ftp/cuadros/economia/sh_oferta_demanda_06_26.xls,f6a236be1884b47316c01b45d2145b7a8aee95d3766d9887848e635c8ab56538,2026-08-20T23:52:51Z
indec_private_consumption_growth_quarterly,2016-Q1,quarterly,2.613969,percent_change,official,indec_gdp_original,https://www.indec.gob.ar/ftp/cuadros/economia/sh_oferta_demanda_06_26.xls,f6a236be1884b47316c01b45d2145b7a8aee95d3766d9887848e635c8ab56538,2026-08-20T23:52:51Z
indec_private_consumption_growth_quarterly,2016-Q2,quarterly,-1.875740,percent_change,official,indec_gdp_original,https://www.indec.gob.ar/ftp/cuadros/economia/sh_oferta_demanda_06_26.xls,f6a236be1884b47316c01b45d2145b7a8aee95d3766d9887848e635c8ab56538,2026-08-20T23:52:51Z
indec_private_consumption_growth_quarterly,2016-Q3,quarterly,-2.349080,percent_change,official,indec_gdp_original,https://www.indec.gob.ar/ftp/cuadros/economia/sh_oferta_demanda_06_26.xls,f6a236be1884b47316c01b45d2145b7a8aee95d3766d9887848e635c8ab56538,2026-08-20T23:52:51Z
indec_private_consumption_growth_quarterly,2016-Q4,quarterly,-1.363720,percent_change,official,indec_gdp_original,https://www.indec.gob.ar/ftp/cuadros/economia/sh_oferta_demanda_06_26.xls,f6a236be1884b47316c01b45d2145b7a8aee95d3766d9887848e635c8ab56538,2026-08-20T23:52:51Z
indec_private_consumption_growth_quarterly,2017-Q1,quarterly,2.930793,percent_change,official,indec_gdp_original,https://www.indec.gob.ar/ftp/cuadros/economia/sh_oferta_demanda_06_26.xls,f6a236be1884b47316c01b45d2145b7a8aee95d3766d9887848e635c8ab56538,2026-08-20T23:52:51Z
indec_private_consumption_growth_quarterly,2017-Q2,quarterly,3.831382,percent_change,official,indec_gdp_original,https://www.indec.gob.ar/ftp/cuadros/economia/sh_oferta_demanda_06_26.xls,f6a236be1884b47316c01b45d2145b7a8aee95d3766d9887848e635c8ab56538,2026-08-20T23:52:51Z
indec_private_consumption_growth_quarterly,2017-Q3,quarterly,4.746775,percent_change,official,indec_gdp_original,https://www.indec.gob.ar/ftp/cuadros/economia/sh_oferta_demanda_06_26.xls,f6a236be1884b47316c01b45d2145b7a8aee95d3766d9887848e635c8ab56538,2026-08-20T23:52:51Z
indec_private_consumption_growth_quarterly,2017-Q4,quarterly,5.243758,percent_change,official,indec_gdp_original,https://www.indec.gob.ar/ftp/cuadros/economia/sh_oferta_demanda_06_26.xls,f6a236be1884b47316c01b45d2145b7a8aee95d3766d9887848e635c8ab56538,2026-08-20T23:52:51Z
indec_private_consumption_growth_quarterly,2018-Q1,quarterly,3.153219,percent_change,official,indec_gdp_original,https://www.indec.gob.ar/ftp/cuadros/economia/sh_oferta_demanda_06_26.xls,f6a236be1884b47316c01b45d2145b7a8aee95d3766d9887848e635c8ab56538,2026-08-20T23:52:51Z
indec_private_consumption_growth_quarterly,2018-Q2,quarterly,1.499598,percent_change,official,indec_gdp_original,https://www.indec.gob.ar/ftp/cuadros/economia/sh_oferta_demanda_06_26.xls,f6a236be1884b47316c01b45d2145b7a8aee95d3766d9887848e635c8ab56538,2026-08-20T23:52:51Z
indec_private_consumption_growth_quarterly,2018-Q3,quarterly,-3.229803,percent_change,official,indec_gdp_original,https://www.indec.gob.ar/ftp/cuadros/economia/sh_oferta_demanda_06_26.xls,f6a236be1884b47316c01b45d2145b7a8aee95d3766d9887848e635c8ab56538,2026-08-20T23:52:51Z
indec_private_consumption_growth_quarterly,2018-Q4,quarterly,-11.187291,percent_change,official,indec_gdp_original,https://www.indec.gob.ar/ftp/cuadros/economia/sh_oferta_demanda_06_26.xls,f6a236be1884b47316c01b45d2145b7a8aee95d3766d9887848e635c8ab56538,2026-08-20T23:52:51Z
indec_private_consumption_growth_quarterly,2019-Q1,quarterly,-8.775590,percent_change,official,indec_gdp_original,https://www.indec.gob.ar/ftp/cuadros/economia/sh_oferta_demanda_06_26.xls,f6a236be1884b47316c01b45d2145b7a8aee95d3766d9887848e635c8ab56538,2026-08-20T23:52:51Z
indec_private_consumption_growth_quarterly,2019-Q2,quarterly,-6.419934,percent_change,official,indec_gdp_original,https://www.indec.gob.ar/ftp/cuadros/economia/sh_oferta_demanda_06_26.xls,f6a236be1884b47316c01b45d2145b7a8aee95d3766d9887848e635c8ab56538,2026-08-20T23:52:51Z
indec_private_consumption_growth_quarterly,2019-Q3,quarterly,-6.409437,percent_change,official,indec_gdp_original,https://www.indec.gob.ar/ftp/cuadros/economia/sh_oferta_demanda_06_26.xls,f6a236be1884b47316c01b45d2145b7a8aee95d3766d9887848e635c8ab56538,2026-08-20T23:52:51Z
indec_private_consumption_growth_quarterly,2019-Q4,quarterly,-2.178134,percent_change,official,indec_gdp_original,https://www.indec.gob.ar/ftp/cuadros/economia/sh_oferta_demanda_06_26.xls,f6a236be1884b47316c01b45d2145b7a8aee95d3766d9887848e635c8ab56538,2026-08-20T23:52:51Z
indec_private_consumption_growth_quarterly,2020-Q1,quarterly,-6.642474,percent_change,official,indec_gdp_original,https://www.indec.gob.ar/ftp/cuadros/economia/sh_oferta_demanda_06_26.xls,f6a236be1884b47316c01b45d2145b7a8aee95d3766d9887848e635c8ab56538,2026-08-20T23:52:51Z
indec_private_consumption_growth_quarterly,2020-Q2,quarterly,-21.135076,percent_change,official,indec_gdp_original,https://www.indec.gob.ar/ftp/cuadros/economia/sh_oferta_demanda_06_26.xls,f6a236be1884b47316c01b45d2145b7a8aee95d3766d9887848e635c8ab56538,2026-08-20T23:52:51Z
indec_private_consumption_growth_quarterly,2020-Q3,quarterly,-14.871362,percent_change,official,indec_gdp_original,https://www.indec.gob.ar/ftp/cuadros/economia/sh_oferta_demanda_06_26.xls,f6a236be1884b47316c01b45d2145b7a8aee95d3766d9887848e635c8ab56538,2026-08-20T23:52:51Z
indec_private_consumption_growth_quarterly,2020-Q4,quarterly,-4.368409,percent_change,official,indec_gdp_original,https://www.indec.gob.ar/ftp/cuadros/economia/sh_oferta_demanda_06_26.xls,f6a236be1884b47316c01b45d2145b7a8aee95d3766d9887848e635c8ab56538,2026-08-20T23:52:51Z
indec_private_consumption_growth_quarterly,2021-Q1,quarterly,0.537592,percent_change,official,indec_gdp_original,https://www.indec.gob.ar/ftp/cuadros/economia/sh_oferta_demanda_06_26.xls,f6a236be1884b47316c01b45d2145b7a8aee95d3766d9887848e635c8ab56538,2026-08-20T23:52:51Z
indec_private_consumption_growth_quarterly,2021-Q2,quarterly,18.523647,percent_change,official,indec_gdp_original,https://www.indec.gob.ar/ftp/cuadros/economia/sh_oferta_demanda_06_26.xls,f6a236be1884b47316c01b45d2145b7a8aee95d3766d9887848e635c8ab56538,2026-08-20T23:52:51Z
indec_private_consumption_growth_quarterly,2021-Q3,quarterly,9.907902,percent_change,official,indec_gdp_original,https://www.indec.gob.ar/ftp/cuadros/economia/sh_oferta_demanda_06_26.xls,f6a236be1884b47316c01b45d2145b7a8aee95d3766d9887848e635c8ab56538,2026-08-20T23:52:51Z
indec_private_consumption_growth_quarterly,2021-Q4,quarterly,9.679741,percent_change,official,indec_gdp_original,https://www.indec.gob.ar/ftp/cuadros/economia/sh_oferta_demanda_06_26.xls,f6a236be1884b47316c01b45d2145b7a8aee95d3766d9887848e635c8ab56538,2026-08-20T23:52:51Z
indec_private_consumption_growth_quarterly,2022-Q1,quarterly,9.117421,percent_change,official,indec_gdp_original,https://www.indec.gob.ar/ftp/cuadros/economia/sh_oferta_demanda_06_26.xls,f6a236be1884b47316c01b45d2145b7a8aee95d3766d9887848e635c8ab56538,2026-08-20T23:52:51Z
indec_private_consumption_growth_quarterly,2022-Q2,quarterly,11.986228,percent_change,official,indec_gdp_original,https://www.indec.gob.ar/ftp/cuadros/economia/sh_oferta_demanda_06_26.xls,f6a236be1884b47316c01b45d2145b7a8aee95d3766d9887848e635c8ab56538,2026-08-20T23:52:51Z
indec_private_consumption_growth_quarterly,2022-Q3,quarterly,10.658226,percent_change,official,indec_gdp_original,https://www.indec.gob.ar/ftp/cuadros/economia/sh_oferta_demanda_06_26.xls,f6a236be1884b47316c01b45d2145b7a8aee95d3766d9887848e635c8ab56538,2026-08-20T23:52:51Z
indec_private_consumption_growth_quarterly,2022-Q4,quarterly,5.864199,percent_change,official,indec_gdp_original,https://www.indec.gob.ar/ftp/cuadros/economia/sh_oferta_demanda_06_26.xls,f6a236be1884b47316c01b45d2145b7a8aee95d3766d9887848e635c8ab56538,2026-08-20T23:52:51Z
indec_private_consumption_growth_quarterly,2023-Q1,quarterly,3.753950,percent_change,official,indec_gdp_original,https://www.indec.gob.ar/ftp/cuadros/economia/sh_oferta_demanda_06_26.xls,f6a236be1884b47316c01b45d2145b7a8aee95d3766d9887848e635c8ab56538,2026-08-20T23:52:51Z
indec_private_consumption_growth_quarterly,2023-Q2,quarterly,2.021318,percent_change,official,indec_gdp_original,https://www.indec.gob.ar/ftp/cuadros/economia/sh_oferta_demanda_06_26.xls,f6a236be1884b47316c01b45d2145b7a8aee95d3766d9887848e635c8ab56538,2026-08-20T23:52:51Z
indec_private_consumption_growth_quarterly,2023-Q3,quarterly,-0.206235,percent_change,official,indec_gdp_original,https://www.indec.gob.ar/ftp/cuadros/economia/sh_oferta_demanda_06_26.xls,f6a236be1884b47316c01b45d2145b7a8aee95d3766d9887848e635c8ab56538,2026-08-20T23:52:51Z
indec_private_consumption_growth_quarterly,2023-Q4,quarterly,-1.934095,percent_change,official,indec_gdp_original,https://www.indec.gob.ar/ftp/cuadros/economia/sh_oferta_demanda_06_26.xls,f6a236be1884b47316c01b45d2145b7a8aee95d3766d9887848e635c8ab56538,2026-08-20T23:52:51Z
indec_private_consumption_growth_quarterly,2024-Q1,quarterly,-5.165911,percent_change,official,indec_gdp_original,https://www.indec.gob.ar/ftp/cuadros/economia/sh_oferta_demanda_06_26.xls,f6a236be1884b47316c01b45d2145b7a8aee95d3766d9887848e635c8ab56538,2026-08-20T23:52:51Z
indec_private_consumption_growth_quarterly,2024-Q2,quarterly,-8.449951,percent_change,official,indec_gdp_original,https://www.indec.gob.ar/ftp/cuadros/economia/sh_oferta_demanda_06_26.xls,f6a236be1884b47316c01b45d2145b7a8aee95d3766d9887848e635c8ab56538,2026-08-20T23:52:51Z
indec_private_consumption_growth_quarterly,2024-Q3,quarterly,-1.260030,percent_change,official,indec_gdp_original,https://www.indec.gob.ar/ftp/cuadros/economia/sh_oferta_demanda_06_26.xls,f6a236be1884b47316c01b45d2145b7a8aee95d3766d9887848e635c8ab56538,2026-08-20T23:52:51Z
indec_private_consumption_growth_quarterly,2024-Q4,quarterly,4.869642,percent_change,official,indec_gdp_original,https://www.indec.gob.ar/ftp/cuadros/economia/sh_oferta_demanda_06_26.xls,f6a236be1884b47316c01b45d2145b7a8aee95d3766d9887848e635c8ab56538,2026-08-20T23:52:51Z
indec_private_consumption_growth_quarterly,2025-Q1,quarterly,11.470692,percent_change,official,indec_gdp_original,https://www.indec.gob.ar/ftp/cuadros/economia/sh_oferta_demanda_06_26.xls,f6a236be1884b47316c01b45d2145b7a8aee95d3766d9887848e635c8ab56538,2026-08-20T23:52:51Z
indec_private_consumption_growth_quarterly,2025-Q2,quarterly,11.658731,percent_change,official,indec_gdp_original,https://www.indec.gob.ar/ftp/cuadros/economia/sh_oferta_demanda_06_26.xls,f6a236be1884b47316c01b45d2145b7a8aee95d3766d9887848e635c8ab56538,2026-08-20T23:52:51Z
indec_private_consumption_growth_quarterly,2025-Q3,quarterly,6.613791,percent_change,official,indec_gdp_original,https://www.indec.gob.ar/ftp/cuadros/economia/sh_oferta_demanda_06_26.xls,f6a236be1884b47316c01b45d2145b7a8aee95d3766d9887848e635c8ab56538,2026-08-20T23:52:51Z
indec_private_consumption_growth_quarterly,2025-Q4,quarterly,4.235434,percent_change,official,indec_gdp_original,https://www.indec.gob.ar/ftp/cuadros/economia/sh_oferta_demanda_06_26.xls,f6a236be1884b47316c01b45d2145b7a8aee95d3766d9887848e635c8ab56538,2026-08-20T23:52:51Z
indec_private_consumption_growth_quarterly,2026-Q1,quarterly,2.746963,percent_change,official,indec_gdp_original,https://www.indec.gob.ar/ftp/cuadros/economia/sh_oferta_demanda_06_26.xls,f6a236be1884b47316c01b45d2145b7a8aee95d3766d9887848e635c8ab56538,2026-08-20T23:52:51Z
indec_private_consumption_sa_constant_2004,2004-Q1,quarterly,301225.674552,million_ars_2004,official,indec_gdp_seasonally_adjusted,https://www.indec.gob.ar/ftp/cuadros/economia/sh_oferta_demanda_desest_06_26.xls,fa82bda51d16390019b3c78a0442caa5fd4160199b21e8c8844595d000935d14,2026-08-20T23:52:53Z
indec_private_consumption_sa_constant_2004,2004-Q2,quarterly,305241.658737,million_ars_2004,official,indec_gdp_seasonally_adjusted,https://www.indec.gob.ar/ftp/cuadros/economia/sh_oferta_demanda_desest_06_26.xls,fa82bda51d16390019b3c78a0442caa5fd4160199b21e8c8844595d000935d14,2026-08-20T23:52:53Z
indec_private_consumption_sa_constant_2004,2004-Q3,quarterly,317312.248372,million_ars_2004,official,indec_gdp_seasonally_adjusted,https://www.indec.gob.ar/ftp/cuadros/economia/sh_oferta_demanda_desest_06_26.xls,fa82bda51d16390019b3c78a0442caa5fd4160199b21e8c8844595d000935d14,2026-08-20T23:52:53Z
indec_private_consumption_sa_constant_2004,2004-Q4,quarterly,324547.957630,million_ars_2004,official,indec_gdp_seasonally_adjusted,https://www.indec.gob.ar/ftp/cuadros/economia/sh_oferta_demanda_desest_06_26.xls,fa82bda51d16390019b3c78a0442caa5fd4160199b21e8c8844595d000935d14,2026-08-20T23:52:53Z
indec_private_consumption_sa_constant_2004,2005-Q1,quarterly,321702.446474,million_ars_2004,official,indec_gdp_seasonally_adjusted,https://www.indec.gob.ar/ftp/cuadros/economia/sh_oferta_demanda_desest_06_26.xls,fa82bda51d16390019b3c78a0442caa5fd4160199b21e8c8844595d000935d14,2026-08-20T23:52:53Z
indec_private_consumption_sa_constant_2004,2005-Q2,quarterly,343081.078053,million_ars_2004,official,indec_gdp_seasonally_adjusted,https://www.indec.gob.ar/ftp/cuadros/economia/sh_oferta_demanda_desest_06_26.xls,fa82bda51d16390019b3c78a0442caa5fd4160199b21e8c8844595d000935d14,2026-08-20T23:52:53Z
indec_private_consumption_sa_constant_2004,2005-Q3,quarterly,331929.024053,million_ars_2004,official,indec_gdp_seasonally_adjusted,https://www.indec.gob.ar/ftp/cuadros/economia/sh_oferta_demanda_desest_06_26.xls,fa82bda51d16390019b3c78a0442caa5fd4160199b21e8c8844595d000935d14,2026-08-20T23:52:53Z
indec_private_consumption_sa_constant_2004,2005-Q4,quarterly,343898.586778,million_ars_2004,official,indec_gdp_seasonally_adjusted,https://www.indec.gob.ar/ftp/cuadros/economia/sh_oferta_demanda_desest_06_26.xls,fa82bda51d16390019b3c78a0442caa5fd4160199b21e8c8844595d000935d14,2026-08-20T23:52:53Z
indec_private_consumption_sa_constant_2004,2006-Q1,quarterly,353365.268644,million_ars_2004,official,indec_gdp_seasonally_adjusted,https://www.indec.gob.ar/ftp/cuadros/economia/sh_oferta_demanda_desest_06_26.xls,fa82bda51d16390019b3c78a0442caa5fd4160199b21e8c8844595d000935d14,2026-08-20T23:52:53Z
indec_private_consumption_sa_constant_2004,2006-Q2,quarterly,372603.087543,million_ars_2004,official,indec_gdp_seasonally_adjusted,https://www.indec.gob.ar/ftp/cuadros/economia/sh_oferta_demanda_desest_06_26.xls,fa82bda51d16390019b3c78a0442caa5fd4160199b21e8c8844595d000935d14,2026-08-20T23:52:53Z
indec_private_consumption_sa_constant_2004,2006-Q3,quarterly,380887.266096,million_ars_2004,official,indec_gdp_seasonally_adjusted,https://www.indec.gob.ar/ftp/cuadros/economia/sh_oferta_demanda_desest_06_26.xls,fa82bda51d16390019b3c78a0442caa5fd4160199b21e8c8844595d000935d14,2026-08-20T23:52:53Z
indec_private_consumption_sa_constant_2004,2006-Q4,quarterly,380636.011556,million_ars_2004,official,indec_gdp_seasonally_adjusted,https://www.indec.gob.ar/ftp/cuadros/economia/sh_oferta_demanda_desest_06_26.xls,fa82bda51d16390019b3c78a0442caa5fd4160199b21e8c8844595d000935d14,2026-08-20T23:52:53Z
indec_private_consumption_sa_constant_2004,2007-Q1,quarterly,391504.941543,million_ars_2004,official,indec_gdp_seasonally_adjusted,https://www.indec.gob.ar/ftp/cuadros/economia/sh_oferta_demanda_desest_06_26.xls,fa82bda51d16390019b3c78a0442caa5fd4160199b21e8c8844595d000935d14,2026-08-20T23:52:53Z
indec_private_consumption_sa_constant_2004,2007-Q2,quarterly,403493.072655,million_ars_2004,official,indec_gdp_seasonally_adjusted,https://www.indec.gob.ar/ftp/cuadros/economia/sh_oferta_demanda_desest_06_26.xls,fa82bda51d16390019b3c78a0442caa5fd4160199b21e8c8844595d000935d14,2026-08-20T23:52:53Z
indec_private_consumption_sa_constant_2004,2007-Q3,quarterly,412119.428113,million_ars_2004,official,indec_gdp_seasonally_adjusted,https://www.indec.gob.ar/ftp/cuadros/economia/sh_oferta_demanda_desest_06_26.xls,fa82bda51d16390019b3c78a0442caa5fd4160199b21e8c8844595d000935d14,2026-08-20T23:52:53Z
indec_private_consumption_sa_constant_2004,2007-Q4,quarterly,419288.708706,million_ars_2004,official,indec_gdp_seasonally_adjusted,https://www.indec.gob.ar/ftp/cuadros/economia/sh_oferta_demanda_desest_06_26.xls,fa82bda51d16390019b3c78a0442caa5fd4160199b21e8c8844595d000935d14,2026-08-20T23:52:53Z
indec_private_consumption_sa_constant_2004,2008-Q1,quarterly,438615.836783,million_ars_2004,official,indec_gdp_seasonally_adjusted,https://www.indec.gob.ar/ftp/cuadros/economia/sh_oferta_demanda_desest_06_26.xls,fa82bda51d16390019b3c78a0442caa5fd4160199b21e8c8844595d000935d14,2026-08-20T23:52:53Z
indec_private_consumption_sa_constant_2004,2008-Q2,quarterly,440636.118299,million_ars_2004,official,indec_gdp_seasonally_adjusted,https://www.indec.gob.ar/ftp/cuadros/economia/sh_oferta_demanda_desest_06_26.xls,fa82bda51d16390019b3c78a0442caa5fd4160199b21e8c8844595d000935d14,2026-08-20T23:52:53Z
indec_private_consumption_sa_constant_2004,2008-Q3,quarterly,435768.134380,million_ars_2004,official,indec_gdp_seasonally_adjusted,https://www.indec.gob.ar/ftp/cuadros/economia/sh_oferta_demanda_desest_06_26.xls,fa82bda51d16390019b3c78a0442caa5fd4160199b21e8c8844595d000935d14,2026-08-20T23:52:53Z
indec_private_consumption_sa_constant_2004,2008-Q4,quarterly,429213.477869,million_ars_2004,official,indec_gdp_seasonally_adjusted,https://www.indec.gob.ar/ftp/cuadros/economia/sh_oferta_demanda_desest_06_26.xls,fa82bda51d16390019b3c78a0442caa5fd4160199b21e8c8844595d000935d14,2026-08-20T23:52:53Z
indec_private_consumption_sa_constant_2004,2009-Q1,quarterly,407841.866989,million_ars_2004,official,indec_gdp_seasonally_adjusted,https://www.indec.gob.ar/ftp/cuadros/economia/sh_oferta_demanda_desest_06_26.xls,fa82bda51d16390019b3c78a0442caa5fd4160199b21e8c8844595d000935d14,2026-08-20T23:52:53Z
indec_private_consumption_sa_constant_2004,2009-Q2,quarterly,395219.651478,million_ars_2004,official,indec_gdp_seasonally_adjusted,https://www.indec.gob.ar/ftp/cuadros/economia/sh_oferta_demanda_desest_06_26.xls,fa82bda51d16390019b3c78a0442caa5fd4160199b21e8c8844595d000935d14,2026-08-20T23:52:53Z
indec_private_consumption_sa_constant_2004,2009-Q3,quarterly,427161.227684,million_ars_2004,official,indec_gdp_seasonally_adjusted,https://www.indec.gob.ar/ftp/cuadros/economia/sh_oferta_demanda_desest_06_26.xls,fa82bda51d16390019b3c78a0442caa5fd4160199b21e8c8844595d000935d14,2026-08-20T23:52:53Z
indec_private_consumption_sa_constant_2004,2009-Q4,quarterly,419863.163250,million_ars_2004,official,indec_gdp_seasonally_adjusted,https://www.indec.gob.ar/ftp/cuadros/economia/sh_oferta_demanda_desest_06_26.xls,fa82bda51d16390019b3c78a0442caa5fd4160199b21e8c8844595d000935d14,2026-08-20T23:52:53Z
indec_private_consumption_sa_constant_2004,2010-Q1,quarterly,437372.202082,million_ars_2004,official,indec_gdp_seasonally_adjusted,https://www.indec.gob.ar/ftp/cuadros/economia/sh_oferta_demanda_desest_06_26.xls,fa82bda51d16390019b3c78a0442caa5fd4160199b21e8c8844595d000935d14,2026-08-20T23:52:53Z
indec_private_consumption_sa_constant_2004,2010-Q2,quarterly,456771.861989,million_ars_2004,official,indec_gdp_seasonally_adjusted,https://www.indec.gob.ar/ftp/cuadros/economia/sh_oferta_demanda_desest_06_26.xls,fa82bda51d16390019b3c78a0442caa5fd4160199b21e8c8844595d000935d14,2026-08-20T23:52:53Z
indec_private_consumption_sa_constant_2004,2010-Q3,quarterly,462988.968527,million_ars_2004,official,indec_gdp_seasonally_adjusted,https://www.indec.gob.ar/ftp/cuadros/economia/sh_oferta_demanda_desest_06_26.xls,fa82bda51d16390019b3c78a0442caa5fd4160199b21e8c8844595d000935d14,2026-08-20T23:52:53Z
indec_private_consumption_sa_constant_2004,2010-Q4,quarterly,477567.631829,million_ars_2004,official,indec_gdp_seasonally_adjusted,https://www.indec.gob.ar/ftp/cuadros/economia/sh_oferta_demanda_desest_06_26.xls,fa82bda51d16390019b3c78a0442caa5fd4160199b21e8c8844595d000935d14,2026-08-20T23:52:53Z
indec_private_consumption_sa_constant_2004,2011-Q1,quarterly,491129.936448,million_ars_2004,official,indec_gdp_seasonally_adjusted,https://www.indec.gob.ar/ftp/cuadros/economia/sh_oferta_demanda_desest_06_26.xls,fa82bda51d16390019b3c78a0442caa5fd4160199b21e8c8844595d000935d14,2026-08-20T23:52:53Z
indec_private_consumption_sa_constant_2004,2011-Q2,quarterly,494852.849931,million_ars_2004,official,indec_gdp_seasonally_adjusted,https://www.indec.gob.ar/ftp/cuadros/economia/sh_oferta_demanda_desest_06_26.xls,fa82bda51d16390019b3c78a0442caa5fd4160199b21e8c8844595d000935d14,2026-08-20T23:52:53Z
indec_private_consumption_sa_constant_2004,2011-Q3,quarterly,508546.014014,million_ars_2004,official,indec_gdp_seasonally_adjusted,https://www.indec.gob.ar/ftp/cuadros/economia/sh_oferta_demanda_desest_06_26.xls,fa82bda51d16390019b3c78a0442caa5fd4160199b21e8c8844595d000935d14,2026-08-20T23:52:53Z
indec_private_consumption_sa_constant_2004,2011-Q4,quarterly,512059.813246,million_ars_2004,official,indec_gdp_seasonally_adjusted,https://www.indec.gob.ar/ftp/cuadros/economia/sh_oferta_demanda_desest_06_26.xls,fa82bda51d16390019b3c78a0442caa5fd4160199b21e8c8844595d000935d14,2026-08-20T23:52:53Z
indec_private_consumption_sa_constant_2004,2012-Q1,quarterly,497163.112673,million_ars_2004,official,indec_gdp_seasonally_adjusted,https://www.indec.gob.ar/ftp/cuadros/economia/sh_oferta_demanda_desest_06_26.xls,fa82bda51d16390019b3c78a0442caa5fd4160199b21e8c8844595d000935d14,2026-08-20T23:52:53Z
indec_private_consumption_sa_constant_2004,2012-Q2,quarterly,495936.430056,million_ars_2004,official,indec_gdp_seasonally_adjusted,https://www.indec.gob.ar/ftp/cuadros/economia/sh_oferta_demanda_desest_06_26.xls,fa82bda51d16390019b3c78a0442caa5fd4160199b21e8c8844595d000935d14,2026-08-20T23:52:53Z
indec_private_consumption_sa_constant_2004,2012-Q3,quarterly,514963.130816,million_ars_2004,official,indec_gdp_seasonally_adjusted,https://www.indec.gob.ar/ftp/cuadros/economia/sh_oferta_demanda_desest_06_26.xls,fa82bda51d16390019b3c78a0442caa5fd4160199b21e8c8844595d000935d14,2026-08-20T23:52:53Z
indec_private_consumption_sa_constant_2004,2012-Q4,quarterly,520804.728182,million_ars_2004,official,indec_gdp_seasonally_adjusted,https://www.indec.gob.ar/ftp/cuadros/economia/sh_oferta_demanda_desest_06_26.xls,fa82bda51d16390019b3c78a0442caa5fd4160199b21e8c8844595d000935d14,2026-08-20T23:52:53Z
indec_private_consumption_sa_constant_2004,2013-Q1,quarterly,520831.045203,million_ars_2004,official,indec_gdp_seasonally_adjusted,https://www.indec.gob.ar/ftp/cuadros/economia/sh_oferta_demanda_desest_06_26.xls,fa82bda51d16390019b3c78a0442caa5fd4160199b21e8c8844595d000935d14,2026-08-20T23:52:53Z
indec_private_consumption_sa_constant_2004,2013-Q2,quarterly,515256.047605,million_ars_2004,official,indec_gdp_seasonally_adjusted,https://www.indec.gob.ar/ftp/cuadros/economia/sh_oferta_demanda_desest_06_26.xls,fa82bda51d16390019b3c78a0442caa5fd4160199b21e8c8844595d000935d14,2026-08-20T23:52:53Z
indec_private_consumption_sa_constant_2004,2013-Q3,quarterly,534794.127034,million_ars_2004,official,indec_gdp_seasonally_adjusted,https://www.indec.gob.ar/ftp/cuadros/economia/sh_oferta_demanda_desest_06_26.xls,fa82bda51d16390019b3c78a0442caa5fd4160199b21e8c8844595d000935d14,2026-08-20T23:52:53Z
indec_private_consumption_sa_constant_2004,2013-Q4,quarterly,531816.909312,million_ars_2004,official,indec_gdp_seasonally_adjusted,https://www.indec.gob.ar/ftp/cuadros/economia/sh_oferta_demanda_desest_06_26.xls,fa82bda51d16390019b3c78a0442caa5fd4160199b21e8c8844595d000935d14,2026-08-20T23:52:53Z
indec_private_consumption_sa_constant_2004,2014-Q1,quarterly,518707.227200,million_ars_2004,official,indec_gdp_seasonally_adjusted,https://www.indec.gob.ar/ftp/cuadros/economia/sh_oferta_demanda_desest_06_26.xls,fa82bda51d16390019b3c78a0442caa5fd4160199b21e8c8844595d000935d14,2026-08-20T23:52:53Z
indec_private_consumption_sa_constant_2004,2014-Q2,quarterly,499802.391332,million_ars_2004,official,indec_gdp_seasonally_adjusted,https://www.indec.gob.ar/ftp/cuadros/economia/sh_oferta_demanda_desest_06_26.xls,fa82bda51d16390019b3c78a0442caa5fd4160199b21e8c8844595d000935d14,2026-08-20T23:52:53Z
indec_private_consumption_sa_constant_2004,2014-Q3,quarterly,490902.633839,million_ars_2004,official,indec_gdp_seasonally_adjusted,https://www.indec.gob.ar/ftp/cuadros/economia/sh_oferta_demanda_desest_06_26.xls,fa82bda51d16390019b3c78a0442caa5fd4160199b21e8c8844595d000935d14,2026-08-20T23:52:53Z
indec_private_consumption_sa_constant_2004,2014-Q4,quarterly,501645.493296,million_ars_2004,official,indec_gdp_seasonally_adjusted,https://www.indec.gob.ar/ftp/cuadros/economia/sh_oferta_demanda_desest_06_26.xls,fa82bda51d16390019b3c78a0442caa5fd4160199b21e8c8844595d000935d14,2026-08-20T23:52:53Z
indec_private_consumption_sa_constant_2004,2015-Q1,quarterly,511534.674273,million_ars_2004,official,indec_gdp_seasonally_adjusted,https://www.indec.gob.ar/ftp/cuadros/economia/sh_oferta_demanda_desest_06_26.xls,fa82bda51d16390019b3c78a0442caa5fd4160199b21e8c8844595d000935d14,2026-08-20T23:52:53Z
indec_private_consumption_sa_constant_2004,2015-Q2,quarterly,527223.286193,million_ars_2004,official,indec_gdp_seasonally_adjusted,https://www.indec.gob.ar/ftp/cuadros/economia/sh_oferta_demanda_desest_06_26.xls,fa82bda51d16390019b3c78a0442caa5fd4160199b21e8c8844595d000935d14,2026-08-20T23:52:53Z
indec_private_consumption_sa_constant_2004,2015-Q3,quarterly,523368.754265,million_ars_2004,official,indec_gdp_seasonally_adjusted,https://www.indec.gob.ar/ftp/cuadros/economia/sh_oferta_demanda_desest_06_26.xls,fa82bda51d16390019b3c78a0442caa5fd4160199b21e8c8844595d000935d14,2026-08-20T23:52:53Z
indec_private_consumption_sa_constant_2004,2015-Q4,quarterly,522459.247456,million_ars_2004,official,indec_gdp_seasonally_adjusted,https://www.indec.gob.ar/ftp/cuadros/economia/sh_oferta_demanda_desest_06_26.xls,fa82bda51d16390019b3c78a0442caa5fd4160199b21e8c8844595d000935d14,2026-08-20T23:52:53Z
indec_private_consumption_sa_constant_2004,2016-Q1,quarterly,521148.286408,million_ars_2004,official,indec_gdp_seasonally_adjusted,https://www.indec.gob.ar/ftp/cuadros/economia/sh_oferta_demanda_desest_06_26.xls,fa82bda51d16390019b3c78a0442caa5fd4160199b21e8c8844595d000935d14,2026-08-20T23:52:53Z
indec_private_consumption_sa_constant_2004,2016-Q2,quarterly,512148.803203,million_ars_2004,official,indec_gdp_seasonally_adjusted,https://www.indec.gob.ar/ftp/cuadros/economia/sh_oferta_demanda_desest_06_26.xls,fa82bda51d16390019b3c78a0442caa5fd4160199b21e8c8844595d000935d14,2026-08-20T23:52:53Z
indec_private_consumption_sa_constant_2004,2016-Q3,quarterly,515979.937124,million_ars_2004,official,indec_gdp_seasonally_adjusted,https://www.indec.gob.ar/ftp/cuadros/economia/sh_oferta_demanda_desest_06_26.xls,fa82bda51d16390019b3c78a0442caa5fd4160199b21e8c8844595d000935d14,2026-08-20T23:52:53Z
indec_private_consumption_sa_constant_2004,2016-Q4,quarterly,519043.528416,million_ars_2004,official,indec_gdp_seasonally_adjusted,https://www.indec.gob.ar/ftp/cuadros/economia/sh_oferta_demanda_desest_06_26.xls,fa82bda51d16390019b3c78a0442caa5fd4160199b21e8c8844595d000935d14,2026-08-20T23:52:53Z
indec_private_consumption_sa_constant_2004,2017-Q1,quarterly,529980.096864,million_ars_2004,official,indec_gdp_seasonally_adjusted,https://www.indec.gob.ar/ftp/cuadros/economia/sh_oferta_demanda_desest_06_26.xls,fa82bda51d16390019b3c78a0442caa5fd4160199b21e8c8844595d000935d14,2026-08-20T23:52:53Z
indec_private_consumption_sa_constant_2004,2017-Q2,quarterly,535946.820762,million_ars_2004,official,indec_gdp_seasonally_adjusted,https://www.indec.gob.ar/ftp/cuadros/economia/sh_oferta_demanda_desest_06_26.xls,fa82bda51d16390019b3c78a0442caa5fd4160199b21e8c8844595d000935d14,2026-08-20T23:52:53Z
indec_private_consumption_sa_constant_2004,2017-Q3,quarterly,539066.684073,million_ars_2004,official,indec_gdp_seasonally_adjusted,https://www.indec.gob.ar/ftp/cuadros/economia/sh_oferta_demanda_desest_06_26.xls,fa82bda51d16390019b3c78a0442caa5fd4160199b21e8c8844595d000935d14,2026-08-20T23:52:53Z
indec_private_consumption_sa_constant_2004,2017-Q4,quarterly,549336.897186,million_ars_2004,official,indec_gdp_seasonally_adjusted,https://www.indec.gob.ar/ftp/cuadros/economia/sh_oferta_demanda_desest_06_26.xls,fa82bda51d16390019b3c78a0442caa5fd4160199b21e8c8844595d000935d14,2026-08-20T23:52:53Z
indec_private_consumption_sa_constant_2004,2018-Q1,quarterly,552557.091353,million_ars_2004,official,indec_gdp_seasonally_adjusted,https://www.indec.gob.ar/ftp/cuadros/economia/sh_oferta_demanda_desest_06_26.xls,fa82bda51d16390019b3c78a0442caa5fd4160199b21e8c8844595d000935d14,2026-08-20T23:52:53Z
indec_private_consumption_sa_constant_2004,2018-Q2,quarterly,539674.218503,million_ars_2004,official,indec_gdp_seasonally_adjusted,https://www.indec.gob.ar/ftp/cuadros/economia/sh_oferta_demanda_desest_06_26.xls,fa82bda51d16390019b3c78a0442caa5fd4160199b21e8c8844595d000935d14,2026-08-20T23:52:53Z
indec_private_consumption_sa_constant_2004,2018-Q3,quarterly,523321.285145,million_ars_2004,official,indec_gdp_seasonally_adjusted,https://www.indec.gob.ar/ftp/cuadros/economia/sh_oferta_demanda_desest_06_26.xls,fa82bda51d16390019b3c78a0442caa5fd4160199b21e8c8844595d000935d14,2026-08-20T23:52:53Z
indec_private_consumption_sa_constant_2004,2018-Q4,quarterly,490397.542149,million_ars_2004,official,indec_gdp_seasonally_adjusted,https://www.indec.gob.ar/ftp/cuadros/economia/sh_oferta_demanda_desest_06_26.xls,fa82bda51d16390019b3c78a0442caa5fd4160199b21e8c8844595d000935d14,2026-08-20T23:52:53Z
indec_private_consumption_sa_constant_2004,2019-Q1,quarterly,494139.087149,million_ars_2004,official,indec_gdp_seasonally_adjusted,https://www.indec.gob.ar/ftp/cuadros/economia/sh_oferta_demanda_desest_06_26.xls,fa82bda51d16390019b3c78a0442caa5fd4160199b21e8c8844595d000935d14,2026-08-20T23:52:53Z
indec_private_consumption_sa_constant_2004,2019-Q2,quarterly,505227.755152,million_ars_2004,official,indec_gdp_seasonally_adjusted,https://www.indec.gob.ar/ftp/cuadros/economia/sh_oferta_demanda_desest_06_26.xls,fa82bda51d16390019b3c78a0442caa5fd4160199b21e8c8844595d000935d14,2026-08-20T23:52:53Z
indec_private_consumption_sa_constant_2004,2019-Q3,quarterly,501077.277384,million_ars_2004,official,indec_gdp_seasonally_adjusted,https://www.indec.gob.ar/ftp/cuadros/economia/sh_oferta_demanda_desest_06_26.xls,fa82bda51d16390019b3c78a0442caa5fd4160199b21e8c8844595d000935d14,2026-08-20T23:52:53Z
indec_private_consumption_sa_constant_2004,2019-Q4,quarterly,476476.333447,million_ars_2004,official,indec_gdp_seasonally_adjusted,https://www.indec.gob.ar/ftp/cuadros/economia/sh_oferta_demanda_desest_06_26.xls,fa82bda51d16390019b3c78a0442caa5fd4160199b21e8c8844595d000935d14,2026-08-20T23:52:53Z
indec_private_consumption_sa_constant_2004,2020-Q1,quarterly,464626.533311,million_ars_2004,official,indec_gdp_seasonally_adjusted,https://www.indec.gob.ar/ftp/cuadros/economia/sh_oferta_demanda_desest_06_26.xls,fa82bda51d16390019b3c78a0442caa5fd4160199b21e8c8844595d000935d14,2026-08-20T23:52:53Z
indec_private_consumption_sa_constant_2004,2020-Q2,quarterly,391441.253223,million_ars_2004,official,indec_gdp_seasonally_adjusted,https://www.indec.gob.ar/ftp/cuadros/economia/sh_oferta_demanda_desest_06_26.xls,fa82bda51d16390019b3c78a0442caa5fd4160199b21e8c8844595d000935d14,2026-08-20T23:52:53Z
indec_private_consumption_sa_constant_2004,2020-Q3,quarterly,426156.181098,million_ars_2004,official,indec_gdp_seasonally_adjusted,https://www.indec.gob.ar/ftp/cuadros/economia/sh_oferta_demanda_desest_06_26.xls,fa82bda51d16390019b3c78a0442caa5fd4160199b21e8c8844595d000935d14,2026-08-20T23:52:53Z
indec_private_consumption_sa_constant_2004,2020-Q4,quarterly,454078.268476,million_ars_2004,official,indec_gdp_seasonally_adjusted,https://www.indec.gob.ar/ftp/cuadros/economia/sh_oferta_demanda_desest_06_26.xls,fa82bda51d16390019b3c78a0442caa5fd4160199b21e8c8844595d000935d14,2026-08-20T23:52:53Z
indec_private_consumption_sa_constant_2004,2021-Q1,quarterly,463317.111390,million_ars_2004,official,indec_gdp_seasonally_adjusted,https://www.indec.gob.ar/ftp/cuadros/economia/sh_oferta_demanda_desest_06_26.xls,fa82bda51d16390019b3c78a0442caa5fd4160199b21e8c8844595d000935d14,2026-08-20T23:52:53Z
indec_private_consumption_sa_constant_2004,2021-Q2,quarterly,466251.469217,million_ars_2004,official,indec_gdp_seasonally_adjusted,https://www.indec.gob.ar/ftp/cuadros/economia/sh_oferta_demanda_desest_06_26.xls,fa82bda51d16390019b3c78a0442caa5fd4160199b21e8c8844595d000935d14,2026-08-20T23:52:53Z
indec_private_consumption_sa_constant_2004,2021-Q3,quarterly,474840.306436,million_ars_2004,official,indec_gdp_seasonally_adjusted,https://www.indec.gob.ar/ftp/cuadros/economia/sh_oferta_demanda_desest_06_26.xls,fa82bda51d16390019b3c78a0442caa5fd4160199b21e8c8844595d000935d14,2026-08-20T23:52:53Z
indec_private_consumption_sa_constant_2004,2021-Q4,quarterly,496255.094674,million_ars_2004,official,indec_gdp_seasonally_adjusted,https://www.indec.gob.ar/ftp/cuadros/economia/sh_oferta_demanda_desest_06_26.xls,fa82bda51d16390019b3c78a0442caa5fd4160199b21e8c8844595d000935d14,2026-08-20T23:52:53Z
indec_private_consumption_sa_constant_2004,2022-Q1,quarterly,508799.601768,million_ars_2004,official,indec_gdp_seasonally_adjusted,https://www.indec.gob.ar/ftp/cuadros/economia/sh_oferta_demanda_desest_06_26.xls,fa82bda51d16390019b3c78a0442caa5fd4160199b21e8c8844595d000935d14,2026-08-20T23:52:53Z
indec_private_consumption_sa_constant_2004,2022-Q2,quarterly,524003.928663,million_ars_2004,official,indec_gdp_seasonally_adjusted,https://www.indec.gob.ar/ftp/cuadros/economia/sh_oferta_demanda_desest_06_26.xls,fa82bda51d16390019b3c78a0442caa5fd4160199b21e8c8844595d000935d14,2026-08-20T23:52:53Z
indec_private_consumption_sa_constant_2004,2022-Q3,quarterly,525149.849374,million_ars_2004,official,indec_gdp_seasonally_adjusted,https://www.indec.gob.ar/ftp/cuadros/economia/sh_oferta_demanda_desest_06_26.xls,fa82bda51d16390019b3c78a0442caa5fd4160199b21e8c8844595d000935d14,2026-08-20T23:52:53Z
indec_private_consumption_sa_constant_2004,2022-Q4,quarterly,522631.838322,million_ars_2004,official,indec_gdp_seasonally_adjusted,https://www.indec.gob.ar/ftp/cuadros/economia/sh_oferta_demanda_desest_06_26.xls,fa82bda51d16390019b3c78a0442caa5fd4160199b21e8c8844595d000935d14,2026-08-20T23:52:53Z
indec_private_consumption_sa_constant_2004,2023-Q1,quarterly,528451.306415,million_ars_2004,official,indec_gdp_seasonally_adjusted,https://www.indec.gob.ar/ftp/cuadros/economia/sh_oferta_demanda_desest_06_26.xls,fa82bda51d16390019b3c78a0442caa5fd4160199b21e8c8844595d000935d14,2026-08-20T23:52:53Z
indec_private_consumption_sa_constant_2004,2023-Q2,quarterly,533836.664481,million_ars_2004,official,indec_gdp_seasonally_adjusted,https://www.indec.gob.ar/ftp/cuadros/economia/sh_oferta_demanda_desest_06_26.xls,fa82bda51d16390019b3c78a0442caa5fd4160199b21e8c8844595d000935d14,2026-08-20T23:52:53Z
indec_private_consumption_sa_constant_2004,2023-Q3,quarterly,527178.359872,million_ars_2004,official,indec_gdp_seasonally_adjusted,https://www.indec.gob.ar/ftp/cuadros/economia/sh_oferta_demanda_desest_06_26.xls,fa82bda51d16390019b3c78a0442caa5fd4160199b21e8c8844595d000935d14,2026-08-20T23:52:53Z
indec_private_consumption_sa_constant_2004,2023-Q4,quarterly,511656.605495,million_ars_2004,official,indec_gdp_seasonally_adjusted,https://www.indec.gob.ar/ftp/cuadros/economia/sh_oferta_demanda_desest_06_26.xls,fa82bda51d16390019b3c78a0442caa5fd4160199b21e8c8844595d000935d14,2026-08-20T23:52:53Z
indec_private_consumption_sa_constant_2004,2024-Q1,quarterly,500846.498559,million_ars_2004,official,indec_gdp_seasonally_adjusted,https://www.indec.gob.ar/ftp/cuadros/economia/sh_oferta_demanda_desest_06_26.xls,fa82bda51d16390019b3c78a0442caa5fd4160199b21e8c8844595d000935d14,2026-08-20T23:52:53Z
indec_private_consumption_sa_constant_2004,2024-Q2,quarterly,489455.494858,million_ars_2004,official,indec_gdp_seasonally_adjusted,https://www.indec.gob.ar/ftp/cuadros/economia/sh_oferta_demanda_desest_06_26.xls,fa82bda51d16390019b3c78a0442caa5fd4160199b21e8c8844595d000935d14,2026-08-20T23:52:53Z
indec_private_consumption_sa_constant_2004,2024-Q3,quarterly,515831.645038,million_ars_2004,official,indec_gdp_seasonally_adjusted,https://www.indec.gob.ar/ftp/cuadros/economia/sh_oferta_demanda_desest_06_26.xls,fa82bda51d16390019b3c78a0442caa5fd4160199b21e8c8844595d000935d14,2026-08-20T23:52:53Z
indec_private_consumption_sa_constant_2004,2024-Q4,quarterly,534761.548875,million_ars_2004,official,indec_gdp_seasonally_adjusted,https://www.indec.gob.ar/ftp/cuadros/economia/sh_oferta_demanda_desest_06_26.xls,fa82bda51d16390019b3c78a0442caa5fd4160199b21e8c8844595d000935d14,2026-08-20T23:52:53Z
indec_private_consumption_sa_constant_2004,2025-Q1,quarterly,546670.130882,million_ars_2004,official,indec_gdp_seasonally_adjusted,https://www.indec.gob.ar/ftp/cuadros/economia/sh_oferta_demanda_desest_06_26.xls,fa82bda51d16390019b3c78a0442caa5fd4160199b21e8c8844595d000935d14,2026-08-20T23:52:53Z
indec_private_consumption_sa_constant_2004,2025-Q2,quarterly,552326.577777,million_ars_2004,official,indec_gdp_seasonally_adjusted,https://www.indec.gob.ar/ftp/cuadros/economia/sh_oferta_demanda_desest_06_26.xls,fa82bda51d16390019b3c78a0442caa5fd4160199b21e8c8844595d000935d14,2026-08-20T23:52:53Z
indec_private_consumption_sa_constant_2004,2025-Q3,quarterly,555411.905235,million_ars_2004,official,indec_gdp_seasonally_adjusted,https://www.indec.gob.ar/ftp/cuadros/economia/sh_oferta_demanda_desest_06_26.xls,fa82bda51d16390019b3c78a0442caa5fd4160199b21e8c8844595d000935d14,2026-08-20T23:52:53Z
indec_private_consumption_sa_constant_2004,2025-Q4,quarterly,561326.569469,million_ars_2004,official,indec_gdp_seasonally_adjusted,https://www.indec.gob.ar/ftp/cuadros/economia/sh_oferta_demanda_desest_06_26.xls,fa82bda51d16390019b3c78a0442caa5fd4160199b21e8c8844595d000935d14,2026-08-20T23:52:53Z
indec_private_consumption_sa_constant_2004,2026-Q1,quarterly,565983.811894,million_ars_2004,official,indec_gdp_seasonally_adjusted,https://www.indec.gob.ar/ftp/cuadros/economia/sh_oferta_demanda_desest_06_26.xls,fa82bda51d16390019b3c78a0442caa5fd4160199b21e8c8844595d000935d14,2026-08-20T23:52:53Z
indec_private_consumption_sa_qoq,2004-Q2,quarterly,1.333214,percent_change,official,indec_gdp_seasonally_adjusted,https://www.indec.gob.ar/ftp/cuadros/economia/sh_oferta_demanda_desest_06_26.xls,fa82bda51d16390019b3c78a0442caa5fd4160199b21e8c8844595d000935d14,2026-08-20T23:52:53Z
indec_private_consumption_sa_qoq,2004-Q3,quarterly,3.954437,percent_change,official,indec_gdp_seasonally_adjusted,https://www.indec.gob.ar/ftp/cuadros/economia/sh_oferta_demanda_desest_06_26.xls,fa82bda51d16390019b3c78a0442caa5fd4160199b21e8c8844595d000935d14,2026-08-20T23:52:53Z
indec_private_consumption_sa_qoq,2004-Q4,quarterly,2.280312,percent_change,official,indec_gdp_seasonally_adjusted,https://www.indec.gob.ar/ftp/cuadros/economia/sh_oferta_demanda_desest_06_26.xls,fa82bda51d16390019b3c78a0442caa5fd4160199b21e8c8844595d000935d14,2026-08-20T23:52:53Z
indec_private_consumption_sa_qoq,2005-Q1,quarterly,-0.876761,percent_change,official,indec_gdp_seasonally_adjusted,https://www.indec.gob.ar/ftp/cuadros/economia/sh_oferta_demanda_desest_06_26.xls,fa82bda51d16390019b3c78a0442caa5fd4160199b21e8c8844595d000935d14,2026-08-20T23:52:53Z
indec_private_consumption_sa_qoq,2005-Q2,quarterly,6.645468,percent_change,official,indec_gdp_seasonally_adjusted,https://www.indec.gob.ar/ftp/cuadros/economia/sh_oferta_demanda_desest_06_26.xls,fa82bda51d16390019b3c78a0442caa5fd4160199b21e8c8844595d000935d14,2026-08-20T23:52:53Z
indec_private_consumption_sa_qoq,2005-Q3,quarterly,-3.250559,percent_change,official,indec_gdp_seasonally_adjusted,https://www.indec.gob.ar/ftp/cuadros/economia/sh_oferta_demanda_desest_06_26.xls,fa82bda51d16390019b3c78a0442caa5fd4160199b21e8c8844595d000935d14,2026-08-20T23:52:53Z
indec_private_consumption_sa_qoq,2005-Q4,quarterly,3.606061,percent_change,official,indec_gdp_seasonally_adjusted,https://www.indec.gob.ar/ftp/cuadros/economia/sh_oferta_demanda_desest_06_26.xls,fa82bda51d16390019b3c78a0442caa5fd4160199b21e8c8844595d000935d14,2026-08-20T23:52:53Z
indec_private_consumption_sa_qoq,2006-Q1,quarterly,2.752754,percent_change,official,indec_gdp_seasonally_adjusted,https://www.indec.gob.ar/ftp/cuadros/economia/sh_oferta_demanda_desest_06_26.xls,fa82bda51d16390019b3c78a0442caa5fd4160199b21e8c8844595d000935d14,2026-08-20T23:52:53Z
indec_private_consumption_sa_qoq,2006-Q2,quarterly,5.444174,percent_change,official,indec_gdp_seasonally_adjusted,https://www.indec.gob.ar/ftp/cuadros/economia/sh_oferta_demanda_desest_06_26.xls,fa82bda51d16390019b3c78a0442caa5fd4160199b21e8c8844595d000935d14,2026-08-20T23:52:53Z
indec_private_consumption_sa_qoq,2006-Q3,quarterly,2.223325,percent_change,official,indec_gdp_seasonally_adjusted,https://www.indec.gob.ar/ftp/cuadros/economia/sh_oferta_demanda_desest_06_26.xls,fa82bda51d16390019b3c78a0442caa5fd4160199b21e8c8844595d000935d14,2026-08-20T23:52:53Z
indec_private_consumption_sa_qoq,2006-Q4,quarterly,-0.065966,percent_change,official,indec_gdp_seasonally_adjusted,https://www.indec.gob.ar/ftp/cuadros/economia/sh_oferta_demanda_desest_06_26.xls,fa82bda51d16390019b3c78a0442caa5fd4160199b21e8c8844595d000935d14,2026-08-20T23:52:53Z
indec_private_consumption_sa_qoq,2007-Q1,quarterly,2.855465,percent_change,official,indec_gdp_seasonally_adjusted,https://www.indec.gob.ar/ftp/cuadros/economia/sh_oferta_demanda_desest_06_26.xls,fa82bda51d16390019b3c78a0442caa5fd4160199b21e8c8844595d000935d14,2026-08-20T23:52:53Z
indec_private_consumption_sa_qoq,2007-Q2,quarterly,3.062064,percent_change,official,indec_gdp_seasonally_adjusted,https://www.indec.gob.ar/ftp/cuadros/economia/sh_oferta_demanda_desest_06_26.xls,fa82bda51d16390019b3c78a0442caa5fd4160199b21e8c8844595d000935d14,2026-08-20T23:52:53Z
indec_private_consumption_sa_qoq,2007-Q3,quarterly,2.137919,percent_change,official,indec_gdp_seasonally_adjusted,https://www.indec.gob.ar/ftp/cuadros/economia/sh_oferta_demanda_desest_06_26.xls,fa82bda51d16390019b3c78a0442caa5fd4160199b21e8c8844595d000935d14,2026-08-20T23:52:53Z
indec_private_consumption_sa_qoq,2007-Q4,quarterly,1.739612,percent_change,official,indec_gdp_seasonally_adjusted,https://www.indec.gob.ar/ftp/cuadros/economia/sh_oferta_demanda_desest_06_26.xls,fa82bda51d16390019b3c78a0442caa5fd4160199b21e8c8844595d000935d14,2026-08-20T23:52:53Z
indec_private_consumption_sa_qoq,2008-Q1,quarterly,4.609504,percent_change,official,indec_gdp_seasonally_adjusted,https://www.indec.gob.ar/ftp/cuadros/economia/sh_oferta_demanda_desest_06_26.xls,fa82bda51d16390019b3c78a0442caa5fd4160199b21e8c8844595d000935d14,2026-08-20T23:52:53Z
indec_private_consumption_sa_qoq,2008-Q2,quarterly,0.460604,percent_change,official,indec_gdp_seasonally_adjusted,https://www.indec.gob.ar/ftp/cuadros/economia/sh_oferta_demanda_desest_06_26.xls,fa82bda51d16390019b3c78a0442caa5fd4160199b21e8c8844595d000935d14,2026-08-20T23:52:53Z
indec_private_consumption_sa_qoq,2008-Q3,quarterly,-1.104763,percent_change,official,indec_gdp_seasonally_adjusted,https://www.indec.gob.ar/ftp/cuadros/economia/sh_oferta_demanda_desest_06_26.xls,fa82bda51d16390019b3c78a0442caa5fd4160199b21e8c8844595d000935d14,2026-08-20T23:52:53Z
indec_private_consumption_sa_qoq,2008-Q4,quarterly,-1.504162,percent_change,official,indec_gdp_seasonally_adjusted,https://www.indec.gob.ar/ftp/cuadros/economia/sh_oferta_demanda_desest_06_26.xls,fa82bda51d16390019b3c78a0442caa5fd4160199b21e8c8844595d000935d14,2026-08-20T23:52:53Z
indec_private_consumption_sa_qoq,2009-Q1,quarterly,-4.979250,percent_change,official,indec_gdp_seasonally_adjusted,https://www.indec.gob.ar/ftp/cuadros/economia/sh_oferta_demanda_desest_06_26.xls,fa82bda51d16390019b3c78a0442caa5fd4160199b21e8c8844595d000935d14,2026-08-20T23:52:53Z
indec_private_consumption_sa_qoq,2009-Q2,quarterly,-3.094880,percent_change,official,indec_gdp_seasonally_adjusted,https://www.indec.gob.ar/ftp/cuadros/economia/sh_oferta_demanda_desest_06_26.xls,fa82bda51d16390019b3c78a0442caa5fd4160199b21e8c8844595d000935d14,2026-08-20T23:52:53Z
indec_private_consumption_sa_qoq,2009-Q3,quarterly,8.081981,percent_change,official,indec_gdp_seasonally_adjusted,https://www.indec.gob.ar/ftp/cuadros/economia/sh_oferta_demanda_desest_06_26.xls,fa82bda51d16390019b3c78a0442caa5fd4160199b21e8c8844595d000935d14,2026-08-20T23:52:53Z
indec_private_consumption_sa_qoq,2009-Q4,quarterly,-1.708503,percent_change,official,indec_gdp_seasonally_adjusted,https://www.indec.gob.ar/ftp/cuadros/economia/sh_oferta_demanda_desest_06_26.xls,fa82bda51d16390019b3c78a0442caa5fd4160199b21e8c8844595d000935d14,2026-08-20T23:52:53Z
indec_private_consumption_sa_qoq,2010-Q1,quarterly,4.170177,percent_change,official,indec_gdp_seasonally_adjusted,https://www.indec.gob.ar/ftp/cuadros/economia/sh_oferta_demanda_desest_06_26.xls,fa82bda51d16390019b3c78a0442caa5fd4160199b21e8c8844595d000935d14,2026-08-20T23:52:53Z
indec_private_consumption_sa_qoq,2010-Q2,quarterly,4.435504,percent_change,official,indec_gdp_seasonally_adjusted,https://www.indec.gob.ar/ftp/cuadros/economia/sh_oferta_demanda_desest_06_26.xls,fa82bda51d16390019b3c78a0442caa5fd4160199b21e8c8844595d000935d14,2026-08-20T23:52:53Z
indec_private_consumption_sa_qoq,2010-Q3,quarterly,1.361097,percent_change,official,indec_gdp_seasonally_adjusted,https://www.indec.gob.ar/ftp/cuadros/economia/sh_oferta_demanda_desest_06_26.xls,fa82bda51d16390019b3c78a0442caa5fd4160199b21e8c8844595d000935d14,2026-08-20T23:52:53Z
indec_private_consumption_sa_qoq,2010-Q4,quarterly,3.148814,percent_change,official,indec_gdp_seasonally_adjusted,https://www.indec.gob.ar/ftp/cuadros/economia/sh_oferta_demanda_desest_06_26.xls,fa82bda51d16390019b3c78a0442caa5fd4160199b21e8c8844595d000935d14,2026-08-20T23:52:53Z
indec_private_consumption_sa_qoq,2011-Q1,quarterly,2.839871,percent_change,official,indec_gdp_seasonally_adjusted,https://www.indec.gob.ar/ftp/cuadros/economia/sh_oferta_demanda_desest_06_26.xls,fa82bda51d16390019b3c78a0442caa5fd4160199b21e8c8844595d000935d14,2026-08-20T23:52:53Z
indec_private_consumption_sa_qoq,2011-Q2,quarterly,0.758030,percent_change,official,indec_gdp_seasonally_adjusted,https://www.indec.gob.ar/ftp/cuadros/economia/sh_oferta_demanda_desest_06_26.xls,fa82bda51d16390019b3c78a0442caa5fd4160199b21e8c8844595d000935d14,2026-08-20T23:52:53Z
indec_private_consumption_sa_qoq,2011-Q3,quarterly,2.767118,percent_change,official,indec_gdp_seasonally_adjusted,https://www.indec.gob.ar/ftp/cuadros/economia/sh_oferta_demanda_desest_06_26.xls,fa82bda51d16390019b3c78a0442caa5fd4160199b21e8c8844595d000935d14,2026-08-20T23:52:53Z
indec_private_consumption_sa_qoq,2011-Q4,quarterly,0.690950,percent_change,official,indec_gdp_seasonally_adjusted,https://www.indec.gob.ar/ftp/cuadros/economia/sh_oferta_demanda_desest_06_26.xls,fa82bda51d16390019b3c78a0442caa5fd4160199b21e8c8844595d000935d14,2026-08-20T23:52:53Z
indec_private_consumption_sa_qoq,2012-Q1,quarterly,-2.909172,percent_change,official,indec_gdp_seasonally_adjusted,https://www.indec.gob.ar/ftp/cuadros/economia/sh_oferta_demanda_desest_06_26.xls,fa82bda51d16390019b3c78a0442caa5fd4160199b21e8c8844595d000935d14,2026-08-20T23:52:53Z
indec_private_consumption_sa_qoq,2012-Q2,quarterly,-0.246736,percent_change,official,indec_gdp_seasonally_adjusted,https://www.indec.gob.ar/ftp/cuadros/economia/sh_oferta_demanda_desest_06_26.xls,fa82bda51d16390019b3c78a0442caa5fd4160199b21e8c8844595d000935d14,2026-08-20T23:52:53Z
indec_private_consumption_sa_qoq,2012-Q3,quarterly,3.836520,percent_change,official,indec_gdp_seasonally_adjusted,https://www.indec.gob.ar/ftp/cuadros/economia/sh_oferta_demanda_desest_06_26.xls,fa82bda51d16390019b3c78a0442caa5fd4160199b21e8c8844595d000935d14,2026-08-20T23:52:53Z
indec_private_consumption_sa_qoq,2012-Q4,quarterly,1.134372,percent_change,official,indec_gdp_seasonally_adjusted,https://www.indec.gob.ar/ftp/cuadros/economia/sh_oferta_demanda_desest_06_26.xls,fa82bda51d16390019b3c78a0442caa5fd4160199b21e8c8844595d000935d14,2026-08-20T23:52:53Z
indec_private_consumption_sa_qoq,2013-Q1,quarterly,0.005053,percent_change,official,indec_gdp_seasonally_adjusted,https://www.indec.gob.ar/ftp/cuadros/economia/sh_oferta_demanda_desest_06_26.xls,fa82bda51d16390019b3c78a0442caa5fd4160199b21e8c8844595d000935d14,2026-08-20T23:52:53Z
indec_private_consumption_sa_qoq,2013-Q2,quarterly,-1.070404,percent_change,official,indec_gdp_seasonally_adjusted,https://www.indec.gob.ar/ftp/cuadros/economia/sh_oferta_demanda_desest_06_26.xls,fa82bda51d16390019b3c78a0442caa5fd4160199b21e8c8844595d000935d14,2026-08-20T23:52:53Z
indec_private_consumption_sa_qoq,2013-Q3,quarterly,3.791917,percent_change,official,indec_gdp_seasonally_adjusted,https://www.indec.gob.ar/ftp/cuadros/economia/sh_oferta_demanda_desest_06_26.xls,fa82bda51d16390019b3c78a0442caa5fd4160199b21e8c8844595d000935d14,2026-08-20T23:52:53Z
indec_private_consumption_sa_qoq,2013-Q4,quarterly,-0.556704,percent_change,official,indec_gdp_seasonally_adjusted,https://www.indec.gob.ar/ftp/cuadros/economia/sh_oferta_demanda_desest_06_26.xls,fa82bda51d16390019b3c78a0442caa5fd4160199b21e8c8844595d000935d14,2026-08-20T23:52:53Z
indec_private_consumption_sa_qoq,2014-Q1,quarterly,-2.465074,percent_change,official,indec_gdp_seasonally_adjusted,https://www.indec.gob.ar/ftp/cuadros/economia/sh_oferta_demanda_desest_06_26.xls,fa82bda51d16390019b3c78a0442caa5fd4160199b21e8c8844595d000935d14,2026-08-20T23:52:53Z
indec_private_consumption_sa_qoq,2014-Q2,quarterly,-3.644606,percent_change,official,indec_gdp_seasonally_adjusted,https://www.indec.gob.ar/ftp/cuadros/economia/sh_oferta_demanda_desest_06_26.xls,fa82bda51d16390019b3c78a0442caa5fd4160199b21e8c8844595d000935d14,2026-08-20T23:52:53Z
indec_private_consumption_sa_qoq,2014-Q3,quarterly,-1.780655,percent_change,official,indec_gdp_seasonally_adjusted,https://www.indec.gob.ar/ftp/cuadros/economia/sh_oferta_demanda_desest_06_26.xls,fa82bda51d16390019b3c78a0442caa5fd4160199b21e8c8844595d000935d14,2026-08-20T23:52:53Z
indec_private_consumption_sa_qoq,2014-Q4,quarterly,2.188389,percent_change,official,indec_gdp_seasonally_adjusted,https://www.indec.gob.ar/ftp/cuadros/economia/sh_oferta_demanda_desest_06_26.xls,fa82bda51d16390019b3c78a0442caa5fd4160199b21e8c8844595d000935d14,2026-08-20T23:52:53Z
indec_private_consumption_sa_qoq,2015-Q1,quarterly,1.971349,percent_change,official,indec_gdp_seasonally_adjusted,https://www.indec.gob.ar/ftp/cuadros/economia/sh_oferta_demanda_desest_06_26.xls,fa82bda51d16390019b3c78a0442caa5fd4160199b21e8c8844595d000935d14,2026-08-20T23:52:53Z
indec_private_consumption_sa_qoq,2015-Q2,quarterly,3.066969,percent_change,official,indec_gdp_seasonally_adjusted,https://www.indec.gob.ar/ftp/cuadros/economia/sh_oferta_demanda_desest_06_26.xls,fa82bda51d16390019b3c78a0442caa5fd4160199b21e8c8844595d000935d14,2026-08-20T23:52:53Z
indec_private_consumption_sa_qoq,2015-Q3,quarterly,-0.731100,percent_change,official,indec_gdp_seasonally_adjusted,https://www.indec.gob.ar/ftp/cuadros/economia/sh_oferta_demanda_desest_06_26.xls,fa82bda51d16390019b3c78a0442caa5fd4160199b21e8c8844595d000935d14,2026-08-20T23:52:53Z
indec_private_consumption_sa_qoq,2015-Q4,quarterly,-0.173779,percent_change,official,indec_gdp_seasonally_adjusted,https://www.indec.gob.ar/ftp/cuadros/economia/sh_oferta_demanda_desest_06_26.xls,fa82bda51d16390019b3c78a0442caa5fd4160199b21e8c8844595d000935d14,2026-08-20T23:52:53Z
indec_private_consumption_sa_qoq,2016-Q1,quarterly,-0.250921,percent_change,official,indec_gdp_seasonally_adjusted,https://www.indec.gob.ar/ftp/cuadros/economia/sh_oferta_demanda_desest_06_26.xls,fa82bda51d16390019b3c78a0442caa5fd4160199b21e8c8844595d000935d14,2026-08-20T23:52:53Z
indec_private_consumption_sa_qoq,2016-Q2,quarterly,-1.726857,percent_change,official,indec_gdp_seasonally_adjusted,https://www.indec.gob.ar/ftp/cuadros/economia/sh_oferta_demanda_desest_06_26.xls,fa82bda51d16390019b3c78a0442caa5fd4160199b21e8c8844595d000935d14,2026-08-20T23:52:53Z
indec_private_consumption_sa_qoq,2016-Q3,quarterly,0.748051,percent_change,official,indec_gdp_seasonally_adjusted,https://www.indec.gob.ar/ftp/cuadros/economia/sh_oferta_demanda_desest_06_26.xls,fa82bda51d16390019b3c78a0442caa5fd4160199b21e8c8844595d000935d14,2026-08-20T23:52:53Z
indec_private_consumption_sa_qoq,2016-Q4,quarterly,0.593742,percent_change,official,indec_gdp_seasonally_adjusted,https://www.indec.gob.ar/ftp/cuadros/economia/sh_oferta_demanda_desest_06_26.xls,fa82bda51d16390019b3c78a0442caa5fd4160199b21e8c8844595d000935d14,2026-08-20T23:52:53Z
indec_private_consumption_sa_qoq,2017-Q1,quarterly,2.107062,percent_change,official,indec_gdp_seasonally_adjusted,https://www.indec.gob.ar/ftp/cuadros/economia/sh_oferta_demanda_desest_06_26.xls,fa82bda51d16390019b3c78a0442caa5fd4160199b21e8c8844595d000935d14,2026-08-20T23:52:53Z
indec_private_consumption_sa_qoq,2017-Q2,quarterly,1.125839,percent_change,official,indec_gdp_seasonally_adjusted,https://www.indec.gob.ar/ftp/cuadros/economia/sh_oferta_demanda_desest_06_26.xls,fa82bda51d16390019b3c78a0442caa5fd4160199b21e8c8844595d000935d14,2026-08-20T23:52:53Z
indec_private_consumption_sa_qoq,2017-Q3,quarterly,0.582122,percent_change,official,indec_gdp_seasonally_adjusted,https://www.indec.gob.ar/ftp/cuadros/economia/sh_oferta_demanda_desest_06_26.xls,fa82bda51d16390019b3c78a0442caa5fd4160199b21e8c8844595d000935d14,2026-08-20T23:52:53Z
indec_private_consumption_sa_qoq,2017-Q4,quarterly,1.905184,percent_change,official,indec_gdp_seasonally_adjusted,https://www.indec.gob.ar/ftp/cuadros/economia/sh_oferta_demanda_desest_06_26.xls,fa82bda51d16390019b3c78a0442caa5fd4160199b21e8c8844595d000935d14,2026-08-20T23:52:53Z
indec_private_consumption_sa_qoq,2018-Q1,quarterly,0.586197,percent_change,official,indec_gdp_seasonally_adjusted,https://www.indec.gob.ar/ftp/cuadros/economia/sh_oferta_demanda_desest_06_26.xls,fa82bda51d16390019b3c78a0442caa5fd4160199b21e8c8844595d000935d14,2026-08-20T23:52:53Z
indec_private_consumption_sa_qoq,2018-Q2,quarterly,-2.331501,percent_change,official,indec_gdp_seasonally_adjusted,https://www.indec.gob.ar/ftp/cuadros/economia/sh_oferta_demanda_desest_06_26.xls,fa82bda51d16390019b3c78a0442caa5fd4160199b21e8c8844595d000935d14,2026-08-20T23:52:53Z
indec_private_consumption_sa_qoq,2018-Q3,quarterly,-3.030149,percent_change,official,indec_gdp_seasonally_adjusted,https://www.indec.gob.ar/ftp/cuadros/economia/sh_oferta_demanda_desest_06_26.xls,fa82bda51d16390019b3c78a0442caa5fd4160199b21e8c8844595d000935d14,2026-08-20T23:52:53Z
indec_private_consumption_sa_qoq,2018-Q4,quarterly,-6.291306,percent_change,official,indec_gdp_seasonally_adjusted,https://www.indec.gob.ar/ftp/cuadros/economia/sh_oferta_demanda_desest_06_26.xls,fa82bda51d16390019b3c78a0442caa5fd4160199b21e8c8844595d000935d14,2026-08-20T23:52:53Z
indec_private_consumption_sa_qoq,2019-Q1,quarterly,0.762962,percent_change,official,indec_gdp_seasonally_adjusted,https://www.indec.gob.ar/ftp/cuadros/economia/sh_oferta_demanda_desest_06_26.xls,fa82bda51d16390019b3c78a0442caa5fd4160199b21e8c8844595d000935d14,2026-08-20T23:52:53Z
indec_private_consumption_sa_qoq,2019-Q2,quarterly,2.244038,percent_change,official,indec_gdp_seasonally_adjusted,https://www.indec.gob.ar/ftp/cuadros/economia/sh_oferta_demanda_desest_06_26.xls,fa82bda51d16390019b3c78a0442caa5fd4160199b21e8c8844595d000935d14,2026-08-20T23:52:53Z
indec_private_consumption_sa_qoq,2019-Q3,quarterly,-0.821506,percent_change,official,indec_gdp_seasonally_adjusted,https://www.indec.gob.ar/ftp/cuadros/economia/sh_oferta_demanda_desest_06_26.xls,fa82bda51d16390019b3c78a0442caa5fd4160199b21e8c8844595d000935d14,2026-08-20T23:52:53Z
indec_private_consumption_sa_qoq,2019-Q4,quarterly,-4.909611,percent_change,official,indec_gdp_seasonally_adjusted,https://www.indec.gob.ar/ftp/cuadros/economia/sh_oferta_demanda_desest_06_26.xls,fa82bda51d16390019b3c78a0442caa5fd4160199b21e8c8844595d000935d14,2026-08-20T23:52:53Z
indec_private_consumption_sa_qoq,2020-Q1,quarterly,-2.486965,percent_change,official,indec_gdp_seasonally_adjusted,https://www.indec.gob.ar/ftp/cuadros/economia/sh_oferta_demanda_desest_06_26.xls,fa82bda51d16390019b3c78a0442caa5fd4160199b21e8c8844595d000935d14,2026-08-20T23:52:53Z
indec_private_consumption_sa_qoq,2020-Q2,quarterly,-15.751421,percent_change,official,indec_gdp_seasonally_adjusted,https://www.indec.gob.ar/ftp/cuadros/economia/sh_oferta_demanda_desest_06_26.xls,fa82bda51d16390019b3c78a0442caa5fd4160199b21e8c8844595d000935d14,2026-08-20T23:52:53Z
indec_private_consumption_sa_qoq,2020-Q3,quarterly,8.868490,percent_change,official,indec_gdp_seasonally_adjusted,https://www.indec.gob.ar/ftp/cuadros/economia/sh_oferta_demanda_desest_06_26.xls,fa82bda51d16390019b3c78a0442caa5fd4160199b21e8c8844595d000935d14,2026-08-20T23:52:53Z
indec_private_consumption_sa_qoq,2020-Q4,quarterly,6.552078,percent_change,official,indec_gdp_seasonally_adjusted,https://www.indec.gob.ar/ftp/cuadros/economia/sh_oferta_demanda_desest_06_26.xls,fa82bda51d16390019b3c78a0442caa5fd4160199b21e8c8844595d000935d14,2026-08-20T23:52:53Z
indec_private_consumption_sa_qoq,2021-Q1,quarterly,2.034637,percent_change,official,indec_gdp_seasonally_adjusted,https://www.indec.gob.ar/ftp/cuadros/economia/sh_oferta_demanda_desest_06_26.xls,fa82bda51d16390019b3c78a0442caa5fd4160199b21e8c8844595d000935d14,2026-08-20T23:52:53Z
indec_private_consumption_sa_qoq,2021-Q2,quarterly,0.633337,percent_change,official,indec_gdp_seasonally_adjusted,https://www.indec.gob.ar/ftp/cuadros/economia/sh_oferta_demanda_desest_06_26.xls,fa82bda51d16390019b3c78a0442caa5fd4160199b21e8c8844595d000935d14,2026-08-20T23:52:53Z
indec_private_consumption_sa_qoq,2021-Q3,quarterly,1.842104,percent_change,official,indec_gdp_seasonally_adjusted,https://www.indec.gob.ar/ftp/cuadros/economia/sh_oferta_demanda_desest_06_26.xls,fa82bda51d16390019b3c78a0442caa5fd4160199b21e8c8844595d000935d14,2026-08-20T23:52:53Z
indec_private_consumption_sa_qoq,2021-Q4,quarterly,4.509893,percent_change,official,indec_gdp_seasonally_adjusted,https://www.indec.gob.ar/ftp/cuadros/economia/sh_oferta_demanda_desest_06_26.xls,fa82bda51d16390019b3c78a0442caa5fd4160199b21e8c8844595d000935d14,2026-08-20T23:52:53Z
indec_private_consumption_sa_qoq,2022-Q1,quarterly,2.527834,percent_change,official,indec_gdp_seasonally_adjusted,https://www.indec.gob.ar/ftp/cuadros/economia/sh_oferta_demanda_desest_06_26.xls,fa82bda51d16390019b3c78a0442caa5fd4160199b21e8c8844595d000935d14,2026-08-20T23:52:53Z
indec_private_consumption_sa_qoq,2022-Q2,quarterly,2.988274,percent_change,official,indec_gdp_seasonally_adjusted,https://www.indec.gob.ar/ftp/cuadros/economia/sh_oferta_demanda_desest_06_26.xls,fa82bda51d16390019b3c78a0442caa5fd4160199b21e8c8844595d000935d14,2026-08-20T23:52:53Z
indec_private_consumption_sa_qoq,2022-Q3,quarterly,0.218686,percent_change,official,indec_gdp_seasonally_adjusted,https://www.indec.gob.ar/ftp/cuadros/economia/sh_oferta_demanda_desest_06_26.xls,fa82bda51d16390019b3c78a0442caa5fd4160199b21e8c8844595d000935d14,2026-08-20T23:52:53Z
indec_private_consumption_sa_qoq,2022-Q4,quarterly,-0.479484,percent_change,official,indec_gdp_seasonally_adjusted,https://www.indec.gob.ar/ftp/cuadros/economia/sh_oferta_demanda_desest_06_26.xls,fa82bda51d16390019b3c78a0442caa5fd4160199b21e8c8844595d000935d14,2026-08-20T23:52:53Z
indec_private_consumption_sa_qoq,2023-Q1,quarterly,1.113493,percent_change,official,indec_gdp_seasonally_adjusted,https://www.indec.gob.ar/ftp/cuadros/economia/sh_oferta_demanda_desest_06_26.xls,fa82bda51d16390019b3c78a0442caa5fd4160199b21e8c8844595d000935d14,2026-08-20T23:52:53Z
indec_private_consumption_sa_qoq,2023-Q2,quarterly,1.019083,percent_change,official,indec_gdp_seasonally_adjusted,https://www.indec.gob.ar/ftp/cuadros/economia/sh_oferta_demanda_desest_06_26.xls,fa82bda51d16390019b3c78a0442caa5fd4160199b21e8c8844595d000935d14,2026-08-20T23:52:53Z
indec_private_consumption_sa_qoq,2023-Q3,quarterly,-1.247255,percent_change,official,indec_gdp_seasonally_adjusted,https://www.indec.gob.ar/ftp/cuadros/economia/sh_oferta_demanda_desest_06_26.xls,fa82bda51d16390019b3c78a0442caa5fd4160199b21e8c8844595d000935d14,2026-08-20T23:52:53Z
indec_private_consumption_sa_qoq,2023-Q4,quarterly,-2.944308,percent_change,official,indec_gdp_seasonally_adjusted,https://www.indec.gob.ar/ftp/cuadros/economia/sh_oferta_demanda_desest_06_26.xls,fa82bda51d16390019b3c78a0442caa5fd4160199b21e8c8844595d000935d14,2026-08-20T23:52:53Z
indec_private_consumption_sa_qoq,2024-Q1,quarterly,-2.112766,percent_change,official,indec_gdp_seasonally_adjusted,https://www.indec.gob.ar/ftp/cuadros/economia/sh_oferta_demanda_desest_06_26.xls,fa82bda51d16390019b3c78a0442caa5fd4160199b21e8c8844595d000935d14,2026-08-20T23:52:53Z
indec_private_consumption_sa_qoq,2024-Q2,quarterly,-2.274350,percent_change,official,indec_gdp_seasonally_adjusted,https://www.indec.gob.ar/ftp/cuadros/economia/sh_oferta_demanda_desest_06_26.xls,fa82bda51d16390019b3c78a0442caa5fd4160199b21e8c8844595d000935d14,2026-08-20T23:52:53Z
indec_private_consumption_sa_qoq,2024-Q3,quarterly,5.388876,percent_change,official,indec_gdp_seasonally_adjusted,https://www.indec.gob.ar/ftp/cuadros/economia/sh_oferta_demanda_desest_06_26.xls,fa82bda51d16390019b3c78a0442caa5fd4160199b21e8c8844595d000935d14,2026-08-20T23:52:53Z
indec_private_consumption_sa_qoq,2024-Q4,quarterly,3.669783,percent_change,official,indec_gdp_seasonally_adjusted,https://www.indec.gob.ar/ftp/cuadros/economia/sh_oferta_demanda_desest_06_26.xls,fa82bda51d16390019b3c78a0442caa5fd4160199b21e8c8844595d000935d14,2026-08-20T23:52:53Z
indec_private_consumption_sa_qoq,2025-Q1,quarterly,2.226896,percent_change,official,indec_gdp_seasonally_adjusted,https://www.indec.gob.ar/ftp/cuadros/economia/sh_oferta_demanda_desest_06_26.xls,fa82bda51d16390019b3c78a0442caa5fd4160199b21e8c8844595d000935d14,2026-08-20T23:52:53Z
indec_private_consumption_sa_qoq,2025-Q2,quarterly,1.034709,percent_change,official,indec_gdp_seasonally_adjusted,https://www.indec.gob.ar/ftp/cuadros/economia/sh_oferta_demanda_desest_06_26.xls,fa82bda51d16390019b3c78a0442caa5fd4160199b21e8c8844595d000935d14,2026-08-20T23:52:53Z
indec_private_consumption_sa_qoq,2025-Q3,quarterly,0.558606,percent_change,official,indec_gdp_seasonally_adjusted,https://www.indec.gob.ar/ftp/cuadros/economia/sh_oferta_demanda_desest_06_26.xls,fa82bda51d16390019b3c78a0442caa5fd4160199b21e8c8844595d000935d14,2026-08-20T23:52:53Z
indec_private_consumption_sa_qoq,2025-Q4,quarterly,1.064915,percent_change,official,indec_gdp_seasonally_adjusted,https://www.indec.gob.ar/ftp/cuadros/economia/sh_oferta_demanda_desest_06_26.xls,fa82bda51d16390019b3c78a0442caa5fd4160199b21e8c8844595d000935d14,2026-08-20T23:52:53Z
indec_private_consumption_sa_qoq,2026-Q1,quarterly,0.829685,percent_change,official,indec_gdp_seasonally_adjusted,https://www.indec.gob.ar/ftp/cuadros/economia/sh_oferta_demanda_desest_06_26.xls,fa82bda51d16390019b3c78a0442caa5fd4160199b21e8c8844595d000935d14,2026-08-20T23:52:53Z
