series_id,period,frequency,value,unit,status,source_id,source_url,source_sha256,retrieved_at
bcra_profit_dividend_outflows_annual,2003,annual,961.526100,million_usd,calculated,bcra_fx_market_profit_dividends,https://www.bcra.gob.ar/archivos/Pdfs/PublicacionesEstadisticas/informes/anexo-estadistico-mercado-cambios-balance-cambiario.xlsx,fe060a737d9dbfbfafde7513c75213dd337c346d387ddef45cffa5935d71f8c6,2026-08-12T00:10:05Z
bcra_profit_dividend_outflows_annual,2004,annual,927.854100,million_usd,calculated,bcra_fx_market_profit_dividends,https://www.bcra.gob.ar/archivos/Pdfs/PublicacionesEstadisticas/informes/anexo-estadistico-mercado-cambios-balance-cambiario.xlsx,fe060a737d9dbfbfafde7513c75213dd337c346d387ddef45cffa5935d71f8c6,2026-08-12T00:10:05Z
bcra_profit_dividend_outflows_annual,2005,annual,1408.628400,million_usd,calculated,bcra_fx_market_profit_dividends,https://www.bcra.gob.ar/archivos/Pdfs/PublicacionesEstadisticas/informes/anexo-estadistico-mercado-cambios-balance-cambiario.xlsx,fe060a737d9dbfbfafde7513c75213dd337c346d387ddef45cffa5935d71f8c6,2026-08-12T00:10:05Z
bcra_profit_dividend_outflows_annual,2006,annual,1563.778600,million_usd,calculated,bcra_fx_market_profit_dividends,https://www.bcra.gob.ar/archivos/Pdfs/PublicacionesEstadisticas/informes/anexo-estadistico-mercado-cambios-balance-cambiario.xlsx,fe060a737d9dbfbfafde7513c75213dd337c346d387ddef45cffa5935d71f8c6,2026-08-12T00:10:05Z
bcra_profit_dividend_outflows_annual,2007,annual,1901.486400,million_usd,calculated,bcra_fx_market_profit_dividends,https://www.bcra.gob.ar/archivos/Pdfs/PublicacionesEstadisticas/informes/anexo-estadistico-mercado-cambios-balance-cambiario.xlsx,fe060a737d9dbfbfafde7513c75213dd337c346d387ddef45cffa5935d71f8c6,2026-08-12T00:10:05Z
bcra_profit_dividend_outflows_annual,2008,annual,3555.207300,million_usd,calculated,bcra_fx_market_profit_dividends,https://www.bcra.gob.ar/archivos/Pdfs/PublicacionesEstadisticas/informes/anexo-estadistico-mercado-cambios-balance-cambiario.xlsx,fe060a737d9dbfbfafde7513c75213dd337c346d387ddef45cffa5935d71f8c6,2026-08-12T00:10:05Z
bcra_profit_dividend_outflows_annual,2009,annual,3181.270500,million_usd,calculated,bcra_fx_market_profit_dividends,https://www.bcra.gob.ar/archivos/Pdfs/PublicacionesEstadisticas/informes/anexo-estadistico-mercado-cambios-balance-cambiario.xlsx,fe060a737d9dbfbfafde7513c75213dd337c346d387ddef45cffa5935d71f8c6,2026-08-12T00:10:05Z
bcra_profit_dividend_outflows_annual,2010,annual,4229.564800,million_usd,calculated,bcra_fx_market_profit_dividends,https://www.bcra.gob.ar/archivos/Pdfs/PublicacionesEstadisticas/informes/anexo-estadistico-mercado-cambios-balance-cambiario.xlsx,fe060a737d9dbfbfafde7513c75213dd337c346d387ddef45cffa5935d71f8c6,2026-08-12T00:10:05Z
bcra_profit_dividend_outflows_annual,2011,annual,4494.855700,million_usd,calculated,bcra_fx_market_profit_dividends,https://www.bcra.gob.ar/archivos/Pdfs/PublicacionesEstadisticas/informes/anexo-estadistico-mercado-cambios-balance-cambiario.xlsx,fe060a737d9dbfbfafde7513c75213dd337c346d387ddef45cffa5935d71f8c6,2026-08-12T00:10:05Z
bcra_profit_dividend_outflows_annual,2012,annual,253.006600,million_usd,calculated,bcra_fx_market_profit_dividends,https://www.bcra.gob.ar/archivos/Pdfs/PublicacionesEstadisticas/informes/anexo-estadistico-mercado-cambios-balance-cambiario.xlsx,fe060a737d9dbfbfafde7513c75213dd337c346d387ddef45cffa5935d71f8c6,2026-08-12T00:10:05Z
bcra_profit_dividend_outflows_annual,2013,annual,1344.458000,million_usd,calculated,bcra_fx_market_profit_dividends,https://www.bcra.gob.ar/archivos/Pdfs/PublicacionesEstadisticas/informes/anexo-estadistico-mercado-cambios-balance-cambiario.xlsx,fe060a737d9dbfbfafde7513c75213dd337c346d387ddef45cffa5935d71f8c6,2026-08-12T00:10:05Z
bcra_profit_dividend_outflows_annual,2014,annual,1316.400300,million_usd,calculated,bcra_fx_market_profit_dividends,https://www.bcra.gob.ar/archivos/Pdfs/PublicacionesEstadisticas/informes/anexo-estadistico-mercado-cambios-balance-cambiario.xlsx,fe060a737d9dbfbfafde7513c75213dd337c346d387ddef45cffa5935d71f8c6,2026-08-12T00:10:05Z
bcra_profit_dividend_outflows_annual,2015,annual,100.269900,million_usd,calculated,bcra_fx_market_profit_dividends,https://www.bcra.gob.ar/archivos/Pdfs/PublicacionesEstadisticas/informes/anexo-estadistico-mercado-cambios-balance-cambiario.xlsx,fe060a737d9dbfbfafde7513c75213dd337c346d387ddef45cffa5935d71f8c6,2026-08-12T00:10:05Z
bcra_profit_dividend_outflows_annual,2016,annual,2996.422600,million_usd,calculated,bcra_fx_market_profit_dividends,https://www.bcra.gob.ar/archivos/Pdfs/PublicacionesEstadisticas/informes/anexo-estadistico-mercado-cambios-balance-cambiario.xlsx,fe060a737d9dbfbfafde7513c75213dd337c346d387ddef45cffa5935d71f8c6,2026-08-12T00:10:05Z
bcra_profit_dividend_outflows_annual,2017,annual,2124.432600,million_usd,calculated,bcra_fx_market_profit_dividends,https://www.bcra.gob.ar/archivos/Pdfs/PublicacionesEstadisticas/informes/anexo-estadistico-mercado-cambios-balance-cambiario.xlsx,fe060a737d9dbfbfafde7513c75213dd337c346d387ddef45cffa5935d71f8c6,2026-08-12T00:10:05Z
bcra_profit_dividend_outflows_annual,2018,annual,1083.964600,million_usd,calculated,bcra_fx_market_profit_dividends,https://www.bcra.gob.ar/archivos/Pdfs/PublicacionesEstadisticas/informes/anexo-estadistico-mercado-cambios-balance-cambiario.xlsx,fe060a737d9dbfbfafde7513c75213dd337c346d387ddef45cffa5935d71f8c6,2026-08-12T00:10:05Z
bcra_profit_dividend_outflows_annual,2019,annual,861.941000,million_usd,calculated,bcra_fx_market_profit_dividends,https://www.bcra.gob.ar/archivos/Pdfs/PublicacionesEstadisticas/informes/anexo-estadistico-mercado-cambios-balance-cambiario.xlsx,fe060a737d9dbfbfafde7513c75213dd337c346d387ddef45cffa5935d71f8c6,2026-08-12T00:10:05Z
bcra_profit_dividend_outflows_annual,2020,annual,-0.002000,million_usd,calculated,bcra_fx_market_profit_dividends,https://www.bcra.gob.ar/archivos/Pdfs/PublicacionesEstadisticas/informes/anexo-estadistico-mercado-cambios-balance-cambiario.xlsx,fe060a737d9dbfbfafde7513c75213dd337c346d387ddef45cffa5935d71f8c6,2026-08-12T00:10:05Z
bcra_profit_dividend_outflows_annual,2021,annual,69.989100,million_usd,calculated,bcra_fx_market_profit_dividends,https://www.bcra.gob.ar/archivos/Pdfs/PublicacionesEstadisticas/informes/anexo-estadistico-mercado-cambios-balance-cambiario.xlsx,fe060a737d9dbfbfafde7513c75213dd337c346d387ddef45cffa5935d71f8c6,2026-08-12T00:10:05Z
bcra_profit_dividend_outflows_annual,2022,annual,31.681600,million_usd,calculated,bcra_fx_market_profit_dividends,https://www.bcra.gob.ar/archivos/Pdfs/PublicacionesEstadisticas/informes/anexo-estadistico-mercado-cambios-balance-cambiario.xlsx,fe060a737d9dbfbfafde7513c75213dd337c346d387ddef45cffa5935d71f8c6,2026-08-12T00:10:05Z
bcra_profit_dividend_outflows_annual,2023,annual,155.770000,million_usd,calculated,bcra_fx_market_profit_dividends,https://www.bcra.gob.ar/archivos/Pdfs/PublicacionesEstadisticas/informes/anexo-estadistico-mercado-cambios-balance-cambiario.xlsx,fe060a737d9dbfbfafde7513c75213dd337c346d387ddef45cffa5935d71f8c6,2026-08-12T00:10:05Z
bcra_profit_dividend_outflows_annual,2024,annual,98.224900,million_usd,calculated,bcra_fx_market_profit_dividends,https://www.bcra.gob.ar/archivos/Pdfs/PublicacionesEstadisticas/informes/anexo-estadistico-mercado-cambios-balance-cambiario.xlsx,fe060a737d9dbfbfafde7513c75213dd337c346d387ddef45cffa5935d71f8c6,2026-08-12T00:10:05Z
bcra_profit_dividend_outflows_annual,2025,annual,276.707300,million_usd,calculated,bcra_fx_market_profit_dividends,https://www.bcra.gob.ar/archivos/Pdfs/PublicacionesEstadisticas/informes/anexo-estadistico-mercado-cambios-balance-cambiario.xlsx,fe060a737d9dbfbfafde7513c75213dd337c346d387ddef45cffa5935d71f8c6,2026-08-12T00:10:05Z
bcra_profit_dividend_outflows_monthly,2003-01,monthly,68.710100,million_usd,official,bcra_fx_market_profit_dividends,https://www.bcra.gob.ar/archivos/Pdfs/PublicacionesEstadisticas/informes/anexo-estadistico-mercado-cambios-balance-cambiario.xlsx,fe060a737d9dbfbfafde7513c75213dd337c346d387ddef45cffa5935d71f8c6,2026-08-12T00:10:05Z
bcra_profit_dividend_outflows_monthly,2003-02,monthly,29.751900,million_usd,official,bcra_fx_market_profit_dividends,https://www.bcra.gob.ar/archivos/Pdfs/PublicacionesEstadisticas/informes/anexo-estadistico-mercado-cambios-balance-cambiario.xlsx,fe060a737d9dbfbfafde7513c75213dd337c346d387ddef45cffa5935d71f8c6,2026-08-12T00:10:05Z
bcra_profit_dividend_outflows_monthly,2003-03,monthly,31.458400,million_usd,official,bcra_fx_market_profit_dividends,https://www.bcra.gob.ar/archivos/Pdfs/PublicacionesEstadisticas/informes/anexo-estadistico-mercado-cambios-balance-cambiario.xlsx,fe060a737d9dbfbfafde7513c75213dd337c346d387ddef45cffa5935d71f8c6,2026-08-12T00:10:05Z
bcra_profit_dividend_outflows_monthly,2003-04,monthly,108.127600,million_usd,official,bcra_fx_market_profit_dividends,https://www.bcra.gob.ar/archivos/Pdfs/PublicacionesEstadisticas/informes/anexo-estadistico-mercado-cambios-balance-cambiario.xlsx,fe060a737d9dbfbfafde7513c75213dd337c346d387ddef45cffa5935d71f8c6,2026-08-12T00:10:05Z
bcra_profit_dividend_outflows_monthly,2003-05,monthly,79.790200,million_usd,official,bcra_fx_market_profit_dividends,https://www.bcra.gob.ar/archivos/Pdfs/PublicacionesEstadisticas/informes/anexo-estadistico-mercado-cambios-balance-cambiario.xlsx,fe060a737d9dbfbfafde7513c75213dd337c346d387ddef45cffa5935d71f8c6,2026-08-12T00:10:05Z
bcra_profit_dividend_outflows_monthly,2003-06,monthly,95.773300,million_usd,official,bcra_fx_market_profit_dividends,https://www.bcra.gob.ar/archivos/Pdfs/PublicacionesEstadisticas/informes/anexo-estadistico-mercado-cambios-balance-cambiario.xlsx,fe060a737d9dbfbfafde7513c75213dd337c346d387ddef45cffa5935d71f8c6,2026-08-12T00:10:05Z
bcra_profit_dividend_outflows_monthly,2003-07,monthly,204.532500,million_usd,official,bcra_fx_market_profit_dividends,https://www.bcra.gob.ar/archivos/Pdfs/PublicacionesEstadisticas/informes/anexo-estadistico-mercado-cambios-balance-cambiario.xlsx,fe060a737d9dbfbfafde7513c75213dd337c346d387ddef45cffa5935d71f8c6,2026-08-12T00:10:05Z
bcra_profit_dividend_outflows_monthly,2003-08,monthly,73.245500,million_usd,official,bcra_fx_market_profit_dividends,https://www.bcra.gob.ar/archivos/Pdfs/PublicacionesEstadisticas/informes/anexo-estadistico-mercado-cambios-balance-cambiario.xlsx,fe060a737d9dbfbfafde7513c75213dd337c346d387ddef45cffa5935d71f8c6,2026-08-12T00:10:05Z
bcra_profit_dividend_outflows_monthly,2003-09,monthly,36.461200,million_usd,official,bcra_fx_market_profit_dividends,https://www.bcra.gob.ar/archivos/Pdfs/PublicacionesEstadisticas/informes/anexo-estadistico-mercado-cambios-balance-cambiario.xlsx,fe060a737d9dbfbfafde7513c75213dd337c346d387ddef45cffa5935d71f8c6,2026-08-12T00:10:05Z
bcra_profit_dividend_outflows_monthly,2003-10,monthly,68.718900,million_usd,official,bcra_fx_market_profit_dividends,https://www.bcra.gob.ar/archivos/Pdfs/PublicacionesEstadisticas/informes/anexo-estadistico-mercado-cambios-balance-cambiario.xlsx,fe060a737d9dbfbfafde7513c75213dd337c346d387ddef45cffa5935d71f8c6,2026-08-12T00:10:05Z
bcra_profit_dividend_outflows_monthly,2003-11,monthly,52.797300,million_usd,official,bcra_fx_market_profit_dividends,https://www.bcra.gob.ar/archivos/Pdfs/PublicacionesEstadisticas/informes/anexo-estadistico-mercado-cambios-balance-cambiario.xlsx,fe060a737d9dbfbfafde7513c75213dd337c346d387ddef45cffa5935d71f8c6,2026-08-12T00:10:05Z
bcra_profit_dividend_outflows_monthly,2003-12,monthly,112.159200,million_usd,official,bcra_fx_market_profit_dividends,https://www.bcra.gob.ar/archivos/Pdfs/PublicacionesEstadisticas/informes/anexo-estadistico-mercado-cambios-balance-cambiario.xlsx,fe060a737d9dbfbfafde7513c75213dd337c346d387ddef45cffa5935d71f8c6,2026-08-12T00:10:05Z
bcra_profit_dividend_outflows_monthly,2004-01,monthly,87.870000,million_usd,official,bcra_fx_market_profit_dividends,https://www.bcra.gob.ar/archivos/Pdfs/PublicacionesEstadisticas/informes/anexo-estadistico-mercado-cambios-balance-cambiario.xlsx,fe060a737d9dbfbfafde7513c75213dd337c346d387ddef45cffa5935d71f8c6,2026-08-12T00:10:05Z
bcra_profit_dividend_outflows_monthly,2004-02,monthly,5.037100,million_usd,official,bcra_fx_market_profit_dividends,https://www.bcra.gob.ar/archivos/Pdfs/PublicacionesEstadisticas/informes/anexo-estadistico-mercado-cambios-balance-cambiario.xlsx,fe060a737d9dbfbfafde7513c75213dd337c346d387ddef45cffa5935d71f8c6,2026-08-12T00:10:05Z
bcra_profit_dividend_outflows_monthly,2004-03,monthly,23.469700,million_usd,official,bcra_fx_market_profit_dividends,https://www.bcra.gob.ar/archivos/Pdfs/PublicacionesEstadisticas/informes/anexo-estadistico-mercado-cambios-balance-cambiario.xlsx,fe060a737d9dbfbfafde7513c75213dd337c346d387ddef45cffa5935d71f8c6,2026-08-12T00:10:05Z
bcra_profit_dividend_outflows_monthly,2004-04,monthly,68.502800,million_usd,official,bcra_fx_market_profit_dividends,https://www.bcra.gob.ar/archivos/Pdfs/PublicacionesEstadisticas/informes/anexo-estadistico-mercado-cambios-balance-cambiario.xlsx,fe060a737d9dbfbfafde7513c75213dd337c346d387ddef45cffa5935d71f8c6,2026-08-12T00:10:05Z
bcra_profit_dividend_outflows_monthly,2004-05,monthly,279.395500,million_usd,official,bcra_fx_market_profit_dividends,https://www.bcra.gob.ar/archivos/Pdfs/PublicacionesEstadisticas/informes/anexo-estadistico-mercado-cambios-balance-cambiario.xlsx,fe060a737d9dbfbfafde7513c75213dd337c346d387ddef45cffa5935d71f8c6,2026-08-12T00:10:05Z
bcra_profit_dividend_outflows_monthly,2004-06,monthly,70.159700,million_usd,official,bcra_fx_market_profit_dividends,https://www.bcra.gob.ar/archivos/Pdfs/PublicacionesEstadisticas/informes/anexo-estadistico-mercado-cambios-balance-cambiario.xlsx,fe060a737d9dbfbfafde7513c75213dd337c346d387ddef45cffa5935d71f8c6,2026-08-12T00:10:05Z
bcra_profit_dividend_outflows_monthly,2004-07,monthly,45.418200,million_usd,official,bcra_fx_market_profit_dividends,https://www.bcra.gob.ar/archivos/Pdfs/PublicacionesEstadisticas/informes/anexo-estadistico-mercado-cambios-balance-cambiario.xlsx,fe060a737d9dbfbfafde7513c75213dd337c346d387ddef45cffa5935d71f8c6,2026-08-12T00:10:05Z
bcra_profit_dividend_outflows_monthly,2004-08,monthly,35.967900,million_usd,official,bcra_fx_market_profit_dividends,https://www.bcra.gob.ar/archivos/Pdfs/PublicacionesEstadisticas/informes/anexo-estadistico-mercado-cambios-balance-cambiario.xlsx,fe060a737d9dbfbfafde7513c75213dd337c346d387ddef45cffa5935d71f8c6,2026-08-12T00:10:05Z
bcra_profit_dividend_outflows_monthly,2004-09,monthly,78.978700,million_usd,official,bcra_fx_market_profit_dividends,https://www.bcra.gob.ar/archivos/Pdfs/PublicacionesEstadisticas/informes/anexo-estadistico-mercado-cambios-balance-cambiario.xlsx,fe060a737d9dbfbfafde7513c75213dd337c346d387ddef45cffa5935d71f8c6,2026-08-12T00:10:05Z
bcra_profit_dividend_outflows_monthly,2004-10,monthly,33.632700,million_usd,official,bcra_fx_market_profit_dividends,https://www.bcra.gob.ar/archivos/Pdfs/PublicacionesEstadisticas/informes/anexo-estadistico-mercado-cambios-balance-cambiario.xlsx,fe060a737d9dbfbfafde7513c75213dd337c346d387ddef45cffa5935d71f8c6,2026-08-12T00:10:05Z
bcra_profit_dividend_outflows_monthly,2004-11,monthly,61.747700,million_usd,official,bcra_fx_market_profit_dividends,https://www.bcra.gob.ar/archivos/Pdfs/PublicacionesEstadisticas/informes/anexo-estadistico-mercado-cambios-balance-cambiario.xlsx,fe060a737d9dbfbfafde7513c75213dd337c346d387ddef45cffa5935d71f8c6,2026-08-12T00:10:05Z
bcra_profit_dividend_outflows_monthly,2004-12,monthly,137.674100,million_usd,official,bcra_fx_market_profit_dividends,https://www.bcra.gob.ar/archivos/Pdfs/PublicacionesEstadisticas/informes/anexo-estadistico-mercado-cambios-balance-cambiario.xlsx,fe060a737d9dbfbfafde7513c75213dd337c346d387ddef45cffa5935d71f8c6,2026-08-12T00:10:05Z
bcra_profit_dividend_outflows_monthly,2005-01,monthly,24.866100,million_usd,official,bcra_fx_market_profit_dividends,https://www.bcra.gob.ar/archivos/Pdfs/PublicacionesEstadisticas/informes/anexo-estadistico-mercado-cambios-balance-cambiario.xlsx,fe060a737d9dbfbfafde7513c75213dd337c346d387ddef45cffa5935d71f8c6,2026-08-12T00:10:05Z
bcra_profit_dividend_outflows_monthly,2005-02,monthly,34.325800,million_usd,official,bcra_fx_market_profit_dividends,https://www.bcra.gob.ar/archivos/Pdfs/PublicacionesEstadisticas/informes/anexo-estadistico-mercado-cambios-balance-cambiario.xlsx,fe060a737d9dbfbfafde7513c75213dd337c346d387ddef45cffa5935d71f8c6,2026-08-12T00:10:05Z
bcra_profit_dividend_outflows_monthly,2005-03,monthly,265.502400,million_usd,official,bcra_fx_market_profit_dividends,https://www.bcra.gob.ar/archivos/Pdfs/PublicacionesEstadisticas/informes/anexo-estadistico-mercado-cambios-balance-cambiario.xlsx,fe060a737d9dbfbfafde7513c75213dd337c346d387ddef45cffa5935d71f8c6,2026-08-12T00:10:05Z
bcra_profit_dividend_outflows_monthly,2005-04,monthly,168.347400,million_usd,official,bcra_fx_market_profit_dividends,https://www.bcra.gob.ar/archivos/Pdfs/PublicacionesEstadisticas/informes/anexo-estadistico-mercado-cambios-balance-cambiario.xlsx,fe060a737d9dbfbfafde7513c75213dd337c346d387ddef45cffa5935d71f8c6,2026-08-12T00:10:05Z
bcra_profit_dividend_outflows_monthly,2005-05,monthly,167.582700,million_usd,official,bcra_fx_market_profit_dividends,https://www.bcra.gob.ar/archivos/Pdfs/PublicacionesEstadisticas/informes/anexo-estadistico-mercado-cambios-balance-cambiario.xlsx,fe060a737d9dbfbfafde7513c75213dd337c346d387ddef45cffa5935d71f8c6,2026-08-12T00:10:05Z
bcra_profit_dividend_outflows_monthly,2005-06,monthly,54.403000,million_usd,official,bcra_fx_market_profit_dividends,https://www.bcra.gob.ar/archivos/Pdfs/PublicacionesEstadisticas/informes/anexo-estadistico-mercado-cambios-balance-cambiario.xlsx,fe060a737d9dbfbfafde7513c75213dd337c346d387ddef45cffa5935d71f8c6,2026-08-12T00:10:05Z
bcra_profit_dividend_outflows_monthly,2005-07,monthly,44.386500,million_usd,official,bcra_fx_market_profit_dividends,https://www.bcra.gob.ar/archivos/Pdfs/PublicacionesEstadisticas/informes/anexo-estadistico-mercado-cambios-balance-cambiario.xlsx,fe060a737d9dbfbfafde7513c75213dd337c346d387ddef45cffa5935d71f8c6,2026-08-12T00:10:05Z
bcra_profit_dividend_outflows_monthly,2005-08,monthly,65.160100,million_usd,official,bcra_fx_market_profit_dividends,https://www.bcra.gob.ar/archivos/Pdfs/PublicacionesEstadisticas/informes/anexo-estadistico-mercado-cambios-balance-cambiario.xlsx,fe060a737d9dbfbfafde7513c75213dd337c346d387ddef45cffa5935d71f8c6,2026-08-12T00:10:05Z
bcra_profit_dividend_outflows_monthly,2005-09,monthly,50.278800,million_usd,official,bcra_fx_market_profit_dividends,https://www.bcra.gob.ar/archivos/Pdfs/PublicacionesEstadisticas/informes/anexo-estadistico-mercado-cambios-balance-cambiario.xlsx,fe060a737d9dbfbfafde7513c75213dd337c346d387ddef45cffa5935d71f8c6,2026-08-12T00:10:05Z
bcra_profit_dividend_outflows_monthly,2005-10,monthly,217.177800,million_usd,official,bcra_fx_market_profit_dividends,https://www.bcra.gob.ar/archivos/Pdfs/PublicacionesEstadisticas/informes/anexo-estadistico-mercado-cambios-balance-cambiario.xlsx,fe060a737d9dbfbfafde7513c75213dd337c346d387ddef45cffa5935d71f8c6,2026-08-12T00:10:05Z
bcra_profit_dividend_outflows_monthly,2005-11,monthly,99.870700,million_usd,official,bcra_fx_market_profit_dividends,https://www.bcra.gob.ar/archivos/Pdfs/PublicacionesEstadisticas/informes/anexo-estadistico-mercado-cambios-balance-cambiario.xlsx,fe060a737d9dbfbfafde7513c75213dd337c346d387ddef45cffa5935d71f8c6,2026-08-12T00:10:05Z
bcra_profit_dividend_outflows_monthly,2005-12,monthly,216.727100,million_usd,official,bcra_fx_market_profit_dividends,https://www.bcra.gob.ar/archivos/Pdfs/PublicacionesEstadisticas/informes/anexo-estadistico-mercado-cambios-balance-cambiario.xlsx,fe060a737d9dbfbfafde7513c75213dd337c346d387ddef45cffa5935d71f8c6,2026-08-12T00:10:05Z
bcra_profit_dividend_outflows_monthly,2006-01,monthly,56.498000,million_usd,official,bcra_fx_market_profit_dividends,https://www.bcra.gob.ar/archivos/Pdfs/PublicacionesEstadisticas/informes/anexo-estadistico-mercado-cambios-balance-cambiario.xlsx,fe060a737d9dbfbfafde7513c75213dd337c346d387ddef45cffa5935d71f8c6,2026-08-12T00:10:05Z
bcra_profit_dividend_outflows_monthly,2006-02,monthly,24.762300,million_usd,official,bcra_fx_market_profit_dividends,https://www.bcra.gob.ar/archivos/Pdfs/PublicacionesEstadisticas/informes/anexo-estadistico-mercado-cambios-balance-cambiario.xlsx,fe060a737d9dbfbfafde7513c75213dd337c346d387ddef45cffa5935d71f8c6,2026-08-12T00:10:05Z
bcra_profit_dividend_outflows_monthly,2006-03,monthly,137.254700,million_usd,official,bcra_fx_market_profit_dividends,https://www.bcra.gob.ar/archivos/Pdfs/PublicacionesEstadisticas/informes/anexo-estadistico-mercado-cambios-balance-cambiario.xlsx,fe060a737d9dbfbfafde7513c75213dd337c346d387ddef45cffa5935d71f8c6,2026-08-12T00:10:05Z
bcra_profit_dividend_outflows_monthly,2006-04,monthly,143.688600,million_usd,official,bcra_fx_market_profit_dividends,https://www.bcra.gob.ar/archivos/Pdfs/PublicacionesEstadisticas/informes/anexo-estadistico-mercado-cambios-balance-cambiario.xlsx,fe060a737d9dbfbfafde7513c75213dd337c346d387ddef45cffa5935d71f8c6,2026-08-12T00:10:05Z
bcra_profit_dividend_outflows_monthly,2006-05,monthly,178.532900,million_usd,official,bcra_fx_market_profit_dividends,https://www.bcra.gob.ar/archivos/Pdfs/PublicacionesEstadisticas/informes/anexo-estadistico-mercado-cambios-balance-cambiario.xlsx,fe060a737d9dbfbfafde7513c75213dd337c346d387ddef45cffa5935d71f8c6,2026-08-12T00:10:05Z
bcra_profit_dividend_outflows_monthly,2006-06,monthly,241.367600,million_usd,official,bcra_fx_market_profit_dividends,https://www.bcra.gob.ar/archivos/Pdfs/PublicacionesEstadisticas/informes/anexo-estadistico-mercado-cambios-balance-cambiario.xlsx,fe060a737d9dbfbfafde7513c75213dd337c346d387ddef45cffa5935d71f8c6,2026-08-12T00:10:05Z
bcra_profit_dividend_outflows_monthly,2006-07,monthly,57.833800,million_usd,official,bcra_fx_market_profit_dividends,https://www.bcra.gob.ar/archivos/Pdfs/PublicacionesEstadisticas/informes/anexo-estadistico-mercado-cambios-balance-cambiario.xlsx,fe060a737d9dbfbfafde7513c75213dd337c346d387ddef45cffa5935d71f8c6,2026-08-12T00:10:05Z
bcra_profit_dividend_outflows_monthly,2006-08,monthly,90.137100,million_usd,official,bcra_fx_market_profit_dividends,https://www.bcra.gob.ar/archivos/Pdfs/PublicacionesEstadisticas/informes/anexo-estadistico-mercado-cambios-balance-cambiario.xlsx,fe060a737d9dbfbfafde7513c75213dd337c346d387ddef45cffa5935d71f8c6,2026-08-12T00:10:05Z
bcra_profit_dividend_outflows_monthly,2006-09,monthly,296.261200,million_usd,official,bcra_fx_market_profit_dividends,https://www.bcra.gob.ar/archivos/Pdfs/PublicacionesEstadisticas/informes/anexo-estadistico-mercado-cambios-balance-cambiario.xlsx,fe060a737d9dbfbfafde7513c75213dd337c346d387ddef45cffa5935d71f8c6,2026-08-12T00:10:05Z
bcra_profit_dividend_outflows_monthly,2006-10,monthly,89.689100,million_usd,official,bcra_fx_market_profit_dividends,https://www.bcra.gob.ar/archivos/Pdfs/PublicacionesEstadisticas/informes/anexo-estadistico-mercado-cambios-balance-cambiario.xlsx,fe060a737d9dbfbfafde7513c75213dd337c346d387ddef45cffa5935d71f8c6,2026-08-12T00:10:05Z
bcra_profit_dividend_outflows_monthly,2006-11,monthly,92.640700,million_usd,official,bcra_fx_market_profit_dividends,https://www.bcra.gob.ar/archivos/Pdfs/PublicacionesEstadisticas/informes/anexo-estadistico-mercado-cambios-balance-cambiario.xlsx,fe060a737d9dbfbfafde7513c75213dd337c346d387ddef45cffa5935d71f8c6,2026-08-12T00:10:05Z
bcra_profit_dividend_outflows_monthly,2006-12,monthly,155.112600,million_usd,official,bcra_fx_market_profit_dividends,https://www.bcra.gob.ar/archivos/Pdfs/PublicacionesEstadisticas/informes/anexo-estadistico-mercado-cambios-balance-cambiario.xlsx,fe060a737d9dbfbfafde7513c75213dd337c346d387ddef45cffa5935d71f8c6,2026-08-12T00:10:05Z
bcra_profit_dividend_outflows_monthly,2007-01,monthly,331.463600,million_usd,official,bcra_fx_market_profit_dividends,https://www.bcra.gob.ar/archivos/Pdfs/PublicacionesEstadisticas/informes/anexo-estadistico-mercado-cambios-balance-cambiario.xlsx,fe060a737d9dbfbfafde7513c75213dd337c346d387ddef45cffa5935d71f8c6,2026-08-12T00:10:05Z
bcra_profit_dividend_outflows_monthly,2007-02,monthly,46.695100,million_usd,official,bcra_fx_market_profit_dividends,https://www.bcra.gob.ar/archivos/Pdfs/PublicacionesEstadisticas/informes/anexo-estadistico-mercado-cambios-balance-cambiario.xlsx,fe060a737d9dbfbfafde7513c75213dd337c346d387ddef45cffa5935d71f8c6,2026-08-12T00:10:05Z
bcra_profit_dividend_outflows_monthly,2007-03,monthly,136.605300,million_usd,official,bcra_fx_market_profit_dividends,https://www.bcra.gob.ar/archivos/Pdfs/PublicacionesEstadisticas/informes/anexo-estadistico-mercado-cambios-balance-cambiario.xlsx,fe060a737d9dbfbfafde7513c75213dd337c346d387ddef45cffa5935d71f8c6,2026-08-12T00:10:05Z
bcra_profit_dividend_outflows_monthly,2007-04,monthly,119.815300,million_usd,official,bcra_fx_market_profit_dividends,https://www.bcra.gob.ar/archivos/Pdfs/PublicacionesEstadisticas/informes/anexo-estadistico-mercado-cambios-balance-cambiario.xlsx,fe060a737d9dbfbfafde7513c75213dd337c346d387ddef45cffa5935d71f8c6,2026-08-12T00:10:05Z
bcra_profit_dividend_outflows_monthly,2007-05,monthly,235.114600,million_usd,official,bcra_fx_market_profit_dividends,https://www.bcra.gob.ar/archivos/Pdfs/PublicacionesEstadisticas/informes/anexo-estadistico-mercado-cambios-balance-cambiario.xlsx,fe060a737d9dbfbfafde7513c75213dd337c346d387ddef45cffa5935d71f8c6,2026-08-12T00:10:05Z
bcra_profit_dividend_outflows_monthly,2007-06,monthly,303.971000,million_usd,official,bcra_fx_market_profit_dividends,https://www.bcra.gob.ar/archivos/Pdfs/PublicacionesEstadisticas/informes/anexo-estadistico-mercado-cambios-balance-cambiario.xlsx,fe060a737d9dbfbfafde7513c75213dd337c346d387ddef45cffa5935d71f8c6,2026-08-12T00:10:05Z
bcra_profit_dividend_outflows_monthly,2007-07,monthly,138.167700,million_usd,official,bcra_fx_market_profit_dividends,https://www.bcra.gob.ar/archivos/Pdfs/PublicacionesEstadisticas/informes/anexo-estadistico-mercado-cambios-balance-cambiario.xlsx,fe060a737d9dbfbfafde7513c75213dd337c346d387ddef45cffa5935d71f8c6,2026-08-12T00:10:05Z
bcra_profit_dividend_outflows_monthly,2007-08,monthly,151.901800,million_usd,official,bcra_fx_market_profit_dividends,https://www.bcra.gob.ar/archivos/Pdfs/PublicacionesEstadisticas/informes/anexo-estadistico-mercado-cambios-balance-cambiario.xlsx,fe060a737d9dbfbfafde7513c75213dd337c346d387ddef45cffa5935d71f8c6,2026-08-12T00:10:05Z
bcra_profit_dividend_outflows_monthly,2007-09,monthly,60.205200,million_usd,official,bcra_fx_market_profit_dividends,https://www.bcra.gob.ar/archivos/Pdfs/PublicacionesEstadisticas/informes/anexo-estadistico-mercado-cambios-balance-cambiario.xlsx,fe060a737d9dbfbfafde7513c75213dd337c346d387ddef45cffa5935d71f8c6,2026-08-12T00:10:05Z
bcra_profit_dividend_outflows_monthly,2007-10,monthly,93.947000,million_usd,official,bcra_fx_market_profit_dividends,https://www.bcra.gob.ar/archivos/Pdfs/PublicacionesEstadisticas/informes/anexo-estadistico-mercado-cambios-balance-cambiario.xlsx,fe060a737d9dbfbfafde7513c75213dd337c346d387ddef45cffa5935d71f8c6,2026-08-12T00:10:05Z
bcra_profit_dividend_outflows_monthly,2007-11,monthly,124.202300,million_usd,official,bcra_fx_market_profit_dividends,https://www.bcra.gob.ar/archivos/Pdfs/PublicacionesEstadisticas/informes/anexo-estadistico-mercado-cambios-balance-cambiario.xlsx,fe060a737d9dbfbfafde7513c75213dd337c346d387ddef45cffa5935d71f8c6,2026-08-12T00:10:05Z
bcra_profit_dividend_outflows_monthly,2007-12,monthly,159.397500,million_usd,official,bcra_fx_market_profit_dividends,https://www.bcra.gob.ar/archivos/Pdfs/PublicacionesEstadisticas/informes/anexo-estadistico-mercado-cambios-balance-cambiario.xlsx,fe060a737d9dbfbfafde7513c75213dd337c346d387ddef45cffa5935d71f8c6,2026-08-12T00:10:05Z
bcra_profit_dividend_outflows_monthly,2008-01,monthly,34.470300,million_usd,official,bcra_fx_market_profit_dividends,https://www.bcra.gob.ar/archivos/Pdfs/PublicacionesEstadisticas/informes/anexo-estadistico-mercado-cambios-balance-cambiario.xlsx,fe060a737d9dbfbfafde7513c75213dd337c346d387ddef45cffa5935d71f8c6,2026-08-12T00:10:05Z
bcra_profit_dividend_outflows_monthly,2008-02,monthly,27.591600,million_usd,official,bcra_fx_market_profit_dividends,https://www.bcra.gob.ar/archivos/Pdfs/PublicacionesEstadisticas/informes/anexo-estadistico-mercado-cambios-balance-cambiario.xlsx,fe060a737d9dbfbfafde7513c75213dd337c346d387ddef45cffa5935d71f8c6,2026-08-12T00:10:05Z
bcra_profit_dividend_outflows_monthly,2008-03,monthly,495.028600,million_usd,official,bcra_fx_market_profit_dividends,https://www.bcra.gob.ar/archivos/Pdfs/PublicacionesEstadisticas/informes/anexo-estadistico-mercado-cambios-balance-cambiario.xlsx,fe060a737d9dbfbfafde7513c75213dd337c346d387ddef45cffa5935d71f8c6,2026-08-12T00:10:05Z
bcra_profit_dividend_outflows_monthly,2008-04,monthly,200.912000,million_usd,official,bcra_fx_market_profit_dividends,https://www.bcra.gob.ar/archivos/Pdfs/PublicacionesEstadisticas/informes/anexo-estadistico-mercado-cambios-balance-cambiario.xlsx,fe060a737d9dbfbfafde7513c75213dd337c346d387ddef45cffa5935d71f8c6,2026-08-12T00:10:05Z
bcra_profit_dividend_outflows_monthly,2008-05,monthly,396.858500,million_usd,official,bcra_fx_market_profit_dividends,https://www.bcra.gob.ar/archivos/Pdfs/PublicacionesEstadisticas/informes/anexo-estadistico-mercado-cambios-balance-cambiario.xlsx,fe060a737d9dbfbfafde7513c75213dd337c346d387ddef45cffa5935d71f8c6,2026-08-12T00:10:05Z
bcra_profit_dividend_outflows_monthly,2008-06,monthly,350.688100,million_usd,official,bcra_fx_market_profit_dividends,https://www.bcra.gob.ar/archivos/Pdfs/PublicacionesEstadisticas/informes/anexo-estadistico-mercado-cambios-balance-cambiario.xlsx,fe060a737d9dbfbfafde7513c75213dd337c346d387ddef45cffa5935d71f8c6,2026-08-12T00:10:05Z
bcra_profit_dividend_outflows_monthly,2008-07,monthly,178.416800,million_usd,official,bcra_fx_market_profit_dividends,https://www.bcra.gob.ar/archivos/Pdfs/PublicacionesEstadisticas/informes/anexo-estadistico-mercado-cambios-balance-cambiario.xlsx,fe060a737d9dbfbfafde7513c75213dd337c346d387ddef45cffa5935d71f8c6,2026-08-12T00:10:05Z
bcra_profit_dividend_outflows_monthly,2008-08,monthly,266.405400,million_usd,official,bcra_fx_market_profit_dividends,https://www.bcra.gob.ar/archivos/Pdfs/PublicacionesEstadisticas/informes/anexo-estadistico-mercado-cambios-balance-cambiario.xlsx,fe060a737d9dbfbfafde7513c75213dd337c346d387ddef45cffa5935d71f8c6,2026-08-12T00:10:05Z
bcra_profit_dividend_outflows_monthly,2008-09,monthly,184.441400,million_usd,official,bcra_fx_market_profit_dividends,https://www.bcra.gob.ar/archivos/Pdfs/PublicacionesEstadisticas/informes/anexo-estadistico-mercado-cambios-balance-cambiario.xlsx,fe060a737d9dbfbfafde7513c75213dd337c346d387ddef45cffa5935d71f8c6,2026-08-12T00:10:05Z
bcra_profit_dividend_outflows_monthly,2008-10,monthly,418.336200,million_usd,official,bcra_fx_market_profit_dividends,https://www.bcra.gob.ar/archivos/Pdfs/PublicacionesEstadisticas/informes/anexo-estadistico-mercado-cambios-balance-cambiario.xlsx,fe060a737d9dbfbfafde7513c75213dd337c346d387ddef45cffa5935d71f8c6,2026-08-12T00:10:05Z
bcra_profit_dividend_outflows_monthly,2008-11,monthly,789.918900,million_usd,official,bcra_fx_market_profit_dividends,https://www.bcra.gob.ar/archivos/Pdfs/PublicacionesEstadisticas/informes/anexo-estadistico-mercado-cambios-balance-cambiario.xlsx,fe060a737d9dbfbfafde7513c75213dd337c346d387ddef45cffa5935d71f8c6,2026-08-12T00:10:05Z
bcra_profit_dividend_outflows_monthly,2008-12,monthly,212.139500,million_usd,official,bcra_fx_market_profit_dividends,https://www.bcra.gob.ar/archivos/Pdfs/PublicacionesEstadisticas/informes/anexo-estadistico-mercado-cambios-balance-cambiario.xlsx,fe060a737d9dbfbfafde7513c75213dd337c346d387ddef45cffa5935d71f8c6,2026-08-12T00:10:05Z
bcra_profit_dividend_outflows_monthly,2009-01,monthly,75.461400,million_usd,official,bcra_fx_market_profit_dividends,https://www.bcra.gob.ar/archivos/Pdfs/PublicacionesEstadisticas/informes/anexo-estadistico-mercado-cambios-balance-cambiario.xlsx,fe060a737d9dbfbfafde7513c75213dd337c346d387ddef45cffa5935d71f8c6,2026-08-12T00:10:05Z
bcra_profit_dividend_outflows_monthly,2009-02,monthly,33.348300,million_usd,official,bcra_fx_market_profit_dividends,https://www.bcra.gob.ar/archivos/Pdfs/PublicacionesEstadisticas/informes/anexo-estadistico-mercado-cambios-balance-cambiario.xlsx,fe060a737d9dbfbfafde7513c75213dd337c346d387ddef45cffa5935d71f8c6,2026-08-12T00:10:05Z
bcra_profit_dividend_outflows_monthly,2009-03,monthly,258.165700,million_usd,official,bcra_fx_market_profit_dividends,https://www.bcra.gob.ar/archivos/Pdfs/PublicacionesEstadisticas/informes/anexo-estadistico-mercado-cambios-balance-cambiario.xlsx,fe060a737d9dbfbfafde7513c75213dd337c346d387ddef45cffa5935d71f8c6,2026-08-12T00:10:05Z
bcra_profit_dividend_outflows_monthly,2009-04,monthly,104.429200,million_usd,official,bcra_fx_market_profit_dividends,https://www.bcra.gob.ar/archivos/Pdfs/PublicacionesEstadisticas/informes/anexo-estadistico-mercado-cambios-balance-cambiario.xlsx,fe060a737d9dbfbfafde7513c75213dd337c346d387ddef45cffa5935d71f8c6,2026-08-12T00:10:05Z
bcra_profit_dividend_outflows_monthly,2009-05,monthly,725.437400,million_usd,official,bcra_fx_market_profit_dividends,https://www.bcra.gob.ar/archivos/Pdfs/PublicacionesEstadisticas/informes/anexo-estadistico-mercado-cambios-balance-cambiario.xlsx,fe060a737d9dbfbfafde7513c75213dd337c346d387ddef45cffa5935d71f8c6,2026-08-12T00:10:05Z
bcra_profit_dividend_outflows_monthly,2009-06,monthly,196.493900,million_usd,official,bcra_fx_market_profit_dividends,https://www.bcra.gob.ar/archivos/Pdfs/PublicacionesEstadisticas/informes/anexo-estadistico-mercado-cambios-balance-cambiario.xlsx,fe060a737d9dbfbfafde7513c75213dd337c346d387ddef45cffa5935d71f8c6,2026-08-12T00:10:05Z
bcra_profit_dividend_outflows_monthly,2009-07,monthly,137.769700,million_usd,official,bcra_fx_market_profit_dividends,https://www.bcra.gob.ar/archivos/Pdfs/PublicacionesEstadisticas/informes/anexo-estadistico-mercado-cambios-balance-cambiario.xlsx,fe060a737d9dbfbfafde7513c75213dd337c346d387ddef45cffa5935d71f8c6,2026-08-12T00:10:05Z
bcra_profit_dividend_outflows_monthly,2009-08,monthly,255.480300,million_usd,official,bcra_fx_market_profit_dividends,https://www.bcra.gob.ar/archivos/Pdfs/PublicacionesEstadisticas/informes/anexo-estadistico-mercado-cambios-balance-cambiario.xlsx,fe060a737d9dbfbfafde7513c75213dd337c346d387ddef45cffa5935d71f8c6,2026-08-12T00:10:05Z
bcra_profit_dividend_outflows_monthly,2009-09,monthly,171.081000,million_usd,official,bcra_fx_market_profit_dividends,https://www.bcra.gob.ar/archivos/Pdfs/PublicacionesEstadisticas/informes/anexo-estadistico-mercado-cambios-balance-cambiario.xlsx,fe060a737d9dbfbfafde7513c75213dd337c346d387ddef45cffa5935d71f8c6,2026-08-12T00:10:05Z
bcra_profit_dividend_outflows_monthly,2009-10,monthly,177.306800,million_usd,official,bcra_fx_market_profit_dividends,https://www.bcra.gob.ar/archivos/Pdfs/PublicacionesEstadisticas/informes/anexo-estadistico-mercado-cambios-balance-cambiario.xlsx,fe060a737d9dbfbfafde7513c75213dd337c346d387ddef45cffa5935d71f8c6,2026-08-12T00:10:05Z
bcra_profit_dividend_outflows_monthly,2009-11,monthly,824.901900,million_usd,official,bcra_fx_market_profit_dividends,https://www.bcra.gob.ar/archivos/Pdfs/PublicacionesEstadisticas/informes/anexo-estadistico-mercado-cambios-balance-cambiario.xlsx,fe060a737d9dbfbfafde7513c75213dd337c346d387ddef45cffa5935d71f8c6,2026-08-12T00:10:05Z
bcra_profit_dividend_outflows_monthly,2009-12,monthly,221.394900,million_usd,official,bcra_fx_market_profit_dividends,https://www.bcra.gob.ar/archivos/Pdfs/PublicacionesEstadisticas/informes/anexo-estadistico-mercado-cambios-balance-cambiario.xlsx,fe060a737d9dbfbfafde7513c75213dd337c346d387ddef45cffa5935d71f8c6,2026-08-12T00:10:05Z
bcra_profit_dividend_outflows_monthly,2010-01,monthly,162.631200,million_usd,official,bcra_fx_market_profit_dividends,https://www.bcra.gob.ar/archivos/Pdfs/PublicacionesEstadisticas/informes/anexo-estadistico-mercado-cambios-balance-cambiario.xlsx,fe060a737d9dbfbfafde7513c75213dd337c346d387ddef45cffa5935d71f8c6,2026-08-12T00:10:05Z
bcra_profit_dividend_outflows_monthly,2010-02,monthly,177.076800,million_usd,official,bcra_fx_market_profit_dividends,https://www.bcra.gob.ar/archivos/Pdfs/PublicacionesEstadisticas/informes/anexo-estadistico-mercado-cambios-balance-cambiario.xlsx,fe060a737d9dbfbfafde7513c75213dd337c346d387ddef45cffa5935d71f8c6,2026-08-12T00:10:05Z
bcra_profit_dividend_outflows_monthly,2010-03,monthly,266.422800,million_usd,official,bcra_fx_market_profit_dividends,https://www.bcra.gob.ar/archivos/Pdfs/PublicacionesEstadisticas/informes/anexo-estadistico-mercado-cambios-balance-cambiario.xlsx,fe060a737d9dbfbfafde7513c75213dd337c346d387ddef45cffa5935d71f8c6,2026-08-12T00:10:05Z
bcra_profit_dividend_outflows_monthly,2010-04,monthly,174.475100,million_usd,official,bcra_fx_market_profit_dividends,https://www.bcra.gob.ar/archivos/Pdfs/PublicacionesEstadisticas/informes/anexo-estadistico-mercado-cambios-balance-cambiario.xlsx,fe060a737d9dbfbfafde7513c75213dd337c346d387ddef45cffa5935d71f8c6,2026-08-12T00:10:05Z
bcra_profit_dividend_outflows_monthly,2010-05,monthly,1095.291300,million_usd,official,bcra_fx_market_profit_dividends,https://www.bcra.gob.ar/archivos/Pdfs/PublicacionesEstadisticas/informes/anexo-estadistico-mercado-cambios-balance-cambiario.xlsx,fe060a737d9dbfbfafde7513c75213dd337c346d387ddef45cffa5935d71f8c6,2026-08-12T00:10:05Z
bcra_profit_dividend_outflows_monthly,2010-06,monthly,855.537100,million_usd,official,bcra_fx_market_profit_dividends,https://www.bcra.gob.ar/archivos/Pdfs/PublicacionesEstadisticas/informes/anexo-estadistico-mercado-cambios-balance-cambiario.xlsx,fe060a737d9dbfbfafde7513c75213dd337c346d387ddef45cffa5935d71f8c6,2026-08-12T00:10:05Z
bcra_profit_dividend_outflows_monthly,2010-07,monthly,152.176800,million_usd,official,bcra_fx_market_profit_dividends,https://www.bcra.gob.ar/archivos/Pdfs/PublicacionesEstadisticas/informes/anexo-estadistico-mercado-cambios-balance-cambiario.xlsx,fe060a737d9dbfbfafde7513c75213dd337c346d387ddef45cffa5935d71f8c6,2026-08-12T00:10:05Z
bcra_profit_dividend_outflows_monthly,2010-08,monthly,182.972000,million_usd,official,bcra_fx_market_profit_dividends,https://www.bcra.gob.ar/archivos/Pdfs/PublicacionesEstadisticas/informes/anexo-estadistico-mercado-cambios-balance-cambiario.xlsx,fe060a737d9dbfbfafde7513c75213dd337c346d387ddef45cffa5935d71f8c6,2026-08-12T00:10:05Z
bcra_profit_dividend_outflows_monthly,2010-09,monthly,257.021000,million_usd,official,bcra_fx_market_profit_dividends,https://www.bcra.gob.ar/archivos/Pdfs/PublicacionesEstadisticas/informes/anexo-estadistico-mercado-cambios-balance-cambiario.xlsx,fe060a737d9dbfbfafde7513c75213dd337c346d387ddef45cffa5935d71f8c6,2026-08-12T00:10:05Z
bcra_profit_dividend_outflows_monthly,2010-10,monthly,333.323900,million_usd,official,bcra_fx_market_profit_dividends,https://www.bcra.gob.ar/archivos/Pdfs/PublicacionesEstadisticas/informes/anexo-estadistico-mercado-cambios-balance-cambiario.xlsx,fe060a737d9dbfbfafde7513c75213dd337c346d387ddef45cffa5935d71f8c6,2026-08-12T00:10:05Z
bcra_profit_dividend_outflows_monthly,2010-11,monthly,306.232600,million_usd,official,bcra_fx_market_profit_dividends,https://www.bcra.gob.ar/archivos/Pdfs/PublicacionesEstadisticas/informes/anexo-estadistico-mercado-cambios-balance-cambiario.xlsx,fe060a737d9dbfbfafde7513c75213dd337c346d387ddef45cffa5935d71f8c6,2026-08-12T00:10:05Z
bcra_profit_dividend_outflows_monthly,2010-12,monthly,266.404200,million_usd,official,bcra_fx_market_profit_dividends,https://www.bcra.gob.ar/archivos/Pdfs/PublicacionesEstadisticas/informes/anexo-estadistico-mercado-cambios-balance-cambiario.xlsx,fe060a737d9dbfbfafde7513c75213dd337c346d387ddef45cffa5935d71f8c6,2026-08-12T00:10:05Z
bcra_profit_dividend_outflows_monthly,2011-01,monthly,36.642700,million_usd,official,bcra_fx_market_profit_dividends,https://www.bcra.gob.ar/archivos/Pdfs/PublicacionesEstadisticas/informes/anexo-estadistico-mercado-cambios-balance-cambiario.xlsx,fe060a737d9dbfbfafde7513c75213dd337c346d387ddef45cffa5935d71f8c6,2026-08-12T00:10:05Z
bcra_profit_dividend_outflows_monthly,2011-02,monthly,73.713600,million_usd,official,bcra_fx_market_profit_dividends,https://www.bcra.gob.ar/archivos/Pdfs/PublicacionesEstadisticas/informes/anexo-estadistico-mercado-cambios-balance-cambiario.xlsx,fe060a737d9dbfbfafde7513c75213dd337c346d387ddef45cffa5935d71f8c6,2026-08-12T00:10:05Z
bcra_profit_dividend_outflows_monthly,2011-03,monthly,243.793400,million_usd,official,bcra_fx_market_profit_dividends,https://www.bcra.gob.ar/archivos/Pdfs/PublicacionesEstadisticas/informes/anexo-estadistico-mercado-cambios-balance-cambiario.xlsx,fe060a737d9dbfbfafde7513c75213dd337c346d387ddef45cffa5935d71f8c6,2026-08-12T00:10:05Z
bcra_profit_dividend_outflows_monthly,2011-04,monthly,530.989100,million_usd,official,bcra_fx_market_profit_dividends,https://www.bcra.gob.ar/archivos/Pdfs/PublicacionesEstadisticas/informes/anexo-estadistico-mercado-cambios-balance-cambiario.xlsx,fe060a737d9dbfbfafde7513c75213dd337c346d387ddef45cffa5935d71f8c6,2026-08-12T00:10:05Z
bcra_profit_dividend_outflows_monthly,2011-05,monthly,672.870400,million_usd,official,bcra_fx_market_profit_dividends,https://www.bcra.gob.ar/archivos/Pdfs/PublicacionesEstadisticas/informes/anexo-estadistico-mercado-cambios-balance-cambiario.xlsx,fe060a737d9dbfbfafde7513c75213dd337c346d387ddef45cffa5935d71f8c6,2026-08-12T00:10:05Z
bcra_profit_dividend_outflows_monthly,2011-06,monthly,451.020600,million_usd,official,bcra_fx_market_profit_dividends,https://www.bcra.gob.ar/archivos/Pdfs/PublicacionesEstadisticas/informes/anexo-estadistico-mercado-cambios-balance-cambiario.xlsx,fe060a737d9dbfbfafde7513c75213dd337c346d387ddef45cffa5935d71f8c6,2026-08-12T00:10:05Z
bcra_profit_dividend_outflows_monthly,2011-07,monthly,311.445300,million_usd,official,bcra_fx_market_profit_dividends,https://www.bcra.gob.ar/archivos/Pdfs/PublicacionesEstadisticas/informes/anexo-estadistico-mercado-cambios-balance-cambiario.xlsx,fe060a737d9dbfbfafde7513c75213dd337c346d387ddef45cffa5935d71f8c6,2026-08-12T00:10:05Z
bcra_profit_dividend_outflows_monthly,2011-08,monthly,324.473100,million_usd,official,bcra_fx_market_profit_dividends,https://www.bcra.gob.ar/archivos/Pdfs/PublicacionesEstadisticas/informes/anexo-estadistico-mercado-cambios-balance-cambiario.xlsx,fe060a737d9dbfbfafde7513c75213dd337c346d387ddef45cffa5935d71f8c6,2026-08-12T00:10:05Z
bcra_profit_dividend_outflows_monthly,2011-09,monthly,671.869500,million_usd,official,bcra_fx_market_profit_dividends,https://www.bcra.gob.ar/archivos/Pdfs/PublicacionesEstadisticas/informes/anexo-estadistico-mercado-cambios-balance-cambiario.xlsx,fe060a737d9dbfbfafde7513c75213dd337c346d387ddef45cffa5935d71f8c6,2026-08-12T00:10:05Z
bcra_profit_dividend_outflows_monthly,2011-10,monthly,319.917400,million_usd,official,bcra_fx_market_profit_dividends,https://www.bcra.gob.ar/archivos/Pdfs/PublicacionesEstadisticas/informes/anexo-estadistico-mercado-cambios-balance-cambiario.xlsx,fe060a737d9dbfbfafde7513c75213dd337c346d387ddef45cffa5935d71f8c6,2026-08-12T00:10:05Z
bcra_profit_dividend_outflows_monthly,2011-11,monthly,808.332000,million_usd,official,bcra_fx_market_profit_dividends,https://www.bcra.gob.ar/archivos/Pdfs/PublicacionesEstadisticas/informes/anexo-estadistico-mercado-cambios-balance-cambiario.xlsx,fe060a737d9dbfbfafde7513c75213dd337c346d387ddef45cffa5935d71f8c6,2026-08-12T00:10:05Z
bcra_profit_dividend_outflows_monthly,2011-12,monthly,49.788600,million_usd,official,bcra_fx_market_profit_dividends,https://www.bcra.gob.ar/archivos/Pdfs/PublicacionesEstadisticas/informes/anexo-estadistico-mercado-cambios-balance-cambiario.xlsx,fe060a737d9dbfbfafde7513c75213dd337c346d387ddef45cffa5935d71f8c6,2026-08-12T00:10:05Z
bcra_profit_dividend_outflows_monthly,2012-01,monthly,11.450200,million_usd,official,bcra_fx_market_profit_dividends,https://www.bcra.gob.ar/archivos/Pdfs/PublicacionesEstadisticas/informes/anexo-estadistico-mercado-cambios-balance-cambiario.xlsx,fe060a737d9dbfbfafde7513c75213dd337c346d387ddef45cffa5935d71f8c6,2026-08-12T00:10:05Z
bcra_profit_dividend_outflows_monthly,2012-02,monthly,1.666400,million_usd,official,bcra_fx_market_profit_dividends,https://www.bcra.gob.ar/archivos/Pdfs/PublicacionesEstadisticas/informes/anexo-estadistico-mercado-cambios-balance-cambiario.xlsx,fe060a737d9dbfbfafde7513c75213dd337c346d387ddef45cffa5935d71f8c6,2026-08-12T00:10:05Z
bcra_profit_dividend_outflows_monthly,2012-03,monthly,32.428000,million_usd,official,bcra_fx_market_profit_dividends,https://www.bcra.gob.ar/archivos/Pdfs/PublicacionesEstadisticas/informes/anexo-estadistico-mercado-cambios-balance-cambiario.xlsx,fe060a737d9dbfbfafde7513c75213dd337c346d387ddef45cffa5935d71f8c6,2026-08-12T00:10:05Z
bcra_profit_dividend_outflows_monthly,2012-04,monthly,1.680600,million_usd,official,bcra_fx_market_profit_dividends,https://www.bcra.gob.ar/archivos/Pdfs/PublicacionesEstadisticas/informes/anexo-estadistico-mercado-cambios-balance-cambiario.xlsx,fe060a737d9dbfbfafde7513c75213dd337c346d387ddef45cffa5935d71f8c6,2026-08-12T00:10:05Z
bcra_profit_dividend_outflows_monthly,2012-05,monthly,0.321400,million_usd,official,bcra_fx_market_profit_dividends,https://www.bcra.gob.ar/archivos/Pdfs/PublicacionesEstadisticas/informes/anexo-estadistico-mercado-cambios-balance-cambiario.xlsx,fe060a737d9dbfbfafde7513c75213dd337c346d387ddef45cffa5935d71f8c6,2026-08-12T00:10:05Z
bcra_profit_dividend_outflows_monthly,2012-06,monthly,0.184800,million_usd,official,bcra_fx_market_profit_dividends,https://www.bcra.gob.ar/archivos/Pdfs/PublicacionesEstadisticas/informes/anexo-estadistico-mercado-cambios-balance-cambiario.xlsx,fe060a737d9dbfbfafde7513c75213dd337c346d387ddef45cffa5935d71f8c6,2026-08-12T00:10:05Z
bcra_profit_dividend_outflows_monthly,2012-07,monthly,7.384000,million_usd,official,bcra_fx_market_profit_dividends,https://www.bcra.gob.ar/archivos/Pdfs/PublicacionesEstadisticas/informes/anexo-estadistico-mercado-cambios-balance-cambiario.xlsx,fe060a737d9dbfbfafde7513c75213dd337c346d387ddef45cffa5935d71f8c6,2026-08-12T00:10:05Z
bcra_profit_dividend_outflows_monthly,2012-08,monthly,35.588100,million_usd,official,bcra_fx_market_profit_dividends,https://www.bcra.gob.ar/archivos/Pdfs/PublicacionesEstadisticas/informes/anexo-estadistico-mercado-cambios-balance-cambiario.xlsx,fe060a737d9dbfbfafde7513c75213dd337c346d387ddef45cffa5935d71f8c6,2026-08-12T00:10:05Z
bcra_profit_dividend_outflows_monthly,2012-09,monthly,0.002300,million_usd,official,bcra_fx_market_profit_dividends,https://www.bcra.gob.ar/archivos/Pdfs/PublicacionesEstadisticas/informes/anexo-estadistico-mercado-cambios-balance-cambiario.xlsx,fe060a737d9dbfbfafde7513c75213dd337c346d387ddef45cffa5935d71f8c6,2026-08-12T00:10:05Z
bcra_profit_dividend_outflows_monthly,2012-10,monthly,0.029700,million_usd,official,bcra_fx_market_profit_dividends,https://www.bcra.gob.ar/archivos/Pdfs/PublicacionesEstadisticas/informes/anexo-estadistico-mercado-cambios-balance-cambiario.xlsx,fe060a737d9dbfbfafde7513c75213dd337c346d387ddef45cffa5935d71f8c6,2026-08-12T00:10:05Z
bcra_profit_dividend_outflows_monthly,2012-11,monthly,43.046500,million_usd,official,bcra_fx_market_profit_dividends,https://www.bcra.gob.ar/archivos/Pdfs/PublicacionesEstadisticas/informes/anexo-estadistico-mercado-cambios-balance-cambiario.xlsx,fe060a737d9dbfbfafde7513c75213dd337c346d387ddef45cffa5935d71f8c6,2026-08-12T00:10:05Z
bcra_profit_dividend_outflows_monthly,2012-12,monthly,119.224600,million_usd,official,bcra_fx_market_profit_dividends,https://www.bcra.gob.ar/archivos/Pdfs/PublicacionesEstadisticas/informes/anexo-estadistico-mercado-cambios-balance-cambiario.xlsx,fe060a737d9dbfbfafde7513c75213dd337c346d387ddef45cffa5935d71f8c6,2026-08-12T00:10:05Z
bcra_profit_dividend_outflows_monthly,2013-01,monthly,63.994800,million_usd,official,bcra_fx_market_profit_dividends,https://www.bcra.gob.ar/archivos/Pdfs/PublicacionesEstadisticas/informes/anexo-estadistico-mercado-cambios-balance-cambiario.xlsx,fe060a737d9dbfbfafde7513c75213dd337c346d387ddef45cffa5935d71f8c6,2026-08-12T00:10:05Z
bcra_profit_dividend_outflows_monthly,2013-02,monthly,41.686700,million_usd,official,bcra_fx_market_profit_dividends,https://www.bcra.gob.ar/archivos/Pdfs/PublicacionesEstadisticas/informes/anexo-estadistico-mercado-cambios-balance-cambiario.xlsx,fe060a737d9dbfbfafde7513c75213dd337c346d387ddef45cffa5935d71f8c6,2026-08-12T00:10:05Z
bcra_profit_dividend_outflows_monthly,2013-03,monthly,47.074600,million_usd,official,bcra_fx_market_profit_dividends,https://www.bcra.gob.ar/archivos/Pdfs/PublicacionesEstadisticas/informes/anexo-estadistico-mercado-cambios-balance-cambiario.xlsx,fe060a737d9dbfbfafde7513c75213dd337c346d387ddef45cffa5935d71f8c6,2026-08-12T00:10:05Z
bcra_profit_dividend_outflows_monthly,2013-04,monthly,96.600400,million_usd,official,bcra_fx_market_profit_dividends,https://www.bcra.gob.ar/archivos/Pdfs/PublicacionesEstadisticas/informes/anexo-estadistico-mercado-cambios-balance-cambiario.xlsx,fe060a737d9dbfbfafde7513c75213dd337c346d387ddef45cffa5935d71f8c6,2026-08-12T00:10:05Z
bcra_profit_dividend_outflows_monthly,2013-05,monthly,153.667000,million_usd,official,bcra_fx_market_profit_dividends,https://www.bcra.gob.ar/archivos/Pdfs/PublicacionesEstadisticas/informes/anexo-estadistico-mercado-cambios-balance-cambiario.xlsx,fe060a737d9dbfbfafde7513c75213dd337c346d387ddef45cffa5935d71f8c6,2026-08-12T00:10:05Z
bcra_profit_dividend_outflows_monthly,2013-06,monthly,115.884200,million_usd,official,bcra_fx_market_profit_dividends,https://www.bcra.gob.ar/archivos/Pdfs/PublicacionesEstadisticas/informes/anexo-estadistico-mercado-cambios-balance-cambiario.xlsx,fe060a737d9dbfbfafde7513c75213dd337c346d387ddef45cffa5935d71f8c6,2026-08-12T00:10:05Z
bcra_profit_dividend_outflows_monthly,2013-07,monthly,156.198900,million_usd,official,bcra_fx_market_profit_dividends,https://www.bcra.gob.ar/archivos/Pdfs/PublicacionesEstadisticas/informes/anexo-estadistico-mercado-cambios-balance-cambiario.xlsx,fe060a737d9dbfbfafde7513c75213dd337c346d387ddef45cffa5935d71f8c6,2026-08-12T00:10:05Z
bcra_profit_dividend_outflows_monthly,2013-08,monthly,121.376100,million_usd,official,bcra_fx_market_profit_dividends,https://www.bcra.gob.ar/archivos/Pdfs/PublicacionesEstadisticas/informes/anexo-estadistico-mercado-cambios-balance-cambiario.xlsx,fe060a737d9dbfbfafde7513c75213dd337c346d387ddef45cffa5935d71f8c6,2026-08-12T00:10:05Z
bcra_profit_dividend_outflows_monthly,2013-09,monthly,113.007300,million_usd,official,bcra_fx_market_profit_dividends,https://www.bcra.gob.ar/archivos/Pdfs/PublicacionesEstadisticas/informes/anexo-estadistico-mercado-cambios-balance-cambiario.xlsx,fe060a737d9dbfbfafde7513c75213dd337c346d387ddef45cffa5935d71f8c6,2026-08-12T00:10:05Z
bcra_profit_dividend_outflows_monthly,2013-10,monthly,130.330100,million_usd,official,bcra_fx_market_profit_dividends,https://www.bcra.gob.ar/archivos/Pdfs/PublicacionesEstadisticas/informes/anexo-estadistico-mercado-cambios-balance-cambiario.xlsx,fe060a737d9dbfbfafde7513c75213dd337c346d387ddef45cffa5935d71f8c6,2026-08-12T00:10:05Z
bcra_profit_dividend_outflows_monthly,2013-11,monthly,121.732800,million_usd,official,bcra_fx_market_profit_dividends,https://www.bcra.gob.ar/archivos/Pdfs/PublicacionesEstadisticas/informes/anexo-estadistico-mercado-cambios-balance-cambiario.xlsx,fe060a737d9dbfbfafde7513c75213dd337c346d387ddef45cffa5935d71f8c6,2026-08-12T00:10:05Z
bcra_profit_dividend_outflows_monthly,2013-12,monthly,182.905100,million_usd,official,bcra_fx_market_profit_dividends,https://www.bcra.gob.ar/archivos/Pdfs/PublicacionesEstadisticas/informes/anexo-estadistico-mercado-cambios-balance-cambiario.xlsx,fe060a737d9dbfbfafde7513c75213dd337c346d387ddef45cffa5935d71f8c6,2026-08-12T00:10:05Z
bcra_profit_dividend_outflows_monthly,2014-01,monthly,161.367700,million_usd,official,bcra_fx_market_profit_dividends,https://www.bcra.gob.ar/archivos/Pdfs/PublicacionesEstadisticas/informes/anexo-estadistico-mercado-cambios-balance-cambiario.xlsx,fe060a737d9dbfbfafde7513c75213dd337c346d387ddef45cffa5935d71f8c6,2026-08-12T00:10:05Z
bcra_profit_dividend_outflows_monthly,2014-02,monthly,83.920400,million_usd,official,bcra_fx_market_profit_dividends,https://www.bcra.gob.ar/archivos/Pdfs/PublicacionesEstadisticas/informes/anexo-estadistico-mercado-cambios-balance-cambiario.xlsx,fe060a737d9dbfbfafde7513c75213dd337c346d387ddef45cffa5935d71f8c6,2026-08-12T00:10:05Z
bcra_profit_dividend_outflows_monthly,2014-03,monthly,60.480500,million_usd,official,bcra_fx_market_profit_dividends,https://www.bcra.gob.ar/archivos/Pdfs/PublicacionesEstadisticas/informes/anexo-estadistico-mercado-cambios-balance-cambiario.xlsx,fe060a737d9dbfbfafde7513c75213dd337c346d387ddef45cffa5935d71f8c6,2026-08-12T00:10:05Z
bcra_profit_dividend_outflows_monthly,2014-04,monthly,169.758600,million_usd,official,bcra_fx_market_profit_dividends,https://www.bcra.gob.ar/archivos/Pdfs/PublicacionesEstadisticas/informes/anexo-estadistico-mercado-cambios-balance-cambiario.xlsx,fe060a737d9dbfbfafde7513c75213dd337c346d387ddef45cffa5935d71f8c6,2026-08-12T00:10:05Z
bcra_profit_dividend_outflows_monthly,2014-05,monthly,160.719300,million_usd,official,bcra_fx_market_profit_dividends,https://www.bcra.gob.ar/archivos/Pdfs/PublicacionesEstadisticas/informes/anexo-estadistico-mercado-cambios-balance-cambiario.xlsx,fe060a737d9dbfbfafde7513c75213dd337c346d387ddef45cffa5935d71f8c6,2026-08-12T00:10:05Z
bcra_profit_dividend_outflows_monthly,2014-06,monthly,197.671200,million_usd,official,bcra_fx_market_profit_dividends,https://www.bcra.gob.ar/archivos/Pdfs/PublicacionesEstadisticas/informes/anexo-estadistico-mercado-cambios-balance-cambiario.xlsx,fe060a737d9dbfbfafde7513c75213dd337c346d387ddef45cffa5935d71f8c6,2026-08-12T00:10:05Z
bcra_profit_dividend_outflows_monthly,2014-07,monthly,262.883800,million_usd,official,bcra_fx_market_profit_dividends,https://www.bcra.gob.ar/archivos/Pdfs/PublicacionesEstadisticas/informes/anexo-estadistico-mercado-cambios-balance-cambiario.xlsx,fe060a737d9dbfbfafde7513c75213dd337c346d387ddef45cffa5935d71f8c6,2026-08-12T00:10:05Z
bcra_profit_dividend_outflows_monthly,2014-08,monthly,96.292400,million_usd,official,bcra_fx_market_profit_dividends,https://www.bcra.gob.ar/archivos/Pdfs/PublicacionesEstadisticas/informes/anexo-estadistico-mercado-cambios-balance-cambiario.xlsx,fe060a737d9dbfbfafde7513c75213dd337c346d387ddef45cffa5935d71f8c6,2026-08-12T00:10:05Z
bcra_profit_dividend_outflows_monthly,2014-09,monthly,87.295900,million_usd,official,bcra_fx_market_profit_dividends,https://www.bcra.gob.ar/archivos/Pdfs/PublicacionesEstadisticas/informes/anexo-estadistico-mercado-cambios-balance-cambiario.xlsx,fe060a737d9dbfbfafde7513c75213dd337c346d387ddef45cffa5935d71f8c6,2026-08-12T00:10:05Z
bcra_profit_dividend_outflows_monthly,2014-10,monthly,36.000700,million_usd,official,bcra_fx_market_profit_dividends,https://www.bcra.gob.ar/archivos/Pdfs/PublicacionesEstadisticas/informes/anexo-estadistico-mercado-cambios-balance-cambiario.xlsx,fe060a737d9dbfbfafde7513c75213dd337c346d387ddef45cffa5935d71f8c6,2026-08-12T00:10:05Z
bcra_profit_dividend_outflows_monthly,2014-11,monthly,0.009800,million_usd,official,bcra_fx_market_profit_dividends,https://www.bcra.gob.ar/archivos/Pdfs/PublicacionesEstadisticas/informes/anexo-estadistico-mercado-cambios-balance-cambiario.xlsx,fe060a737d9dbfbfafde7513c75213dd337c346d387ddef45cffa5935d71f8c6,2026-08-12T00:10:05Z
bcra_profit_dividend_outflows_monthly,2014-12,monthly,0.000000,million_usd,official,bcra_fx_market_profit_dividends,https://www.bcra.gob.ar/archivos/Pdfs/PublicacionesEstadisticas/informes/anexo-estadistico-mercado-cambios-balance-cambiario.xlsx,fe060a737d9dbfbfafde7513c75213dd337c346d387ddef45cffa5935d71f8c6,2026-08-12T00:10:05Z
bcra_profit_dividend_outflows_monthly,2015-01,monthly,0.298100,million_usd,official,bcra_fx_market_profit_dividends,https://www.bcra.gob.ar/archivos/Pdfs/PublicacionesEstadisticas/informes/anexo-estadistico-mercado-cambios-balance-cambiario.xlsx,fe060a737d9dbfbfafde7513c75213dd337c346d387ddef45cffa5935d71f8c6,2026-08-12T00:10:05Z
bcra_profit_dividend_outflows_monthly,2015-02,monthly,0.050800,million_usd,official,bcra_fx_market_profit_dividends,https://www.bcra.gob.ar/archivos/Pdfs/PublicacionesEstadisticas/informes/anexo-estadistico-mercado-cambios-balance-cambiario.xlsx,fe060a737d9dbfbfafde7513c75213dd337c346d387ddef45cffa5935d71f8c6,2026-08-12T00:10:05Z
bcra_profit_dividend_outflows_monthly,2015-03,monthly,0.002500,million_usd,official,bcra_fx_market_profit_dividends,https://www.bcra.gob.ar/archivos/Pdfs/PublicacionesEstadisticas/informes/anexo-estadistico-mercado-cambios-balance-cambiario.xlsx,fe060a737d9dbfbfafde7513c75213dd337c346d387ddef45cffa5935d71f8c6,2026-08-12T00:10:05Z
bcra_profit_dividend_outflows_monthly,2015-04,monthly,0.000000,million_usd,official,bcra_fx_market_profit_dividends,https://www.bcra.gob.ar/archivos/Pdfs/PublicacionesEstadisticas/informes/anexo-estadistico-mercado-cambios-balance-cambiario.xlsx,fe060a737d9dbfbfafde7513c75213dd337c346d387ddef45cffa5935d71f8c6,2026-08-12T00:10:05Z
bcra_profit_dividend_outflows_monthly,2015-05,monthly,0.000000,million_usd,official,bcra_fx_market_profit_dividends,https://www.bcra.gob.ar/archivos/Pdfs/PublicacionesEstadisticas/informes/anexo-estadistico-mercado-cambios-balance-cambiario.xlsx,fe060a737d9dbfbfafde7513c75213dd337c346d387ddef45cffa5935d71f8c6,2026-08-12T00:10:05Z
bcra_profit_dividend_outflows_monthly,2015-06,monthly,4.000300,million_usd,official,bcra_fx_market_profit_dividends,https://www.bcra.gob.ar/archivos/Pdfs/PublicacionesEstadisticas/informes/anexo-estadistico-mercado-cambios-balance-cambiario.xlsx,fe060a737d9dbfbfafde7513c75213dd337c346d387ddef45cffa5935d71f8c6,2026-08-12T00:10:05Z
bcra_profit_dividend_outflows_monthly,2015-07,monthly,23.220800,million_usd,official,bcra_fx_market_profit_dividends,https://www.bcra.gob.ar/archivos/Pdfs/PublicacionesEstadisticas/informes/anexo-estadistico-mercado-cambios-balance-cambiario.xlsx,fe060a737d9dbfbfafde7513c75213dd337c346d387ddef45cffa5935d71f8c6,2026-08-12T00:10:05Z
bcra_profit_dividend_outflows_monthly,2015-08,monthly,5.500100,million_usd,official,bcra_fx_market_profit_dividends,https://www.bcra.gob.ar/archivos/Pdfs/PublicacionesEstadisticas/informes/anexo-estadistico-mercado-cambios-balance-cambiario.xlsx,fe060a737d9dbfbfafde7513c75213dd337c346d387ddef45cffa5935d71f8c6,2026-08-12T00:10:05Z
bcra_profit_dividend_outflows_monthly,2015-09,monthly,3.000200,million_usd,official,bcra_fx_market_profit_dividends,https://www.bcra.gob.ar/archivos/Pdfs/PublicacionesEstadisticas/informes/anexo-estadistico-mercado-cambios-balance-cambiario.xlsx,fe060a737d9dbfbfafde7513c75213dd337c346d387ddef45cffa5935d71f8c6,2026-08-12T00:10:05Z
bcra_profit_dividend_outflows_monthly,2015-10,monthly,27.203500,million_usd,official,bcra_fx_market_profit_dividends,https://www.bcra.gob.ar/archivos/Pdfs/PublicacionesEstadisticas/informes/anexo-estadistico-mercado-cambios-balance-cambiario.xlsx,fe060a737d9dbfbfafde7513c75213dd337c346d387ddef45cffa5935d71f8c6,2026-08-12T00:10:05Z
bcra_profit_dividend_outflows_monthly,2015-11,monthly,5.300100,million_usd,official,bcra_fx_market_profit_dividends,https://www.bcra.gob.ar/archivos/Pdfs/PublicacionesEstadisticas/informes/anexo-estadistico-mercado-cambios-balance-cambiario.xlsx,fe060a737d9dbfbfafde7513c75213dd337c346d387ddef45cffa5935d71f8c6,2026-08-12T00:10:05Z
bcra_profit_dividend_outflows_monthly,2015-12,monthly,31.693500,million_usd,official,bcra_fx_market_profit_dividends,https://www.bcra.gob.ar/archivos/Pdfs/PublicacionesEstadisticas/informes/anexo-estadistico-mercado-cambios-balance-cambiario.xlsx,fe060a737d9dbfbfafde7513c75213dd337c346d387ddef45cffa5935d71f8c6,2026-08-12T00:10:05Z
bcra_profit_dividend_outflows_monthly,2016-01,monthly,78.031900,million_usd,official,bcra_fx_market_profit_dividends,https://www.bcra.gob.ar/archivos/Pdfs/PublicacionesEstadisticas/informes/anexo-estadistico-mercado-cambios-balance-cambiario.xlsx,fe060a737d9dbfbfafde7513c75213dd337c346d387ddef45cffa5935d71f8c6,2026-08-12T00:10:05Z
bcra_profit_dividend_outflows_monthly,2016-02,monthly,125.351400,million_usd,official,bcra_fx_market_profit_dividends,https://www.bcra.gob.ar/archivos/Pdfs/PublicacionesEstadisticas/informes/anexo-estadistico-mercado-cambios-balance-cambiario.xlsx,fe060a737d9dbfbfafde7513c75213dd337c346d387ddef45cffa5935d71f8c6,2026-08-12T00:10:05Z
bcra_profit_dividend_outflows_monthly,2016-03,monthly,98.738100,million_usd,official,bcra_fx_market_profit_dividends,https://www.bcra.gob.ar/archivos/Pdfs/PublicacionesEstadisticas/informes/anexo-estadistico-mercado-cambios-balance-cambiario.xlsx,fe060a737d9dbfbfafde7513c75213dd337c346d387ddef45cffa5935d71f8c6,2026-08-12T00:10:05Z
bcra_profit_dividend_outflows_monthly,2016-04,monthly,482.572700,million_usd,official,bcra_fx_market_profit_dividends,https://www.bcra.gob.ar/archivos/Pdfs/PublicacionesEstadisticas/informes/anexo-estadistico-mercado-cambios-balance-cambiario.xlsx,fe060a737d9dbfbfafde7513c75213dd337c346d387ddef45cffa5935d71f8c6,2026-08-12T00:10:05Z
bcra_profit_dividend_outflows_monthly,2016-05,monthly,420.530600,million_usd,official,bcra_fx_market_profit_dividends,https://www.bcra.gob.ar/archivos/Pdfs/PublicacionesEstadisticas/informes/anexo-estadistico-mercado-cambios-balance-cambiario.xlsx,fe060a737d9dbfbfafde7513c75213dd337c346d387ddef45cffa5935d71f8c6,2026-08-12T00:10:05Z
bcra_profit_dividend_outflows_monthly,2016-06,monthly,170.650000,million_usd,official,bcra_fx_market_profit_dividends,https://www.bcra.gob.ar/archivos/Pdfs/PublicacionesEstadisticas/informes/anexo-estadistico-mercado-cambios-balance-cambiario.xlsx,fe060a737d9dbfbfafde7513c75213dd337c346d387ddef45cffa5935d71f8c6,2026-08-12T00:10:05Z
bcra_profit_dividend_outflows_monthly,2016-07,monthly,124.513400,million_usd,official,bcra_fx_market_profit_dividends,https://www.bcra.gob.ar/archivos/Pdfs/PublicacionesEstadisticas/informes/anexo-estadistico-mercado-cambios-balance-cambiario.xlsx,fe060a737d9dbfbfafde7513c75213dd337c346d387ddef45cffa5935d71f8c6,2026-08-12T00:10:05Z
bcra_profit_dividend_outflows_monthly,2016-08,monthly,318.817400,million_usd,official,bcra_fx_market_profit_dividends,https://www.bcra.gob.ar/archivos/Pdfs/PublicacionesEstadisticas/informes/anexo-estadistico-mercado-cambios-balance-cambiario.xlsx,fe060a737d9dbfbfafde7513c75213dd337c346d387ddef45cffa5935d71f8c6,2026-08-12T00:10:05Z
bcra_profit_dividend_outflows_monthly,2016-09,monthly,255.041200,million_usd,official,bcra_fx_market_profit_dividends,https://www.bcra.gob.ar/archivos/Pdfs/PublicacionesEstadisticas/informes/anexo-estadistico-mercado-cambios-balance-cambiario.xlsx,fe060a737d9dbfbfafde7513c75213dd337c346d387ddef45cffa5935d71f8c6,2026-08-12T00:10:05Z
bcra_profit_dividend_outflows_monthly,2016-10,monthly,189.098500,million_usd,official,bcra_fx_market_profit_dividends,https://www.bcra.gob.ar/archivos/Pdfs/PublicacionesEstadisticas/informes/anexo-estadistico-mercado-cambios-balance-cambiario.xlsx,fe060a737d9dbfbfafde7513c75213dd337c346d387ddef45cffa5935d71f8c6,2026-08-12T00:10:05Z
bcra_profit_dividend_outflows_monthly,2016-11,monthly,319.864200,million_usd,official,bcra_fx_market_profit_dividends,https://www.bcra.gob.ar/archivos/Pdfs/PublicacionesEstadisticas/informes/anexo-estadistico-mercado-cambios-balance-cambiario.xlsx,fe060a737d9dbfbfafde7513c75213dd337c346d387ddef45cffa5935d71f8c6,2026-08-12T00:10:05Z
bcra_profit_dividend_outflows_monthly,2016-12,monthly,413.213200,million_usd,official,bcra_fx_market_profit_dividends,https://www.bcra.gob.ar/archivos/Pdfs/PublicacionesEstadisticas/informes/anexo-estadistico-mercado-cambios-balance-cambiario.xlsx,fe060a737d9dbfbfafde7513c75213dd337c346d387ddef45cffa5935d71f8c6,2026-08-12T00:10:05Z
bcra_profit_dividend_outflows_monthly,2017-01,monthly,56.907700,million_usd,official,bcra_fx_market_profit_dividends,https://www.bcra.gob.ar/archivos/Pdfs/PublicacionesEstadisticas/informes/anexo-estadistico-mercado-cambios-balance-cambiario.xlsx,fe060a737d9dbfbfafde7513c75213dd337c346d387ddef45cffa5935d71f8c6,2026-08-12T00:10:05Z
bcra_profit_dividend_outflows_monthly,2017-02,monthly,125.280000,million_usd,official,bcra_fx_market_profit_dividends,https://www.bcra.gob.ar/archivos/Pdfs/PublicacionesEstadisticas/informes/anexo-estadistico-mercado-cambios-balance-cambiario.xlsx,fe060a737d9dbfbfafde7513c75213dd337c346d387ddef45cffa5935d71f8c6,2026-08-12T00:10:05Z
bcra_profit_dividend_outflows_monthly,2017-03,monthly,139.563700,million_usd,official,bcra_fx_market_profit_dividends,https://www.bcra.gob.ar/archivos/Pdfs/PublicacionesEstadisticas/informes/anexo-estadistico-mercado-cambios-balance-cambiario.xlsx,fe060a737d9dbfbfafde7513c75213dd337c346d387ddef45cffa5935d71f8c6,2026-08-12T00:10:05Z
bcra_profit_dividend_outflows_monthly,2017-04,monthly,144.601000,million_usd,official,bcra_fx_market_profit_dividends,https://www.bcra.gob.ar/archivos/Pdfs/PublicacionesEstadisticas/informes/anexo-estadistico-mercado-cambios-balance-cambiario.xlsx,fe060a737d9dbfbfafde7513c75213dd337c346d387ddef45cffa5935d71f8c6,2026-08-12T00:10:05Z
bcra_profit_dividend_outflows_monthly,2017-05,monthly,309.755200,million_usd,official,bcra_fx_market_profit_dividends,https://www.bcra.gob.ar/archivos/Pdfs/PublicacionesEstadisticas/informes/anexo-estadistico-mercado-cambios-balance-cambiario.xlsx,fe060a737d9dbfbfafde7513c75213dd337c346d387ddef45cffa5935d71f8c6,2026-08-12T00:10:05Z
bcra_profit_dividend_outflows_monthly,2017-06,monthly,213.771900,million_usd,official,bcra_fx_market_profit_dividends,https://www.bcra.gob.ar/archivos/Pdfs/PublicacionesEstadisticas/informes/anexo-estadistico-mercado-cambios-balance-cambiario.xlsx,fe060a737d9dbfbfafde7513c75213dd337c346d387ddef45cffa5935d71f8c6,2026-08-12T00:10:05Z
bcra_profit_dividend_outflows_monthly,2017-07,monthly,238.116700,million_usd,official,bcra_fx_market_profit_dividends,https://www.bcra.gob.ar/archivos/Pdfs/PublicacionesEstadisticas/informes/anexo-estadistico-mercado-cambios-balance-cambiario.xlsx,fe060a737d9dbfbfafde7513c75213dd337c346d387ddef45cffa5935d71f8c6,2026-08-12T00:10:05Z
bcra_profit_dividend_outflows_monthly,2017-08,monthly,212.980300,million_usd,official,bcra_fx_market_profit_dividends,https://www.bcra.gob.ar/archivos/Pdfs/PublicacionesEstadisticas/informes/anexo-estadistico-mercado-cambios-balance-cambiario.xlsx,fe060a737d9dbfbfafde7513c75213dd337c346d387ddef45cffa5935d71f8c6,2026-08-12T00:10:05Z
bcra_profit_dividend_outflows_monthly,2017-09,monthly,120.789200,million_usd,official,bcra_fx_market_profit_dividends,https://www.bcra.gob.ar/archivos/Pdfs/PublicacionesEstadisticas/informes/anexo-estadistico-mercado-cambios-balance-cambiario.xlsx,fe060a737d9dbfbfafde7513c75213dd337c346d387ddef45cffa5935d71f8c6,2026-08-12T00:10:05Z
bcra_profit_dividend_outflows_monthly,2017-10,monthly,165.293500,million_usd,official,bcra_fx_market_profit_dividends,https://www.bcra.gob.ar/archivos/Pdfs/PublicacionesEstadisticas/informes/anexo-estadistico-mercado-cambios-balance-cambiario.xlsx,fe060a737d9dbfbfafde7513c75213dd337c346d387ddef45cffa5935d71f8c6,2026-08-12T00:10:05Z
bcra_profit_dividend_outflows_monthly,2017-11,monthly,114.786400,million_usd,official,bcra_fx_market_profit_dividends,https://www.bcra.gob.ar/archivos/Pdfs/PublicacionesEstadisticas/informes/anexo-estadistico-mercado-cambios-balance-cambiario.xlsx,fe060a737d9dbfbfafde7513c75213dd337c346d387ddef45cffa5935d71f8c6,2026-08-12T00:10:05Z
bcra_profit_dividend_outflows_monthly,2017-12,monthly,282.587000,million_usd,official,bcra_fx_market_profit_dividends,https://www.bcra.gob.ar/archivos/Pdfs/PublicacionesEstadisticas/informes/anexo-estadistico-mercado-cambios-balance-cambiario.xlsx,fe060a737d9dbfbfafde7513c75213dd337c346d387ddef45cffa5935d71f8c6,2026-08-12T00:10:05Z
bcra_profit_dividend_outflows_monthly,2018-01,monthly,46.530600,million_usd,official,bcra_fx_market_profit_dividends,https://www.bcra.gob.ar/archivos/Pdfs/PublicacionesEstadisticas/informes/anexo-estadistico-mercado-cambios-balance-cambiario.xlsx,fe060a737d9dbfbfafde7513c75213dd337c346d387ddef45cffa5935d71f8c6,2026-08-12T00:10:05Z
bcra_profit_dividend_outflows_monthly,2018-02,monthly,17.087200,million_usd,official,bcra_fx_market_profit_dividends,https://www.bcra.gob.ar/archivos/Pdfs/PublicacionesEstadisticas/informes/anexo-estadistico-mercado-cambios-balance-cambiario.xlsx,fe060a737d9dbfbfafde7513c75213dd337c346d387ddef45cffa5935d71f8c6,2026-08-12T00:10:05Z
bcra_profit_dividend_outflows_monthly,2018-03,monthly,133.078200,million_usd,official,bcra_fx_market_profit_dividends,https://www.bcra.gob.ar/archivos/Pdfs/PublicacionesEstadisticas/informes/anexo-estadistico-mercado-cambios-balance-cambiario.xlsx,fe060a737d9dbfbfafde7513c75213dd337c346d387ddef45cffa5935d71f8c6,2026-08-12T00:10:05Z
bcra_profit_dividend_outflows_monthly,2018-04,monthly,131.394200,million_usd,official,bcra_fx_market_profit_dividends,https://www.bcra.gob.ar/archivos/Pdfs/PublicacionesEstadisticas/informes/anexo-estadistico-mercado-cambios-balance-cambiario.xlsx,fe060a737d9dbfbfafde7513c75213dd337c346d387ddef45cffa5935d71f8c6,2026-08-12T00:10:05Z
bcra_profit_dividend_outflows_monthly,2018-05,monthly,321.784300,million_usd,official,bcra_fx_market_profit_dividends,https://www.bcra.gob.ar/archivos/Pdfs/PublicacionesEstadisticas/informes/anexo-estadistico-mercado-cambios-balance-cambiario.xlsx,fe060a737d9dbfbfafde7513c75213dd337c346d387ddef45cffa5935d71f8c6,2026-08-12T00:10:05Z
bcra_profit_dividend_outflows_monthly,2018-06,monthly,120.035400,million_usd,official,bcra_fx_market_profit_dividends,https://www.bcra.gob.ar/archivos/Pdfs/PublicacionesEstadisticas/informes/anexo-estadistico-mercado-cambios-balance-cambiario.xlsx,fe060a737d9dbfbfafde7513c75213dd337c346d387ddef45cffa5935d71f8c6,2026-08-12T00:10:05Z
bcra_profit_dividend_outflows_monthly,2018-07,monthly,52.541600,million_usd,official,bcra_fx_market_profit_dividends,https://www.bcra.gob.ar/archivos/Pdfs/PublicacionesEstadisticas/informes/anexo-estadistico-mercado-cambios-balance-cambiario.xlsx,fe060a737d9dbfbfafde7513c75213dd337c346d387ddef45cffa5935d71f8c6,2026-08-12T00:10:05Z
bcra_profit_dividend_outflows_monthly,2018-08,monthly,64.066000,million_usd,official,bcra_fx_market_profit_dividends,https://www.bcra.gob.ar/archivos/Pdfs/PublicacionesEstadisticas/informes/anexo-estadistico-mercado-cambios-balance-cambiario.xlsx,fe060a737d9dbfbfafde7513c75213dd337c346d387ddef45cffa5935d71f8c6,2026-08-12T00:10:05Z
bcra_profit_dividend_outflows_monthly,2018-09,monthly,40.398100,million_usd,official,bcra_fx_market_profit_dividends,https://www.bcra.gob.ar/archivos/Pdfs/PublicacionesEstadisticas/informes/anexo-estadistico-mercado-cambios-balance-cambiario.xlsx,fe060a737d9dbfbfafde7513c75213dd337c346d387ddef45cffa5935d71f8c6,2026-08-12T00:10:05Z
bcra_profit_dividend_outflows_monthly,2018-10,monthly,25.312600,million_usd,official,bcra_fx_market_profit_dividends,https://www.bcra.gob.ar/archivos/Pdfs/PublicacionesEstadisticas/informes/anexo-estadistico-mercado-cambios-balance-cambiario.xlsx,fe060a737d9dbfbfafde7513c75213dd337c346d387ddef45cffa5935d71f8c6,2026-08-12T00:10:05Z
bcra_profit_dividend_outflows_monthly,2018-11,monthly,39.863100,million_usd,official,bcra_fx_market_profit_dividends,https://www.bcra.gob.ar/archivos/Pdfs/PublicacionesEstadisticas/informes/anexo-estadistico-mercado-cambios-balance-cambiario.xlsx,fe060a737d9dbfbfafde7513c75213dd337c346d387ddef45cffa5935d71f8c6,2026-08-12T00:10:05Z
bcra_profit_dividend_outflows_monthly,2018-12,monthly,91.873300,million_usd,official,bcra_fx_market_profit_dividends,https://www.bcra.gob.ar/archivos/Pdfs/PublicacionesEstadisticas/informes/anexo-estadistico-mercado-cambios-balance-cambiario.xlsx,fe060a737d9dbfbfafde7513c75213dd337c346d387ddef45cffa5935d71f8c6,2026-08-12T00:10:05Z
bcra_profit_dividend_outflows_monthly,2019-01,monthly,18.651700,million_usd,official,bcra_fx_market_profit_dividends,https://www.bcra.gob.ar/archivos/Pdfs/PublicacionesEstadisticas/informes/anexo-estadistico-mercado-cambios-balance-cambiario.xlsx,fe060a737d9dbfbfafde7513c75213dd337c346d387ddef45cffa5935d71f8c6,2026-08-12T00:10:05Z
bcra_profit_dividend_outflows_monthly,2019-02,monthly,37.348000,million_usd,official,bcra_fx_market_profit_dividends,https://www.bcra.gob.ar/archivos/Pdfs/PublicacionesEstadisticas/informes/anexo-estadistico-mercado-cambios-balance-cambiario.xlsx,fe060a737d9dbfbfafde7513c75213dd337c346d387ddef45cffa5935d71f8c6,2026-08-12T00:10:05Z
bcra_profit_dividend_outflows_monthly,2019-03,monthly,98.436700,million_usd,official,bcra_fx_market_profit_dividends,https://www.bcra.gob.ar/archivos/Pdfs/PublicacionesEstadisticas/informes/anexo-estadistico-mercado-cambios-balance-cambiario.xlsx,fe060a737d9dbfbfafde7513c75213dd337c346d387ddef45cffa5935d71f8c6,2026-08-12T00:10:05Z
bcra_profit_dividend_outflows_monthly,2019-04,monthly,143.923300,million_usd,official,bcra_fx_market_profit_dividends,https://www.bcra.gob.ar/archivos/Pdfs/PublicacionesEstadisticas/informes/anexo-estadistico-mercado-cambios-balance-cambiario.xlsx,fe060a737d9dbfbfafde7513c75213dd337c346d387ddef45cffa5935d71f8c6,2026-08-12T00:10:05Z
bcra_profit_dividend_outflows_monthly,2019-05,monthly,279.515300,million_usd,official,bcra_fx_market_profit_dividends,https://www.bcra.gob.ar/archivos/Pdfs/PublicacionesEstadisticas/informes/anexo-estadistico-mercado-cambios-balance-cambiario.xlsx,fe060a737d9dbfbfafde7513c75213dd337c346d387ddef45cffa5935d71f8c6,2026-08-12T00:10:05Z
bcra_profit_dividend_outflows_monthly,2019-06,monthly,84.508900,million_usd,official,bcra_fx_market_profit_dividends,https://www.bcra.gob.ar/archivos/Pdfs/PublicacionesEstadisticas/informes/anexo-estadistico-mercado-cambios-balance-cambiario.xlsx,fe060a737d9dbfbfafde7513c75213dd337c346d387ddef45cffa5935d71f8c6,2026-08-12T00:10:05Z
bcra_profit_dividend_outflows_monthly,2019-07,monthly,75.950200,million_usd,official,bcra_fx_market_profit_dividends,https://www.bcra.gob.ar/archivos/Pdfs/PublicacionesEstadisticas/informes/anexo-estadistico-mercado-cambios-balance-cambiario.xlsx,fe060a737d9dbfbfafde7513c75213dd337c346d387ddef45cffa5935d71f8c6,2026-08-12T00:10:05Z
bcra_profit_dividend_outflows_monthly,2019-08,monthly,123.605000,million_usd,official,bcra_fx_market_profit_dividends,https://www.bcra.gob.ar/archivos/Pdfs/PublicacionesEstadisticas/informes/anexo-estadistico-mercado-cambios-balance-cambiario.xlsx,fe060a737d9dbfbfafde7513c75213dd337c346d387ddef45cffa5935d71f8c6,2026-08-12T00:10:05Z
bcra_profit_dividend_outflows_monthly,2019-09,monthly,0.012500,million_usd,official,bcra_fx_market_profit_dividends,https://www.bcra.gob.ar/archivos/Pdfs/PublicacionesEstadisticas/informes/anexo-estadistico-mercado-cambios-balance-cambiario.xlsx,fe060a737d9dbfbfafde7513c75213dd337c346d387ddef45cffa5935d71f8c6,2026-08-12T00:10:05Z
bcra_profit_dividend_outflows_monthly,2019-10,monthly,0.000000,million_usd,official,bcra_fx_market_profit_dividends,https://www.bcra.gob.ar/archivos/Pdfs/PublicacionesEstadisticas/informes/anexo-estadistico-mercado-cambios-balance-cambiario.xlsx,fe060a737d9dbfbfafde7513c75213dd337c346d387ddef45cffa5935d71f8c6,2026-08-12T00:10:05Z
bcra_profit_dividend_outflows_monthly,2019-11,monthly,-0.010600,million_usd,official,bcra_fx_market_profit_dividends,https://www.bcra.gob.ar/archivos/Pdfs/PublicacionesEstadisticas/informes/anexo-estadistico-mercado-cambios-balance-cambiario.xlsx,fe060a737d9dbfbfafde7513c75213dd337c346d387ddef45cffa5935d71f8c6,2026-08-12T00:10:05Z
bcra_profit_dividend_outflows_monthly,2019-12,monthly,0.000000,million_usd,official,bcra_fx_market_profit_dividends,https://www.bcra.gob.ar/archivos/Pdfs/PublicacionesEstadisticas/informes/anexo-estadistico-mercado-cambios-balance-cambiario.xlsx,fe060a737d9dbfbfafde7513c75213dd337c346d387ddef45cffa5935d71f8c6,2026-08-12T00:10:05Z
bcra_profit_dividend_outflows_monthly,2020-01,monthly,-0.002000,million_usd,official,bcra_fx_market_profit_dividends,https://www.bcra.gob.ar/archivos/Pdfs/PublicacionesEstadisticas/informes/anexo-estadistico-mercado-cambios-balance-cambiario.xlsx,fe060a737d9dbfbfafde7513c75213dd337c346d387ddef45cffa5935d71f8c6,2026-08-12T00:10:05Z
bcra_profit_dividend_outflows_monthly,2020-02,monthly,0.000000,million_usd,official,bcra_fx_market_profit_dividends,https://www.bcra.gob.ar/archivos/Pdfs/PublicacionesEstadisticas/informes/anexo-estadistico-mercado-cambios-balance-cambiario.xlsx,fe060a737d9dbfbfafde7513c75213dd337c346d387ddef45cffa5935d71f8c6,2026-08-12T00:10:05Z
bcra_profit_dividend_outflows_monthly,2020-03,monthly,0.000000,million_usd,official,bcra_fx_market_profit_dividends,https://www.bcra.gob.ar/archivos/Pdfs/PublicacionesEstadisticas/informes/anexo-estadistico-mercado-cambios-balance-cambiario.xlsx,fe060a737d9dbfbfafde7513c75213dd337c346d387ddef45cffa5935d71f8c6,2026-08-12T00:10:05Z
bcra_profit_dividend_outflows_monthly,2020-04,monthly,0.000000,million_usd,official,bcra_fx_market_profit_dividends,https://www.bcra.gob.ar/archivos/Pdfs/PublicacionesEstadisticas/informes/anexo-estadistico-mercado-cambios-balance-cambiario.xlsx,fe060a737d9dbfbfafde7513c75213dd337c346d387ddef45cffa5935d71f8c6,2026-08-12T00:10:05Z
bcra_profit_dividend_outflows_monthly,2020-05,monthly,0.000000,million_usd,official,bcra_fx_market_profit_dividends,https://www.bcra.gob.ar/archivos/Pdfs/PublicacionesEstadisticas/informes/anexo-estadistico-mercado-cambios-balance-cambiario.xlsx,fe060a737d9dbfbfafde7513c75213dd337c346d387ddef45cffa5935d71f8c6,2026-08-12T00:10:05Z
bcra_profit_dividend_outflows_monthly,2020-06,monthly,0.000000,million_usd,official,bcra_fx_market_profit_dividends,https://www.bcra.gob.ar/archivos/Pdfs/PublicacionesEstadisticas/informes/anexo-estadistico-mercado-cambios-balance-cambiario.xlsx,fe060a737d9dbfbfafde7513c75213dd337c346d387ddef45cffa5935d71f8c6,2026-08-12T00:10:05Z
bcra_profit_dividend_outflows_monthly,2020-07,monthly,0.000000,million_usd,official,bcra_fx_market_profit_dividends,https://www.bcra.gob.ar/archivos/Pdfs/PublicacionesEstadisticas/informes/anexo-estadistico-mercado-cambios-balance-cambiario.xlsx,fe060a737d9dbfbfafde7513c75213dd337c346d387ddef45cffa5935d71f8c6,2026-08-12T00:10:05Z
bcra_profit_dividend_outflows_monthly,2020-08,monthly,0.000000,million_usd,official,bcra_fx_market_profit_dividends,https://www.bcra.gob.ar/archivos/Pdfs/PublicacionesEstadisticas/informes/anexo-estadistico-mercado-cambios-balance-cambiario.xlsx,fe060a737d9dbfbfafde7513c75213dd337c346d387ddef45cffa5935d71f8c6,2026-08-12T00:10:05Z
bcra_profit_dividend_outflows_monthly,2020-09,monthly,0.000000,million_usd,official,bcra_fx_market_profit_dividends,https://www.bcra.gob.ar/archivos/Pdfs/PublicacionesEstadisticas/informes/anexo-estadistico-mercado-cambios-balance-cambiario.xlsx,fe060a737d9dbfbfafde7513c75213dd337c346d387ddef45cffa5935d71f8c6,2026-08-12T00:10:05Z
bcra_profit_dividend_outflows_monthly,2020-10,monthly,0.000000,million_usd,official,bcra_fx_market_profit_dividends,https://www.bcra.gob.ar/archivos/Pdfs/PublicacionesEstadisticas/informes/anexo-estadistico-mercado-cambios-balance-cambiario.xlsx,fe060a737d9dbfbfafde7513c75213dd337c346d387ddef45cffa5935d71f8c6,2026-08-12T00:10:05Z
bcra_profit_dividend_outflows_monthly,2020-11,monthly,0.000000,million_usd,official,bcra_fx_market_profit_dividends,https://www.bcra.gob.ar/archivos/Pdfs/PublicacionesEstadisticas/informes/anexo-estadistico-mercado-cambios-balance-cambiario.xlsx,fe060a737d9dbfbfafde7513c75213dd337c346d387ddef45cffa5935d71f8c6,2026-08-12T00:10:05Z
bcra_profit_dividend_outflows_monthly,2020-12,monthly,0.000000,million_usd,official,bcra_fx_market_profit_dividends,https://www.bcra.gob.ar/archivos/Pdfs/PublicacionesEstadisticas/informes/anexo-estadistico-mercado-cambios-balance-cambiario.xlsx,fe060a737d9dbfbfafde7513c75213dd337c346d387ddef45cffa5935d71f8c6,2026-08-12T00:10:05Z
bcra_profit_dividend_outflows_monthly,2021-01,monthly,0.000000,million_usd,official,bcra_fx_market_profit_dividends,https://www.bcra.gob.ar/archivos/Pdfs/PublicacionesEstadisticas/informes/anexo-estadistico-mercado-cambios-balance-cambiario.xlsx,fe060a737d9dbfbfafde7513c75213dd337c346d387ddef45cffa5935d71f8c6,2026-08-12T00:10:05Z
bcra_profit_dividend_outflows_monthly,2021-02,monthly,0.000000,million_usd,official,bcra_fx_market_profit_dividends,https://www.bcra.gob.ar/archivos/Pdfs/PublicacionesEstadisticas/informes/anexo-estadistico-mercado-cambios-balance-cambiario.xlsx,fe060a737d9dbfbfafde7513c75213dd337c346d387ddef45cffa5935d71f8c6,2026-08-12T00:10:05Z
bcra_profit_dividend_outflows_monthly,2021-03,monthly,0.000000,million_usd,official,bcra_fx_market_profit_dividends,https://www.bcra.gob.ar/archivos/Pdfs/PublicacionesEstadisticas/informes/anexo-estadistico-mercado-cambios-balance-cambiario.xlsx,fe060a737d9dbfbfafde7513c75213dd337c346d387ddef45cffa5935d71f8c6,2026-08-12T00:10:05Z
bcra_profit_dividend_outflows_monthly,2021-04,monthly,0.000000,million_usd,official,bcra_fx_market_profit_dividends,https://www.bcra.gob.ar/archivos/Pdfs/PublicacionesEstadisticas/informes/anexo-estadistico-mercado-cambios-balance-cambiario.xlsx,fe060a737d9dbfbfafde7513c75213dd337c346d387ddef45cffa5935d71f8c6,2026-08-12T00:10:05Z
bcra_profit_dividend_outflows_monthly,2021-05,monthly,0.000000,million_usd,official,bcra_fx_market_profit_dividends,https://www.bcra.gob.ar/archivos/Pdfs/PublicacionesEstadisticas/informes/anexo-estadistico-mercado-cambios-balance-cambiario.xlsx,fe060a737d9dbfbfafde7513c75213dd337c346d387ddef45cffa5935d71f8c6,2026-08-12T00:10:05Z
bcra_profit_dividend_outflows_monthly,2021-06,monthly,0.000000,million_usd,official,bcra_fx_market_profit_dividends,https://www.bcra.gob.ar/archivos/Pdfs/PublicacionesEstadisticas/informes/anexo-estadistico-mercado-cambios-balance-cambiario.xlsx,fe060a737d9dbfbfafde7513c75213dd337c346d387ddef45cffa5935d71f8c6,2026-08-12T00:10:05Z
bcra_profit_dividend_outflows_monthly,2021-07,monthly,0.000000,million_usd,official,bcra_fx_market_profit_dividends,https://www.bcra.gob.ar/archivos/Pdfs/PublicacionesEstadisticas/informes/anexo-estadistico-mercado-cambios-balance-cambiario.xlsx,fe060a737d9dbfbfafde7513c75213dd337c346d387ddef45cffa5935d71f8c6,2026-08-12T00:10:05Z
bcra_profit_dividend_outflows_monthly,2021-08,monthly,0.000000,million_usd,official,bcra_fx_market_profit_dividends,https://www.bcra.gob.ar/archivos/Pdfs/PublicacionesEstadisticas/informes/anexo-estadistico-mercado-cambios-balance-cambiario.xlsx,fe060a737d9dbfbfafde7513c75213dd337c346d387ddef45cffa5935d71f8c6,2026-08-12T00:10:05Z
bcra_profit_dividend_outflows_monthly,2021-09,monthly,0.000000,million_usd,official,bcra_fx_market_profit_dividends,https://www.bcra.gob.ar/archivos/Pdfs/PublicacionesEstadisticas/informes/anexo-estadistico-mercado-cambios-balance-cambiario.xlsx,fe060a737d9dbfbfafde7513c75213dd337c346d387ddef45cffa5935d71f8c6,2026-08-12T00:10:05Z
bcra_profit_dividend_outflows_monthly,2021-10,monthly,0.652600,million_usd,official,bcra_fx_market_profit_dividends,https://www.bcra.gob.ar/archivos/Pdfs/PublicacionesEstadisticas/informes/anexo-estadistico-mercado-cambios-balance-cambiario.xlsx,fe060a737d9dbfbfafde7513c75213dd337c346d387ddef45cffa5935d71f8c6,2026-08-12T00:10:05Z
bcra_profit_dividend_outflows_monthly,2021-11,monthly,6.502600,million_usd,official,bcra_fx_market_profit_dividends,https://www.bcra.gob.ar/archivos/Pdfs/PublicacionesEstadisticas/informes/anexo-estadistico-mercado-cambios-balance-cambiario.xlsx,fe060a737d9dbfbfafde7513c75213dd337c346d387ddef45cffa5935d71f8c6,2026-08-12T00:10:05Z
bcra_profit_dividend_outflows_monthly,2021-12,monthly,62.833900,million_usd,official,bcra_fx_market_profit_dividends,https://www.bcra.gob.ar/archivos/Pdfs/PublicacionesEstadisticas/informes/anexo-estadistico-mercado-cambios-balance-cambiario.xlsx,fe060a737d9dbfbfafde7513c75213dd337c346d387ddef45cffa5935d71f8c6,2026-08-12T00:10:05Z
bcra_profit_dividend_outflows_monthly,2022-01,monthly,0.082400,million_usd,official,bcra_fx_market_profit_dividends,https://www.bcra.gob.ar/archivos/Pdfs/PublicacionesEstadisticas/informes/anexo-estadistico-mercado-cambios-balance-cambiario.xlsx,fe060a737d9dbfbfafde7513c75213dd337c346d387ddef45cffa5935d71f8c6,2026-08-12T00:10:05Z
bcra_profit_dividend_outflows_monthly,2022-02,monthly,1.500000,million_usd,official,bcra_fx_market_profit_dividends,https://www.bcra.gob.ar/archivos/Pdfs/PublicacionesEstadisticas/informes/anexo-estadistico-mercado-cambios-balance-cambiario.xlsx,fe060a737d9dbfbfafde7513c75213dd337c346d387ddef45cffa5935d71f8c6,2026-08-12T00:10:05Z
bcra_profit_dividend_outflows_monthly,2022-03,monthly,0.402600,million_usd,official,bcra_fx_market_profit_dividends,https://www.bcra.gob.ar/archivos/Pdfs/PublicacionesEstadisticas/informes/anexo-estadistico-mercado-cambios-balance-cambiario.xlsx,fe060a737d9dbfbfafde7513c75213dd337c346d387ddef45cffa5935d71f8c6,2026-08-12T00:10:05Z
bcra_profit_dividend_outflows_monthly,2022-04,monthly,0.000000,million_usd,official,bcra_fx_market_profit_dividends,https://www.bcra.gob.ar/archivos/Pdfs/PublicacionesEstadisticas/informes/anexo-estadistico-mercado-cambios-balance-cambiario.xlsx,fe060a737d9dbfbfafde7513c75213dd337c346d387ddef45cffa5935d71f8c6,2026-08-12T00:10:05Z
bcra_profit_dividend_outflows_monthly,2022-05,monthly,1.426400,million_usd,official,bcra_fx_market_profit_dividends,https://www.bcra.gob.ar/archivos/Pdfs/PublicacionesEstadisticas/informes/anexo-estadistico-mercado-cambios-balance-cambiario.xlsx,fe060a737d9dbfbfafde7513c75213dd337c346d387ddef45cffa5935d71f8c6,2026-08-12T00:10:05Z
bcra_profit_dividend_outflows_monthly,2022-06,monthly,0.344100,million_usd,official,bcra_fx_market_profit_dividends,https://www.bcra.gob.ar/archivos/Pdfs/PublicacionesEstadisticas/informes/anexo-estadistico-mercado-cambios-balance-cambiario.xlsx,fe060a737d9dbfbfafde7513c75213dd337c346d387ddef45cffa5935d71f8c6,2026-08-12T00:10:05Z
bcra_profit_dividend_outflows_monthly,2022-07,monthly,2.525900,million_usd,official,bcra_fx_market_profit_dividends,https://www.bcra.gob.ar/archivos/Pdfs/PublicacionesEstadisticas/informes/anexo-estadistico-mercado-cambios-balance-cambiario.xlsx,fe060a737d9dbfbfafde7513c75213dd337c346d387ddef45cffa5935d71f8c6,2026-08-12T00:10:05Z
bcra_profit_dividend_outflows_monthly,2022-08,monthly,0.405700,million_usd,official,bcra_fx_market_profit_dividends,https://www.bcra.gob.ar/archivos/Pdfs/PublicacionesEstadisticas/informes/anexo-estadistico-mercado-cambios-balance-cambiario.xlsx,fe060a737d9dbfbfafde7513c75213dd337c346d387ddef45cffa5935d71f8c6,2026-08-12T00:10:05Z
bcra_profit_dividend_outflows_monthly,2022-09,monthly,0.313800,million_usd,official,bcra_fx_market_profit_dividends,https://www.bcra.gob.ar/archivos/Pdfs/PublicacionesEstadisticas/informes/anexo-estadistico-mercado-cambios-balance-cambiario.xlsx,fe060a737d9dbfbfafde7513c75213dd337c346d387ddef45cffa5935d71f8c6,2026-08-12T00:10:05Z
bcra_profit_dividend_outflows_monthly,2022-10,monthly,1.000000,million_usd,official,bcra_fx_market_profit_dividends,https://www.bcra.gob.ar/archivos/Pdfs/PublicacionesEstadisticas/informes/anexo-estadistico-mercado-cambios-balance-cambiario.xlsx,fe060a737d9dbfbfafde7513c75213dd337c346d387ddef45cffa5935d71f8c6,2026-08-12T00:10:05Z
bcra_profit_dividend_outflows_monthly,2022-11,monthly,1.757300,million_usd,official,bcra_fx_market_profit_dividends,https://www.bcra.gob.ar/archivos/Pdfs/PublicacionesEstadisticas/informes/anexo-estadistico-mercado-cambios-balance-cambiario.xlsx,fe060a737d9dbfbfafde7513c75213dd337c346d387ddef45cffa5935d71f8c6,2026-08-12T00:10:05Z
bcra_profit_dividend_outflows_monthly,2022-12,monthly,21.923400,million_usd,official,bcra_fx_market_profit_dividends,https://www.bcra.gob.ar/archivos/Pdfs/PublicacionesEstadisticas/informes/anexo-estadistico-mercado-cambios-balance-cambiario.xlsx,fe060a737d9dbfbfafde7513c75213dd337c346d387ddef45cffa5935d71f8c6,2026-08-12T00:10:05Z
bcra_profit_dividend_outflows_monthly,2023-01,monthly,27.185000,million_usd,official,bcra_fx_market_profit_dividends,https://www.bcra.gob.ar/archivos/Pdfs/PublicacionesEstadisticas/informes/anexo-estadistico-mercado-cambios-balance-cambiario.xlsx,fe060a737d9dbfbfafde7513c75213dd337c346d387ddef45cffa5935d71f8c6,2026-08-12T00:10:05Z
bcra_profit_dividend_outflows_monthly,2023-02,monthly,17.033900,million_usd,official,bcra_fx_market_profit_dividends,https://www.bcra.gob.ar/archivos/Pdfs/PublicacionesEstadisticas/informes/anexo-estadistico-mercado-cambios-balance-cambiario.xlsx,fe060a737d9dbfbfafde7513c75213dd337c346d387ddef45cffa5935d71f8c6,2026-08-12T00:10:05Z
bcra_profit_dividend_outflows_monthly,2023-03,monthly,12.330300,million_usd,official,bcra_fx_market_profit_dividends,https://www.bcra.gob.ar/archivos/Pdfs/PublicacionesEstadisticas/informes/anexo-estadistico-mercado-cambios-balance-cambiario.xlsx,fe060a737d9dbfbfafde7513c75213dd337c346d387ddef45cffa5935d71f8c6,2026-08-12T00:10:05Z
bcra_profit_dividend_outflows_monthly,2023-04,monthly,0.000000,million_usd,official,bcra_fx_market_profit_dividends,https://www.bcra.gob.ar/archivos/Pdfs/PublicacionesEstadisticas/informes/anexo-estadistico-mercado-cambios-balance-cambiario.xlsx,fe060a737d9dbfbfafde7513c75213dd337c346d387ddef45cffa5935d71f8c6,2026-08-12T00:10:05Z
bcra_profit_dividend_outflows_monthly,2023-05,monthly,33.467900,million_usd,official,bcra_fx_market_profit_dividends,https://www.bcra.gob.ar/archivos/Pdfs/PublicacionesEstadisticas/informes/anexo-estadistico-mercado-cambios-balance-cambiario.xlsx,fe060a737d9dbfbfafde7513c75213dd337c346d387ddef45cffa5935d71f8c6,2026-08-12T00:10:05Z
bcra_profit_dividend_outflows_monthly,2023-06,monthly,17.000500,million_usd,official,bcra_fx_market_profit_dividends,https://www.bcra.gob.ar/archivos/Pdfs/PublicacionesEstadisticas/informes/anexo-estadistico-mercado-cambios-balance-cambiario.xlsx,fe060a737d9dbfbfafde7513c75213dd337c346d387ddef45cffa5935d71f8c6,2026-08-12T00:10:05Z
bcra_profit_dividend_outflows_monthly,2023-07,monthly,35.316700,million_usd,official,bcra_fx_market_profit_dividends,https://www.bcra.gob.ar/archivos/Pdfs/PublicacionesEstadisticas/informes/anexo-estadistico-mercado-cambios-balance-cambiario.xlsx,fe060a737d9dbfbfafde7513c75213dd337c346d387ddef45cffa5935d71f8c6,2026-08-12T00:10:05Z
bcra_profit_dividend_outflows_monthly,2023-08,monthly,0.000000,million_usd,official,bcra_fx_market_profit_dividends,https://www.bcra.gob.ar/archivos/Pdfs/PublicacionesEstadisticas/informes/anexo-estadistico-mercado-cambios-balance-cambiario.xlsx,fe060a737d9dbfbfafde7513c75213dd337c346d387ddef45cffa5935d71f8c6,2026-08-12T00:10:05Z
bcra_profit_dividend_outflows_monthly,2023-09,monthly,0.000000,million_usd,official,bcra_fx_market_profit_dividends,https://www.bcra.gob.ar/archivos/Pdfs/PublicacionesEstadisticas/informes/anexo-estadistico-mercado-cambios-balance-cambiario.xlsx,fe060a737d9dbfbfafde7513c75213dd337c346d387ddef45cffa5935d71f8c6,2026-08-12T00:10:05Z
bcra_profit_dividend_outflows_monthly,2023-10,monthly,0.000000,million_usd,official,bcra_fx_market_profit_dividends,https://www.bcra.gob.ar/archivos/Pdfs/PublicacionesEstadisticas/informes/anexo-estadistico-mercado-cambios-balance-cambiario.xlsx,fe060a737d9dbfbfafde7513c75213dd337c346d387ddef45cffa5935d71f8c6,2026-08-12T00:10:05Z
bcra_profit_dividend_outflows_monthly,2023-11,monthly,13.435700,million_usd,official,bcra_fx_market_profit_dividends,https://www.bcra.gob.ar/archivos/Pdfs/PublicacionesEstadisticas/informes/anexo-estadistico-mercado-cambios-balance-cambiario.xlsx,fe060a737d9dbfbfafde7513c75213dd337c346d387ddef45cffa5935d71f8c6,2026-08-12T00:10:05Z
bcra_profit_dividend_outflows_monthly,2023-12,monthly,0.000000,million_usd,official,bcra_fx_market_profit_dividends,https://www.bcra.gob.ar/archivos/Pdfs/PublicacionesEstadisticas/informes/anexo-estadistico-mercado-cambios-balance-cambiario.xlsx,fe060a737d9dbfbfafde7513c75213dd337c346d387ddef45cffa5935d71f8c6,2026-08-12T00:10:05Z
bcra_profit_dividend_outflows_monthly,2024-01,monthly,0.000000,million_usd,official,bcra_fx_market_profit_dividends,https://www.bcra.gob.ar/archivos/Pdfs/PublicacionesEstadisticas/informes/anexo-estadistico-mercado-cambios-balance-cambiario.xlsx,fe060a737d9dbfbfafde7513c75213dd337c346d387ddef45cffa5935d71f8c6,2026-08-12T00:10:05Z
bcra_profit_dividend_outflows_monthly,2024-02,monthly,0.000000,million_usd,official,bcra_fx_market_profit_dividends,https://www.bcra.gob.ar/archivos/Pdfs/PublicacionesEstadisticas/informes/anexo-estadistico-mercado-cambios-balance-cambiario.xlsx,fe060a737d9dbfbfafde7513c75213dd337c346d387ddef45cffa5935d71f8c6,2026-08-12T00:10:05Z
bcra_profit_dividend_outflows_monthly,2024-03,monthly,0.000000,million_usd,official,bcra_fx_market_profit_dividends,https://www.bcra.gob.ar/archivos/Pdfs/PublicacionesEstadisticas/informes/anexo-estadistico-mercado-cambios-balance-cambiario.xlsx,fe060a737d9dbfbfafde7513c75213dd337c346d387ddef45cffa5935d71f8c6,2026-08-12T00:10:05Z
bcra_profit_dividend_outflows_monthly,2024-04,monthly,0.000000,million_usd,official,bcra_fx_market_profit_dividends,https://www.bcra.gob.ar/archivos/Pdfs/PublicacionesEstadisticas/informes/anexo-estadistico-mercado-cambios-balance-cambiario.xlsx,fe060a737d9dbfbfafde7513c75213dd337c346d387ddef45cffa5935d71f8c6,2026-08-12T00:10:05Z
bcra_profit_dividend_outflows_monthly,2024-05,monthly,0.000000,million_usd,official,bcra_fx_market_profit_dividends,https://www.bcra.gob.ar/archivos/Pdfs/PublicacionesEstadisticas/informes/anexo-estadistico-mercado-cambios-balance-cambiario.xlsx,fe060a737d9dbfbfafde7513c75213dd337c346d387ddef45cffa5935d71f8c6,2026-08-12T00:10:05Z
bcra_profit_dividend_outflows_monthly,2024-06,monthly,96.883700,million_usd,official,bcra_fx_market_profit_dividends,https://www.bcra.gob.ar/archivos/Pdfs/PublicacionesEstadisticas/informes/anexo-estadistico-mercado-cambios-balance-cambiario.xlsx,fe060a737d9dbfbfafde7513c75213dd337c346d387ddef45cffa5935d71f8c6,2026-08-12T00:10:05Z
bcra_profit_dividend_outflows_monthly,2024-07,monthly,0.000000,million_usd,official,bcra_fx_market_profit_dividends,https://www.bcra.gob.ar/archivos/Pdfs/PublicacionesEstadisticas/informes/anexo-estadistico-mercado-cambios-balance-cambiario.xlsx,fe060a737d9dbfbfafde7513c75213dd337c346d387ddef45cffa5935d71f8c6,2026-08-12T00:10:05Z
bcra_profit_dividend_outflows_monthly,2024-08,monthly,0.000000,million_usd,official,bcra_fx_market_profit_dividends,https://www.bcra.gob.ar/archivos/Pdfs/PublicacionesEstadisticas/informes/anexo-estadistico-mercado-cambios-balance-cambiario.xlsx,fe060a737d9dbfbfafde7513c75213dd337c346d387ddef45cffa5935d71f8c6,2026-08-12T00:10:05Z
bcra_profit_dividend_outflows_monthly,2024-09,monthly,0.000000,million_usd,official,bcra_fx_market_profit_dividends,https://www.bcra.gob.ar/archivos/Pdfs/PublicacionesEstadisticas/informes/anexo-estadistico-mercado-cambios-balance-cambiario.xlsx,fe060a737d9dbfbfafde7513c75213dd337c346d387ddef45cffa5935d71f8c6,2026-08-12T00:10:05Z
bcra_profit_dividend_outflows_monthly,2024-10,monthly,0.180000,million_usd,official,bcra_fx_market_profit_dividends,https://www.bcra.gob.ar/archivos/Pdfs/PublicacionesEstadisticas/informes/anexo-estadistico-mercado-cambios-balance-cambiario.xlsx,fe060a737d9dbfbfafde7513c75213dd337c346d387ddef45cffa5935d71f8c6,2026-08-12T00:10:05Z
bcra_profit_dividend_outflows_monthly,2024-11,monthly,0.661200,million_usd,official,bcra_fx_market_profit_dividends,https://www.bcra.gob.ar/archivos/Pdfs/PublicacionesEstadisticas/informes/anexo-estadistico-mercado-cambios-balance-cambiario.xlsx,fe060a737d9dbfbfafde7513c75213dd337c346d387ddef45cffa5935d71f8c6,2026-08-12T00:10:05Z
bcra_profit_dividend_outflows_monthly,2024-12,monthly,0.500000,million_usd,official,bcra_fx_market_profit_dividends,https://www.bcra.gob.ar/archivos/Pdfs/PublicacionesEstadisticas/informes/anexo-estadistico-mercado-cambios-balance-cambiario.xlsx,fe060a737d9dbfbfafde7513c75213dd337c346d387ddef45cffa5935d71f8c6,2026-08-12T00:10:05Z
bcra_profit_dividend_outflows_monthly,2025-01,monthly,3.030700,million_usd,official,bcra_fx_market_profit_dividends,https://www.bcra.gob.ar/archivos/Pdfs/PublicacionesEstadisticas/informes/anexo-estadistico-mercado-cambios-balance-cambiario.xlsx,fe060a737d9dbfbfafde7513c75213dd337c346d387ddef45cffa5935d71f8c6,2026-08-12T00:10:05Z
bcra_profit_dividend_outflows_monthly,2025-02,monthly,1.447700,million_usd,official,bcra_fx_market_profit_dividends,https://www.bcra.gob.ar/archivos/Pdfs/PublicacionesEstadisticas/informes/anexo-estadistico-mercado-cambios-balance-cambiario.xlsx,fe060a737d9dbfbfafde7513c75213dd337c346d387ddef45cffa5935d71f8c6,2026-08-12T00:10:05Z
bcra_profit_dividend_outflows_monthly,2025-03,monthly,5.313600,million_usd,official,bcra_fx_market_profit_dividends,https://www.bcra.gob.ar/archivos/Pdfs/PublicacionesEstadisticas/informes/anexo-estadistico-mercado-cambios-balance-cambiario.xlsx,fe060a737d9dbfbfafde7513c75213dd337c346d387ddef45cffa5935d71f8c6,2026-08-12T00:10:05Z
bcra_profit_dividend_outflows_monthly,2025-04,monthly,1.495900,million_usd,official,bcra_fx_market_profit_dividends,https://www.bcra.gob.ar/archivos/Pdfs/PublicacionesEstadisticas/informes/anexo-estadistico-mercado-cambios-balance-cambiario.xlsx,fe060a737d9dbfbfafde7513c75213dd337c346d387ddef45cffa5935d71f8c6,2026-08-12T00:10:05Z
bcra_profit_dividend_outflows_monthly,2025-05,monthly,10.134200,million_usd,official,bcra_fx_market_profit_dividends,https://www.bcra.gob.ar/archivos/Pdfs/PublicacionesEstadisticas/informes/anexo-estadistico-mercado-cambios-balance-cambiario.xlsx,fe060a737d9dbfbfafde7513c75213dd337c346d387ddef45cffa5935d71f8c6,2026-08-12T00:10:05Z
bcra_profit_dividend_outflows_monthly,2025-06,monthly,1.726600,million_usd,official,bcra_fx_market_profit_dividends,https://www.bcra.gob.ar/archivos/Pdfs/PublicacionesEstadisticas/informes/anexo-estadistico-mercado-cambios-balance-cambiario.xlsx,fe060a737d9dbfbfafde7513c75213dd337c346d387ddef45cffa5935d71f8c6,2026-08-12T00:10:05Z
bcra_profit_dividend_outflows_monthly,2025-07,monthly,20.769500,million_usd,official,bcra_fx_market_profit_dividends,https://www.bcra.gob.ar/archivos/Pdfs/PublicacionesEstadisticas/informes/anexo-estadistico-mercado-cambios-balance-cambiario.xlsx,fe060a737d9dbfbfafde7513c75213dd337c346d387ddef45cffa5935d71f8c6,2026-08-12T00:10:05Z
bcra_profit_dividend_outflows_monthly,2025-08,monthly,5.000200,million_usd,official,bcra_fx_market_profit_dividends,https://www.bcra.gob.ar/archivos/Pdfs/PublicacionesEstadisticas/informes/anexo-estadistico-mercado-cambios-balance-cambiario.xlsx,fe060a737d9dbfbfafde7513c75213dd337c346d387ddef45cffa5935d71f8c6,2026-08-12T00:10:05Z
bcra_profit_dividend_outflows_monthly,2025-09,monthly,2.619300,million_usd,official,bcra_fx_market_profit_dividends,https://www.bcra.gob.ar/archivos/Pdfs/PublicacionesEstadisticas/informes/anexo-estadistico-mercado-cambios-balance-cambiario.xlsx,fe060a737d9dbfbfafde7513c75213dd337c346d387ddef45cffa5935d71f8c6,2026-08-12T00:10:05Z
bcra_profit_dividend_outflows_monthly,2025-10,monthly,0.074800,million_usd,official,bcra_fx_market_profit_dividends,https://www.bcra.gob.ar/archivos/Pdfs/PublicacionesEstadisticas/informes/anexo-estadistico-mercado-cambios-balance-cambiario.xlsx,fe060a737d9dbfbfafde7513c75213dd337c346d387ddef45cffa5935d71f8c6,2026-08-12T00:10:05Z
bcra_profit_dividend_outflows_monthly,2025-11,monthly,0.000000,million_usd,official,bcra_fx_market_profit_dividends,https://www.bcra.gob.ar/archivos/Pdfs/PublicacionesEstadisticas/informes/anexo-estadistico-mercado-cambios-balance-cambiario.xlsx,fe060a737d9dbfbfafde7513c75213dd337c346d387ddef45cffa5935d71f8c6,2026-08-12T00:10:05Z
bcra_profit_dividend_outflows_monthly,2025-12,monthly,225.094800,million_usd,official,bcra_fx_market_profit_dividends,https://www.bcra.gob.ar/archivos/Pdfs/PublicacionesEstadisticas/informes/anexo-estadistico-mercado-cambios-balance-cambiario.xlsx,fe060a737d9dbfbfafde7513c75213dd337c346d387ddef45cffa5935d71f8c6,2026-08-12T00:10:05Z
bcra_profit_dividend_outflows_monthly,2026-01,monthly,0.000000,million_usd,official,bcra_fx_market_profit_dividends,https://www.bcra.gob.ar/archivos/Pdfs/PublicacionesEstadisticas/informes/anexo-estadistico-mercado-cambios-balance-cambiario.xlsx,fe060a737d9dbfbfafde7513c75213dd337c346d387ddef45cffa5935d71f8c6,2026-08-12T00:10:05Z
bcra_profit_dividend_outflows_monthly,2026-02,monthly,87.429200,million_usd,official,bcra_fx_market_profit_dividends,https://www.bcra.gob.ar/archivos/Pdfs/PublicacionesEstadisticas/informes/anexo-estadistico-mercado-cambios-balance-cambiario.xlsx,fe060a737d9dbfbfafde7513c75213dd337c346d387ddef45cffa5935d71f8c6,2026-08-12T00:10:05Z
bcra_profit_dividend_outflows_monthly,2026-03,monthly,868.534500,million_usd,official,bcra_fx_market_profit_dividends,https://www.bcra.gob.ar/archivos/Pdfs/PublicacionesEstadisticas/informes/anexo-estadistico-mercado-cambios-balance-cambiario.xlsx,fe060a737d9dbfbfafde7513c75213dd337c346d387ddef45cffa5935d71f8c6,2026-08-12T00:10:05Z
bcra_profit_dividend_outflows_monthly,2026-04,monthly,365.340200,million_usd,official,bcra_fx_market_profit_dividends,https://www.bcra.gob.ar/archivos/Pdfs/PublicacionesEstadisticas/informes/anexo-estadistico-mercado-cambios-balance-cambiario.xlsx,fe060a737d9dbfbfafde7513c75213dd337c346d387ddef45cffa5935d71f8c6,2026-08-12T00:10:05Z
bcra_profit_dividend_outflows_monthly,2026-05,monthly,475.655800,million_usd,official,bcra_fx_market_profit_dividends,https://www.bcra.gob.ar/archivos/Pdfs/PublicacionesEstadisticas/informes/anexo-estadistico-mercado-cambios-balance-cambiario.xlsx,fe060a737d9dbfbfafde7513c75213dd337c346d387ddef45cffa5935d71f8c6,2026-08-12T00:10:05Z
bcra_profit_dividend_outflows_monthly,2026-06,monthly,1014.587200,million_usd,official,bcra_fx_market_profit_dividends,https://www.bcra.gob.ar/archivos/Pdfs/PublicacionesEstadisticas/informes/anexo-estadistico-mercado-cambios-balance-cambiario.xlsx,fe060a737d9dbfbfafde7513c75213dd337c346d387ddef45cffa5935d71f8c6,2026-08-12T00:10:05Z
