series_id,period,frequency,value,unit,status,source_id,source_url,source_sha256,retrieved_at
bcra_broad_financial_liabilities,2002-01,monthly,14702.857143,million_usd,calculated,bcra_daily_main_liabilities,https://www.bcra.gob.ar/archivos/Pdfs/PublicacionesEstadisticas/diar_bas.xls,d1b2fd8895bd8f3522301e4eee55f5be3cc413d87a66dc0803f14fae541ab32a,2026-08-12T00:11:03Z
bcra_broad_financial_liabilities,2002-02,monthly,10368.325581,million_usd,calculated,bcra_daily_main_liabilities,https://www.bcra.gob.ar/archivos/Pdfs/PublicacionesEstadisticas/diar_bas.xls,d1b2fd8895bd8f3522301e4eee55f5be3cc413d87a66dc0803f14fae541ab32a,2026-08-12T00:11:03Z
bcra_broad_financial_liabilities,2002-03,monthly,7220.619474,million_usd,calculated,bcra_daily_main_liabilities,https://www.bcra.gob.ar/archivos/Pdfs/PublicacionesEstadisticas/diar_bas.xls,d1b2fd8895bd8f3522301e4eee55f5be3cc413d87a66dc0803f14fae541ab32a,2026-08-12T00:11:03Z
bcra_broad_financial_liabilities,2002-04,monthly,7372.051430,million_usd,calculated,bcra_daily_main_liabilities,https://www.bcra.gob.ar/archivos/Pdfs/PublicacionesEstadisticas/diar_bas.xls,d1b2fd8895bd8f3522301e4eee55f5be3cc413d87a66dc0803f14fae541ab32a,2026-08-12T00:11:03Z
bcra_broad_financial_liabilities,2002-05,monthly,6047.124911,million_usd,calculated,bcra_daily_main_liabilities,https://www.bcra.gob.ar/archivos/Pdfs/PublicacionesEstadisticas/diar_bas.xls,d1b2fd8895bd8f3522301e4eee55f5be3cc413d87a66dc0803f14fae541ab32a,2026-08-12T00:11:03Z
bcra_broad_financial_liabilities,2002-06,monthly,5686.790657,million_usd,calculated,bcra_daily_main_liabilities,https://www.bcra.gob.ar/archivos/Pdfs/PublicacionesEstadisticas/diar_bas.xls,d1b2fd8895bd8f3522301e4eee55f5be3cc413d87a66dc0803f14fae541ab32a,2026-08-12T00:11:03Z
bcra_broad_financial_liabilities,2002-07,monthly,6068.028434,million_usd,calculated,bcra_daily_main_liabilities,https://www.bcra.gob.ar/archivos/Pdfs/PublicacionesEstadisticas/diar_bas.xls,d1b2fd8895bd8f3522301e4eee55f5be3cc413d87a66dc0803f14fae541ab32a,2026-08-12T00:11:03Z
bcra_broad_financial_liabilities,2002-08,monthly,6709.400158,million_usd,calculated,bcra_daily_main_liabilities,https://www.bcra.gob.ar/archivos/Pdfs/PublicacionesEstadisticas/diar_bas.xls,d1b2fd8895bd8f3522301e4eee55f5be3cc413d87a66dc0803f14fae541ab32a,2026-08-12T00:11:03Z
bcra_broad_financial_liabilities,2002-09,monthly,6860.232226,million_usd,calculated,bcra_daily_main_liabilities,https://www.bcra.gob.ar/archivos/Pdfs/PublicacionesEstadisticas/diar_bas.xls,d1b2fd8895bd8f3522301e4eee55f5be3cc413d87a66dc0803f14fae541ab32a,2026-08-12T00:11:03Z
bcra_broad_financial_liabilities,2002-10,monthly,7937.235640,million_usd,calculated,bcra_daily_main_liabilities,https://www.bcra.gob.ar/archivos/Pdfs/PublicacionesEstadisticas/diar_bas.xls,d1b2fd8895bd8f3522301e4eee55f5be3cc413d87a66dc0803f14fae541ab32a,2026-08-12T00:11:03Z
bcra_broad_financial_liabilities,2002-11,monthly,8587.204570,million_usd,calculated,bcra_daily_main_liabilities,https://www.bcra.gob.ar/archivos/Pdfs/PublicacionesEstadisticas/diar_bas.xls,d1b2fd8895bd8f3522301e4eee55f5be3cc413d87a66dc0803f14fae541ab32a,2026-08-12T00:11:03Z
bcra_broad_financial_liabilities,2002-12,monthly,9950.311816,million_usd,calculated,bcra_daily_main_liabilities,https://www.bcra.gob.ar/archivos/Pdfs/PublicacionesEstadisticas/diar_bas.xls,d1b2fd8895bd8f3522301e4eee55f5be3cc413d87a66dc0803f14fae541ab32a,2026-08-12T00:11:03Z
bcra_broad_financial_liabilities,2003-01,monthly,10688.716236,million_usd,calculated,bcra_daily_main_liabilities,https://www.bcra.gob.ar/archivos/Pdfs/PublicacionesEstadisticas/diar_bas.xls,d1b2fd8895bd8f3522301e4eee55f5be3cc413d87a66dc0803f14fae541ab32a,2026-08-12T00:11:03Z
bcra_broad_financial_liabilities,2003-02,monthly,11519.823116,million_usd,calculated,bcra_daily_main_liabilities,https://www.bcra.gob.ar/archivos/Pdfs/PublicacionesEstadisticas/diar_bas.xls,d1b2fd8895bd8f3522301e4eee55f5be3cc413d87a66dc0803f14fae541ab32a,2026-08-12T00:11:03Z
bcra_broad_financial_liabilities,2003-03,monthly,12844.441161,million_usd,calculated,bcra_daily_main_liabilities,https://www.bcra.gob.ar/archivos/Pdfs/PublicacionesEstadisticas/diar_bas.xls,d1b2fd8895bd8f3522301e4eee55f5be3cc413d87a66dc0803f14fae541ab32a,2026-08-12T00:11:03Z
bcra_broad_financial_liabilities,2003-04,monthly,13331.478012,million_usd,calculated,bcra_daily_main_liabilities,https://www.bcra.gob.ar/archivos/Pdfs/PublicacionesEstadisticas/diar_bas.xls,d1b2fd8895bd8f3522301e4eee55f5be3cc413d87a66dc0803f14fae541ab32a,2026-08-12T00:11:03Z
bcra_broad_financial_liabilities,2003-05,monthly,14649.947998,million_usd,calculated,bcra_daily_main_liabilities,https://www.bcra.gob.ar/archivos/Pdfs/PublicacionesEstadisticas/diar_bas.xls,d1b2fd8895bd8f3522301e4eee55f5be3cc413d87a66dc0803f14fae541ab32a,2026-08-12T00:11:03Z
bcra_broad_financial_liabilities,2003-06,monthly,16569.787567,million_usd,calculated,bcra_daily_main_liabilities,https://www.bcra.gob.ar/archivos/Pdfs/PublicacionesEstadisticas/diar_bas.xls,d1b2fd8895bd8f3522301e4eee55f5be3cc413d87a66dc0803f14fae541ab32a,2026-08-12T00:11:03Z
bcra_broad_financial_liabilities,2003-07,monthly,16715.029180,million_usd,calculated,bcra_daily_main_liabilities,https://www.bcra.gob.ar/archivos/Pdfs/PublicacionesEstadisticas/diar_bas.xls,d1b2fd8895bd8f3522301e4eee55f5be3cc413d87a66dc0803f14fae541ab32a,2026-08-12T00:11:03Z
bcra_broad_financial_liabilities,2003-08,monthly,17801.293769,million_usd,calculated,bcra_daily_main_liabilities,https://www.bcra.gob.ar/archivos/Pdfs/PublicacionesEstadisticas/diar_bas.xls,d1b2fd8895bd8f3522301e4eee55f5be3cc413d87a66dc0803f14fae541ab32a,2026-08-12T00:11:03Z
bcra_broad_financial_liabilities,2003-09,monthly,18358.911885,million_usd,calculated,bcra_daily_main_liabilities,https://www.bcra.gob.ar/archivos/Pdfs/PublicacionesEstadisticas/diar_bas.xls,d1b2fd8895bd8f3522301e4eee55f5be3cc413d87a66dc0803f14fae541ab32a,2026-08-12T00:11:03Z
bcra_broad_financial_liabilities,2003-10,monthly,18999.387748,million_usd,calculated,bcra_daily_main_liabilities,https://www.bcra.gob.ar/archivos/Pdfs/PublicacionesEstadisticas/diar_bas.xls,d1b2fd8895bd8f3522301e4eee55f5be3cc413d87a66dc0803f14fae541ab32a,2026-08-12T00:11:03Z
bcra_broad_financial_liabilities,2003-11,monthly,19021.514599,million_usd,calculated,bcra_daily_main_liabilities,https://www.bcra.gob.ar/archivos/Pdfs/PublicacionesEstadisticas/diar_bas.xls,d1b2fd8895bd8f3522301e4eee55f5be3cc413d87a66dc0803f14fae541ab32a,2026-08-12T00:11:03Z
bcra_broad_financial_liabilities,2003-12,monthly,20242.959227,million_usd,calculated,bcra_daily_main_liabilities,https://www.bcra.gob.ar/archivos/Pdfs/PublicacionesEstadisticas/diar_bas.xls,d1b2fd8895bd8f3522301e4eee55f5be3cc413d87a66dc0803f14fae541ab32a,2026-08-12T00:11:03Z
bcra_broad_financial_liabilities,2004-01,monthly,21332.235013,million_usd,calculated,bcra_daily_main_liabilities,https://www.bcra.gob.ar/archivos/Pdfs/PublicacionesEstadisticas/diar_bas.xls,d1b2fd8895bd8f3522301e4eee55f5be3cc413d87a66dc0803f14fae541ab32a,2026-08-12T00:11:03Z
bcra_broad_financial_liabilities,2004-02,monthly,21418.932892,million_usd,calculated,bcra_daily_main_liabilities,https://www.bcra.gob.ar/archivos/Pdfs/PublicacionesEstadisticas/diar_bas.xls,d1b2fd8895bd8f3522301e4eee55f5be3cc413d87a66dc0803f14fae541ab32a,2026-08-12T00:11:03Z
bcra_broad_financial_liabilities,2004-03,monthly,22021.139066,million_usd,calculated,bcra_daily_main_liabilities,https://www.bcra.gob.ar/archivos/Pdfs/PublicacionesEstadisticas/diar_bas.xls,d1b2fd8895bd8f3522301e4eee55f5be3cc413d87a66dc0803f14fae541ab32a,2026-08-12T00:11:03Z
bcra_broad_financial_liabilities,2004-04,monthly,22979.583471,million_usd,calculated,bcra_daily_main_liabilities,https://www.bcra.gob.ar/archivos/Pdfs/PublicacionesEstadisticas/diar_bas.xls,d1b2fd8895bd8f3522301e4eee55f5be3cc413d87a66dc0803f14fae541ab32a,2026-08-12T00:11:03Z
bcra_broad_financial_liabilities,2004-05,monthly,22934.222804,million_usd,calculated,bcra_daily_main_liabilities,https://www.bcra.gob.ar/archivos/Pdfs/PublicacionesEstadisticas/diar_bas.xls,d1b2fd8895bd8f3522301e4eee55f5be3cc413d87a66dc0803f14fae541ab32a,2026-08-12T00:11:03Z
bcra_broad_financial_liabilities,2004-06,monthly,24120.660881,million_usd,calculated,bcra_daily_main_liabilities,https://www.bcra.gob.ar/archivos/Pdfs/PublicacionesEstadisticas/diar_bas.xls,d1b2fd8895bd8f3522301e4eee55f5be3cc413d87a66dc0803f14fae541ab32a,2026-08-12T00:11:03Z
bcra_broad_financial_liabilities,2004-07,monthly,24513.430854,million_usd,calculated,bcra_daily_main_liabilities,https://www.bcra.gob.ar/archivos/Pdfs/PublicacionesEstadisticas/diar_bas.xls,d1b2fd8895bd8f3522301e4eee55f5be3cc413d87a66dc0803f14fae541ab32a,2026-08-12T00:11:03Z
bcra_broad_financial_liabilities,2004-08,monthly,24506.112186,million_usd,calculated,bcra_daily_main_liabilities,https://www.bcra.gob.ar/archivos/Pdfs/PublicacionesEstadisticas/diar_bas.xls,d1b2fd8895bd8f3522301e4eee55f5be3cc413d87a66dc0803f14fae541ab32a,2026-08-12T00:11:03Z
bcra_broad_financial_liabilities,2004-09,monthly,24952.002319,million_usd,calculated,bcra_daily_main_liabilities,https://www.bcra.gob.ar/archivos/Pdfs/PublicacionesEstadisticas/diar_bas.xls,d1b2fd8895bd8f3522301e4eee55f5be3cc413d87a66dc0803f14fae541ab32a,2026-08-12T00:11:03Z
bcra_broad_financial_liabilities,2004-10,monthly,25635.030864,million_usd,calculated,bcra_daily_main_liabilities,https://www.bcra.gob.ar/archivos/Pdfs/PublicacionesEstadisticas/diar_bas.xls,d1b2fd8895bd8f3522301e4eee55f5be3cc413d87a66dc0803f14fae541ab32a,2026-08-12T00:11:03Z
bcra_broad_financial_liabilities,2004-11,monthly,26135.839850,million_usd,calculated,bcra_daily_main_liabilities,https://www.bcra.gob.ar/archivos/Pdfs/PublicacionesEstadisticas/diar_bas.xls,d1b2fd8895bd8f3522301e4eee55f5be3cc413d87a66dc0803f14fae541ab32a,2026-08-12T00:11:03Z
bcra_broad_financial_liabilities,2004-12,monthly,27199.773512,million_usd,calculated,bcra_daily_main_liabilities,https://www.bcra.gob.ar/archivos/Pdfs/PublicacionesEstadisticas/diar_bas.xls,d1b2fd8895bd8f3522301e4eee55f5be3cc413d87a66dc0803f14fae541ab32a,2026-08-12T00:11:03Z
bcra_broad_financial_liabilities,2005-01,monthly,27944.607795,million_usd,calculated,bcra_daily_main_liabilities,https://www.bcra.gob.ar/archivos/Pdfs/PublicacionesEstadisticas/diar_bas.xls,d1b2fd8895bd8f3522301e4eee55f5be3cc413d87a66dc0803f14fae541ab32a,2026-08-12T00:11:03Z
bcra_broad_financial_liabilities,2005-02,monthly,27851.479262,million_usd,calculated,bcra_daily_main_liabilities,https://www.bcra.gob.ar/archivos/Pdfs/PublicacionesEstadisticas/diar_bas.xls,d1b2fd8895bd8f3522301e4eee55f5be3cc413d87a66dc0803f14fae541ab32a,2026-08-12T00:11:03Z
bcra_broad_financial_liabilities,2005-03,monthly,27159.272014,million_usd,calculated,bcra_daily_main_liabilities,https://www.bcra.gob.ar/archivos/Pdfs/PublicacionesEstadisticas/diar_bas.xls,d1b2fd8895bd8f3522301e4eee55f5be3cc413d87a66dc0803f14fae541ab32a,2026-08-12T00:11:03Z
bcra_broad_financial_liabilities,2005-04,monthly,28096.466939,million_usd,calculated,bcra_daily_main_liabilities,https://www.bcra.gob.ar/archivos/Pdfs/PublicacionesEstadisticas/diar_bas.xls,d1b2fd8895bd8f3522301e4eee55f5be3cc413d87a66dc0803f14fae541ab32a,2026-08-12T00:11:03Z
bcra_broad_financial_liabilities,2005-05,monthly,28775.902053,million_usd,calculated,bcra_daily_main_liabilities,https://www.bcra.gob.ar/archivos/Pdfs/PublicacionesEstadisticas/diar_bas.xls,d1b2fd8895bd8f3522301e4eee55f5be3cc413d87a66dc0803f14fae541ab32a,2026-08-12T00:11:03Z
bcra_broad_financial_liabilities,2005-06,monthly,30030.145289,million_usd,calculated,bcra_daily_main_liabilities,https://www.bcra.gob.ar/archivos/Pdfs/PublicacionesEstadisticas/diar_bas.xls,d1b2fd8895bd8f3522301e4eee55f5be3cc413d87a66dc0803f14fae541ab32a,2026-08-12T00:11:03Z
bcra_broad_financial_liabilities,2005-07,monthly,32867.682604,million_usd,calculated,bcra_daily_main_liabilities,https://www.bcra.gob.ar/archivos/Pdfs/PublicacionesEstadisticas/diar_bas.xls,d1b2fd8895bd8f3522301e4eee55f5be3cc413d87a66dc0803f14fae541ab32a,2026-08-12T00:11:03Z
bcra_broad_financial_liabilities,2005-08,monthly,32132.888996,million_usd,calculated,bcra_daily_main_liabilities,https://www.bcra.gob.ar/archivos/Pdfs/PublicacionesEstadisticas/diar_bas.xls,d1b2fd8895bd8f3522301e4eee55f5be3cc413d87a66dc0803f14fae541ab32a,2026-08-12T00:11:03Z
bcra_broad_financial_liabilities,2005-09,monthly,31981.279576,million_usd,calculated,bcra_daily_main_liabilities,https://www.bcra.gob.ar/archivos/Pdfs/PublicacionesEstadisticas/diar_bas.xls,d1b2fd8895bd8f3522301e4eee55f5be3cc413d87a66dc0803f14fae541ab32a,2026-08-12T00:11:03Z
bcra_broad_financial_liabilities,2005-10,monthly,31813.891554,million_usd,calculated,bcra_daily_main_liabilities,https://www.bcra.gob.ar/archivos/Pdfs/PublicacionesEstadisticas/diar_bas.xls,d1b2fd8895bd8f3522301e4eee55f5be3cc413d87a66dc0803f14fae541ab32a,2026-08-12T00:11:03Z
bcra_broad_financial_liabilities,2005-11,monthly,31376.953776,million_usd,calculated,bcra_daily_main_liabilities,https://www.bcra.gob.ar/archivos/Pdfs/PublicacionesEstadisticas/diar_bas.xls,d1b2fd8895bd8f3522301e4eee55f5be3cc413d87a66dc0803f14fae541ab32a,2026-08-12T00:11:03Z
bcra_broad_financial_liabilities,2005-12,monthly,31949.276886,million_usd,calculated,bcra_daily_main_liabilities,https://www.bcra.gob.ar/archivos/Pdfs/PublicacionesEstadisticas/diar_bas.xls,d1b2fd8895bd8f3522301e4eee55f5be3cc413d87a66dc0803f14fae541ab32a,2026-08-12T00:11:03Z
bcra_broad_financial_liabilities,2006-01,monthly,32446.815028,million_usd,calculated,bcra_daily_main_liabilities,https://www.bcra.gob.ar/archivos/Pdfs/PublicacionesEstadisticas/diar_bas.xls,d1b2fd8895bd8f3522301e4eee55f5be3cc413d87a66dc0803f14fae541ab32a,2026-08-12T00:11:03Z
bcra_broad_financial_liabilities,2006-02,monthly,32169.051312,million_usd,calculated,bcra_daily_main_liabilities,https://www.bcra.gob.ar/archivos/Pdfs/PublicacionesEstadisticas/diar_bas.xls,d1b2fd8895bd8f3522301e4eee55f5be3cc413d87a66dc0803f14fae541ab32a,2026-08-12T00:11:03Z
bcra_broad_financial_liabilities,2006-03,monthly,32763.780114,million_usd,calculated,bcra_daily_main_liabilities,https://www.bcra.gob.ar/archivos/Pdfs/PublicacionesEstadisticas/diar_bas.xls,d1b2fd8895bd8f3522301e4eee55f5be3cc413d87a66dc0803f14fae541ab32a,2026-08-12T00:11:03Z
bcra_broad_financial_liabilities,2006-04,monthly,34088.160456,million_usd,calculated,bcra_daily_main_liabilities,https://www.bcra.gob.ar/archivos/Pdfs/PublicacionesEstadisticas/diar_bas.xls,d1b2fd8895bd8f3522301e4eee55f5be3cc413d87a66dc0803f14fae541ab32a,2026-08-12T00:11:03Z
bcra_broad_financial_liabilities,2006-05,monthly,35225.848768,million_usd,calculated,bcra_daily_main_liabilities,https://www.bcra.gob.ar/archivos/Pdfs/PublicacionesEstadisticas/diar_bas.xls,d1b2fd8895bd8f3522301e4eee55f5be3cc413d87a66dc0803f14fae541ab32a,2026-08-12T00:11:03Z
bcra_broad_financial_liabilities,2006-06,monthly,36272.150389,million_usd,calculated,bcra_daily_main_liabilities,https://www.bcra.gob.ar/archivos/Pdfs/PublicacionesEstadisticas/diar_bas.xls,d1b2fd8895bd8f3522301e4eee55f5be3cc413d87a66dc0803f14fae541ab32a,2026-08-12T00:11:03Z
bcra_broad_financial_liabilities,2006-07,monthly,36911.232752,million_usd,calculated,bcra_daily_main_liabilities,https://www.bcra.gob.ar/archivos/Pdfs/PublicacionesEstadisticas/diar_bas.xls,d1b2fd8895bd8f3522301e4eee55f5be3cc413d87a66dc0803f14fae541ab32a,2026-08-12T00:11:03Z
bcra_broad_financial_liabilities,2006-08,monthly,37507.907812,million_usd,calculated,bcra_daily_main_liabilities,https://www.bcra.gob.ar/archivos/Pdfs/PublicacionesEstadisticas/diar_bas.xls,d1b2fd8895bd8f3522301e4eee55f5be3cc413d87a66dc0803f14fae541ab32a,2026-08-12T00:11:03Z
bcra_broad_financial_liabilities,2006-09,monthly,38157.405101,million_usd,calculated,bcra_daily_main_liabilities,https://www.bcra.gob.ar/archivos/Pdfs/PublicacionesEstadisticas/diar_bas.xls,d1b2fd8895bd8f3522301e4eee55f5be3cc413d87a66dc0803f14fae541ab32a,2026-08-12T00:11:03Z
bcra_broad_financial_liabilities,2006-10,monthly,39572.411262,million_usd,calculated,bcra_daily_main_liabilities,https://www.bcra.gob.ar/archivos/Pdfs/PublicacionesEstadisticas/diar_bas.xls,d1b2fd8895bd8f3522301e4eee55f5be3cc413d87a66dc0803f14fae541ab32a,2026-08-12T00:11:03Z
bcra_broad_financial_liabilities,2006-11,monthly,40956.371305,million_usd,calculated,bcra_daily_main_liabilities,https://www.bcra.gob.ar/archivos/Pdfs/PublicacionesEstadisticas/diar_bas.xls,d1b2fd8895bd8f3522301e4eee55f5be3cc413d87a66dc0803f14fae541ab32a,2026-08-12T00:11:03Z
bcra_broad_financial_liabilities,2006-12,monthly,43429.568174,million_usd,calculated,bcra_daily_main_liabilities,https://www.bcra.gob.ar/archivos/Pdfs/PublicacionesEstadisticas/diar_bas.xls,d1b2fd8895bd8f3522301e4eee55f5be3cc413d87a66dc0803f14fae541ab32a,2026-08-12T00:11:03Z
bcra_broad_financial_liabilities,2007-01,monthly,43513.354103,million_usd,calculated,bcra_daily_main_liabilities,https://www.bcra.gob.ar/archivos/Pdfs/PublicacionesEstadisticas/diar_bas.xls,d1b2fd8895bd8f3522301e4eee55f5be3cc413d87a66dc0803f14fae541ab32a,2026-08-12T00:11:03Z
bcra_broad_financial_liabilities,2007-02,monthly,45534.950215,million_usd,calculated,bcra_daily_main_liabilities,https://www.bcra.gob.ar/archivos/Pdfs/PublicacionesEstadisticas/diar_bas.xls,d1b2fd8895bd8f3522301e4eee55f5be3cc413d87a66dc0803f14fae541ab32a,2026-08-12T00:11:03Z
bcra_broad_financial_liabilities,2007-03,monthly,47123.570207,million_usd,calculated,bcra_daily_main_liabilities,https://www.bcra.gob.ar/archivos/Pdfs/PublicacionesEstadisticas/diar_bas.xls,d1b2fd8895bd8f3522301e4eee55f5be3cc413d87a66dc0803f14fae541ab32a,2026-08-12T00:11:03Z
bcra_broad_financial_liabilities,2007-04,monthly,49108.600620,million_usd,calculated,bcra_daily_main_liabilities,https://www.bcra.gob.ar/archivos/Pdfs/PublicacionesEstadisticas/diar_bas.xls,d1b2fd8895bd8f3522301e4eee55f5be3cc413d87a66dc0803f14fae541ab32a,2026-08-12T00:11:03Z
bcra_broad_financial_liabilities,2007-05,monthly,50852.817535,million_usd,calculated,bcra_daily_main_liabilities,https://www.bcra.gob.ar/archivos/Pdfs/PublicacionesEstadisticas/diar_bas.xls,d1b2fd8895bd8f3522301e4eee55f5be3cc413d87a66dc0803f14fae541ab32a,2026-08-12T00:11:03Z
bcra_broad_financial_liabilities,2007-06,monthly,52707.871020,million_usd,calculated,bcra_daily_main_liabilities,https://www.bcra.gob.ar/archivos/Pdfs/PublicacionesEstadisticas/diar_bas.xls,d1b2fd8895bd8f3522301e4eee55f5be3cc413d87a66dc0803f14fae541ab32a,2026-08-12T00:11:03Z
bcra_broad_financial_liabilities,2007-07,monthly,52774.671507,million_usd,calculated,bcra_daily_main_liabilities,https://www.bcra.gob.ar/archivos/Pdfs/PublicacionesEstadisticas/diar_bas.xls,d1b2fd8895bd8f3522301e4eee55f5be3cc413d87a66dc0803f14fae541ab32a,2026-08-12T00:11:03Z
bcra_broad_financial_liabilities,2007-08,monthly,50409.971436,million_usd,calculated,bcra_daily_main_liabilities,https://www.bcra.gob.ar/archivos/Pdfs/PublicacionesEstadisticas/diar_bas.xls,d1b2fd8895bd8f3522301e4eee55f5be3cc413d87a66dc0803f14fae541ab32a,2026-08-12T00:11:03Z
bcra_broad_financial_liabilities,2007-09,monthly,50080.592987,million_usd,calculated,bcra_daily_main_liabilities,https://www.bcra.gob.ar/archivos/Pdfs/PublicacionesEstadisticas/diar_bas.xls,d1b2fd8895bd8f3522301e4eee55f5be3cc413d87a66dc0803f14fae541ab32a,2026-08-12T00:11:03Z
bcra_broad_financial_liabilities,2007-10,monthly,49205.276958,million_usd,calculated,bcra_daily_main_liabilities,https://www.bcra.gob.ar/archivos/Pdfs/PublicacionesEstadisticas/diar_bas.xls,d1b2fd8895bd8f3522301e4eee55f5be3cc413d87a66dc0803f14fae541ab32a,2026-08-12T00:11:03Z
bcra_broad_financial_liabilities,2007-11,monthly,50722.318691,million_usd,calculated,bcra_daily_main_liabilities,https://www.bcra.gob.ar/archivos/Pdfs/PublicacionesEstadisticas/diar_bas.xls,d1b2fd8895bd8f3522301e4eee55f5be3cc413d87a66dc0803f14fae541ab32a,2026-08-12T00:11:03Z
bcra_broad_financial_liabilities,2007-12,monthly,52779.013828,million_usd,calculated,bcra_daily_main_liabilities,https://www.bcra.gob.ar/archivos/Pdfs/PublicacionesEstadisticas/diar_bas.xls,d1b2fd8895bd8f3522301e4eee55f5be3cc413d87a66dc0803f14fae541ab32a,2026-08-12T00:11:03Z
bcra_broad_financial_liabilities,2008-01,monthly,54401.199638,million_usd,calculated,bcra_daily_main_liabilities,https://www.bcra.gob.ar/archivos/Pdfs/PublicacionesEstadisticas/diar_bas.xls,d1b2fd8895bd8f3522301e4eee55f5be3cc413d87a66dc0803f14fae541ab32a,2026-08-12T00:11:03Z
bcra_broad_financial_liabilities,2008-02,monthly,55282.681865,million_usd,calculated,bcra_daily_main_liabilities,https://www.bcra.gob.ar/archivos/Pdfs/PublicacionesEstadisticas/diar_bas.xls,d1b2fd8895bd8f3522301e4eee55f5be3cc413d87a66dc0803f14fae541ab32a,2026-08-12T00:11:03Z
bcra_broad_financial_liabilities,2008-03,monthly,56144.420550,million_usd,calculated,bcra_daily_main_liabilities,https://www.bcra.gob.ar/archivos/Pdfs/PublicacionesEstadisticas/diar_bas.xls,d1b2fd8895bd8f3522301e4eee55f5be3cc413d87a66dc0803f14fae541ab32a,2026-08-12T00:11:03Z
bcra_broad_financial_liabilities,2008-04,monthly,55642.683472,million_usd,calculated,bcra_daily_main_liabilities,https://www.bcra.gob.ar/archivos/Pdfs/PublicacionesEstadisticas/diar_bas.xls,d1b2fd8895bd8f3522301e4eee55f5be3cc413d87a66dc0803f14fae541ab32a,2026-08-12T00:11:03Z
bcra_broad_financial_liabilities,2008-05,monthly,55973.397994,million_usd,calculated,bcra_daily_main_liabilities,https://www.bcra.gob.ar/archivos/Pdfs/PublicacionesEstadisticas/diar_bas.xls,d1b2fd8895bd8f3522301e4eee55f5be3cc413d87a66dc0803f14fae541ab32a,2026-08-12T00:11:03Z
bcra_broad_financial_liabilities,2008-06,monthly,57302.243881,million_usd,calculated,bcra_daily_main_liabilities,https://www.bcra.gob.ar/archivos/Pdfs/PublicacionesEstadisticas/diar_bas.xls,d1b2fd8895bd8f3522301e4eee55f5be3cc413d87a66dc0803f14fae541ab32a,2026-08-12T00:11:03Z
bcra_broad_financial_liabilities,2008-07,monthly,58465.392002,million_usd,calculated,bcra_daily_main_liabilities,https://www.bcra.gob.ar/archivos/Pdfs/PublicacionesEstadisticas/diar_bas.xls,d1b2fd8895bd8f3522301e4eee55f5be3cc413d87a66dc0803f14fae541ab32a,2026-08-12T00:11:03Z
bcra_broad_financial_liabilities,2008-08,monthly,58127.235957,million_usd,calculated,bcra_daily_main_liabilities,https://www.bcra.gob.ar/archivos/Pdfs/PublicacionesEstadisticas/diar_bas.xls,d1b2fd8895bd8f3522301e4eee55f5be3cc413d87a66dc0803f14fae541ab32a,2026-08-12T00:11:03Z
bcra_broad_financial_liabilities,2008-09,monthly,56163.593414,million_usd,calculated,bcra_daily_main_liabilities,https://www.bcra.gob.ar/archivos/Pdfs/PublicacionesEstadisticas/diar_bas.xls,d1b2fd8895bd8f3522301e4eee55f5be3cc413d87a66dc0803f14fae541ab32a,2026-08-12T00:11:03Z
bcra_broad_financial_liabilities,2008-10,monthly,49936.832325,million_usd,calculated,bcra_daily_main_liabilities,https://www.bcra.gob.ar/archivos/Pdfs/PublicacionesEstadisticas/diar_bas.xls,d1b2fd8895bd8f3522301e4eee55f5be3cc413d87a66dc0803f14fae541ab32a,2026-08-12T00:11:03Z
bcra_broad_financial_liabilities,2008-11,monthly,51215.238016,million_usd,calculated,bcra_daily_main_liabilities,https://www.bcra.gob.ar/archivos/Pdfs/PublicacionesEstadisticas/diar_bas.xls,d1b2fd8895bd8f3522301e4eee55f5be3cc413d87a66dc0803f14fae541ab32a,2026-08-12T00:11:03Z
bcra_broad_financial_liabilities,2008-12,monthly,52406.663345,million_usd,calculated,bcra_daily_main_liabilities,https://www.bcra.gob.ar/archivos/Pdfs/PublicacionesEstadisticas/diar_bas.xls,d1b2fd8895bd8f3522301e4eee55f5be3cc413d87a66dc0803f14fae541ab32a,2026-08-12T00:11:03Z
bcra_broad_financial_liabilities,2009-01,monthly,51407.578470,million_usd,calculated,bcra_daily_main_liabilities,https://www.bcra.gob.ar/archivos/Pdfs/PublicacionesEstadisticas/diar_bas.xls,d1b2fd8895bd8f3522301e4eee55f5be3cc413d87a66dc0803f14fae541ab32a,2026-08-12T00:11:03Z
bcra_broad_financial_liabilities,2009-02,monthly,49413.758421,million_usd,calculated,bcra_daily_main_liabilities,https://www.bcra.gob.ar/archivos/Pdfs/PublicacionesEstadisticas/diar_bas.xls,d1b2fd8895bd8f3522301e4eee55f5be3cc413d87a66dc0803f14fae541ab32a,2026-08-12T00:11:03Z
bcra_broad_financial_liabilities,2009-03,monthly,46961.550795,million_usd,calculated,bcra_daily_main_liabilities,https://www.bcra.gob.ar/archivos/Pdfs/PublicacionesEstadisticas/diar_bas.xls,d1b2fd8895bd8f3522301e4eee55f5be3cc413d87a66dc0803f14fae541ab32a,2026-08-12T00:11:03Z
bcra_broad_financial_liabilities,2009-04,monthly,48073.013117,million_usd,calculated,bcra_daily_main_liabilities,https://www.bcra.gob.ar/archivos/Pdfs/PublicacionesEstadisticas/diar_bas.xls,d1b2fd8895bd8f3522301e4eee55f5be3cc413d87a66dc0803f14fae541ab32a,2026-08-12T00:11:03Z
bcra_broad_financial_liabilities,2009-05,monthly,48967.567653,million_usd,calculated,bcra_daily_main_liabilities,https://www.bcra.gob.ar/archivos/Pdfs/PublicacionesEstadisticas/diar_bas.xls,d1b2fd8895bd8f3522301e4eee55f5be3cc413d87a66dc0803f14fae541ab32a,2026-08-12T00:11:03Z
bcra_broad_financial_liabilities,2009-06,monthly,49141.570083,million_usd,calculated,bcra_daily_main_liabilities,https://www.bcra.gob.ar/archivos/Pdfs/PublicacionesEstadisticas/diar_bas.xls,d1b2fd8895bd8f3522301e4eee55f5be3cc413d87a66dc0803f14fae541ab32a,2026-08-12T00:11:03Z
bcra_broad_financial_liabilities,2009-07,monthly,49028.864611,million_usd,calculated,bcra_daily_main_liabilities,https://www.bcra.gob.ar/archivos/Pdfs/PublicacionesEstadisticas/diar_bas.xls,d1b2fd8895bd8f3522301e4eee55f5be3cc413d87a66dc0803f14fae541ab32a,2026-08-12T00:11:03Z
bcra_broad_financial_liabilities,2009-08,monthly,50412.005087,million_usd,calculated,bcra_daily_main_liabilities,https://www.bcra.gob.ar/archivos/Pdfs/PublicacionesEstadisticas/diar_bas.xls,d1b2fd8895bd8f3522301e4eee55f5be3cc413d87a66dc0803f14fae541ab32a,2026-08-12T00:11:03Z
bcra_broad_financial_liabilities,2009-09,monthly,51522.341108,million_usd,calculated,bcra_daily_main_liabilities,https://www.bcra.gob.ar/archivos/Pdfs/PublicacionesEstadisticas/diar_bas.xls,d1b2fd8895bd8f3522301e4eee55f5be3cc413d87a66dc0803f14fae541ab32a,2026-08-12T00:11:03Z
bcra_broad_financial_liabilities,2009-10,monthly,52322.078542,million_usd,calculated,bcra_daily_main_liabilities,https://www.bcra.gob.ar/archivos/Pdfs/PublicacionesEstadisticas/diar_bas.xls,d1b2fd8895bd8f3522301e4eee55f5be3cc413d87a66dc0803f14fae541ab32a,2026-08-12T00:11:03Z
bcra_broad_financial_liabilities,2009-11,monthly,55037.378267,million_usd,calculated,bcra_daily_main_liabilities,https://www.bcra.gob.ar/archivos/Pdfs/PublicacionesEstadisticas/diar_bas.xls,d1b2fd8895bd8f3522301e4eee55f5be3cc413d87a66dc0803f14fae541ab32a,2026-08-12T00:11:03Z
bcra_broad_financial_liabilities,2009-12,monthly,53816.754847,million_usd,calculated,bcra_daily_main_liabilities,https://www.bcra.gob.ar/archivos/Pdfs/PublicacionesEstadisticas/diar_bas.xls,d1b2fd8895bd8f3522301e4eee55f5be3cc413d87a66dc0803f14fae541ab32a,2026-08-12T00:11:03Z
bcra_broad_financial_liabilities,2010-01,monthly,54740.069249,million_usd,calculated,bcra_daily_main_liabilities,https://www.bcra.gob.ar/archivos/Pdfs/PublicacionesEstadisticas/diar_bas.xls,d1b2fd8895bd8f3522301e4eee55f5be3cc413d87a66dc0803f14fae541ab32a,2026-08-12T00:11:03Z
bcra_broad_financial_liabilities,2010-02,monthly,53871.534214,million_usd,calculated,bcra_daily_main_liabilities,https://www.bcra.gob.ar/archivos/Pdfs/PublicacionesEstadisticas/diar_bas.xls,d1b2fd8895bd8f3522301e4eee55f5be3cc413d87a66dc0803f14fae541ab32a,2026-08-12T00:11:03Z
bcra_broad_financial_liabilities,2010-03,monthly,59945.946754,million_usd,calculated,bcra_daily_main_liabilities,https://www.bcra.gob.ar/archivos/Pdfs/PublicacionesEstadisticas/diar_bas.xls,d1b2fd8895bd8f3522301e4eee55f5be3cc413d87a66dc0803f14fae541ab32a,2026-08-12T00:11:03Z
bcra_broad_financial_liabilities,2010-04,monthly,62077.216674,million_usd,calculated,bcra_daily_main_liabilities,https://www.bcra.gob.ar/archivos/Pdfs/PublicacionesEstadisticas/diar_bas.xls,d1b2fd8895bd8f3522301e4eee55f5be3cc413d87a66dc0803f14fae541ab32a,2026-08-12T00:11:03Z
bcra_broad_financial_liabilities,2010-05,monthly,63141.550788,million_usd,calculated,bcra_daily_main_liabilities,https://www.bcra.gob.ar/archivos/Pdfs/PublicacionesEstadisticas/diar_bas.xls,d1b2fd8895bd8f3522301e4eee55f5be3cc413d87a66dc0803f14fae541ab32a,2026-08-12T00:11:03Z
bcra_broad_financial_liabilities,2010-06,monthly,63897.201360,million_usd,calculated,bcra_daily_main_liabilities,https://www.bcra.gob.ar/archivos/Pdfs/PublicacionesEstadisticas/diar_bas.xls,d1b2fd8895bd8f3522301e4eee55f5be3cc413d87a66dc0803f14fae541ab32a,2026-08-12T00:11:03Z
bcra_broad_financial_liabilities,2010-07,monthly,66071.221089,million_usd,calculated,bcra_daily_main_liabilities,https://www.bcra.gob.ar/archivos/Pdfs/PublicacionesEstadisticas/diar_bas.xls,d1b2fd8895bd8f3522301e4eee55f5be3cc413d87a66dc0803f14fae541ab32a,2026-08-12T00:11:03Z
bcra_broad_financial_liabilities,2010-08,monthly,65544.244713,million_usd,calculated,bcra_daily_main_liabilities,https://www.bcra.gob.ar/archivos/Pdfs/PublicacionesEstadisticas/diar_bas.xls,d1b2fd8895bd8f3522301e4eee55f5be3cc413d87a66dc0803f14fae541ab32a,2026-08-12T00:11:03Z
bcra_broad_financial_liabilities,2010-09,monthly,66967.018249,million_usd,calculated,bcra_daily_main_liabilities,https://www.bcra.gob.ar/archivos/Pdfs/PublicacionesEstadisticas/diar_bas.xls,d1b2fd8895bd8f3522301e4eee55f5be3cc413d87a66dc0803f14fae541ab32a,2026-08-12T00:11:03Z
bcra_broad_financial_liabilities,2010-10,monthly,69984.556532,million_usd,calculated,bcra_daily_main_liabilities,https://www.bcra.gob.ar/archivos/Pdfs/PublicacionesEstadisticas/diar_bas.xls,d1b2fd8895bd8f3522301e4eee55f5be3cc413d87a66dc0803f14fae541ab32a,2026-08-12T00:11:03Z
bcra_broad_financial_liabilities,2010-11,monthly,70775.068265,million_usd,calculated,bcra_daily_main_liabilities,https://www.bcra.gob.ar/archivos/Pdfs/PublicacionesEstadisticas/diar_bas.xls,d1b2fd8895bd8f3522301e4eee55f5be3cc413d87a66dc0803f14fae541ab32a,2026-08-12T00:11:03Z
bcra_broad_financial_liabilities,2010-12,monthly,74199.296318,million_usd,calculated,bcra_daily_main_liabilities,https://www.bcra.gob.ar/archivos/Pdfs/PublicacionesEstadisticas/diar_bas.xls,d1b2fd8895bd8f3522301e4eee55f5be3cc413d87a66dc0803f14fae541ab32a,2026-08-12T00:11:03Z
bcra_broad_financial_liabilities,2011-01,monthly,81870.940266,million_usd,calculated,bcra_daily_main_liabilities,https://www.bcra.gob.ar/archivos/Pdfs/PublicacionesEstadisticas/diar_bas.xls,d1b2fd8895bd8f3522301e4eee55f5be3cc413d87a66dc0803f14fae541ab32a,2026-08-12T00:11:03Z
bcra_broad_financial_liabilities,2011-02,monthly,81079.327721,million_usd,calculated,bcra_daily_main_liabilities,https://www.bcra.gob.ar/archivos/Pdfs/PublicacionesEstadisticas/diar_bas.xls,d1b2fd8895bd8f3522301e4eee55f5be3cc413d87a66dc0803f14fae541ab32a,2026-08-12T00:11:03Z
bcra_broad_financial_liabilities,2011-03,monthly,82105.407831,million_usd,calculated,bcra_daily_main_liabilities,https://www.bcra.gob.ar/archivos/Pdfs/PublicacionesEstadisticas/diar_bas.xls,d1b2fd8895bd8f3522301e4eee55f5be3cc413d87a66dc0803f14fae541ab32a,2026-08-12T00:11:03Z
bcra_broad_financial_liabilities,2011-04,monthly,82811.351489,million_usd,calculated,bcra_daily_main_liabilities,https://www.bcra.gob.ar/archivos/Pdfs/PublicacionesEstadisticas/diar_bas.xls,d1b2fd8895bd8f3522301e4eee55f5be3cc413d87a66dc0803f14fae541ab32a,2026-08-12T00:11:03Z
bcra_broad_financial_liabilities,2011-05,monthly,83276.762851,million_usd,calculated,bcra_daily_main_liabilities,https://www.bcra.gob.ar/archivos/Pdfs/PublicacionesEstadisticas/diar_bas.xls,d1b2fd8895bd8f3522301e4eee55f5be3cc413d87a66dc0803f14fae541ab32a,2026-08-12T00:11:03Z
bcra_broad_financial_liabilities,2011-06,monthly,82766.379421,million_usd,calculated,bcra_daily_main_liabilities,https://www.bcra.gob.ar/archivos/Pdfs/PublicacionesEstadisticas/diar_bas.xls,d1b2fd8895bd8f3522301e4eee55f5be3cc413d87a66dc0803f14fae541ab32a,2026-08-12T00:11:03Z
bcra_broad_financial_liabilities,2011-07,monthly,82243.415595,million_usd,calculated,bcra_daily_main_liabilities,https://www.bcra.gob.ar/archivos/Pdfs/PublicacionesEstadisticas/diar_bas.xls,d1b2fd8895bd8f3522301e4eee55f5be3cc413d87a66dc0803f14fae541ab32a,2026-08-12T00:11:03Z
bcra_broad_financial_liabilities,2011-08,monthly,78390.669437,million_usd,calculated,bcra_daily_main_liabilities,https://www.bcra.gob.ar/archivos/Pdfs/PublicacionesEstadisticas/diar_bas.xls,d1b2fd8895bd8f3522301e4eee55f5be3cc413d87a66dc0803f14fae541ab32a,2026-08-12T00:11:03Z
bcra_broad_financial_liabilities,2011-09,monthly,77677.724696,million_usd,calculated,bcra_daily_main_liabilities,https://www.bcra.gob.ar/archivos/Pdfs/PublicacionesEstadisticas/diar_bas.xls,d1b2fd8895bd8f3522301e4eee55f5be3cc413d87a66dc0803f14fae541ab32a,2026-08-12T00:11:03Z
bcra_broad_financial_liabilities,2011-10,monthly,75219.315909,million_usd,calculated,bcra_daily_main_liabilities,https://www.bcra.gob.ar/archivos/Pdfs/PublicacionesEstadisticas/diar_bas.xls,d1b2fd8895bd8f3522301e4eee55f5be3cc413d87a66dc0803f14fae541ab32a,2026-08-12T00:11:03Z
bcra_broad_financial_liabilities,2011-11,monthly,73285.339809,million_usd,calculated,bcra_daily_main_liabilities,https://www.bcra.gob.ar/archivos/Pdfs/PublicacionesEstadisticas/diar_bas.xls,d1b2fd8895bd8f3522301e4eee55f5be3cc413d87a66dc0803f14fae541ab32a,2026-08-12T00:11:03Z
bcra_broad_financial_liabilities,2011-12,monthly,76650.149914,million_usd,calculated,bcra_daily_main_liabilities,https://www.bcra.gob.ar/archivos/Pdfs/PublicacionesEstadisticas/diar_bas.xls,d1b2fd8895bd8f3522301e4eee55f5be3cc413d87a66dc0803f14fae541ab32a,2026-08-12T00:11:03Z
bcra_broad_financial_liabilities,2012-01,monthly,78148.448131,million_usd,calculated,bcra_daily_main_liabilities,https://www.bcra.gob.ar/archivos/Pdfs/PublicacionesEstadisticas/diar_bas.xls,d1b2fd8895bd8f3522301e4eee55f5be3cc413d87a66dc0803f14fae541ab32a,2026-08-12T00:11:03Z
bcra_broad_financial_liabilities,2012-02,monthly,78862.407178,million_usd,calculated,bcra_daily_main_liabilities,https://www.bcra.gob.ar/archivos/Pdfs/PublicacionesEstadisticas/diar_bas.xls,d1b2fd8895bd8f3522301e4eee55f5be3cc413d87a66dc0803f14fae541ab32a,2026-08-12T00:11:03Z
bcra_broad_financial_liabilities,2012-03,monthly,80677.373503,million_usd,calculated,bcra_daily_main_liabilities,https://www.bcra.gob.ar/archivos/Pdfs/PublicacionesEstadisticas/diar_bas.xls,d1b2fd8895bd8f3522301e4eee55f5be3cc413d87a66dc0803f14fae541ab32a,2026-08-12T00:11:03Z
bcra_broad_financial_liabilities,2012-04,monthly,83968.459194,million_usd,calculated,bcra_daily_main_liabilities,https://www.bcra.gob.ar/archivos/Pdfs/PublicacionesEstadisticas/diar_bas.xls,d1b2fd8895bd8f3522301e4eee55f5be3cc413d87a66dc0803f14fae541ab32a,2026-08-12T00:11:03Z
bcra_broad_financial_liabilities,2012-05,monthly,83675.723543,million_usd,calculated,bcra_daily_main_liabilities,https://www.bcra.gob.ar/archivos/Pdfs/PublicacionesEstadisticas/diar_bas.xls,d1b2fd8895bd8f3522301e4eee55f5be3cc413d87a66dc0803f14fae541ab32a,2026-08-12T00:11:03Z
bcra_broad_financial_liabilities,2012-06,monthly,83042.012133,million_usd,calculated,bcra_daily_main_liabilities,https://www.bcra.gob.ar/archivos/Pdfs/PublicacionesEstadisticas/diar_bas.xls,d1b2fd8895bd8f3522301e4eee55f5be3cc413d87a66dc0803f14fae541ab32a,2026-08-12T00:11:03Z
bcra_broad_financial_liabilities,2012-07,monthly,88815.241253,million_usd,calculated,bcra_daily_main_liabilities,https://www.bcra.gob.ar/archivos/Pdfs/PublicacionesEstadisticas/diar_bas.xls,d1b2fd8895bd8f3522301e4eee55f5be3cc413d87a66dc0803f14fae541ab32a,2026-08-12T00:11:03Z
bcra_broad_financial_liabilities,2012-08,monthly,87427.759625,million_usd,calculated,bcra_daily_main_liabilities,https://www.bcra.gob.ar/archivos/Pdfs/PublicacionesEstadisticas/diar_bas.xls,d1b2fd8895bd8f3522301e4eee55f5be3cc413d87a66dc0803f14fae541ab32a,2026-08-12T00:11:03Z
bcra_broad_financial_liabilities,2012-09,monthly,86993.126127,million_usd,calculated,bcra_daily_main_liabilities,https://www.bcra.gob.ar/archivos/Pdfs/PublicacionesEstadisticas/diar_bas.xls,d1b2fd8895bd8f3522301e4eee55f5be3cc413d87a66dc0803f14fae541ab32a,2026-08-12T00:11:03Z
bcra_broad_financial_liabilities,2012-10,monthly,88009.497720,million_usd,calculated,bcra_daily_main_liabilities,https://www.bcra.gob.ar/archivos/Pdfs/PublicacionesEstadisticas/diar_bas.xls,d1b2fd8895bd8f3522301e4eee55f5be3cc413d87a66dc0803f14fae541ab32a,2026-08-12T00:11:03Z
bcra_broad_financial_liabilities,2012-11,monthly,89388.536563,million_usd,calculated,bcra_daily_main_liabilities,https://www.bcra.gob.ar/archivos/Pdfs/PublicacionesEstadisticas/diar_bas.xls,d1b2fd8895bd8f3522301e4eee55f5be3cc413d87a66dc0803f14fae541ab32a,2026-08-12T00:11:03Z
bcra_broad_financial_liabilities,2012-12,monthly,91541.475445,million_usd,calculated,bcra_daily_main_liabilities,https://www.bcra.gob.ar/archivos/Pdfs/PublicacionesEstadisticas/diar_bas.xls,d1b2fd8895bd8f3522301e4eee55f5be3cc413d87a66dc0803f14fae541ab32a,2026-08-12T00:11:03Z
bcra_broad_financial_liabilities,2013-01,monthly,90284.554187,million_usd,calculated,bcra_daily_main_liabilities,https://www.bcra.gob.ar/archivos/Pdfs/PublicacionesEstadisticas/diar_bas.xls,d1b2fd8895bd8f3522301e4eee55f5be3cc413d87a66dc0803f14fae541ab32a,2026-08-12T00:11:03Z
bcra_broad_financial_liabilities,2013-02,monthly,89016.799927,million_usd,calculated,bcra_daily_main_liabilities,https://www.bcra.gob.ar/archivos/Pdfs/PublicacionesEstadisticas/diar_bas.xls,d1b2fd8895bd8f3522301e4eee55f5be3cc413d87a66dc0803f14fae541ab32a,2026-08-12T00:11:03Z
bcra_broad_financial_liabilities,2013-03,monthly,87723.018135,million_usd,calculated,bcra_daily_main_liabilities,https://www.bcra.gob.ar/archivos/Pdfs/PublicacionesEstadisticas/diar_bas.xls,d1b2fd8895bd8f3522301e4eee55f5be3cc413d87a66dc0803f14fae541ab32a,2026-08-12T00:11:03Z
bcra_broad_financial_liabilities,2013-04,monthly,86849.258528,million_usd,calculated,bcra_daily_main_liabilities,https://www.bcra.gob.ar/archivos/Pdfs/PublicacionesEstadisticas/diar_bas.xls,d1b2fd8895bd8f3522301e4eee55f5be3cc413d87a66dc0803f14fae541ab32a,2026-08-12T00:11:03Z
bcra_broad_financial_liabilities,2013-05,monthly,86260.721462,million_usd,calculated,bcra_daily_main_liabilities,https://www.bcra.gob.ar/archivos/Pdfs/PublicacionesEstadisticas/diar_bas.xls,d1b2fd8895bd8f3522301e4eee55f5be3cc413d87a66dc0803f14fae541ab32a,2026-08-12T00:11:03Z
bcra_broad_financial_liabilities,2013-06,monthly,88089.183568,million_usd,calculated,bcra_daily_main_liabilities,https://www.bcra.gob.ar/archivos/Pdfs/PublicacionesEstadisticas/diar_bas.xls,d1b2fd8895bd8f3522301e4eee55f5be3cc413d87a66dc0803f14fae541ab32a,2026-08-12T00:11:03Z
bcra_broad_financial_liabilities,2013-07,monthly,88555.983843,million_usd,calculated,bcra_daily_main_liabilities,https://www.bcra.gob.ar/archivos/Pdfs/PublicacionesEstadisticas/diar_bas.xls,d1b2fd8895bd8f3522301e4eee55f5be3cc413d87a66dc0803f14fae541ab32a,2026-08-12T00:11:03Z
bcra_broad_financial_liabilities,2013-08,monthly,95625.787133,million_usd,calculated,bcra_daily_main_liabilities,https://www.bcra.gob.ar/archivos/Pdfs/PublicacionesEstadisticas/diar_bas.xls,d1b2fd8895bd8f3522301e4eee55f5be3cc413d87a66dc0803f14fae541ab32a,2026-08-12T00:11:03Z
bcra_broad_financial_liabilities,2013-09,monthly,92042.488378,million_usd,calculated,bcra_daily_main_liabilities,https://www.bcra.gob.ar/archivos/Pdfs/PublicacionesEstadisticas/diar_bas.xls,d1b2fd8895bd8f3522301e4eee55f5be3cc413d87a66dc0803f14fae541ab32a,2026-08-12T00:11:03Z
bcra_broad_financial_liabilities,2013-10,monthly,89180.867273,million_usd,calculated,bcra_daily_main_liabilities,https://www.bcra.gob.ar/archivos/Pdfs/PublicacionesEstadisticas/diar_bas.xls,d1b2fd8895bd8f3522301e4eee55f5be3cc413d87a66dc0803f14fae541ab32a,2026-08-12T00:11:03Z
bcra_broad_financial_liabilities,2013-11,monthly,85310.632852,million_usd,calculated,bcra_daily_main_liabilities,https://www.bcra.gob.ar/archivos/Pdfs/PublicacionesEstadisticas/diar_bas.xls,d1b2fd8895bd8f3522301e4eee55f5be3cc413d87a66dc0803f14fae541ab32a,2026-08-12T00:11:03Z
bcra_broad_financial_liabilities,2013-12,monthly,86116.836582,million_usd,calculated,bcra_daily_main_liabilities,https://www.bcra.gob.ar/archivos/Pdfs/PublicacionesEstadisticas/diar_bas.xls,d1b2fd8895bd8f3522301e4eee55f5be3cc413d87a66dc0803f14fae541ab32a,2026-08-12T00:11:03Z
bcra_broad_financial_liabilities,2014-01,monthly,71566.971609,million_usd,calculated,bcra_daily_main_liabilities,https://www.bcra.gob.ar/archivos/Pdfs/PublicacionesEstadisticas/diar_bas.xls,d1b2fd8895bd8f3522301e4eee55f5be3cc413d87a66dc0803f14fae541ab32a,2026-08-12T00:11:03Z
bcra_broad_financial_liabilities,2014-02,monthly,72048.718246,million_usd,calculated,bcra_daily_main_liabilities,https://www.bcra.gob.ar/archivos/Pdfs/PublicacionesEstadisticas/diar_bas.xls,d1b2fd8895bd8f3522301e4eee55f5be3cc413d87a66dc0803f14fae541ab32a,2026-08-12T00:11:03Z
bcra_broad_financial_liabilities,2014-03,monthly,72729.743899,million_usd,calculated,bcra_daily_main_liabilities,https://www.bcra.gob.ar/archivos/Pdfs/PublicacionesEstadisticas/diar_bas.xls,d1b2fd8895bd8f3522301e4eee55f5be3cc413d87a66dc0803f14fae541ab32a,2026-08-12T00:11:03Z
bcra_broad_financial_liabilities,2014-04,monthly,74099.683874,million_usd,calculated,bcra_daily_main_liabilities,https://www.bcra.gob.ar/archivos/Pdfs/PublicacionesEstadisticas/diar_bas.xls,d1b2fd8895bd8f3522301e4eee55f5be3cc413d87a66dc0803f14fae541ab32a,2026-08-12T00:11:03Z
bcra_broad_financial_liabilities,2014-05,monthly,75893.109911,million_usd,calculated,bcra_daily_main_liabilities,https://www.bcra.gob.ar/archivos/Pdfs/PublicacionesEstadisticas/diar_bas.xls,d1b2fd8895bd8f3522301e4eee55f5be3cc413d87a66dc0803f14fae541ab32a,2026-08-12T00:11:03Z
bcra_broad_financial_liabilities,2014-06,monthly,76971.514472,million_usd,calculated,bcra_daily_main_liabilities,https://www.bcra.gob.ar/archivos/Pdfs/PublicacionesEstadisticas/diar_bas.xls,d1b2fd8895bd8f3522301e4eee55f5be3cc413d87a66dc0803f14fae541ab32a,2026-08-12T00:11:03Z
bcra_broad_financial_liabilities,2014-07,monthly,79216.103984,million_usd,calculated,bcra_daily_main_liabilities,https://www.bcra.gob.ar/archivos/Pdfs/PublicacionesEstadisticas/diar_bas.xls,d1b2fd8895bd8f3522301e4eee55f5be3cc413d87a66dc0803f14fae541ab32a,2026-08-12T00:11:03Z
bcra_broad_financial_liabilities,2014-08,monthly,80377.804115,million_usd,calculated,bcra_daily_main_liabilities,https://www.bcra.gob.ar/archivos/Pdfs/PublicacionesEstadisticas/diar_bas.xls,d1b2fd8895bd8f3522301e4eee55f5be3cc413d87a66dc0803f14fae541ab32a,2026-08-12T00:11:03Z
bcra_broad_financial_liabilities,2014-09,monthly,80890.661391,million_usd,calculated,bcra_daily_main_liabilities,https://www.bcra.gob.ar/archivos/Pdfs/PublicacionesEstadisticas/diar_bas.xls,d1b2fd8895bd8f3522301e4eee55f5be3cc413d87a66dc0803f14fae541ab32a,2026-08-12T00:11:03Z
bcra_broad_financial_liabilities,2014-10,monthly,83844.839728,million_usd,calculated,bcra_daily_main_liabilities,https://www.bcra.gob.ar/archivos/Pdfs/PublicacionesEstadisticas/diar_bas.xls,d1b2fd8895bd8f3522301e4eee55f5be3cc413d87a66dc0803f14fae541ab32a,2026-08-12T00:11:03Z
bcra_broad_financial_liabilities,2014-11,monthly,89317.432836,million_usd,calculated,bcra_daily_main_liabilities,https://www.bcra.gob.ar/archivos/Pdfs/PublicacionesEstadisticas/diar_bas.xls,d1b2fd8895bd8f3522301e4eee55f5be3cc413d87a66dc0803f14fae541ab32a,2026-08-12T00:11:03Z
bcra_broad_financial_liabilities,2014-12,monthly,97078.548999,million_usd,calculated,bcra_daily_main_liabilities,https://www.bcra.gob.ar/archivos/Pdfs/PublicacionesEstadisticas/diar_bas.xls,d1b2fd8895bd8f3522301e4eee55f5be3cc413d87a66dc0803f14fae541ab32a,2026-08-12T00:11:03Z
bcra_broad_financial_liabilities,2015-01,monthly,95249.637422,million_usd,calculated,bcra_daily_main_liabilities,https://www.bcra.gob.ar/archivos/Pdfs/PublicacionesEstadisticas/diar_bas.xls,d1b2fd8895bd8f3522301e4eee55f5be3cc413d87a66dc0803f14fae541ab32a,2026-08-12T00:11:03Z
bcra_broad_financial_liabilities,2015-02,monthly,95248.927490,million_usd,calculated,bcra_daily_main_liabilities,https://www.bcra.gob.ar/archivos/Pdfs/PublicacionesEstadisticas/diar_bas.xls,d1b2fd8895bd8f3522301e4eee55f5be3cc413d87a66dc0803f14fae541ab32a,2026-08-12T00:11:03Z
bcra_broad_financial_liabilities,2015-03,monthly,94065.709890,million_usd,calculated,bcra_daily_main_liabilities,https://www.bcra.gob.ar/archivos/Pdfs/PublicacionesEstadisticas/diar_bas.xls,d1b2fd8895bd8f3522301e4eee55f5be3cc413d87a66dc0803f14fae541ab32a,2026-08-12T00:11:03Z
bcra_broad_financial_liabilities,2015-04,monthly,96218.665421,million_usd,calculated,bcra_daily_main_liabilities,https://www.bcra.gob.ar/archivos/Pdfs/PublicacionesEstadisticas/diar_bas.xls,d1b2fd8895bd8f3522301e4eee55f5be3cc413d87a66dc0803f14fae541ab32a,2026-08-12T00:11:03Z
bcra_broad_financial_liabilities,2015-05,monthly,96973.364001,million_usd,calculated,bcra_daily_main_liabilities,https://www.bcra.gob.ar/archivos/Pdfs/PublicacionesEstadisticas/diar_bas.xls,d1b2fd8895bd8f3522301e4eee55f5be3cc413d87a66dc0803f14fae541ab32a,2026-08-12T00:11:03Z
bcra_broad_financial_liabilities,2015-06,monthly,99987.000042,million_usd,calculated,bcra_daily_main_liabilities,https://www.bcra.gob.ar/archivos/Pdfs/PublicacionesEstadisticas/diar_bas.xls,d1b2fd8895bd8f3522301e4eee55f5be3cc413d87a66dc0803f14fae541ab32a,2026-08-12T00:11:03Z
bcra_broad_financial_liabilities,2015-07,monthly,102000.286979,million_usd,calculated,bcra_daily_main_liabilities,https://www.bcra.gob.ar/archivos/Pdfs/PublicacionesEstadisticas/diar_bas.xls,d1b2fd8895bd8f3522301e4eee55f5be3cc413d87a66dc0803f14fae541ab32a,2026-08-12T00:11:03Z
bcra_broad_financial_liabilities,2015-08,monthly,100212.696258,million_usd,calculated,bcra_daily_main_liabilities,https://www.bcra.gob.ar/archivos/Pdfs/PublicacionesEstadisticas/diar_bas.xls,d1b2fd8895bd8f3522301e4eee55f5be3cc413d87a66dc0803f14fae541ab32a,2026-08-12T00:11:03Z
bcra_broad_financial_liabilities,2015-09,monthly,108257.745720,million_usd,calculated,bcra_daily_main_liabilities,https://www.bcra.gob.ar/archivos/Pdfs/PublicacionesEstadisticas/diar_bas.xls,d1b2fd8895bd8f3522301e4eee55f5be3cc413d87a66dc0803f14fae541ab32a,2026-08-12T00:11:03Z
bcra_broad_financial_liabilities,2015-10,monthly,103321.486666,million_usd,calculated,bcra_daily_main_liabilities,https://www.bcra.gob.ar/archivos/Pdfs/PublicacionesEstadisticas/diar_bas.xls,d1b2fd8895bd8f3522301e4eee55f5be3cc413d87a66dc0803f14fae541ab32a,2026-08-12T00:11:03Z
bcra_broad_financial_liabilities,2015-11,monthly,103988.338618,million_usd,calculated,bcra_daily_main_liabilities,https://www.bcra.gob.ar/archivos/Pdfs/PublicacionesEstadisticas/diar_bas.xls,d1b2fd8895bd8f3522301e4eee55f5be3cc413d87a66dc0803f14fae541ab32a,2026-08-12T00:11:03Z
bcra_broad_financial_liabilities,2015-12,monthly,86942.106398,million_usd,calculated,bcra_daily_main_liabilities,https://www.bcra.gob.ar/archivos/Pdfs/PublicacionesEstadisticas/diar_bas.xls,d1b2fd8895bd8f3522301e4eee55f5be3cc413d87a66dc0803f14fae541ab32a,2026-08-12T00:11:03Z
bcra_broad_financial_liabilities,2016-01,monthly,83457.360642,million_usd,calculated,bcra_daily_main_liabilities,https://www.bcra.gob.ar/archivos/Pdfs/PublicacionesEstadisticas/diar_bas.xls,d1b2fd8895bd8f3522301e4eee55f5be3cc413d87a66dc0803f14fae541ab32a,2026-08-12T00:11:03Z
bcra_broad_financial_liabilities,2016-02,monthly,75940.598551,million_usd,calculated,bcra_daily_main_liabilities,https://www.bcra.gob.ar/archivos/Pdfs/PublicacionesEstadisticas/diar_bas.xls,d1b2fd8895bd8f3522301e4eee55f5be3cc413d87a66dc0803f14fae541ab32a,2026-08-12T00:11:03Z
bcra_broad_financial_liabilities,2016-03,monthly,83947.634265,million_usd,calculated,bcra_daily_main_liabilities,https://www.bcra.gob.ar/archivos/Pdfs/PublicacionesEstadisticas/diar_bas.xls,d1b2fd8895bd8f3522301e4eee55f5be3cc413d87a66dc0803f14fae541ab32a,2026-08-12T00:11:03Z
bcra_broad_financial_liabilities,2016-04,monthly,92187.559787,million_usd,calculated,bcra_daily_main_liabilities,https://www.bcra.gob.ar/archivos/Pdfs/PublicacionesEstadisticas/diar_bas.xls,d1b2fd8895bd8f3522301e4eee55f5be3cc413d87a66dc0803f14fae541ab32a,2026-08-12T00:11:03Z
bcra_broad_financial_liabilities,2016-05,monthly,93979.319562,million_usd,calculated,bcra_daily_main_liabilities,https://www.bcra.gob.ar/archivos/Pdfs/PublicacionesEstadisticas/diar_bas.xls,d1b2fd8895bd8f3522301e4eee55f5be3cc413d87a66dc0803f14fae541ab32a,2026-08-12T00:11:03Z
bcra_broad_financial_liabilities,2016-06,monthly,91560.270649,million_usd,calculated,bcra_daily_main_liabilities,https://www.bcra.gob.ar/archivos/Pdfs/PublicacionesEstadisticas/diar_bas.xls,d1b2fd8895bd8f3522301e4eee55f5be3cc413d87a66dc0803f14fae541ab32a,2026-08-12T00:11:03Z
bcra_broad_financial_liabilities,2016-07,monthly,95374.615842,million_usd,calculated,bcra_daily_main_liabilities,https://www.bcra.gob.ar/archivos/Pdfs/PublicacionesEstadisticas/diar_bas.xls,d1b2fd8895bd8f3522301e4eee55f5be3cc413d87a66dc0803f14fae541ab32a,2026-08-12T00:11:03Z
bcra_broad_financial_liabilities,2016-08,monthly,98584.605371,million_usd,calculated,bcra_daily_main_liabilities,https://www.bcra.gob.ar/archivos/Pdfs/PublicacionesEstadisticas/diar_bas.xls,d1b2fd8895bd8f3522301e4eee55f5be3cc413d87a66dc0803f14fae541ab32a,2026-08-12T00:11:03Z
bcra_broad_financial_liabilities,2016-09,monthly,98147.917015,million_usd,calculated,bcra_daily_main_liabilities,https://www.bcra.gob.ar/archivos/Pdfs/PublicacionesEstadisticas/diar_bas.xls,d1b2fd8895bd8f3522301e4eee55f5be3cc413d87a66dc0803f14fae541ab32a,2026-08-12T00:11:03Z
bcra_broad_financial_liabilities,2016-10,monthly,109630.292655,million_usd,calculated,bcra_daily_main_liabilities,https://www.bcra.gob.ar/archivos/Pdfs/PublicacionesEstadisticas/diar_bas.xls,d1b2fd8895bd8f3522301e4eee55f5be3cc413d87a66dc0803f14fae541ab32a,2026-08-12T00:11:03Z
bcra_broad_financial_liabilities,2016-11,monthly,107538.949328,million_usd,calculated,bcra_daily_main_liabilities,https://www.bcra.gob.ar/archivos/Pdfs/PublicacionesEstadisticas/diar_bas.xls,d1b2fd8895bd8f3522301e4eee55f5be3cc413d87a66dc0803f14fae541ab32a,2026-08-12T00:11:03Z
bcra_broad_financial_liabilities,2016-12,monthly,111016.162400,million_usd,calculated,bcra_daily_main_liabilities,https://www.bcra.gob.ar/archivos/Pdfs/PublicacionesEstadisticas/diar_bas.xls,d1b2fd8895bd8f3522301e4eee55f5be3cc413d87a66dc0803f14fae541ab32a,2026-08-12T00:11:03Z
bcra_broad_financial_liabilities,2017-01,monthly,118812.638752,million_usd,calculated,bcra_daily_main_liabilities,https://www.bcra.gob.ar/archivos/Pdfs/PublicacionesEstadisticas/diar_bas.xls,d1b2fd8895bd8f3522301e4eee55f5be3cc413d87a66dc0803f14fae541ab32a,2026-08-12T00:11:03Z
bcra_broad_financial_liabilities,2017-02,monthly,126801.064060,million_usd,calculated,bcra_daily_main_liabilities,https://www.bcra.gob.ar/archivos/Pdfs/PublicacionesEstadisticas/diar_bas.xls,d1b2fd8895bd8f3522301e4eee55f5be3cc413d87a66dc0803f14fae541ab32a,2026-08-12T00:11:03Z
bcra_broad_financial_liabilities,2017-03,monthly,130001.819757,million_usd,calculated,bcra_daily_main_liabilities,https://www.bcra.gob.ar/archivos/Pdfs/PublicacionesEstadisticas/diar_bas.xls,d1b2fd8895bd8f3522301e4eee55f5be3cc413d87a66dc0803f14fae541ab32a,2026-08-12T00:11:03Z
bcra_broad_financial_liabilities,2017-04,monthly,128889.584289,million_usd,calculated,bcra_daily_main_liabilities,https://www.bcra.gob.ar/archivos/Pdfs/PublicacionesEstadisticas/diar_bas.xls,d1b2fd8895bd8f3522301e4eee55f5be3cc413d87a66dc0803f14fae541ab32a,2026-08-12T00:11:03Z
bcra_broad_financial_liabilities,2017-05,monthly,123308.598463,million_usd,calculated,bcra_daily_main_liabilities,https://www.bcra.gob.ar/archivos/Pdfs/PublicacionesEstadisticas/diar_bas.xls,d1b2fd8895bd8f3522301e4eee55f5be3cc413d87a66dc0803f14fae541ab32a,2026-08-12T00:11:03Z
bcra_broad_financial_liabilities,2017-06,monthly,125105.337091,million_usd,calculated,bcra_daily_main_liabilities,https://www.bcra.gob.ar/archivos/Pdfs/PublicacionesEstadisticas/diar_bas.xls,d1b2fd8895bd8f3522301e4eee55f5be3cc413d87a66dc0803f14fae541ab32a,2026-08-12T00:11:03Z
bcra_broad_financial_liabilities,2017-07,monthly,118662.413470,million_usd,calculated,bcra_daily_main_liabilities,https://www.bcra.gob.ar/archivos/Pdfs/PublicacionesEstadisticas/diar_bas.xls,d1b2fd8895bd8f3522301e4eee55f5be3cc413d87a66dc0803f14fae541ab32a,2026-08-12T00:11:03Z
bcra_broad_financial_liabilities,2017-08,monthly,123041.038163,million_usd,calculated,bcra_daily_main_liabilities,https://www.bcra.gob.ar/archivos/Pdfs/PublicacionesEstadisticas/diar_bas.xls,d1b2fd8895bd8f3522301e4eee55f5be3cc413d87a66dc0803f14fae541ab32a,2026-08-12T00:11:03Z
bcra_broad_financial_liabilities,2017-09,monthly,126327.449035,million_usd,calculated,bcra_daily_main_liabilities,https://www.bcra.gob.ar/archivos/Pdfs/PublicacionesEstadisticas/diar_bas.xls,d1b2fd8895bd8f3522301e4eee55f5be3cc413d87a66dc0803f14fae541ab32a,2026-08-12T00:11:03Z
bcra_broad_financial_liabilities,2017-10,monthly,127247.110607,million_usd,calculated,bcra_daily_main_liabilities,https://www.bcra.gob.ar/archivos/Pdfs/PublicacionesEstadisticas/diar_bas.xls,d1b2fd8895bd8f3522301e4eee55f5be3cc413d87a66dc0803f14fae541ab32a,2026-08-12T00:11:03Z
bcra_broad_financial_liabilities,2017-11,monthly,133676.070203,million_usd,calculated,bcra_daily_main_liabilities,https://www.bcra.gob.ar/archivos/Pdfs/PublicacionesEstadisticas/diar_bas.xls,d1b2fd8895bd8f3522301e4eee55f5be3cc413d87a66dc0803f14fae541ab32a,2026-08-12T00:11:03Z
bcra_broad_financial_liabilities,2017-12,monthly,126833.558677,million_usd,calculated,bcra_daily_main_liabilities,https://www.bcra.gob.ar/archivos/Pdfs/PublicacionesEstadisticas/diar_bas.xls,d1b2fd8895bd8f3522301e4eee55f5be3cc413d87a66dc0803f14fae541ab32a,2026-08-12T00:11:03Z
bcra_broad_financial_liabilities,2018-01,monthly,129835.600896,million_usd,calculated,bcra_daily_main_liabilities,https://www.bcra.gob.ar/archivos/Pdfs/PublicacionesEstadisticas/diar_bas.xls,d1b2fd8895bd8f3522301e4eee55f5be3cc413d87a66dc0803f14fae541ab32a,2026-08-12T00:11:03Z
bcra_broad_financial_liabilities,2018-02,monthly,128147.594794,million_usd,calculated,bcra_daily_main_liabilities,https://www.bcra.gob.ar/archivos/Pdfs/PublicacionesEstadisticas/diar_bas.xls,d1b2fd8895bd8f3522301e4eee55f5be3cc413d87a66dc0803f14fae541ab32a,2026-08-12T00:11:03Z
bcra_broad_financial_liabilities,2018-03,monthly,129962.793186,million_usd,calculated,bcra_daily_main_liabilities,https://www.bcra.gob.ar/archivos/Pdfs/PublicacionesEstadisticas/diar_bas.xls,d1b2fd8895bd8f3522301e4eee55f5be3cc413d87a66dc0803f14fae541ab32a,2026-08-12T00:11:03Z
bcra_broad_financial_liabilities,2018-04,monthly,123664.344899,million_usd,calculated,bcra_daily_main_liabilities,https://www.bcra.gob.ar/archivos/Pdfs/PublicacionesEstadisticas/diar_bas.xls,d1b2fd8895bd8f3522301e4eee55f5be3cc413d87a66dc0803f14fae541ab32a,2026-08-12T00:11:03Z
bcra_broad_financial_liabilities,2018-05,monthly,98453.578817,million_usd,calculated,bcra_daily_main_liabilities,https://www.bcra.gob.ar/archivos/Pdfs/PublicacionesEstadisticas/diar_bas.xls,d1b2fd8895bd8f3522301e4eee55f5be3cc413d87a66dc0803f14fae541ab32a,2026-08-12T00:11:03Z
bcra_broad_financial_liabilities,2018-06,monthly,101157.886511,million_usd,calculated,bcra_daily_main_liabilities,https://www.bcra.gob.ar/archivos/Pdfs/PublicacionesEstadisticas/diar_bas.xls,d1b2fd8895bd8f3522301e4eee55f5be3cc413d87a66dc0803f14fae541ab32a,2026-08-12T00:11:03Z
bcra_broad_financial_liabilities,2018-07,monthly,101750.825338,million_usd,calculated,bcra_daily_main_liabilities,https://www.bcra.gob.ar/archivos/Pdfs/PublicacionesEstadisticas/diar_bas.xls,d1b2fd8895bd8f3522301e4eee55f5be3cc413d87a66dc0803f14fae541ab32a,2026-08-12T00:11:03Z
bcra_broad_financial_liabilities,2018-08,monthly,78092.879991,million_usd,calculated,bcra_daily_main_liabilities,https://www.bcra.gob.ar/archivos/Pdfs/PublicacionesEstadisticas/diar_bas.xls,d1b2fd8895bd8f3522301e4eee55f5be3cc413d87a66dc0803f14fae541ab32a,2026-08-12T00:11:03Z
bcra_broad_financial_liabilities,2018-09,monthly,70103.657956,million_usd,calculated,bcra_daily_main_liabilities,https://www.bcra.gob.ar/archivos/Pdfs/PublicacionesEstadisticas/diar_bas.xls,d1b2fd8895bd8f3522301e4eee55f5be3cc413d87a66dc0803f14fae541ab32a,2026-08-12T00:11:03Z
bcra_broad_financial_liabilities,2018-10,monthly,82597.248675,million_usd,calculated,bcra_daily_main_liabilities,https://www.bcra.gob.ar/archivos/Pdfs/PublicacionesEstadisticas/diar_bas.xls,d1b2fd8895bd8f3522301e4eee55f5be3cc413d87a66dc0803f14fae541ab32a,2026-08-12T00:11:03Z
bcra_broad_financial_liabilities,2018-11,monthly,77917.632444,million_usd,calculated,bcra_daily_main_liabilities,https://www.bcra.gob.ar/archivos/Pdfs/PublicacionesEstadisticas/diar_bas.xls,d1b2fd8895bd8f3522301e4eee55f5be3cc413d87a66dc0803f14fae541ab32a,2026-08-12T00:11:03Z
bcra_broad_financial_liabilities,2018-12,monthly,84620.390096,million_usd,calculated,bcra_daily_main_liabilities,https://www.bcra.gob.ar/archivos/Pdfs/PublicacionesEstadisticas/diar_bas.xls,d1b2fd8895bd8f3522301e4eee55f5be3cc413d87a66dc0803f14fae541ab32a,2026-08-12T00:11:03Z
bcra_broad_financial_liabilities,2019-01,monthly,86471.715154,million_usd,calculated,bcra_daily_main_liabilities,https://www.bcra.gob.ar/archivos/Pdfs/PublicacionesEstadisticas/diar_bas.xls,d1b2fd8895bd8f3522301e4eee55f5be3cc413d87a66dc0803f14fae541ab32a,2026-08-12T00:11:03Z
bcra_broad_financial_liabilities,2019-02,monthly,85186.467630,million_usd,calculated,bcra_daily_main_liabilities,https://www.bcra.gob.ar/archivos/Pdfs/PublicacionesEstadisticas/diar_bas.xls,d1b2fd8895bd8f3522301e4eee55f5be3cc413d87a66dc0803f14fae541ab32a,2026-08-12T00:11:03Z
bcra_broad_financial_liabilities,2019-03,monthly,78635.517495,million_usd,calculated,bcra_daily_main_liabilities,https://www.bcra.gob.ar/archivos/Pdfs/PublicacionesEstadisticas/diar_bas.xls,d1b2fd8895bd8f3522301e4eee55f5be3cc413d87a66dc0803f14fae541ab32a,2026-08-12T00:11:03Z
bcra_broad_financial_liabilities,2019-04,monthly,84771.191418,million_usd,calculated,bcra_daily_main_liabilities,https://www.bcra.gob.ar/archivos/Pdfs/PublicacionesEstadisticas/diar_bas.xls,d1b2fd8895bd8f3522301e4eee55f5be3cc413d87a66dc0803f14fae541ab32a,2026-08-12T00:11:03Z
bcra_broad_financial_liabilities,2019-05,monthly,80572.318953,million_usd,calculated,bcra_daily_main_liabilities,https://www.bcra.gob.ar/archivos/Pdfs/PublicacionesEstadisticas/diar_bas.xls,d1b2fd8895bd8f3522301e4eee55f5be3cc413d87a66dc0803f14fae541ab32a,2026-08-12T00:11:03Z
bcra_broad_financial_liabilities,2019-06,monthly,84346.798997,million_usd,calculated,bcra_daily_main_liabilities,https://www.bcra.gob.ar/archivos/Pdfs/PublicacionesEstadisticas/diar_bas.xls,d1b2fd8895bd8f3522301e4eee55f5be3cc413d87a66dc0803f14fae541ab32a,2026-08-12T00:11:03Z
bcra_broad_financial_liabilities,2019-07,monthly,86731.056251,million_usd,calculated,bcra_daily_main_liabilities,https://www.bcra.gob.ar/archivos/Pdfs/PublicacionesEstadisticas/diar_bas.xls,d1b2fd8895bd8f3522301e4eee55f5be3cc413d87a66dc0803f14fae541ab32a,2026-08-12T00:11:03Z
bcra_broad_financial_liabilities,2019-08,monthly,61486.583882,million_usd,calculated,bcra_daily_main_liabilities,https://www.bcra.gob.ar/archivos/Pdfs/PublicacionesEstadisticas/diar_bas.xls,d1b2fd8895bd8f3522301e4eee55f5be3cc413d87a66dc0803f14fae541ab32a,2026-08-12T00:11:03Z
bcra_broad_financial_liabilities,2019-09,monthly,59304.652937,million_usd,calculated,bcra_daily_main_liabilities,https://www.bcra.gob.ar/archivos/Pdfs/PublicacionesEstadisticas/diar_bas.xls,d1b2fd8895bd8f3522301e4eee55f5be3cc413d87a66dc0803f14fae541ab32a,2026-08-12T00:11:03Z
bcra_broad_financial_liabilities,2019-10,monthly,51986.563047,million_usd,calculated,bcra_daily_main_liabilities,https://www.bcra.gob.ar/archivos/Pdfs/PublicacionesEstadisticas/diar_bas.xls,d1b2fd8895bd8f3522301e4eee55f5be3cc413d87a66dc0803f14fae541ab32a,2026-08-12T00:11:03Z
bcra_broad_financial_liabilities,2019-11,monthly,54144.438782,million_usd,calculated,bcra_daily_main_liabilities,https://www.bcra.gob.ar/archivos/Pdfs/PublicacionesEstadisticas/diar_bas.xls,d1b2fd8895bd8f3522301e4eee55f5be3cc413d87a66dc0803f14fae541ab32a,2026-08-12T00:11:03Z
bcra_broad_financial_liabilities,2019-12,monthly,61107.057250,million_usd,calculated,bcra_daily_main_liabilities,https://www.bcra.gob.ar/archivos/Pdfs/PublicacionesEstadisticas/diar_bas.xls,d1b2fd8895bd8f3522301e4eee55f5be3cc413d87a66dc0803f14fae541ab32a,2026-08-12T00:11:03Z
bcra_broad_financial_liabilities,2020-01,monthly,63045.814018,million_usd,calculated,bcra_daily_main_liabilities,https://www.bcra.gob.ar/archivos/Pdfs/PublicacionesEstadisticas/diar_bas.xls,d1b2fd8895bd8f3522301e4eee55f5be3cc413d87a66dc0803f14fae541ab32a,2026-08-12T00:11:03Z
bcra_broad_financial_liabilities,2020-02,monthly,64125.599294,million_usd,calculated,bcra_daily_main_liabilities,https://www.bcra.gob.ar/archivos/Pdfs/PublicacionesEstadisticas/diar_bas.xls,d1b2fd8895bd8f3522301e4eee55f5be3cc413d87a66dc0803f14fae541ab32a,2026-08-12T00:11:03Z
bcra_broad_financial_liabilities,2020-03,monthly,66073.887660,million_usd,calculated,bcra_daily_main_liabilities,https://www.bcra.gob.ar/archivos/Pdfs/PublicacionesEstadisticas/diar_bas.xls,d1b2fd8895bd8f3522301e4eee55f5be3cc413d87a66dc0803f14fae541ab32a,2026-08-12T00:11:03Z
bcra_broad_financial_liabilities,2020-04,monthly,69608.833435,million_usd,calculated,bcra_daily_main_liabilities,https://www.bcra.gob.ar/archivos/Pdfs/PublicacionesEstadisticas/diar_bas.xls,d1b2fd8895bd8f3522301e4eee55f5be3cc413d87a66dc0803f14fae541ab32a,2026-08-12T00:11:03Z
bcra_broad_financial_liabilities,2020-05,monthly,74674.558083,million_usd,calculated,bcra_daily_main_liabilities,https://www.bcra.gob.ar/archivos/Pdfs/PublicacionesEstadisticas/diar_bas.xls,d1b2fd8895bd8f3522301e4eee55f5be3cc413d87a66dc0803f14fae541ab32a,2026-08-12T00:11:03Z
bcra_broad_financial_liabilities,2020-06,monthly,76397.159398,million_usd,calculated,bcra_daily_main_liabilities,https://www.bcra.gob.ar/archivos/Pdfs/PublicacionesEstadisticas/diar_bas.xls,d1b2fd8895bd8f3522301e4eee55f5be3cc413d87a66dc0803f14fae541ab32a,2026-08-12T00:11:03Z
bcra_broad_financial_liabilities,2020-07,monthly,78175.031318,million_usd,calculated,bcra_daily_main_liabilities,https://www.bcra.gob.ar/archivos/Pdfs/PublicacionesEstadisticas/diar_bas.xls,d1b2fd8895bd8f3522301e4eee55f5be3cc413d87a66dc0803f14fae541ab32a,2026-08-12T00:11:03Z
bcra_broad_financial_liabilities,2020-08,monthly,76683.122249,million_usd,calculated,bcra_daily_main_liabilities,https://www.bcra.gob.ar/archivos/Pdfs/PublicacionesEstadisticas/diar_bas.xls,d1b2fd8895bd8f3522301e4eee55f5be3cc413d87a66dc0803f14fae541ab32a,2026-08-12T00:11:03Z
bcra_broad_financial_liabilities,2020-09,monthly,77026.046800,million_usd,calculated,bcra_daily_main_liabilities,https://www.bcra.gob.ar/archivos/Pdfs/PublicacionesEstadisticas/diar_bas.xls,d1b2fd8895bd8f3522301e4eee55f5be3cc413d87a66dc0803f14fae541ab32a,2026-08-12T00:11:03Z
bcra_broad_financial_liabilities,2020-10,monthly,73161.774079,million_usd,calculated,bcra_daily_main_liabilities,https://www.bcra.gob.ar/archivos/Pdfs/PublicacionesEstadisticas/diar_bas.xls,d1b2fd8895bd8f3522301e4eee55f5be3cc413d87a66dc0803f14fae541ab32a,2026-08-12T00:11:03Z
bcra_broad_financial_liabilities,2020-11,monthly,71931.986438,million_usd,calculated,bcra_daily_main_liabilities,https://www.bcra.gob.ar/archivos/Pdfs/PublicacionesEstadisticas/diar_bas.xls,d1b2fd8895bd8f3522301e4eee55f5be3cc413d87a66dc0803f14fae541ab32a,2026-08-12T00:11:03Z
bcra_broad_financial_liabilities,2020-12,monthly,74242.808893,million_usd,calculated,bcra_daily_main_liabilities,https://www.bcra.gob.ar/archivos/Pdfs/PublicacionesEstadisticas/diar_bas.xls,d1b2fd8895bd8f3522301e4eee55f5be3cc413d87a66dc0803f14fae541ab32a,2026-08-12T00:11:03Z
bcra_broad_financial_liabilities,2021-01,monthly,72547.818653,million_usd,calculated,bcra_daily_main_liabilities,https://www.bcra.gob.ar/archivos/Pdfs/PublicacionesEstadisticas/diar_bas.xls,d1b2fd8895bd8f3522301e4eee55f5be3cc413d87a66dc0803f14fae541ab32a,2026-08-12T00:11:03Z
bcra_broad_financial_liabilities,2021-02,monthly,72046.266224,million_usd,calculated,bcra_daily_main_liabilities,https://www.bcra.gob.ar/archivos/Pdfs/PublicacionesEstadisticas/diar_bas.xls,d1b2fd8895bd8f3522301e4eee55f5be3cc413d87a66dc0803f14fae541ab32a,2026-08-12T00:11:03Z
bcra_broad_financial_liabilities,2021-03,monthly,73678.182599,million_usd,calculated,bcra_daily_main_liabilities,https://www.bcra.gob.ar/archivos/Pdfs/PublicacionesEstadisticas/diar_bas.xls,d1b2fd8895bd8f3522301e4eee55f5be3cc413d87a66dc0803f14fae541ab32a,2026-08-12T00:11:03Z
bcra_broad_financial_liabilities,2021-04,monthly,74635.274967,million_usd,calculated,bcra_daily_main_liabilities,https://www.bcra.gob.ar/archivos/Pdfs/PublicacionesEstadisticas/diar_bas.xls,d1b2fd8895bd8f3522301e4eee55f5be3cc413d87a66dc0803f14fae541ab32a,2026-08-12T00:11:03Z
bcra_broad_financial_liabilities,2021-05,monthly,76426.678600,million_usd,calculated,bcra_daily_main_liabilities,https://www.bcra.gob.ar/archivos/Pdfs/PublicacionesEstadisticas/diar_bas.xls,d1b2fd8895bd8f3522301e4eee55f5be3cc413d87a66dc0803f14fae541ab32a,2026-08-12T00:11:03Z
bcra_broad_financial_liabilities,2021-06,monthly,78625.896203,million_usd,calculated,bcra_daily_main_liabilities,https://www.bcra.gob.ar/archivos/Pdfs/PublicacionesEstadisticas/diar_bas.xls,d1b2fd8895bd8f3522301e4eee55f5be3cc413d87a66dc0803f14fae541ab32a,2026-08-12T00:11:03Z
bcra_broad_financial_liabilities,2021-07,monthly,80937.526588,million_usd,calculated,bcra_daily_main_liabilities,https://www.bcra.gob.ar/archivos/Pdfs/PublicacionesEstadisticas/diar_bas.xls,d1b2fd8895bd8f3522301e4eee55f5be3cc413d87a66dc0803f14fae541ab32a,2026-08-12T00:11:03Z
bcra_broad_financial_liabilities,2021-08,monthly,82484.994362,million_usd,calculated,bcra_daily_main_liabilities,https://www.bcra.gob.ar/archivos/Pdfs/PublicacionesEstadisticas/diar_bas.xls,d1b2fd8895bd8f3522301e4eee55f5be3cc413d87a66dc0803f14fae541ab32a,2026-08-12T00:11:03Z
bcra_broad_financial_liabilities,2021-09,monthly,84170.950196,million_usd,calculated,bcra_daily_main_liabilities,https://www.bcra.gob.ar/archivos/Pdfs/PublicacionesEstadisticas/diar_bas.xls,d1b2fd8895bd8f3522301e4eee55f5be3cc413d87a66dc0803f14fae541ab32a,2026-08-12T00:11:03Z
bcra_broad_financial_liabilities,2021-10,monthly,87632.092540,million_usd,calculated,bcra_daily_main_liabilities,https://www.bcra.gob.ar/archivos/Pdfs/PublicacionesEstadisticas/diar_bas.xls,d1b2fd8895bd8f3522301e4eee55f5be3cc413d87a66dc0803f14fae541ab32a,2026-08-12T00:11:03Z
bcra_broad_financial_liabilities,2021-11,monthly,88121.456604,million_usd,calculated,bcra_daily_main_liabilities,https://www.bcra.gob.ar/archivos/Pdfs/PublicacionesEstadisticas/diar_bas.xls,d1b2fd8895bd8f3522301e4eee55f5be3cc413d87a66dc0803f14fae541ab32a,2026-08-12T00:11:03Z
bcra_broad_financial_liabilities,2021-12,monthly,94578.813260,million_usd,calculated,bcra_daily_main_liabilities,https://www.bcra.gob.ar/archivos/Pdfs/PublicacionesEstadisticas/diar_bas.xls,d1b2fd8895bd8f3522301e4eee55f5be3cc413d87a66dc0803f14fae541ab32a,2026-08-12T00:11:03Z
bcra_broad_financial_liabilities,2022-01,monthly,93315.192744,million_usd,calculated,bcra_daily_main_liabilities,https://www.bcra.gob.ar/archivos/Pdfs/PublicacionesEstadisticas/diar_bas.xls,d1b2fd8895bd8f3522301e4eee55f5be3cc413d87a66dc0803f14fae541ab32a,2026-08-12T00:11:03Z
bcra_broad_financial_liabilities,2022-02,monthly,91714.708242,million_usd,calculated,bcra_daily_main_liabilities,https://www.bcra.gob.ar/archivos/Pdfs/PublicacionesEstadisticas/diar_bas.xls,d1b2fd8895bd8f3522301e4eee55f5be3cc413d87a66dc0803f14fae541ab32a,2026-08-12T00:11:03Z
bcra_broad_financial_liabilities,2022-03,monthly,96549.040407,million_usd,calculated,bcra_daily_main_liabilities,https://www.bcra.gob.ar/archivos/Pdfs/PublicacionesEstadisticas/diar_bas.xls,d1b2fd8895bd8f3522301e4eee55f5be3cc413d87a66dc0803f14fae541ab32a,2026-08-12T00:11:03Z
bcra_broad_financial_liabilities,2022-04,monthly,95123.692788,million_usd,calculated,bcra_daily_main_liabilities,https://www.bcra.gob.ar/archivos/Pdfs/PublicacionesEstadisticas/diar_bas.xls,d1b2fd8895bd8f3522301e4eee55f5be3cc413d87a66dc0803f14fae541ab32a,2026-08-12T00:11:03Z
bcra_broad_financial_liabilities,2022-05,monthly,92144.182633,million_usd,calculated,bcra_daily_main_liabilities,https://www.bcra.gob.ar/archivos/Pdfs/PublicacionesEstadisticas/diar_bas.xls,d1b2fd8895bd8f3522301e4eee55f5be3cc413d87a66dc0803f14fae541ab32a,2026-08-12T00:11:03Z
bcra_broad_financial_liabilities,2022-06,monthly,99789.993253,million_usd,calculated,bcra_daily_main_liabilities,https://www.bcra.gob.ar/archivos/Pdfs/PublicacionesEstadisticas/diar_bas.xls,d1b2fd8895bd8f3522301e4eee55f5be3cc413d87a66dc0803f14fae541ab32a,2026-08-12T00:11:03Z
bcra_broad_financial_liabilities,2022-07,monthly,99850.901741,million_usd,calculated,bcra_daily_main_liabilities,https://www.bcra.gob.ar/archivos/Pdfs/PublicacionesEstadisticas/diar_bas.xls,d1b2fd8895bd8f3522301e4eee55f5be3cc413d87a66dc0803f14fae541ab32a,2026-08-12T00:11:03Z
bcra_broad_financial_liabilities,2022-08,monthly,96418.844757,million_usd,calculated,bcra_daily_main_liabilities,https://www.bcra.gob.ar/archivos/Pdfs/PublicacionesEstadisticas/diar_bas.xls,d1b2fd8895bd8f3522301e4eee55f5be3cc413d87a66dc0803f14fae541ab32a,2026-08-12T00:11:03Z
bcra_broad_financial_liabilities,2022-09,monthly,98773.885863,million_usd,calculated,bcra_daily_main_liabilities,https://www.bcra.gob.ar/archivos/Pdfs/PublicacionesEstadisticas/diar_bas.xls,d1b2fd8895bd8f3522301e4eee55f5be3cc413d87a66dc0803f14fae541ab32a,2026-08-12T00:11:03Z
bcra_broad_financial_liabilities,2022-10,monthly,98890.135915,million_usd,calculated,bcra_daily_main_liabilities,https://www.bcra.gob.ar/archivos/Pdfs/PublicacionesEstadisticas/diar_bas.xls,d1b2fd8895bd8f3522301e4eee55f5be3cc413d87a66dc0803f14fae541ab32a,2026-08-12T00:11:03Z
bcra_broad_financial_liabilities,2022-11,monthly,96788.844789,million_usd,calculated,bcra_daily_main_liabilities,https://www.bcra.gob.ar/archivos/Pdfs/PublicacionesEstadisticas/diar_bas.xls,d1b2fd8895bd8f3522301e4eee55f5be3cc413d87a66dc0803f14fae541ab32a,2026-08-12T00:11:03Z
bcra_broad_financial_liabilities,2022-12,monthly,103582.946592,million_usd,calculated,bcra_daily_main_liabilities,https://www.bcra.gob.ar/archivos/Pdfs/PublicacionesEstadisticas/diar_bas.xls,d1b2fd8895bd8f3522301e4eee55f5be3cc413d87a66dc0803f14fae541ab32a,2026-08-12T00:11:03Z
bcra_broad_financial_liabilities,2023-01,monthly,99681.636216,million_usd,calculated,bcra_daily_main_liabilities,https://www.bcra.gob.ar/archivos/Pdfs/PublicacionesEstadisticas/diar_bas.xls,d1b2fd8895bd8f3522301e4eee55f5be3cc413d87a66dc0803f14fae541ab32a,2026-08-12T00:11:03Z
bcra_broad_financial_liabilities,2023-02,monthly,96310.782634,million_usd,calculated,bcra_daily_main_liabilities,https://www.bcra.gob.ar/archivos/Pdfs/PublicacionesEstadisticas/diar_bas.xls,d1b2fd8895bd8f3522301e4eee55f5be3cc413d87a66dc0803f14fae541ab32a,2026-08-12T00:11:03Z
bcra_broad_financial_liabilities,2023-03,monthly,97106.091339,million_usd,calculated,bcra_daily_main_liabilities,https://www.bcra.gob.ar/archivos/Pdfs/PublicacionesEstadisticas/diar_bas.xls,d1b2fd8895bd8f3522301e4eee55f5be3cc413d87a66dc0803f14fae541ab32a,2026-08-12T00:11:03Z
bcra_broad_financial_liabilities,2023-04,monthly,95247.561787,million_usd,calculated,bcra_daily_main_liabilities,https://www.bcra.gob.ar/archivos/Pdfs/PublicacionesEstadisticas/diar_bas.xls,d1b2fd8895bd8f3522301e4eee55f5be3cc413d87a66dc0803f14fae541ab32a,2026-08-12T00:11:03Z
bcra_broad_financial_liabilities,2023-05,monthly,95650.645256,million_usd,calculated,bcra_daily_main_liabilities,https://www.bcra.gob.ar/archivos/Pdfs/PublicacionesEstadisticas/diar_bas.xls,d1b2fd8895bd8f3522301e4eee55f5be3cc413d87a66dc0803f14fae541ab32a,2026-08-12T00:11:03Z
bcra_broad_financial_liabilities,2023-06,monthly,94136.354040,million_usd,calculated,bcra_daily_main_liabilities,https://www.bcra.gob.ar/archivos/Pdfs/PublicacionesEstadisticas/diar_bas.xls,d1b2fd8895bd8f3522301e4eee55f5be3cc413d87a66dc0803f14fae541ab32a,2026-08-12T00:11:03Z
bcra_broad_financial_liabilities,2023-07,monthly,94933.459537,million_usd,calculated,bcra_daily_main_liabilities,https://www.bcra.gob.ar/archivos/Pdfs/PublicacionesEstadisticas/diar_bas.xls,d1b2fd8895bd8f3522301e4eee55f5be3cc413d87a66dc0803f14fae541ab32a,2026-08-12T00:11:03Z
bcra_broad_financial_liabilities,2023-08,monthly,89799.763097,million_usd,calculated,bcra_daily_main_liabilities,https://www.bcra.gob.ar/archivos/Pdfs/PublicacionesEstadisticas/diar_bas.xls,d1b2fd8895bd8f3522301e4eee55f5be3cc413d87a66dc0803f14fae541ab32a,2026-08-12T00:11:03Z
bcra_broad_financial_liabilities,2023-09,monthly,95965.794492,million_usd,calculated,bcra_daily_main_liabilities,https://www.bcra.gob.ar/archivos/Pdfs/PublicacionesEstadisticas/diar_bas.xls,d1b2fd8895bd8f3522301e4eee55f5be3cc413d87a66dc0803f14fae541ab32a,2026-08-12T00:11:03Z
bcra_broad_financial_liabilities,2023-10,monthly,98734.008230,million_usd,calculated,bcra_daily_main_liabilities,https://www.bcra.gob.ar/archivos/Pdfs/PublicacionesEstadisticas/diar_bas.xls,d1b2fd8895bd8f3522301e4eee55f5be3cc413d87a66dc0803f14fae541ab32a,2026-08-12T00:11:03Z
bcra_broad_financial_liabilities,2023-11,monthly,104373.696555,million_usd,calculated,bcra_daily_main_liabilities,https://www.bcra.gob.ar/archivos/Pdfs/PublicacionesEstadisticas/diar_bas.xls,d1b2fd8895bd8f3522301e4eee55f5be3cc413d87a66dc0803f14fae541ab32a,2026-08-12T00:11:03Z
bcra_broad_financial_liabilities,2023-12,monthly,57207.360006,million_usd,calculated,bcra_daily_main_liabilities,https://www.bcra.gob.ar/archivos/Pdfs/PublicacionesEstadisticas/diar_bas.xls,d1b2fd8895bd8f3522301e4eee55f5be3cc413d87a66dc0803f14fae541ab32a,2026-08-12T00:11:03Z
bcra_broad_financial_liabilities,2024-01,monthly,66961.208627,million_usd,calculated,bcra_daily_main_liabilities,https://www.bcra.gob.ar/archivos/Pdfs/PublicacionesEstadisticas/diar_bas.xls,d1b2fd8895bd8f3522301e4eee55f5be3cc413d87a66dc0803f14fae541ab32a,2026-08-12T00:11:03Z
bcra_broad_financial_liabilities,2024-02,monthly,65701.649018,million_usd,calculated,bcra_daily_main_liabilities,https://www.bcra.gob.ar/archivos/Pdfs/PublicacionesEstadisticas/diar_bas.xls,d1b2fd8895bd8f3522301e4eee55f5be3cc413d87a66dc0803f14fae541ab32a,2026-08-12T00:11:03Z
bcra_broad_financial_liabilities,2024-03,monthly,70036.796097,million_usd,calculated,bcra_daily_main_liabilities,https://www.bcra.gob.ar/archivos/Pdfs/PublicacionesEstadisticas/diar_bas.xls,d1b2fd8895bd8f3522301e4eee55f5be3cc413d87a66dc0803f14fae541ab32a,2026-08-12T00:11:03Z
bcra_broad_financial_liabilities,2024-04,monthly,73955.215641,million_usd,calculated,bcra_daily_main_liabilities,https://www.bcra.gob.ar/archivos/Pdfs/PublicacionesEstadisticas/diar_bas.xls,d1b2fd8895bd8f3522301e4eee55f5be3cc413d87a66dc0803f14fae541ab32a,2026-08-12T00:11:03Z
bcra_broad_financial_liabilities,2024-05,monthly,74014.231404,million_usd,calculated,bcra_daily_main_liabilities,https://www.bcra.gob.ar/archivos/Pdfs/PublicacionesEstadisticas/diar_bas.xls,d1b2fd8895bd8f3522301e4eee55f5be3cc413d87a66dc0803f14fae541ab32a,2026-08-12T00:11:03Z
bcra_broad_financial_liabilities,2024-06,monthly,74105.440188,million_usd,calculated,bcra_daily_main_liabilities,https://www.bcra.gob.ar/archivos/Pdfs/PublicacionesEstadisticas/diar_bas.xls,d1b2fd8895bd8f3522301e4eee55f5be3cc413d87a66dc0803f14fae541ab32a,2026-08-12T00:11:03Z
bcra_broad_financial_liabilities,2024-07,monthly,62208.142645,million_usd,calculated,bcra_daily_main_liabilities,https://www.bcra.gob.ar/archivos/Pdfs/PublicacionesEstadisticas/diar_bas.xls,d1b2fd8895bd8f3522301e4eee55f5be3cc413d87a66dc0803f14fae541ab32a,2026-08-12T00:11:03Z
bcra_broad_financial_liabilities,2024-08,monthly,61765.310488,million_usd,calculated,bcra_daily_main_liabilities,https://www.bcra.gob.ar/archivos/Pdfs/PublicacionesEstadisticas/diar_bas.xls,d1b2fd8895bd8f3522301e4eee55f5be3cc413d87a66dc0803f14fae541ab32a,2026-08-12T00:11:03Z
bcra_broad_financial_liabilities,2024-09,monthly,59002.982290,million_usd,calculated,bcra_daily_main_liabilities,https://www.bcra.gob.ar/archivos/Pdfs/PublicacionesEstadisticas/diar_bas.xls,d1b2fd8895bd8f3522301e4eee55f5be3cc413d87a66dc0803f14fae541ab32a,2026-08-12T00:11:03Z
bcra_broad_financial_liabilities,2024-10,monthly,58742.469401,million_usd,calculated,bcra_daily_main_liabilities,https://www.bcra.gob.ar/archivos/Pdfs/PublicacionesEstadisticas/diar_bas.xls,d1b2fd8895bd8f3522301e4eee55f5be3cc413d87a66dc0803f14fae541ab32a,2026-08-12T00:11:03Z
bcra_broad_financial_liabilities,2024-11,monthly,58453.714523,million_usd,calculated,bcra_daily_main_liabilities,https://www.bcra.gob.ar/archivos/Pdfs/PublicacionesEstadisticas/diar_bas.xls,d1b2fd8895bd8f3522301e4eee55f5be3cc413d87a66dc0803f14fae541ab32a,2026-08-12T00:11:03Z
bcra_broad_financial_liabilities,2024-12,monthly,62218.895855,million_usd,calculated,bcra_daily_main_liabilities,https://www.bcra.gob.ar/archivos/Pdfs/PublicacionesEstadisticas/diar_bas.xls,d1b2fd8895bd8f3522301e4eee55f5be3cc413d87a66dc0803f14fae541ab32a,2026-08-12T00:11:03Z
bcra_broad_financial_liabilities,2025-01,monthly,57774.649799,million_usd,calculated,bcra_daily_main_liabilities,https://www.bcra.gob.ar/archivos/Pdfs/PublicacionesEstadisticas/diar_bas.xls,d1b2fd8895bd8f3522301e4eee55f5be3cc413d87a66dc0803f14fae541ab32a,2026-08-12T00:11:03Z
bcra_broad_financial_liabilities,2025-02,monthly,58313.148204,million_usd,calculated,bcra_daily_main_liabilities,https://www.bcra.gob.ar/archivos/Pdfs/PublicacionesEstadisticas/diar_bas.xls,d1b2fd8895bd8f3522301e4eee55f5be3cc413d87a66dc0803f14fae541ab32a,2026-08-12T00:11:03Z
bcra_broad_financial_liabilities,2025-03,monthly,55673.334692,million_usd,calculated,bcra_daily_main_liabilities,https://www.bcra.gob.ar/archivos/Pdfs/PublicacionesEstadisticas/diar_bas.xls,d1b2fd8895bd8f3522301e4eee55f5be3cc413d87a66dc0803f14fae541ab32a,2026-08-12T00:11:03Z
bcra_broad_financial_liabilities,2025-04,monthly,77215.612969,million_usd,calculated,bcra_daily_main_liabilities,https://www.bcra.gob.ar/archivos/Pdfs/PublicacionesEstadisticas/diar_bas.xls,d1b2fd8895bd8f3522301e4eee55f5be3cc413d87a66dc0803f14fae541ab32a,2026-08-12T00:11:03Z
bcra_broad_financial_liabilities,2025-05,monthly,62719.374874,million_usd,calculated,bcra_daily_main_liabilities,https://www.bcra.gob.ar/archivos/Pdfs/PublicacionesEstadisticas/diar_bas.xls,d1b2fd8895bd8f3522301e4eee55f5be3cc413d87a66dc0803f14fae541ab32a,2026-08-12T00:11:03Z
bcra_broad_financial_liabilities,2025-06,monthly,63105.911276,million_usd,calculated,bcra_daily_main_liabilities,https://www.bcra.gob.ar/archivos/Pdfs/PublicacionesEstadisticas/diar_bas.xls,d1b2fd8895bd8f3522301e4eee55f5be3cc413d87a66dc0803f14fae541ab32a,2026-08-12T00:11:03Z
bcra_broad_financial_liabilities,2025-07,monthly,64221.637853,million_usd,calculated,bcra_daily_main_liabilities,https://www.bcra.gob.ar/archivos/Pdfs/PublicacionesEstadisticas/diar_bas.xls,d1b2fd8895bd8f3522301e4eee55f5be3cc413d87a66dc0803f14fae541ab32a,2026-08-12T00:11:03Z
bcra_broad_financial_liabilities,2025-08,monthly,65452.901629,million_usd,calculated,bcra_daily_main_liabilities,https://www.bcra.gob.ar/archivos/Pdfs/PublicacionesEstadisticas/diar_bas.xls,d1b2fd8895bd8f3522301e4eee55f5be3cc413d87a66dc0803f14fae541ab32a,2026-08-12T00:11:03Z
bcra_broad_financial_liabilities,2025-09,monthly,63013.449634,million_usd,calculated,bcra_daily_main_liabilities,https://www.bcra.gob.ar/archivos/Pdfs/PublicacionesEstadisticas/diar_bas.xls,d1b2fd8895bd8f3522301e4eee55f5be3cc413d87a66dc0803f14fae541ab32a,2026-08-12T00:11:03Z
bcra_broad_financial_liabilities,2025-10,monthly,55288.462462,million_usd,calculated,bcra_daily_main_liabilities,https://www.bcra.gob.ar/archivos/Pdfs/PublicacionesEstadisticas/diar_bas.xls,d1b2fd8895bd8f3522301e4eee55f5be3cc413d87a66dc0803f14fae541ab32a,2026-08-12T00:11:03Z
bcra_broad_financial_liabilities,2025-11,monthly,55720.455975,million_usd,calculated,bcra_daily_main_liabilities,https://www.bcra.gob.ar/archivos/Pdfs/PublicacionesEstadisticas/diar_bas.xls,d1b2fd8895bd8f3522301e4eee55f5be3cc413d87a66dc0803f14fae541ab32a,2026-08-12T00:11:03Z
bcra_broad_financial_liabilities,2025-12,monthly,57161.289347,million_usd,calculated,bcra_daily_main_liabilities,https://www.bcra.gob.ar/archivos/Pdfs/PublicacionesEstadisticas/diar_bas.xls,d1b2fd8895bd8f3522301e4eee55f5be3cc413d87a66dc0803f14fae541ab32a,2026-08-12T00:11:03Z
bcra_broad_financial_liabilities,2026-01,monthly,58156.628840,million_usd,calculated,bcra_daily_main_liabilities,https://www.bcra.gob.ar/archivos/Pdfs/PublicacionesEstadisticas/diar_bas.xls,d1b2fd8895bd8f3522301e4eee55f5be3cc413d87a66dc0803f14fae541ab32a,2026-08-12T00:11:03Z
bcra_broad_financial_liabilities,2026-02,monthly,57532.652731,million_usd,calculated,bcra_daily_main_liabilities,https://www.bcra.gob.ar/archivos/Pdfs/PublicacionesEstadisticas/diar_bas.xls,d1b2fd8895bd8f3522301e4eee55f5be3cc413d87a66dc0803f14fae541ab32a,2026-08-12T00:11:03Z
bcra_broad_financial_liabilities,2026-03,monthly,55907.376897,million_usd,calculated,bcra_daily_main_liabilities,https://www.bcra.gob.ar/archivos/Pdfs/PublicacionesEstadisticas/diar_bas.xls,d1b2fd8895bd8f3522301e4eee55f5be3cc413d87a66dc0803f14fae541ab32a,2026-08-12T00:11:03Z
bcra_broad_financial_liabilities,2026-04,monthly,58892.382686,million_usd,calculated,bcra_daily_main_liabilities,https://www.bcra.gob.ar/archivos/Pdfs/PublicacionesEstadisticas/diar_bas.xls,d1b2fd8895bd8f3522301e4eee55f5be3cc413d87a66dc0803f14fae541ab32a,2026-08-12T00:11:03Z
bcra_broad_financial_liabilities,2026-05,monthly,63443.773489,million_usd,calculated,bcra_daily_main_liabilities,https://www.bcra.gob.ar/archivos/Pdfs/PublicacionesEstadisticas/diar_bas.xls,d1b2fd8895bd8f3522301e4eee55f5be3cc413d87a66dc0803f14fae541ab32a,2026-08-12T00:11:03Z
bcra_broad_financial_liabilities,2026-06,monthly,57749.655385,million_usd,calculated,bcra_daily_main_liabilities,https://www.bcra.gob.ar/archivos/Pdfs/PublicacionesEstadisticas/diar_bas.xls,d1b2fd8895bd8f3522301e4eee55f5be3cc413d87a66dc0803f14fae541ab32a,2026-08-12T00:11:03Z
bcra_broad_financial_liabilities,2026-07,monthly,59653.220663,million_usd,calculated,bcra_daily_main_liabilities,https://www.bcra.gob.ar/archivos/Pdfs/PublicacionesEstadisticas/diar_bas.xls,d1b2fd8895bd8f3522301e4eee55f5be3cc413d87a66dc0803f14fae541ab32a,2026-08-12T00:11:03Z
bcra_broad_financial_liabilities,2026-08,monthly,60766.113166,million_usd,calculated,bcra_daily_main_liabilities,https://www.bcra.gob.ar/archivos/Pdfs/PublicacionesEstadisticas/diar_bas.xls,d1b2fd8895bd8f3522301e4eee55f5be3cc413d87a66dc0803f14fae541ab32a,2026-08-12T00:11:03Z
bcra_interest_bearing_liabilities,2002-03,monthly,115.369779,million_usd,calculated,bcra_debt_variable_5_offset_3000,https://api.bcra.gob.ar/estadisticas/v4.0/Monetarias/5?offset=3000&limit=3000,8ae0cb62273c6a6bd4ff9e4dfcb1181d83f1af8efc3ff917ea66ddd184a7dbb1,2026-08-12T00:11:21Z
bcra_interest_bearing_liabilities,2002-04,monthly,109.713032,million_usd,calculated,bcra_debt_variable_5_offset_3000,https://api.bcra.gob.ar/estadisticas/v4.0/Monetarias/5?offset=3000&limit=3000,8ae0cb62273c6a6bd4ff9e4dfcb1181d83f1af8efc3ff917ea66ddd184a7dbb1,2026-08-12T00:11:21Z
bcra_interest_bearing_liabilities,2002-05,monthly,242.517483,million_usd,calculated,bcra_debt_variable_5_offset_3000,https://api.bcra.gob.ar/estadisticas/v4.0/Monetarias/5?offset=3000&limit=3000,8ae0cb62273c6a6bd4ff9e4dfcb1181d83f1af8efc3ff917ea66ddd184a7dbb1,2026-08-12T00:11:21Z
bcra_interest_bearing_liabilities,2002-06,monthly,342.561190,million_usd,calculated,bcra_debt_variable_5_offset_3000,https://api.bcra.gob.ar/estadisticas/v4.0/Monetarias/5?offset=3000&limit=3000,8ae0cb62273c6a6bd4ff9e4dfcb1181d83f1af8efc3ff917ea66ddd184a7dbb1,2026-08-12T00:11:21Z
bcra_interest_bearing_liabilities,2002-07,monthly,437.743191,million_usd,calculated,bcra_debt_variable_5_offset_3000,https://api.bcra.gob.ar/estadisticas/v4.0/Monetarias/5?offset=3000&limit=3000,8ae0cb62273c6a6bd4ff9e4dfcb1181d83f1af8efc3ff917ea66ddd184a7dbb1,2026-08-12T00:11:21Z
bcra_interest_bearing_liabilities,2002-08,monthly,687.448276,million_usd,calculated,bcra_debt_variable_5_offset_3000,https://api.bcra.gob.ar/estadisticas/v4.0/Monetarias/5?offset=3000&limit=3000,8ae0cb62273c6a6bd4ff9e4dfcb1181d83f1af8efc3ff917ea66ddd184a7dbb1,2026-08-12T00:11:21Z
bcra_interest_bearing_liabilities,2002-09,monthly,701.693187,million_usd,calculated,bcra_debt_variable_5_offset_3000,https://api.bcra.gob.ar/estadisticas/v4.0/Monetarias/5?offset=3000&limit=3000,8ae0cb62273c6a6bd4ff9e4dfcb1181d83f1af8efc3ff917ea66ddd184a7dbb1,2026-08-12T00:11:21Z
bcra_interest_bearing_liabilities,2002-10,monthly,889.248411,million_usd,calculated,bcra_debt_variable_5_offset_3000,https://api.bcra.gob.ar/estadisticas/v4.0/Monetarias/5?offset=3000&limit=3000,8ae0cb62273c6a6bd4ff9e4dfcb1181d83f1af8efc3ff917ea66ddd184a7dbb1,2026-08-12T00:11:21Z
bcra_interest_bearing_liabilities,2002-11,monthly,864.801735,million_usd,calculated,bcra_debt_variable_5_offset_3000,https://api.bcra.gob.ar/estadisticas/v4.0/Monetarias/5?offset=3000&limit=3000,8ae0cb62273c6a6bd4ff9e4dfcb1181d83f1af8efc3ff917ea66ddd184a7dbb1,2026-08-12T00:11:21Z
bcra_interest_bearing_liabilities,2002-12,monthly,960.749331,million_usd,calculated,bcra_debt_variable_5_offset_3000,https://api.bcra.gob.ar/estadisticas/v4.0/Monetarias/5?offset=3000&limit=3000,8ae0cb62273c6a6bd4ff9e4dfcb1181d83f1af8efc3ff917ea66ddd184a7dbb1,2026-08-12T00:11:21Z
bcra_interest_bearing_liabilities,2003-01,monthly,1264.104095,million_usd,calculated,bcra_debt_variable_5_offset_3000,https://api.bcra.gob.ar/estadisticas/v4.0/Monetarias/5?offset=3000&limit=3000,8ae0cb62273c6a6bd4ff9e4dfcb1181d83f1af8efc3ff917ea66ddd184a7dbb1,2026-08-12T00:11:21Z
bcra_interest_bearing_liabilities,2003-02,monthly,1293.224627,million_usd,calculated,bcra_debt_variable_5_offset_3000,https://api.bcra.gob.ar/estadisticas/v4.0/Monetarias/5?offset=3000&limit=3000,8ae0cb62273c6a6bd4ff9e4dfcb1181d83f1af8efc3ff917ea66ddd184a7dbb1,2026-08-12T00:11:21Z
bcra_interest_bearing_liabilities,2003-03,monthly,1399.156118,million_usd,calculated,bcra_debt_variable_5_offset_3000,https://api.bcra.gob.ar/estadisticas/v4.0/Monetarias/5?offset=3000&limit=3000,8ae0cb62273c6a6bd4ff9e4dfcb1181d83f1af8efc3ff917ea66ddd184a7dbb1,2026-08-12T00:11:21Z
bcra_interest_bearing_liabilities,2003-04,monthly,1533.133062,million_usd,calculated,bcra_debt_variable_5_offset_3000,https://api.bcra.gob.ar/estadisticas/v4.0/Monetarias/5?offset=3000&limit=3000,8ae0cb62273c6a6bd4ff9e4dfcb1181d83f1af8efc3ff917ea66ddd184a7dbb1,2026-08-12T00:11:21Z
bcra_interest_bearing_liabilities,2003-05,monthly,1740.011176,million_usd,calculated,bcra_debt_variable_5_offset_3000,https://api.bcra.gob.ar/estadisticas/v4.0/Monetarias/5?offset=3000&limit=3000,8ae0cb62273c6a6bd4ff9e4dfcb1181d83f1af8efc3ff917ea66ddd184a7dbb1,2026-08-12T00:11:21Z
bcra_interest_bearing_liabilities,2003-06,monthly,1965.805877,million_usd,calculated,bcra_debt_variable_5_offset_3000,https://api.bcra.gob.ar/estadisticas/v4.0/Monetarias/5?offset=3000&limit=3000,8ae0cb62273c6a6bd4ff9e4dfcb1181d83f1af8efc3ff917ea66ddd184a7dbb1,2026-08-12T00:11:21Z
bcra_interest_bearing_liabilities,2003-07,monthly,2389.724696,million_usd,calculated,bcra_debt_variable_5_offset_3000,https://api.bcra.gob.ar/estadisticas/v4.0/Monetarias/5?offset=3000&limit=3000,8ae0cb62273c6a6bd4ff9e4dfcb1181d83f1af8efc3ff917ea66ddd184a7dbb1,2026-08-12T00:11:21Z
bcra_interest_bearing_liabilities,2003-08,monthly,2454.958006,million_usd,calculated,bcra_debt_variable_5_offset_3000,https://api.bcra.gob.ar/estadisticas/v4.0/Monetarias/5?offset=3000&limit=3000,8ae0cb62273c6a6bd4ff9e4dfcb1181d83f1af8efc3ff917ea66ddd184a7dbb1,2026-08-12T00:11:21Z
bcra_interest_bearing_liabilities,2003-09,monthly,2599.793885,million_usd,calculated,bcra_debt_variable_5_offset_3000,https://api.bcra.gob.ar/estadisticas/v4.0/Monetarias/5?offset=3000&limit=3000,8ae0cb62273c6a6bd4ff9e4dfcb1181d83f1af8efc3ff917ea66ddd184a7dbb1,2026-08-12T00:11:21Z
bcra_interest_bearing_liabilities,2003-10,monthly,2864.639444,million_usd,calculated,bcra_debt_variable_5_offset_3000,https://api.bcra.gob.ar/estadisticas/v4.0/Monetarias/5?offset=3000&limit=3000,8ae0cb62273c6a6bd4ff9e4dfcb1181d83f1af8efc3ff917ea66ddd184a7dbb1,2026-08-12T00:11:21Z
bcra_interest_bearing_liabilities,2003-11,monthly,2888.844261,million_usd,calculated,bcra_debt_variable_5_offset_3000,https://api.bcra.gob.ar/estadisticas/v4.0/Monetarias/5?offset=3000&limit=3000,8ae0cb62273c6a6bd4ff9e4dfcb1181d83f1af8efc3ff917ea66ddd184a7dbb1,2026-08-12T00:11:21Z
bcra_interest_bearing_liabilities,2003-12,monthly,3063.757245,million_usd,calculated,bcra_debt_variable_5_offset_3000,https://api.bcra.gob.ar/estadisticas/v4.0/Monetarias/5?offset=3000&limit=3000,8ae0cb62273c6a6bd4ff9e4dfcb1181d83f1af8efc3ff917ea66ddd184a7dbb1,2026-08-12T00:11:21Z
bcra_interest_bearing_liabilities,2004-01,monthly,3665.564156,million_usd,calculated,bcra_debt_variable_5_offset_3000,https://api.bcra.gob.ar/estadisticas/v4.0/Monetarias/5?offset=3000&limit=3000,8ae0cb62273c6a6bd4ff9e4dfcb1181d83f1af8efc3ff917ea66ddd184a7dbb1,2026-08-12T00:11:21Z
bcra_interest_bearing_liabilities,2004-02,monthly,3882.332820,million_usd,calculated,bcra_debt_variable_5_offset_3000,https://api.bcra.gob.ar/estadisticas/v4.0/Monetarias/5?offset=3000&limit=3000,8ae0cb62273c6a6bd4ff9e4dfcb1181d83f1af8efc3ff917ea66ddd184a7dbb1,2026-08-12T00:11:21Z
bcra_interest_bearing_liabilities,2004-03,monthly,4155.516637,million_usd,calculated,bcra_debt_variable_5_offset_3000,https://api.bcra.gob.ar/estadisticas/v4.0/Monetarias/5?offset=3000&limit=3000,8ae0cb62273c6a6bd4ff9e4dfcb1181d83f1af8efc3ff917ea66ddd184a7dbb1,2026-08-12T00:11:21Z
bcra_interest_bearing_liabilities,2004-04,monthly,4422.887670,million_usd,calculated,bcra_debt_variable_5_offset_3000,https://api.bcra.gob.ar/estadisticas/v4.0/Monetarias/5?offset=3000&limit=3000,8ae0cb62273c6a6bd4ff9e4dfcb1181d83f1af8efc3ff917ea66ddd184a7dbb1,2026-08-12T00:11:21Z
bcra_interest_bearing_liabilities,2004-05,monthly,4471.020849,million_usd,calculated,bcra_debt_variable_5_offset_3000,https://api.bcra.gob.ar/estadisticas/v4.0/Monetarias/5?offset=3000&limit=3000,8ae0cb62273c6a6bd4ff9e4dfcb1181d83f1af8efc3ff917ea66ddd184a7dbb1,2026-08-12T00:11:21Z
bcra_interest_bearing_liabilities,2004-06,monthly,4849.528828,million_usd,calculated,bcra_debt_variable_5_offset_3000,https://api.bcra.gob.ar/estadisticas/v4.0/Monetarias/5?offset=3000&limit=3000,8ae0cb62273c6a6bd4ff9e4dfcb1181d83f1af8efc3ff917ea66ddd184a7dbb1,2026-08-12T00:11:21Z
bcra_interest_bearing_liabilities,2004-07,monthly,5819.556452,million_usd,calculated,bcra_debt_variable_5_offset_3000,https://api.bcra.gob.ar/estadisticas/v4.0/Monetarias/5?offset=3000&limit=3000,8ae0cb62273c6a6bd4ff9e4dfcb1181d83f1af8efc3ff917ea66ddd184a7dbb1,2026-08-12T00:11:21Z
bcra_interest_bearing_liabilities,2004-08,monthly,5782.088458,million_usd,calculated,bcra_debt_variable_5_offset_3000,https://api.bcra.gob.ar/estadisticas/v4.0/Monetarias/5?offset=3000&limit=3000,8ae0cb62273c6a6bd4ff9e4dfcb1181d83f1af8efc3ff917ea66ddd184a7dbb1,2026-08-12T00:11:21Z
bcra_interest_bearing_liabilities,2004-09,monthly,5945.683152,million_usd,calculated,bcra_debt_variable_5_offset_3000,https://api.bcra.gob.ar/estadisticas/v4.0/Monetarias/5?offset=3000&limit=3000,8ae0cb62273c6a6bd4ff9e4dfcb1181d83f1af8efc3ff917ea66ddd184a7dbb1,2026-08-12T00:11:21Z
bcra_interest_bearing_liabilities,2004-10,monthly,6872.271842,million_usd,calculated,bcra_debt_variable_5_offset_3000,https://api.bcra.gob.ar/estadisticas/v4.0/Monetarias/5?offset=3000&limit=3000,8ae0cb62273c6a6bd4ff9e4dfcb1181d83f1af8efc3ff917ea66ddd184a7dbb1,2026-08-12T00:11:21Z
bcra_interest_bearing_liabilities,2004-11,monthly,6678.752965,million_usd,calculated,bcra_debt_variable_5_offset_3000,https://api.bcra.gob.ar/estadisticas/v4.0/Monetarias/5?offset=3000&limit=3000,8ae0cb62273c6a6bd4ff9e4dfcb1181d83f1af8efc3ff917ea66ddd184a7dbb1,2026-08-12T00:11:21Z
bcra_interest_bearing_liabilities,2004-12,monthly,6792.992131,million_usd,calculated,bcra_debt_variable_5_offset_3000,https://api.bcra.gob.ar/estadisticas/v4.0/Monetarias/5?offset=3000&limit=3000,8ae0cb62273c6a6bd4ff9e4dfcb1181d83f1af8efc3ff917ea66ddd184a7dbb1,2026-08-12T00:11:21Z
bcra_interest_bearing_liabilities,2005-01,monthly,7998.154035,million_usd,calculated,bcra_debt_variable_5_offset_3000,https://api.bcra.gob.ar/estadisticas/v4.0/Monetarias/5?offset=3000&limit=3000,8ae0cb62273c6a6bd4ff9e4dfcb1181d83f1af8efc3ff917ea66ddd184a7dbb1,2026-08-12T00:11:21Z
bcra_interest_bearing_liabilities,2005-02,monthly,7728.373171,million_usd,calculated,bcra_debt_variable_5_offset_3000,https://api.bcra.gob.ar/estadisticas/v4.0/Monetarias/5?offset=3000&limit=3000,8ae0cb62273c6a6bd4ff9e4dfcb1181d83f1af8efc3ff917ea66ddd184a7dbb1,2026-08-12T00:11:21Z
bcra_interest_bearing_liabilities,2005-03,monthly,7331.440495,million_usd,calculated,bcra_debt_variable_5_offset_3000,https://api.bcra.gob.ar/estadisticas/v4.0/Monetarias/5?offset=3000&limit=3000,8ae0cb62273c6a6bd4ff9e4dfcb1181d83f1af8efc3ff917ea66ddd184a7dbb1,2026-08-12T00:11:21Z
bcra_interest_bearing_liabilities,2005-04,monthly,8121.717640,million_usd,calculated,bcra_debt_variable_5_offset_3000,https://api.bcra.gob.ar/estadisticas/v4.0/Monetarias/5?offset=3000&limit=3000,8ae0cb62273c6a6bd4ff9e4dfcb1181d83f1af8efc3ff917ea66ddd184a7dbb1,2026-08-12T00:11:21Z
bcra_interest_bearing_liabilities,2005-05,monthly,8366.173772,million_usd,calculated,bcra_debt_variable_5_offset_3000,https://api.bcra.gob.ar/estadisticas/v4.0/Monetarias/5?offset=3000&limit=3000,8ae0cb62273c6a6bd4ff9e4dfcb1181d83f1af8efc3ff917ea66ddd184a7dbb1,2026-08-12T00:11:21Z
bcra_interest_bearing_liabilities,2005-06,monthly,10148.747751,million_usd,calculated,bcra_debt_variable_5_offset_3000,https://api.bcra.gob.ar/estadisticas/v4.0/Monetarias/5?offset=3000&limit=3000,8ae0cb62273c6a6bd4ff9e4dfcb1181d83f1af8efc3ff917ea66ddd184a7dbb1,2026-08-12T00:11:21Z
bcra_interest_bearing_liabilities,2005-07,monthly,10153.346374,million_usd,calculated,bcra_debt_variable_5_offset_3000,https://api.bcra.gob.ar/estadisticas/v4.0/Monetarias/5?offset=3000&limit=3000,8ae0cb62273c6a6bd4ff9e4dfcb1181d83f1af8efc3ff917ea66ddd184a7dbb1,2026-08-12T00:11:21Z
bcra_interest_bearing_liabilities,2005-08,monthly,10776.865749,million_usd,calculated,bcra_debt_variable_5_offset_3000,https://api.bcra.gob.ar/estadisticas/v4.0/Monetarias/5?offset=3000&limit=3000,8ae0cb62273c6a6bd4ff9e4dfcb1181d83f1af8efc3ff917ea66ddd184a7dbb1,2026-08-12T00:11:21Z
bcra_interest_bearing_liabilities,2005-09,monthly,11555.708155,million_usd,calculated,bcra_debt_variable_5_offset_3000,https://api.bcra.gob.ar/estadisticas/v4.0/Monetarias/5?offset=3000&limit=3000,8ae0cb62273c6a6bd4ff9e4dfcb1181d83f1af8efc3ff917ea66ddd184a7dbb1,2026-08-12T00:11:21Z
bcra_interest_bearing_liabilities,2005-10,monthly,10477.123966,million_usd,calculated,bcra_debt_variable_5_offset_3000,https://api.bcra.gob.ar/estadisticas/v4.0/Monetarias/5?offset=3000&limit=3000,8ae0cb62273c6a6bd4ff9e4dfcb1181d83f1af8efc3ff917ea66ddd184a7dbb1,2026-08-12T00:11:21Z
bcra_interest_bearing_liabilities,2005-11,monthly,10332.940979,million_usd,calculated,bcra_debt_variable_5_offset_3000,https://api.bcra.gob.ar/estadisticas/v4.0/Monetarias/5?offset=3000&limit=3000,8ae0cb62273c6a6bd4ff9e4dfcb1181d83f1af8efc3ff917ea66ddd184a7dbb1,2026-08-12T00:11:21Z
bcra_interest_bearing_liabilities,2005-12,monthly,11116.279070,million_usd,calculated,bcra_debt_variable_5_offset_3000,https://api.bcra.gob.ar/estadisticas/v4.0/Monetarias/5?offset=3000&limit=3000,8ae0cb62273c6a6bd4ff9e4dfcb1181d83f1af8efc3ff917ea66ddd184a7dbb1,2026-08-12T00:11:21Z
bcra_interest_bearing_liabilities,2006-01,monthly,9762.378823,million_usd,calculated,bcra_debt_variable_5_offset_3000,https://api.bcra.gob.ar/estadisticas/v4.0/Monetarias/5?offset=3000&limit=3000,8ae0cb62273c6a6bd4ff9e4dfcb1181d83f1af8efc3ff917ea66ddd184a7dbb1,2026-08-12T00:11:21Z
bcra_interest_bearing_liabilities,2006-02,monthly,10401.588128,million_usd,calculated,bcra_debt_variable_5_offset_3000,https://api.bcra.gob.ar/estadisticas/v4.0/Monetarias/5?offset=3000&limit=3000,8ae0cb62273c6a6bd4ff9e4dfcb1181d83f1af8efc3ff917ea66ddd184a7dbb1,2026-08-12T00:11:21Z
bcra_interest_bearing_liabilities,2006-03,monthly,10145.741366,million_usd,calculated,bcra_debt_variable_5_offset_3000,https://api.bcra.gob.ar/estadisticas/v4.0/Monetarias/5?offset=3000&limit=3000,8ae0cb62273c6a6bd4ff9e4dfcb1181d83f1af8efc3ff917ea66ddd184a7dbb1,2026-08-12T00:11:21Z
bcra_interest_bearing_liabilities,2006-04,monthly,10861.751758,million_usd,calculated,bcra_debt_variable_5_offset_3000,https://api.bcra.gob.ar/estadisticas/v4.0/Monetarias/5?offset=3000&limit=3000,8ae0cb62273c6a6bd4ff9e4dfcb1181d83f1af8efc3ff917ea66ddd184a7dbb1,2026-08-12T00:11:21Z
bcra_interest_bearing_liabilities,2006-05,monthly,12010.820267,million_usd,calculated,bcra_debt_variable_5_offset_3000,https://api.bcra.gob.ar/estadisticas/v4.0/Monetarias/5?offset=3000&limit=3000,8ae0cb62273c6a6bd4ff9e4dfcb1181d83f1af8efc3ff917ea66ddd184a7dbb1,2026-08-12T00:11:21Z
bcra_interest_bearing_liabilities,2006-06,monthly,12055.886929,million_usd,calculated,bcra_debt_variable_5_offset_3000,https://api.bcra.gob.ar/estadisticas/v4.0/Monetarias/5?offset=3000&limit=3000,8ae0cb62273c6a6bd4ff9e4dfcb1181d83f1af8efc3ff917ea66ddd184a7dbb1,2026-08-12T00:11:21Z
bcra_interest_bearing_liabilities,2006-07,monthly,12971.900611,million_usd,calculated,bcra_debt_variable_5_offset_3000,https://api.bcra.gob.ar/estadisticas/v4.0/Monetarias/5?offset=3000&limit=3000,8ae0cb62273c6a6bd4ff9e4dfcb1181d83f1af8efc3ff917ea66ddd184a7dbb1,2026-08-12T00:11:21Z
bcra_interest_bearing_liabilities,2006-08,monthly,13806.341211,million_usd,calculated,bcra_debt_variable_5_offset_3000,https://api.bcra.gob.ar/estadisticas/v4.0/Monetarias/5?offset=3000&limit=3000,8ae0cb62273c6a6bd4ff9e4dfcb1181d83f1af8efc3ff917ea66ddd184a7dbb1,2026-08-12T00:11:21Z
bcra_interest_bearing_liabilities,2006-09,monthly,13261.282737,million_usd,calculated,bcra_debt_variable_5_offset_3000,https://api.bcra.gob.ar/estadisticas/v4.0/Monetarias/5?offset=3000&limit=3000,8ae0cb62273c6a6bd4ff9e4dfcb1181d83f1af8efc3ff917ea66ddd184a7dbb1,2026-08-12T00:11:21Z
bcra_interest_bearing_liabilities,2006-10,monthly,14564.381082,million_usd,calculated,bcra_debt_variable_5_offset_3000,https://api.bcra.gob.ar/estadisticas/v4.0/Monetarias/5?offset=3000&limit=3000,8ae0cb62273c6a6bd4ff9e4dfcb1181d83f1af8efc3ff917ea66ddd184a7dbb1,2026-08-12T00:11:21Z
bcra_interest_bearing_liabilities,2006-11,monthly,14498.745642,million_usd,calculated,bcra_debt_variable_5_offset_3000,https://api.bcra.gob.ar/estadisticas/v4.0/Monetarias/5?offset=3000&limit=3000,8ae0cb62273c6a6bd4ff9e4dfcb1181d83f1af8efc3ff917ea66ddd184a7dbb1,2026-08-12T00:11:21Z
bcra_interest_bearing_liabilities,2006-12,monthly,13411.304773,million_usd,calculated,bcra_debt_variable_5_offset_3000,https://api.bcra.gob.ar/estadisticas/v4.0/Monetarias/5?offset=3000&limit=3000,8ae0cb62273c6a6bd4ff9e4dfcb1181d83f1af8efc3ff917ea66ddd184a7dbb1,2026-08-12T00:11:21Z
bcra_interest_bearing_liabilities,2007-01,monthly,15629.527090,million_usd,calculated,bcra_debt_variable_5_offset_3000,https://api.bcra.gob.ar/estadisticas/v4.0/Monetarias/5?offset=3000&limit=3000,8ae0cb62273c6a6bd4ff9e4dfcb1181d83f1af8efc3ff917ea66ddd184a7dbb1,2026-08-12T00:11:21Z
bcra_interest_bearing_liabilities,2007-02,monthly,17300.548210,million_usd,calculated,bcra_debt_variable_5_offset_3000,https://api.bcra.gob.ar/estadisticas/v4.0/Monetarias/5?offset=3000&limit=3000,8ae0cb62273c6a6bd4ff9e4dfcb1181d83f1af8efc3ff917ea66ddd184a7dbb1,2026-08-12T00:11:21Z
bcra_interest_bearing_liabilities,2007-03,monthly,17497.339310,million_usd,calculated,bcra_debt_variable_5_offset_3000,https://api.bcra.gob.ar/estadisticas/v4.0/Monetarias/5?offset=3000&limit=3000,8ae0cb62273c6a6bd4ff9e4dfcb1181d83f1af8efc3ff917ea66ddd184a7dbb1,2026-08-12T00:11:21Z
bcra_interest_bearing_liabilities,2007-04,monthly,19646.579067,million_usd,calculated,bcra_debt_variable_5_offset_3000,https://api.bcra.gob.ar/estadisticas/v4.0/Monetarias/5?offset=3000&limit=3000,8ae0cb62273c6a6bd4ff9e4dfcb1181d83f1af8efc3ff917ea66ddd184a7dbb1,2026-08-12T00:11:21Z
bcra_interest_bearing_liabilities,2007-05,monthly,20787.071626,million_usd,calculated,bcra_debt_variable_5_offset_3000,https://api.bcra.gob.ar/estadisticas/v4.0/Monetarias/5?offset=3000&limit=3000,8ae0cb62273c6a6bd4ff9e4dfcb1181d83f1af8efc3ff917ea66ddd184a7dbb1,2026-08-12T00:11:21Z
bcra_interest_bearing_liabilities,2007-06,monthly,20776.497994,million_usd,calculated,bcra_debt_variable_5_offset_3000,https://api.bcra.gob.ar/estadisticas/v4.0/Monetarias/5?offset=3000&limit=3000,8ae0cb62273c6a6bd4ff9e4dfcb1181d83f1af8efc3ff917ea66ddd184a7dbb1,2026-08-12T00:11:21Z
bcra_interest_bearing_liabilities,2007-07,monthly,19364.000641,million_usd,calculated,bcra_debt_variable_5_offset_3000,https://api.bcra.gob.ar/estadisticas/v4.0/Monetarias/5?offset=3000&limit=3000,8ae0cb62273c6a6bd4ff9e4dfcb1181d83f1af8efc3ff917ea66ddd184a7dbb1,2026-08-12T00:11:21Z
bcra_interest_bearing_liabilities,2007-08,monthly,19337.093605,million_usd,calculated,bcra_debt_variable_5_offset_3000,https://api.bcra.gob.ar/estadisticas/v4.0/Monetarias/5?offset=3000&limit=3000,8ae0cb62273c6a6bd4ff9e4dfcb1181d83f1af8efc3ff917ea66ddd184a7dbb1,2026-08-12T00:11:21Z
bcra_interest_bearing_liabilities,2007-09,monthly,19518.653755,million_usd,calculated,bcra_debt_variable_5_offset_3000,https://api.bcra.gob.ar/estadisticas/v4.0/Monetarias/5?offset=3000&limit=3000,8ae0cb62273c6a6bd4ff9e4dfcb1181d83f1af8efc3ff917ea66ddd184a7dbb1,2026-08-12T00:11:21Z
bcra_interest_bearing_liabilities,2007-10,monthly,18924.293929,million_usd,calculated,bcra_debt_variable_5_offset_3000,https://api.bcra.gob.ar/estadisticas/v4.0/Monetarias/5?offset=3000&limit=3000,8ae0cb62273c6a6bd4ff9e4dfcb1181d83f1af8efc3ff917ea66ddd184a7dbb1,2026-08-12T00:11:21Z
bcra_interest_bearing_liabilities,2007-11,monthly,18233.254882,million_usd,calculated,bcra_debt_variable_5_offset_3000,https://api.bcra.gob.ar/estadisticas/v4.0/Monetarias/5?offset=3000&limit=3000,8ae0cb62273c6a6bd4ff9e4dfcb1181d83f1af8efc3ff917ea66ddd184a7dbb1,2026-08-12T00:11:21Z
bcra_interest_bearing_liabilities,2007-12,monthly,16847.032688,million_usd,calculated,bcra_debt_variable_5_offset_3000,https://api.bcra.gob.ar/estadisticas/v4.0/Monetarias/5?offset=3000&limit=3000,8ae0cb62273c6a6bd4ff9e4dfcb1181d83f1af8efc3ff917ea66ddd184a7dbb1,2026-08-12T00:11:21Z
bcra_interest_bearing_liabilities,2008-01,monthly,20051.018791,million_usd,calculated,bcra_debt_variable_5_offset_3000,https://api.bcra.gob.ar/estadisticas/v4.0/Monetarias/5?offset=3000&limit=3000,8ae0cb62273c6a6bd4ff9e4dfcb1181d83f1af8efc3ff917ea66ddd184a7dbb1,2026-08-12T00:11:21Z
bcra_interest_bearing_liabilities,2008-02,monthly,19737.233672,million_usd,calculated,bcra_debt_variable_5_offset_3000,https://api.bcra.gob.ar/estadisticas/v4.0/Monetarias/5?offset=3000&limit=3000,8ae0cb62273c6a6bd4ff9e4dfcb1181d83f1af8efc3ff917ea66ddd184a7dbb1,2026-08-12T00:11:21Z
bcra_interest_bearing_liabilities,2008-03,monthly,19972.514454,million_usd,calculated,bcra_debt_variable_5_offset_3000,https://api.bcra.gob.ar/estadisticas/v4.0/Monetarias/5?offset=3000&limit=3000,8ae0cb62273c6a6bd4ff9e4dfcb1181d83f1af8efc3ff917ea66ddd184a7dbb1,2026-08-12T00:11:21Z
bcra_interest_bearing_liabilities,2008-04,monthly,19597.281492,million_usd,calculated,bcra_debt_variable_5_offset_3000,https://api.bcra.gob.ar/estadisticas/v4.0/Monetarias/5?offset=3000&limit=3000,8ae0cb62273c6a6bd4ff9e4dfcb1181d83f1af8efc3ff917ea66ddd184a7dbb1,2026-08-12T00:11:21Z
bcra_interest_bearing_liabilities,2008-05,monthly,18718.122539,million_usd,calculated,bcra_debt_variable_5_offset_3000,https://api.bcra.gob.ar/estadisticas/v4.0/Monetarias/5?offset=3000&limit=3000,8ae0cb62273c6a6bd4ff9e4dfcb1181d83f1af8efc3ff917ea66ddd184a7dbb1,2026-08-12T00:11:21Z
bcra_interest_bearing_liabilities,2008-06,monthly,17721.380861,million_usd,calculated,bcra_debt_variable_5_offset_3000,https://api.bcra.gob.ar/estadisticas/v4.0/Monetarias/5?offset=3000&limit=3000,8ae0cb62273c6a6bd4ff9e4dfcb1181d83f1af8efc3ff917ea66ddd184a7dbb1,2026-08-12T00:11:21Z
bcra_interest_bearing_liabilities,2008-07,monthly,20390.364626,million_usd,calculated,bcra_debt_variable_5_offset_3000,https://api.bcra.gob.ar/estadisticas/v4.0/Monetarias/5?offset=3000&limit=3000,8ae0cb62273c6a6bd4ff9e4dfcb1181d83f1af8efc3ff917ea66ddd184a7dbb1,2026-08-12T00:11:21Z
bcra_interest_bearing_liabilities,2008-08,monthly,20461.899102,million_usd,calculated,bcra_debt_variable_5_offset_3000,https://api.bcra.gob.ar/estadisticas/v4.0/Monetarias/5?offset=3000&limit=3000,8ae0cb62273c6a6bd4ff9e4dfcb1181d83f1af8efc3ff917ea66ddd184a7dbb1,2026-08-12T00:11:21Z
bcra_interest_bearing_liabilities,2008-09,monthly,19398.760463,million_usd,calculated,bcra_debt_variable_5_offset_3000,https://api.bcra.gob.ar/estadisticas/v4.0/Monetarias/5?offset=3000&limit=3000,8ae0cb62273c6a6bd4ff9e4dfcb1181d83f1af8efc3ff917ea66ddd184a7dbb1,2026-08-12T00:11:21Z
bcra_interest_bearing_liabilities,2008-10,monthly,15105.356614,million_usd,calculated,bcra_debt_variable_5_offset_3000,https://api.bcra.gob.ar/estadisticas/v4.0/Monetarias/5?offset=3000&limit=3000,8ae0cb62273c6a6bd4ff9e4dfcb1181d83f1af8efc3ff917ea66ddd184a7dbb1,2026-08-12T00:11:21Z
bcra_interest_bearing_liabilities,2008-11,monthly,16019.590383,million_usd,calculated,bcra_debt_variable_5_offset_3000,https://api.bcra.gob.ar/estadisticas/v4.0/Monetarias/5?offset=3000&limit=3000,8ae0cb62273c6a6bd4ff9e4dfcb1181d83f1af8efc3ff917ea66ddd184a7dbb1,2026-08-12T00:11:21Z
bcra_interest_bearing_liabilities,2008-12,monthly,13880.186467,million_usd,calculated,bcra_debt_variable_5_offset_3000,https://api.bcra.gob.ar/estadisticas/v4.0/Monetarias/5?offset=3000&limit=3000,8ae0cb62273c6a6bd4ff9e4dfcb1181d83f1af8efc3ff917ea66ddd184a7dbb1,2026-08-12T00:11:21Z
bcra_interest_bearing_liabilities,2009-01,monthly,15671.111111,million_usd,calculated,bcra_debt_variable_5_offset_3000,https://api.bcra.gob.ar/estadisticas/v4.0/Monetarias/5?offset=3000&limit=3000,8ae0cb62273c6a6bd4ff9e4dfcb1181d83f1af8efc3ff917ea66ddd184a7dbb1,2026-08-12T00:11:21Z
bcra_interest_bearing_liabilities,2009-02,monthly,14553.448518,million_usd,calculated,bcra_debt_variable_5_offset_3000,https://api.bcra.gob.ar/estadisticas/v4.0/Monetarias/5?offset=3000&limit=3000,8ae0cb62273c6a6bd4ff9e4dfcb1181d83f1af8efc3ff917ea66ddd184a7dbb1,2026-08-12T00:11:21Z
bcra_interest_bearing_liabilities,2009-03,monthly,13999.192137,million_usd,calculated,bcra_debt_variable_5_offset_3000,https://api.bcra.gob.ar/estadisticas/v4.0/Monetarias/5?offset=3000&limit=3000,8ae0cb62273c6a6bd4ff9e4dfcb1181d83f1af8efc3ff917ea66ddd184a7dbb1,2026-08-12T00:11:21Z
bcra_interest_bearing_liabilities,2009-04,monthly,13518.199903,million_usd,calculated,bcra_debt_variable_5_offset_3000,https://api.bcra.gob.ar/estadisticas/v4.0/Monetarias/5?offset=3000&limit=3000,8ae0cb62273c6a6bd4ff9e4dfcb1181d83f1af8efc3ff917ea66ddd184a7dbb1,2026-08-12T00:11:21Z
bcra_interest_bearing_liabilities,2009-05,monthly,14148.405178,million_usd,calculated,bcra_debt_variable_5_offset_3000,https://api.bcra.gob.ar/estadisticas/v4.0/Monetarias/5?offset=3000&limit=3000,8ae0cb62273c6a6bd4ff9e4dfcb1181d83f1af8efc3ff917ea66ddd184a7dbb1,2026-08-12T00:11:21Z
bcra_interest_bearing_liabilities,2009-06,monthly,12332.683390,million_usd,calculated,bcra_debt_variable_5_offset_3000,https://api.bcra.gob.ar/estadisticas/v4.0/Monetarias/5?offset=3000&limit=3000,8ae0cb62273c6a6bd4ff9e4dfcb1181d83f1af8efc3ff917ea66ddd184a7dbb1,2026-08-12T00:11:21Z
bcra_interest_bearing_liabilities,2009-07,monthly,12982.378280,million_usd,calculated,bcra_debt_variable_5_offset_3000,https://api.bcra.gob.ar/estadisticas/v4.0/Monetarias/5?offset=3000&limit=3000,8ae0cb62273c6a6bd4ff9e4dfcb1181d83f1af8efc3ff917ea66ddd184a7dbb1,2026-08-12T00:11:21Z
bcra_interest_bearing_liabilities,2009-08,monthly,12879.169371,million_usd,calculated,bcra_debt_variable_5_offset_3000,https://api.bcra.gob.ar/estadisticas/v4.0/Monetarias/5?offset=3000&limit=3000,8ae0cb62273c6a6bd4ff9e4dfcb1181d83f1af8efc3ff917ea66ddd184a7dbb1,2026-08-12T00:11:21Z
bcra_interest_bearing_liabilities,2009-09,monthly,13701.043537,million_usd,calculated,bcra_debt_variable_5_offset_3000,https://api.bcra.gob.ar/estadisticas/v4.0/Monetarias/5?offset=3000&limit=3000,8ae0cb62273c6a6bd4ff9e4dfcb1181d83f1af8efc3ff917ea66ddd184a7dbb1,2026-08-12T00:11:21Z
bcra_interest_bearing_liabilities,2009-10,monthly,14157.109191,million_usd,calculated,bcra_debt_variable_5_offset_3000,https://api.bcra.gob.ar/estadisticas/v4.0/Monetarias/5?offset=3000&limit=3000,8ae0cb62273c6a6bd4ff9e4dfcb1181d83f1af8efc3ff917ea66ddd184a7dbb1,2026-08-12T00:11:21Z
bcra_interest_bearing_liabilities,2009-11,monthly,14345.178731,million_usd,calculated,bcra_debt_variable_5_offset_3000,https://api.bcra.gob.ar/estadisticas/v4.0/Monetarias/5?offset=3000&limit=3000,8ae0cb62273c6a6bd4ff9e4dfcb1181d83f1af8efc3ff917ea66ddd184a7dbb1,2026-08-12T00:11:21Z
bcra_interest_bearing_liabilities,2009-12,monthly,13662.917797,million_usd,calculated,bcra_debt_variable_5_offset_3000,https://api.bcra.gob.ar/estadisticas/v4.0/Monetarias/5?offset=3000&limit=3000,8ae0cb62273c6a6bd4ff9e4dfcb1181d83f1af8efc3ff917ea66ddd184a7dbb1,2026-08-12T00:11:21Z
bcra_interest_bearing_liabilities,2010-01,monthly,15381.637457,million_usd,calculated,bcra_debt_variable_5_offset_3000,https://api.bcra.gob.ar/estadisticas/v4.0/Monetarias/5?offset=3000&limit=3000,8ae0cb62273c6a6bd4ff9e4dfcb1181d83f1af8efc3ff917ea66ddd184a7dbb1,2026-08-12T00:11:21Z
bcra_interest_bearing_liabilities,2010-02,monthly,16288.667807,million_usd,calculated,bcra_debt_variable_5_offset_3000,https://api.bcra.gob.ar/estadisticas/v4.0/Monetarias/5?offset=3000&limit=3000,8ae0cb62273c6a6bd4ff9e4dfcb1181d83f1af8efc3ff917ea66ddd184a7dbb1,2026-08-12T00:11:21Z
bcra_interest_bearing_liabilities,2010-03,monthly,15159.817352,million_usd,calculated,bcra_debt_variable_5_offset_3000,https://api.bcra.gob.ar/estadisticas/v4.0/Monetarias/5?offset=3000&limit=3000,8ae0cb62273c6a6bd4ff9e4dfcb1181d83f1af8efc3ff917ea66ddd184a7dbb1,2026-08-12T00:11:21Z
bcra_interest_bearing_liabilities,2010-04,monthly,17140.908857,million_usd,calculated,bcra_debt_variable_5_offset_3000,https://api.bcra.gob.ar/estadisticas/v4.0/Monetarias/5?offset=3000&limit=3000,8ae0cb62273c6a6bd4ff9e4dfcb1181d83f1af8efc3ff917ea66ddd184a7dbb1,2026-08-12T00:11:21Z
bcra_interest_bearing_liabilities,2010-05,monthly,18054.140776,million_usd,calculated,bcra_debt_variable_5_offset_3000,https://api.bcra.gob.ar/estadisticas/v4.0/Monetarias/5?offset=3000&limit=3000,8ae0cb62273c6a6bd4ff9e4dfcb1181d83f1af8efc3ff917ea66ddd184a7dbb1,2026-08-12T00:11:21Z
bcra_interest_bearing_liabilities,2010-06,monthly,18089.170355,million_usd,calculated,bcra_debt_variable_5_offset_3000,https://api.bcra.gob.ar/estadisticas/v4.0/Monetarias/5?offset=3000&limit=3000,8ae0cb62273c6a6bd4ff9e4dfcb1181d83f1af8efc3ff917ea66ddd184a7dbb1,2026-08-12T00:11:21Z
bcra_interest_bearing_liabilities,2010-07,monthly,18751.618226,million_usd,calculated,bcra_debt_variable_5_offset_3000,https://api.bcra.gob.ar/estadisticas/v4.0/Monetarias/5?offset=3000&limit=3000,8ae0cb62273c6a6bd4ff9e4dfcb1181d83f1af8efc3ff917ea66ddd184a7dbb1,2026-08-12T00:11:21Z
bcra_interest_bearing_liabilities,2010-08,monthly,19820.999063,million_usd,calculated,bcra_debt_variable_5_offset_3000,https://api.bcra.gob.ar/estadisticas/v4.0/Monetarias/5?offset=3000&limit=3000,8ae0cb62273c6a6bd4ff9e4dfcb1181d83f1af8efc3ff917ea66ddd184a7dbb1,2026-08-12T00:11:21Z
bcra_interest_bearing_liabilities,2010-09,monthly,19946.726589,million_usd,calculated,bcra_debt_variable_5_offset_3000,https://api.bcra.gob.ar/estadisticas/v4.0/Monetarias/5?offset=3000&limit=3000,8ae0cb62273c6a6bd4ff9e4dfcb1181d83f1af8efc3ff917ea66ddd184a7dbb1,2026-08-12T00:11:21Z
bcra_interest_bearing_liabilities,2010-10,monthly,21474.349254,million_usd,calculated,bcra_debt_variable_5_offset_3000,https://api.bcra.gob.ar/estadisticas/v4.0/Monetarias/5?offset=3000&limit=3000,8ae0cb62273c6a6bd4ff9e4dfcb1181d83f1af8efc3ff917ea66ddd184a7dbb1,2026-08-12T00:11:21Z
bcra_interest_bearing_liabilities,2010-11,monthly,20841.867470,million_usd,calculated,bcra_debt_variable_5_offset_3000,https://api.bcra.gob.ar/estadisticas/v4.0/Monetarias/5?offset=3000&limit=3000,8ae0cb62273c6a6bd4ff9e4dfcb1181d83f1af8efc3ff917ea66ddd184a7dbb1,2026-08-12T00:11:21Z
bcra_interest_bearing_liabilities,2010-12,monthly,21352.432215,million_usd,calculated,bcra_debt_variable_5_offset_3000,https://api.bcra.gob.ar/estadisticas/v4.0/Monetarias/5?offset=3000&limit=3000,8ae0cb62273c6a6bd4ff9e4dfcb1181d83f1af8efc3ff917ea66ddd184a7dbb1,2026-08-12T00:11:21Z
bcra_interest_bearing_liabilities,2011-01,monthly,22381.023795,million_usd,calculated,bcra_debt_variable_5_offset_3000,https://api.bcra.gob.ar/estadisticas/v4.0/Monetarias/5?offset=3000&limit=3000,8ae0cb62273c6a6bd4ff9e4dfcb1181d83f1af8efc3ff917ea66ddd184a7dbb1,2026-08-12T00:11:21Z
bcra_interest_bearing_liabilities,2011-02,monthly,22855.228880,million_usd,calculated,bcra_debt_variable_5_offset_3000,https://api.bcra.gob.ar/estadisticas/v4.0/Monetarias/5?offset=3000&limit=3000,8ae0cb62273c6a6bd4ff9e4dfcb1181d83f1af8efc3ff917ea66ddd184a7dbb1,2026-08-12T00:11:21Z
bcra_interest_bearing_liabilities,2011-03,monthly,25201.628825,million_usd,calculated,bcra_debt_variable_5_offset_3000,https://api.bcra.gob.ar/estadisticas/v4.0/Monetarias/5?offset=3000&limit=3000,8ae0cb62273c6a6bd4ff9e4dfcb1181d83f1af8efc3ff917ea66ddd184a7dbb1,2026-08-12T00:11:21Z
bcra_interest_bearing_liabilities,2011-04,monthly,24410.733979,million_usd,calculated,bcra_debt_variable_5_offset_3000,https://api.bcra.gob.ar/estadisticas/v4.0/Monetarias/5?offset=3000&limit=3000,8ae0cb62273c6a6bd4ff9e4dfcb1181d83f1af8efc3ff917ea66ddd184a7dbb1,2026-08-12T00:11:21Z
bcra_interest_bearing_liabilities,2011-05,monthly,24236.065253,million_usd,calculated,bcra_debt_variable_5_offset_3000,https://api.bcra.gob.ar/estadisticas/v4.0/Monetarias/5?offset=3000&limit=3000,8ae0cb62273c6a6bd4ff9e4dfcb1181d83f1af8efc3ff917ea66ddd184a7dbb1,2026-08-12T00:11:21Z
bcra_interest_bearing_liabilities,2011-06,monthly,23915.349063,million_usd,calculated,bcra_debt_variable_5_offset_3000,https://api.bcra.gob.ar/estadisticas/v4.0/Monetarias/5?offset=3000&limit=3000,8ae0cb62273c6a6bd4ff9e4dfcb1181d83f1af8efc3ff917ea66ddd184a7dbb1,2026-08-12T00:11:21Z
bcra_interest_bearing_liabilities,2011-07,monthly,22709.630702,million_usd,calculated,bcra_debt_variable_5_offset_3000,https://api.bcra.gob.ar/estadisticas/v4.0/Monetarias/5?offset=3000&limit=3000,8ae0cb62273c6a6bd4ff9e4dfcb1181d83f1af8efc3ff917ea66ddd184a7dbb1,2026-08-12T00:11:21Z
bcra_interest_bearing_liabilities,2011-08,monthly,22646.981784,million_usd,calculated,bcra_debt_variable_5_offset_3000,https://api.bcra.gob.ar/estadisticas/v4.0/Monetarias/5?offset=3000&limit=3000,8ae0cb62273c6a6bd4ff9e4dfcb1181d83f1af8efc3ff917ea66ddd184a7dbb1,2026-08-12T00:11:21Z
bcra_interest_bearing_liabilities,2011-09,monthly,20958.734689,million_usd,calculated,bcra_debt_variable_5_offset_3000,https://api.bcra.gob.ar/estadisticas/v4.0/Monetarias/5?offset=3000&limit=3000,8ae0cb62273c6a6bd4ff9e4dfcb1181d83f1af8efc3ff917ea66ddd184a7dbb1,2026-08-12T00:11:21Z
bcra_interest_bearing_liabilities,2011-10,monthly,20018.887971,million_usd,calculated,bcra_debt_variable_5_offset_3000,https://api.bcra.gob.ar/estadisticas/v4.0/Monetarias/5?offset=3000&limit=3000,8ae0cb62273c6a6bd4ff9e4dfcb1181d83f1af8efc3ff917ea66ddd184a7dbb1,2026-08-12T00:11:21Z
bcra_interest_bearing_liabilities,2011-11,monthly,18923.774149,million_usd,calculated,bcra_debt_variable_5_offset_3000,https://api.bcra.gob.ar/estadisticas/v4.0/Monetarias/5?offset=3000&limit=3000,8ae0cb62273c6a6bd4ff9e4dfcb1181d83f1af8efc3ff917ea66ddd184a7dbb1,2026-08-12T00:11:21Z
bcra_interest_bearing_liabilities,2011-12,monthly,18460.912809,million_usd,calculated,bcra_debt_variable_5_offset_3000,https://api.bcra.gob.ar/estadisticas/v4.0/Monetarias/5?offset=3000&limit=3000,8ae0cb62273c6a6bd4ff9e4dfcb1181d83f1af8efc3ff917ea66ddd184a7dbb1,2026-08-12T00:11:21Z
bcra_interest_bearing_liabilities,2012-01,monthly,21216.041695,million_usd,calculated,bcra_debt_variable_5_offset_3000,https://api.bcra.gob.ar/estadisticas/v4.0/Monetarias/5?offset=3000&limit=3000,8ae0cb62273c6a6bd4ff9e4dfcb1181d83f1af8efc3ff917ea66ddd184a7dbb1,2026-08-12T00:11:21Z
bcra_interest_bearing_liabilities,2012-02,monthly,24602.777459,million_usd,calculated,bcra_debt_variable_5_offset_3000,https://api.bcra.gob.ar/estadisticas/v4.0/Monetarias/5?offset=3000&limit=3000,8ae0cb62273c6a6bd4ff9e4dfcb1181d83f1af8efc3ff917ea66ddd184a7dbb1,2026-08-12T00:11:21Z
bcra_interest_bearing_liabilities,2012-03,monthly,22508.164897,million_usd,calculated,bcra_debt_variable_5_offset_3000,https://api.bcra.gob.ar/estadisticas/v4.0/Monetarias/5?offset=3000&limit=3000,8ae0cb62273c6a6bd4ff9e4dfcb1181d83f1af8efc3ff917ea66ddd184a7dbb1,2026-08-12T00:11:21Z
bcra_interest_bearing_liabilities,2012-04,monthly,24052.505210,million_usd,calculated,bcra_debt_variable_5_offset_3000,https://api.bcra.gob.ar/estadisticas/v4.0/Monetarias/5?offset=3000&limit=3000,8ae0cb62273c6a6bd4ff9e4dfcb1181d83f1af8efc3ff917ea66ddd184a7dbb1,2026-08-12T00:11:21Z
bcra_interest_bearing_liabilities,2012-05,monthly,25170.979357,million_usd,calculated,bcra_debt_variable_5_offset_3000,https://api.bcra.gob.ar/estadisticas/v4.0/Monetarias/5?offset=3000&limit=3000,8ae0cb62273c6a6bd4ff9e4dfcb1181d83f1af8efc3ff917ea66ddd184a7dbb1,2026-08-12T00:11:21Z
bcra_interest_bearing_liabilities,2012-06,monthly,22397.852076,million_usd,calculated,bcra_debt_variable_5_offset_3000,https://api.bcra.gob.ar/estadisticas/v4.0/Monetarias/5?offset=3000&limit=3000,8ae0cb62273c6a6bd4ff9e4dfcb1181d83f1af8efc3ff917ea66ddd184a7dbb1,2026-08-12T00:11:21Z
bcra_interest_bearing_liabilities,2012-07,monthly,24018.501953,million_usd,calculated,bcra_debt_variable_5_offset_3000,https://api.bcra.gob.ar/estadisticas/v4.0/Monetarias/5?offset=3000&limit=3000,8ae0cb62273c6a6bd4ff9e4dfcb1181d83f1af8efc3ff917ea66ddd184a7dbb1,2026-08-12T00:11:21Z
bcra_interest_bearing_liabilities,2012-08,monthly,22095.065484,million_usd,calculated,bcra_debt_variable_5_offset_3000,https://api.bcra.gob.ar/estadisticas/v4.0/Monetarias/5?offset=3000&limit=3000,8ae0cb62273c6a6bd4ff9e4dfcb1181d83f1af8efc3ff917ea66ddd184a7dbb1,2026-08-12T00:11:21Z
bcra_interest_bearing_liabilities,2012-09,monthly,21480.337438,million_usd,calculated,bcra_debt_variable_5_offset_3000,https://api.bcra.gob.ar/estadisticas/v4.0/Monetarias/5?offset=3000&limit=3000,8ae0cb62273c6a6bd4ff9e4dfcb1181d83f1af8efc3ff917ea66ddd184a7dbb1,2026-08-12T00:11:21Z
bcra_interest_bearing_liabilities,2012-10,monthly,21816.598468,million_usd,calculated,bcra_debt_variable_5_offset_3000,https://api.bcra.gob.ar/estadisticas/v4.0/Monetarias/5?offset=3000&limit=3000,8ae0cb62273c6a6bd4ff9e4dfcb1181d83f1af8efc3ff917ea66ddd184a7dbb1,2026-08-12T00:11:21Z
bcra_interest_bearing_liabilities,2012-11,monthly,23280.648765,million_usd,calculated,bcra_debt_variable_5_offset_3000,https://api.bcra.gob.ar/estadisticas/v4.0/Monetarias/5?offset=3000&limit=3000,8ae0cb62273c6a6bd4ff9e4dfcb1181d83f1af8efc3ff917ea66ddd184a7dbb1,2026-08-12T00:11:21Z
bcra_interest_bearing_liabilities,2012-12,monthly,19211.762553,million_usd,calculated,bcra_debt_variable_5_offset_3000,https://api.bcra.gob.ar/estadisticas/v4.0/Monetarias/5?offset=3000&limit=3000,8ae0cb62273c6a6bd4ff9e4dfcb1181d83f1af8efc3ff917ea66ddd184a7dbb1,2026-08-12T00:11:21Z
bcra_interest_bearing_liabilities,2013-01,monthly,23228.178749,million_usd,calculated,bcra_debt_variable_5_offset_3000,https://api.bcra.gob.ar/estadisticas/v4.0/Monetarias/5?offset=3000&limit=3000,8ae0cb62273c6a6bd4ff9e4dfcb1181d83f1af8efc3ff917ea66ddd184a7dbb1,2026-08-12T00:11:21Z
bcra_interest_bearing_liabilities,2013-02,monthly,23024.302252,million_usd,calculated,bcra_debt_variable_5_offset_3000,https://api.bcra.gob.ar/estadisticas/v4.0/Monetarias/5?offset=3000&limit=3000,8ae0cb62273c6a6bd4ff9e4dfcb1181d83f1af8efc3ff917ea66ddd184a7dbb1,2026-08-12T00:11:21Z
bcra_interest_bearing_liabilities,2013-03,monthly,20173.164399,million_usd,calculated,bcra_debt_variable_5_offset_3000,https://api.bcra.gob.ar/estadisticas/v4.0/Monetarias/5?offset=3000&limit=3000,8ae0cb62273c6a6bd4ff9e4dfcb1181d83f1af8efc3ff917ea66ddd184a7dbb1,2026-08-12T00:11:21Z
bcra_interest_bearing_liabilities,2013-04,monthly,23234.375000,million_usd,calculated,bcra_debt_variable_5_offset_3000,https://api.bcra.gob.ar/estadisticas/v4.0/Monetarias/5?offset=3000&limit=3000,8ae0cb62273c6a6bd4ff9e4dfcb1181d83f1af8efc3ff917ea66ddd184a7dbb1,2026-08-12T00:11:21Z
bcra_interest_bearing_liabilities,2013-05,monthly,20398.205803,million_usd,calculated,bcra_debt_variable_5_offset_3000,https://api.bcra.gob.ar/estadisticas/v4.0/Monetarias/5?offset=3000&limit=3000,8ae0cb62273c6a6bd4ff9e4dfcb1181d83f1af8efc3ff917ea66ddd184a7dbb1,2026-08-12T00:11:21Z
bcra_interest_bearing_liabilities,2013-06,monthly,20841.194385,million_usd,calculated,bcra_debt_variable_5_offset_3000,https://api.bcra.gob.ar/estadisticas/v4.0/Monetarias/5?offset=3000&limit=3000,8ae0cb62273c6a6bd4ff9e4dfcb1181d83f1af8efc3ff917ea66ddd184a7dbb1,2026-08-12T00:11:21Z
bcra_interest_bearing_liabilities,2013-07,monthly,20919.458821,million_usd,calculated,bcra_debt_variable_5_offset_3000,https://api.bcra.gob.ar/estadisticas/v4.0/Monetarias/5?offset=3000&limit=3000,8ae0cb62273c6a6bd4ff9e4dfcb1181d83f1af8efc3ff917ea66ddd184a7dbb1,2026-08-12T00:11:21Z
bcra_interest_bearing_liabilities,2013-08,monthly,20768.254192,million_usd,calculated,bcra_debt_variable_5_offset_3000,https://api.bcra.gob.ar/estadisticas/v4.0/Monetarias/5?offset=3000&limit=3000,8ae0cb62273c6a6bd4ff9e4dfcb1181d83f1af8efc3ff917ea66ddd184a7dbb1,2026-08-12T00:11:21Z
bcra_interest_bearing_liabilities,2013-09,monthly,21503.582837,million_usd,calculated,bcra_debt_variable_5_offset_3000,https://api.bcra.gob.ar/estadisticas/v4.0/Monetarias/5?offset=3000&limit=3000,8ae0cb62273c6a6bd4ff9e4dfcb1181d83f1af8efc3ff917ea66ddd184a7dbb1,2026-08-12T00:11:21Z
bcra_interest_bearing_liabilities,2013-10,monthly,21573.052717,million_usd,calculated,bcra_debt_variable_5_offset_3000,https://api.bcra.gob.ar/estadisticas/v4.0/Monetarias/5?offset=3000&limit=3000,8ae0cb62273c6a6bd4ff9e4dfcb1181d83f1af8efc3ff917ea66ddd184a7dbb1,2026-08-12T00:11:21Z
bcra_interest_bearing_liabilities,2013-11,monthly,19711.049544,million_usd,calculated,bcra_debt_variable_5_offset_3000,https://api.bcra.gob.ar/estadisticas/v4.0/Monetarias/5?offset=3000&limit=3000,8ae0cb62273c6a6bd4ff9e4dfcb1181d83f1af8efc3ff917ea66ddd184a7dbb1,2026-08-12T00:11:21Z
bcra_interest_bearing_liabilities,2013-12,monthly,15436.176741,million_usd,calculated,bcra_debt_variable_5_offset_3000,https://api.bcra.gob.ar/estadisticas/v4.0/Monetarias/5?offset=3000&limit=3000,8ae0cb62273c6a6bd4ff9e4dfcb1181d83f1af8efc3ff917ea66ddd184a7dbb1,2026-08-12T00:11:21Z
bcra_interest_bearing_liabilities,2014-01,monthly,14992.517024,million_usd,calculated,bcra_debt_variable_5_offset_3000,https://api.bcra.gob.ar/estadisticas/v4.0/Monetarias/5?offset=3000&limit=3000,8ae0cb62273c6a6bd4ff9e4dfcb1181d83f1af8efc3ff917ea66ddd184a7dbb1,2026-08-12T00:11:21Z
bcra_interest_bearing_liabilities,2014-02,monthly,19134.446955,million_usd,calculated,bcra_debt_variable_5_offset_3000,https://api.bcra.gob.ar/estadisticas/v4.0/Monetarias/5?offset=3000&limit=3000,8ae0cb62273c6a6bd4ff9e4dfcb1181d83f1af8efc3ff917ea66ddd184a7dbb1,2026-08-12T00:11:21Z
bcra_interest_bearing_liabilities,2014-03,monthly,20436.964718,million_usd,calculated,bcra_debt_variable_5_offset_3000,https://api.bcra.gob.ar/estadisticas/v4.0/Monetarias/5?offset=3000&limit=3000,8ae0cb62273c6a6bd4ff9e4dfcb1181d83f1af8efc3ff917ea66ddd184a7dbb1,2026-08-12T00:11:21Z
bcra_interest_bearing_liabilities,2014-04,monthly,21902.893208,million_usd,calculated,bcra_debt_variable_5_offset_3000,https://api.bcra.gob.ar/estadisticas/v4.0/Monetarias/5?offset=3000&limit=3000,8ae0cb62273c6a6bd4ff9e4dfcb1181d83f1af8efc3ff917ea66ddd184a7dbb1,2026-08-12T00:11:21Z
bcra_interest_bearing_liabilities,2014-05,monthly,23797.739456,million_usd,calculated,bcra_debt_variable_5_offset_3000,https://api.bcra.gob.ar/estadisticas/v4.0/Monetarias/5?offset=3000&limit=3000,8ae0cb62273c6a6bd4ff9e4dfcb1181d83f1af8efc3ff917ea66ddd184a7dbb1,2026-08-12T00:11:21Z
bcra_interest_bearing_liabilities,2014-06,monthly,23431.947570,million_usd,calculated,bcra_debt_variable_5_offset_3000,https://api.bcra.gob.ar/estadisticas/v4.0/Monetarias/5?offset=3000&limit=3000,8ae0cb62273c6a6bd4ff9e4dfcb1181d83f1af8efc3ff917ea66ddd184a7dbb1,2026-08-12T00:11:21Z
bcra_interest_bearing_liabilities,2014-07,monthly,25457.357921,million_usd,calculated,bcra_debt_variable_5_offset_3000,https://api.bcra.gob.ar/estadisticas/v4.0/Monetarias/5?offset=3000&limit=3000,8ae0cb62273c6a6bd4ff9e4dfcb1181d83f1af8efc3ff917ea66ddd184a7dbb1,2026-08-12T00:11:21Z
bcra_interest_bearing_liabilities,2014-08,monthly,26420.157068,million_usd,calculated,bcra_debt_variable_5_offset_3000,https://api.bcra.gob.ar/estadisticas/v4.0/Monetarias/5?offset=3000&limit=3000,8ae0cb62273c6a6bd4ff9e4dfcb1181d83f1af8efc3ff917ea66ddd184a7dbb1,2026-08-12T00:11:21Z
bcra_interest_bearing_liabilities,2014-09,monthly,28219.817351,million_usd,calculated,bcra_debt_variable_5_offset_3000,https://api.bcra.gob.ar/estadisticas/v4.0/Monetarias/5?offset=3000&limit=3000,8ae0cb62273c6a6bd4ff9e4dfcb1181d83f1af8efc3ff917ea66ddd184a7dbb1,2026-08-12T00:11:21Z
bcra_interest_bearing_liabilities,2014-10,monthly,27659.927314,million_usd,calculated,bcra_debt_variable_5_offset_3000,https://api.bcra.gob.ar/estadisticas/v4.0/Monetarias/5?offset=3000&limit=3000,8ae0cb62273c6a6bd4ff9e4dfcb1181d83f1af8efc3ff917ea66ddd184a7dbb1,2026-08-12T00:11:21Z
bcra_interest_bearing_liabilities,2014-11,monthly,31453.052607,million_usd,calculated,bcra_debt_variable_5_offset_3000,https://api.bcra.gob.ar/estadisticas/v4.0/Monetarias/5?offset=3000&limit=3000,8ae0cb62273c6a6bd4ff9e4dfcb1181d83f1af8efc3ff917ea66ddd184a7dbb1,2026-08-12T00:11:21Z
bcra_interest_bearing_liabilities,2014-12,monthly,30406.454630,million_usd,calculated,bcra_debt_variable_5_offset_3000,https://api.bcra.gob.ar/estadisticas/v4.0/Monetarias/5?offset=3000&limit=3000,8ae0cb62273c6a6bd4ff9e4dfcb1181d83f1af8efc3ff917ea66ddd184a7dbb1,2026-08-12T00:11:21Z
bcra_interest_bearing_liabilities,2015-01,monthly,32707.679843,million_usd,calculated,bcra_debt_variable_5_offset_3000,https://api.bcra.gob.ar/estadisticas/v4.0/Monetarias/5?offset=3000&limit=3000,8ae0cb62273c6a6bd4ff9e4dfcb1181d83f1af8efc3ff917ea66ddd184a7dbb1,2026-08-12T00:11:21Z
bcra_interest_bearing_liabilities,2015-02,monthly,34658.597251,million_usd,calculated,bcra_debt_variable_5_offset_3000,https://api.bcra.gob.ar/estadisticas/v4.0/Monetarias/5?offset=3000&limit=3000,8ae0cb62273c6a6bd4ff9e4dfcb1181d83f1af8efc3ff917ea66ddd184a7dbb1,2026-08-12T00:11:21Z
bcra_interest_bearing_liabilities,2015-03,monthly,35012.642153,million_usd,calculated,bcra_debt_variable_5_offset_3000,https://api.bcra.gob.ar/estadisticas/v4.0/Monetarias/5?offset=3000&limit=3000,8ae0cb62273c6a6bd4ff9e4dfcb1181d83f1af8efc3ff917ea66ddd184a7dbb1,2026-08-12T00:11:21Z
bcra_interest_bearing_liabilities,2015-04,monthly,33169.449841,million_usd,calculated,bcra_debt_variable_5_offset_3000,https://api.bcra.gob.ar/estadisticas/v4.0/Monetarias/5?offset=3000&limit=3000,8ae0cb62273c6a6bd4ff9e4dfcb1181d83f1af8efc3ff917ea66ddd184a7dbb1,2026-08-12T00:11:21Z
bcra_interest_bearing_liabilities,2015-05,monthly,35660.729979,million_usd,calculated,bcra_debt_variable_5_offset_3000,https://api.bcra.gob.ar/estadisticas/v4.0/Monetarias/5?offset=3000&limit=3000,8ae0cb62273c6a6bd4ff9e4dfcb1181d83f1af8efc3ff917ea66ddd184a7dbb1,2026-08-12T00:11:21Z
bcra_interest_bearing_liabilities,2015-06,monthly,37304.132504,million_usd,calculated,bcra_debt_variable_5_offset_3000,https://api.bcra.gob.ar/estadisticas/v4.0/Monetarias/5?offset=3000&limit=3000,8ae0cb62273c6a6bd4ff9e4dfcb1181d83f1af8efc3ff917ea66ddd184a7dbb1,2026-08-12T00:11:21Z
bcra_interest_bearing_liabilities,2015-07,monthly,35351.082473,million_usd,calculated,bcra_debt_variable_5_offset_3000,https://api.bcra.gob.ar/estadisticas/v4.0/Monetarias/5?offset=3000&limit=3000,8ae0cb62273c6a6bd4ff9e4dfcb1181d83f1af8efc3ff917ea66ddd184a7dbb1,2026-08-12T00:11:21Z
bcra_interest_bearing_liabilities,2015-08,monthly,37034.048733,million_usd,calculated,bcra_debt_variable_5_offset_3000,https://api.bcra.gob.ar/estadisticas/v4.0/Monetarias/5?offset=3000&limit=3000,8ae0cb62273c6a6bd4ff9e4dfcb1181d83f1af8efc3ff917ea66ddd184a7dbb1,2026-08-12T00:11:21Z
bcra_interest_bearing_liabilities,2015-09,monthly,34854.977068,million_usd,calculated,bcra_debt_variable_5_offset_3000,https://api.bcra.gob.ar/estadisticas/v4.0/Monetarias/5?offset=3000&limit=3000,8ae0cb62273c6a6bd4ff9e4dfcb1181d83f1af8efc3ff917ea66ddd184a7dbb1,2026-08-12T00:11:21Z
bcra_interest_bearing_liabilities,2015-10,monthly,34385.711293,million_usd,calculated,bcra_debt_variable_5_offset_3000,https://api.bcra.gob.ar/estadisticas/v4.0/Monetarias/5?offset=3000&limit=3000,8ae0cb62273c6a6bd4ff9e4dfcb1181d83f1af8efc3ff917ea66ddd184a7dbb1,2026-08-12T00:11:21Z
bcra_interest_bearing_liabilities,2015-11,monthly,37717.382329,million_usd,calculated,bcra_debt_variable_5_offset_3000,https://api.bcra.gob.ar/estadisticas/v4.0/Monetarias/5?offset=3000&limit=3000,8ae0cb62273c6a6bd4ff9e4dfcb1181d83f1af8efc3ff917ea66ddd184a7dbb1,2026-08-12T00:11:21Z
bcra_interest_bearing_liabilities,2015-12,monthly,27415.763168,million_usd,calculated,bcra_debt_variable_5_offset_3000,https://api.bcra.gob.ar/estadisticas/v4.0/Monetarias/5?offset=3000&limit=3000,8ae0cb62273c6a6bd4ff9e4dfcb1181d83f1af8efc3ff917ea66ddd184a7dbb1,2026-08-12T00:11:21Z
bcra_interest_bearing_liabilities,2016-01,monthly,36561.780783,million_usd,calculated,bcra_debt_variable_5_offset_3000,https://api.bcra.gob.ar/estadisticas/v4.0/Monetarias/5?offset=3000&limit=3000,8ae0cb62273c6a6bd4ff9e4dfcb1181d83f1af8efc3ff917ea66ddd184a7dbb1,2026-08-12T00:11:21Z
bcra_interest_bearing_liabilities,2016-02,monthly,37539.110124,million_usd,calculated,bcra_debt_variable_5_offset_3000,https://api.bcra.gob.ar/estadisticas/v4.0/Monetarias/5?offset=3000&limit=3000,8ae0cb62273c6a6bd4ff9e4dfcb1181d83f1af8efc3ff917ea66ddd184a7dbb1,2026-08-12T00:11:21Z
bcra_interest_bearing_liabilities,2016-03,monthly,40515.749192,million_usd,calculated,bcra_debt_variable_5_offset_3000,https://api.bcra.gob.ar/estadisticas/v4.0/Monetarias/5?offset=3000&limit=3000,8ae0cb62273c6a6bd4ff9e4dfcb1181d83f1af8efc3ff917ea66ddd184a7dbb1,2026-08-12T00:11:21Z
bcra_interest_bearing_liabilities,2016-04,monthly,42114.432397,million_usd,calculated,bcra_debt_variable_5_offset_3000,https://api.bcra.gob.ar/estadisticas/v4.0/Monetarias/5?offset=3000&limit=3000,8ae0cb62273c6a6bd4ff9e4dfcb1181d83f1af8efc3ff917ea66ddd184a7dbb1,2026-08-12T00:11:21Z
bcra_interest_bearing_liabilities,2016-05,monthly,45199.818736,million_usd,calculated,bcra_debt_variable_5_offset_3000,https://api.bcra.gob.ar/estadisticas/v4.0/Monetarias/5?offset=3000&limit=3000,8ae0cb62273c6a6bd4ff9e4dfcb1181d83f1af8efc3ff917ea66ddd184a7dbb1,2026-08-12T00:11:21Z
bcra_interest_bearing_liabilities,2016-06,monthly,42739.477212,million_usd,calculated,bcra_debt_variable_5_offset_3000,https://api.bcra.gob.ar/estadisticas/v4.0/Monetarias/5?offset=3000&limit=3000,8ae0cb62273c6a6bd4ff9e4dfcb1181d83f1af8efc3ff917ea66ddd184a7dbb1,2026-08-12T00:11:21Z
bcra_interest_bearing_liabilities,2016-07,monthly,39966.745764,million_usd,calculated,bcra_debt_variable_5_offset_3000,https://api.bcra.gob.ar/estadisticas/v4.0/Monetarias/5?offset=3000&limit=3000,8ae0cb62273c6a6bd4ff9e4dfcb1181d83f1af8efc3ff917ea66ddd184a7dbb1,2026-08-12T00:11:21Z
bcra_interest_bearing_liabilities,2016-08,monthly,43413.427467,million_usd,calculated,bcra_debt_variable_5_offset_3000,https://api.bcra.gob.ar/estadisticas/v4.0/Monetarias/5?offset=3000&limit=3000,8ae0cb62273c6a6bd4ff9e4dfcb1181d83f1af8efc3ff917ea66ddd184a7dbb1,2026-08-12T00:11:21Z
bcra_interest_bearing_liabilities,2016-09,monthly,44231.869910,million_usd,calculated,bcra_debt_variable_5_offset_3000,https://api.bcra.gob.ar/estadisticas/v4.0/Monetarias/5?offset=3000&limit=3000,8ae0cb62273c6a6bd4ff9e4dfcb1181d83f1af8efc3ff917ea66ddd184a7dbb1,2026-08-12T00:11:21Z
bcra_interest_bearing_liabilities,2016-10,monthly,48055.586675,million_usd,calculated,bcra_debt_variable_5_offset_3000,https://api.bcra.gob.ar/estadisticas/v4.0/Monetarias/5?offset=3000&limit=3000,8ae0cb62273c6a6bd4ff9e4dfcb1181d83f1af8efc3ff917ea66ddd184a7dbb1,2026-08-12T00:11:21Z
bcra_interest_bearing_liabilities,2016-11,monthly,47852.602214,million_usd,calculated,bcra_debt_variable_5_offset_3000,https://api.bcra.gob.ar/estadisticas/v4.0/Monetarias/5?offset=3000&limit=3000,8ae0cb62273c6a6bd4ff9e4dfcb1181d83f1af8efc3ff917ea66ddd184a7dbb1,2026-08-12T00:11:21Z
bcra_interest_bearing_liabilities,2016-12,monthly,42295.617721,million_usd,calculated,bcra_debt_variable_5_offset_3000,https://api.bcra.gob.ar/estadisticas/v4.0/Monetarias/5?offset=3000&limit=3000,8ae0cb62273c6a6bd4ff9e4dfcb1181d83f1af8efc3ff917ea66ddd184a7dbb1,2026-08-12T00:11:21Z
bcra_interest_bearing_liabilities,2017-01,monthly,43906.747865,million_usd,calculated,bcra_debt_variable_5_offset_3000,https://api.bcra.gob.ar/estadisticas/v4.0/Monetarias/5?offset=3000&limit=3000,8ae0cb62273c6a6bd4ff9e4dfcb1181d83f1af8efc3ff917ea66ddd184a7dbb1,2026-08-12T00:11:21Z
bcra_interest_bearing_liabilities,2017-02,monthly,49077.515367,million_usd,calculated,bcra_debt_variable_5_offset_3000,https://api.bcra.gob.ar/estadisticas/v4.0/Monetarias/5?offset=3000&limit=3000,8ae0cb62273c6a6bd4ff9e4dfcb1181d83f1af8efc3ff917ea66ddd184a7dbb1,2026-08-12T00:11:21Z
bcra_interest_bearing_liabilities,2017-03,monthly,56503.725182,million_usd,calculated,bcra_debt_variable_5_offset_3000,https://api.bcra.gob.ar/estadisticas/v4.0/Monetarias/5?offset=3000&limit=3000,8ae0cb62273c6a6bd4ff9e4dfcb1181d83f1af8efc3ff917ea66ddd184a7dbb1,2026-08-12T00:11:21Z
bcra_interest_bearing_liabilities,2017-04,monthly,57460.782534,million_usd,calculated,bcra_debt_variable_5_offset_3000,https://api.bcra.gob.ar/estadisticas/v4.0/Monetarias/5?offset=3000&limit=3000,8ae0cb62273c6a6bd4ff9e4dfcb1181d83f1af8efc3ff917ea66ddd184a7dbb1,2026-08-12T00:11:21Z
bcra_interest_bearing_liabilities,2017-05,monthly,59716.949573,million_usd,calculated,bcra_debt_variable_5_offset_3000,https://api.bcra.gob.ar/estadisticas/v4.0/Monetarias/5?offset=3000&limit=3000,8ae0cb62273c6a6bd4ff9e4dfcb1181d83f1af8efc3ff917ea66ddd184a7dbb1,2026-08-12T00:11:21Z
bcra_interest_bearing_liabilities,2017-06,monthly,57137.693165,million_usd,calculated,bcra_debt_variable_5_offset_3000,https://api.bcra.gob.ar/estadisticas/v4.0/Monetarias/5?offset=3000&limit=3000,8ae0cb62273c6a6bd4ff9e4dfcb1181d83f1af8efc3ff917ea66ddd184a7dbb1,2026-08-12T00:11:21Z
bcra_interest_bearing_liabilities,2017-07,monthly,55381.437465,million_usd,calculated,bcra_debt_variable_5_offset_3000,https://api.bcra.gob.ar/estadisticas/v4.0/Monetarias/5?offset=3000&limit=3000,8ae0cb62273c6a6bd4ff9e4dfcb1181d83f1af8efc3ff917ea66ddd184a7dbb1,2026-08-12T00:11:21Z
bcra_interest_bearing_liabilities,2017-08,monthly,57604.261445,million_usd,calculated,bcra_debt_variable_5_offset_3000,https://api.bcra.gob.ar/estadisticas/v4.0/Monetarias/5?offset=3000&limit=3000,8ae0cb62273c6a6bd4ff9e4dfcb1181d83f1af8efc3ff917ea66ddd184a7dbb1,2026-08-12T00:11:21Z
bcra_interest_bearing_liabilities,2017-09,monthly,61422.079534,million_usd,calculated,bcra_debt_variable_5_offset_3000,https://api.bcra.gob.ar/estadisticas/v4.0/Monetarias/5?offset=3000&limit=3000,8ae0cb62273c6a6bd4ff9e4dfcb1181d83f1af8efc3ff917ea66ddd184a7dbb1,2026-08-12T00:11:21Z
bcra_interest_bearing_liabilities,2017-10,monthly,64339.522276,million_usd,calculated,bcra_debt_variable_5_offset_3000,https://api.bcra.gob.ar/estadisticas/v4.0/Monetarias/5?offset=3000&limit=3000,8ae0cb62273c6a6bd4ff9e4dfcb1181d83f1af8efc3ff917ea66ddd184a7dbb1,2026-08-12T00:11:21Z
bcra_interest_bearing_liabilities,2017-11,monthly,67352.354109,million_usd,calculated,bcra_debt_variable_5_offset_3000,https://api.bcra.gob.ar/estadisticas/v4.0/Monetarias/5?offset=3000&limit=3000,8ae0cb62273c6a6bd4ff9e4dfcb1181d83f1af8efc3ff917ea66ddd184a7dbb1,2026-08-12T00:11:21Z
bcra_interest_bearing_liabilities,2017-12,monthly,58631.899096,million_usd,calculated,bcra_debt_variable_5_offset_3000,https://api.bcra.gob.ar/estadisticas/v4.0/Monetarias/5?offset=3000&limit=3000,8ae0cb62273c6a6bd4ff9e4dfcb1181d83f1af8efc3ff917ea66ddd184a7dbb1,2026-08-12T00:11:21Z
bcra_interest_bearing_liabilities,2018-01,monthly,62769.316881,million_usd,calculated,bcra_debt_variable_5_offset_3000,https://api.bcra.gob.ar/estadisticas/v4.0/Monetarias/5?offset=3000&limit=3000,8ae0cb62273c6a6bd4ff9e4dfcb1181d83f1af8efc3ff917ea66ddd184a7dbb1,2026-08-12T00:11:21Z
bcra_interest_bearing_liabilities,2018-02,monthly,65557.046980,million_usd,calculated,bcra_debt_variable_5_offset_3000,https://api.bcra.gob.ar/estadisticas/v4.0/Monetarias/5?offset=3000&limit=3000,8ae0cb62273c6a6bd4ff9e4dfcb1181d83f1af8efc3ff917ea66ddd184a7dbb1,2026-08-12T00:11:21Z
bcra_interest_bearing_liabilities,2018-03,monthly,65635.720066,million_usd,calculated,bcra_debt_variable_5_offset_3000,https://api.bcra.gob.ar/estadisticas/v4.0/Monetarias/5?offset=3000&limit=3000,8ae0cb62273c6a6bd4ff9e4dfcb1181d83f1af8efc3ff917ea66ddd184a7dbb1,2026-08-12T00:11:21Z
bcra_interest_bearing_liabilities,2018-04,monthly,61181.004944,million_usd,calculated,bcra_debt_variable_5_offset_3000,https://api.bcra.gob.ar/estadisticas/v4.0/Monetarias/5?offset=3000&limit=3000,8ae0cb62273c6a6bd4ff9e4dfcb1181d83f1af8efc3ff917ea66ddd184a7dbb1,2026-08-12T00:11:21Z
bcra_interest_bearing_liabilities,2018-05,monthly,46115.923439,million_usd,calculated,bcra_debt_variable_5_offset_3000,https://api.bcra.gob.ar/estadisticas/v4.0/Monetarias/5?offset=3000&limit=3000,8ae0cb62273c6a6bd4ff9e4dfcb1181d83f1af8efc3ff917ea66ddd184a7dbb1,2026-08-12T00:11:21Z
bcra_interest_bearing_liabilities,2018-06,monthly,37658.211401,million_usd,calculated,bcra_debt_variable_5_offset_3000,https://api.bcra.gob.ar/estadisticas/v4.0/Monetarias/5?offset=3000&limit=3000,8ae0cb62273c6a6bd4ff9e4dfcb1181d83f1af8efc3ff917ea66ddd184a7dbb1,2026-08-12T00:11:21Z
bcra_interest_bearing_liabilities,2018-07,monthly,39287.117125,million_usd,calculated,bcra_debt_variable_5_offset_3000,https://api.bcra.gob.ar/estadisticas/v4.0/Monetarias/5?offset=3000&limit=3000,8ae0cb62273c6a6bd4ff9e4dfcb1181d83f1af8efc3ff917ea66ddd184a7dbb1,2026-08-12T00:11:21Z
bcra_interest_bearing_liabilities,2018-08,monthly,24123.690236,million_usd,calculated,bcra_debt_variable_5_offset_3000,https://api.bcra.gob.ar/estadisticas/v4.0/Monetarias/5?offset=3000&limit=3000,8ae0cb62273c6a6bd4ff9e4dfcb1181d83f1af8efc3ff917ea66ddd184a7dbb1,2026-08-12T00:11:21Z
bcra_interest_bearing_liabilities,2018-09,monthly,18910.792313,million_usd,calculated,bcra_debt_variable_5_offset_3000,https://api.bcra.gob.ar/estadisticas/v4.0/Monetarias/5?offset=3000&limit=3000,8ae0cb62273c6a6bd4ff9e4dfcb1181d83f1af8efc3ff917ea66ddd184a7dbb1,2026-08-12T00:11:21Z
bcra_interest_bearing_liabilities,2018-10,monthly,23715.228184,million_usd,calculated,bcra_debt_variable_5_offset_3000,https://api.bcra.gob.ar/estadisticas/v4.0/Monetarias/5?offset=3000&limit=3000,8ae0cb62273c6a6bd4ff9e4dfcb1181d83f1af8efc3ff917ea66ddd184a7dbb1,2026-08-12T00:11:21Z
bcra_interest_bearing_liabilities,2018-11,monthly,21496.356028,million_usd,calculated,bcra_debt_variable_5_offset_3000,https://api.bcra.gob.ar/estadisticas/v4.0/Monetarias/5?offset=3000&limit=3000,8ae0cb62273c6a6bd4ff9e4dfcb1181d83f1af8efc3ff917ea66ddd184a7dbb1,2026-08-12T00:11:21Z
bcra_interest_bearing_liabilities,2018-12,monthly,19218.663627,million_usd,calculated,bcra_debt_variable_5_offset_3000,https://api.bcra.gob.ar/estadisticas/v4.0/Monetarias/5?offset=3000&limit=3000,8ae0cb62273c6a6bd4ff9e4dfcb1181d83f1af8efc3ff917ea66ddd184a7dbb1,2026-08-12T00:11:21Z
bcra_interest_bearing_liabilities,2019-01,monthly,22903.982719,million_usd,calculated,bcra_debt_variable_5_offset_3000,https://api.bcra.gob.ar/estadisticas/v4.0/Monetarias/5?offset=3000&limit=3000,8ae0cb62273c6a6bd4ff9e4dfcb1181d83f1af8efc3ff917ea66ddd184a7dbb1,2026-08-12T00:11:21Z
bcra_interest_bearing_liabilities,2019-02,monthly,21774.231184,million_usd,calculated,bcra_debt_variable_5_offset_3000,https://api.bcra.gob.ar/estadisticas/v4.0/Monetarias/5?offset=3000&limit=3000,8ae0cb62273c6a6bd4ff9e4dfcb1181d83f1af8efc3ff917ea66ddd184a7dbb1,2026-08-12T00:11:21Z
bcra_interest_bearing_liabilities,2019-03,monthly,21706.144630,million_usd,calculated,bcra_debt_variable_5_offset_3000,https://api.bcra.gob.ar/estadisticas/v4.0/Monetarias/5?offset=3000&limit=3000,8ae0cb62273c6a6bd4ff9e4dfcb1181d83f1af8efc3ff917ea66ddd184a7dbb1,2026-08-12T00:11:21Z
bcra_interest_bearing_liabilities,2019-04,monthly,21380.231766,million_usd,calculated,bcra_debt_variable_5_offset_3000,https://api.bcra.gob.ar/estadisticas/v4.0/Monetarias/5?offset=3000&limit=3000,8ae0cb62273c6a6bd4ff9e4dfcb1181d83f1af8efc3ff917ea66ddd184a7dbb1,2026-08-12T00:11:21Z
bcra_interest_bearing_liabilities,2019-05,monthly,22547.960776,million_usd,calculated,bcra_debt_variable_5_offset_3000,https://api.bcra.gob.ar/estadisticas/v4.0/Monetarias/5?offset=3000&limit=3000,8ae0cb62273c6a6bd4ff9e4dfcb1181d83f1af8efc3ff917ea66ddd184a7dbb1,2026-08-12T00:11:21Z
bcra_interest_bearing_liabilities,2019-06,monthly,26390.032110,million_usd,calculated,bcra_debt_variable_5_offset_3000,https://api.bcra.gob.ar/estadisticas/v4.0/Monetarias/5?offset=3000&limit=3000,8ae0cb62273c6a6bd4ff9e4dfcb1181d83f1af8efc3ff917ea66ddd184a7dbb1,2026-08-12T00:11:21Z
bcra_interest_bearing_liabilities,2019-07,monthly,28872.420742,million_usd,calculated,bcra_debt_variable_5_offset_3000,https://api.bcra.gob.ar/estadisticas/v4.0/Monetarias/5?offset=3000&limit=3000,8ae0cb62273c6a6bd4ff9e4dfcb1181d83f1af8efc3ff917ea66ddd184a7dbb1,2026-08-12T00:11:21Z
bcra_interest_bearing_liabilities,2019-08,monthly,21070.791367,million_usd,calculated,bcra_debt_variable_5_offset_3000,https://api.bcra.gob.ar/estadisticas/v4.0/Monetarias/5?offset=3000&limit=3000,8ae0cb62273c6a6bd4ff9e4dfcb1181d83f1af8efc3ff917ea66ddd184a7dbb1,2026-08-12T00:11:21Z
bcra_interest_bearing_liabilities,2019-09,monthly,22464.787876,million_usd,calculated,bcra_debt_variable_5_offset_3000,https://api.bcra.gob.ar/estadisticas/v4.0/Monetarias/5?offset=3000&limit=3000,8ae0cb62273c6a6bd4ff9e4dfcb1181d83f1af8efc3ff917ea66ddd184a7dbb1,2026-08-12T00:11:21Z
bcra_interest_bearing_liabilities,2019-10,monthly,18390.903901,million_usd,calculated,bcra_debt_variable_5_offset_3000,https://api.bcra.gob.ar/estadisticas/v4.0/Monetarias/5?offset=3000&limit=3000,8ae0cb62273c6a6bd4ff9e4dfcb1181d83f1af8efc3ff917ea66ddd184a7dbb1,2026-08-12T00:11:21Z
bcra_interest_bearing_liabilities,2019-11,monthly,17337.951633,million_usd,calculated,bcra_debt_variable_5_offset_3000,https://api.bcra.gob.ar/estadisticas/v4.0/Monetarias/5?offset=3000&limit=3000,8ae0cb62273c6a6bd4ff9e4dfcb1181d83f1af8efc3ff917ea66ddd184a7dbb1,2026-08-12T00:11:21Z
bcra_interest_bearing_liabilities,2019-12,monthly,19677.635863,million_usd,calculated,bcra_debt_variable_5_offset_3000,https://api.bcra.gob.ar/estadisticas/v4.0/Monetarias/5?offset=3000&limit=3000,8ae0cb62273c6a6bd4ff9e4dfcb1181d83f1af8efc3ff917ea66ddd184a7dbb1,2026-08-12T00:11:21Z
bcra_interest_bearing_liabilities,2020-01,monthly,24511.463389,million_usd,calculated,bcra_debt_variable_5_offset_3000,https://api.bcra.gob.ar/estadisticas/v4.0/Monetarias/5?offset=3000&limit=3000,8ae0cb62273c6a6bd4ff9e4dfcb1181d83f1af8efc3ff917ea66ddd184a7dbb1,2026-08-12T00:11:21Z
bcra_interest_bearing_liabilities,2020-02,monthly,25785.686728,million_usd,calculated,bcra_debt_variable_5_offset_3000,https://api.bcra.gob.ar/estadisticas/v4.0/Monetarias/5?offset=3000&limit=3000,8ae0cb62273c6a6bd4ff9e4dfcb1181d83f1af8efc3ff917ea66ddd184a7dbb1,2026-08-12T00:11:21Z
bcra_interest_bearing_liabilities,2020-03,monthly,19807.273805,million_usd,calculated,bcra_debt_variable_5_offset_3000,https://api.bcra.gob.ar/estadisticas/v4.0/Monetarias/5?offset=3000&limit=3000,8ae0cb62273c6a6bd4ff9e4dfcb1181d83f1af8efc3ff917ea66ddd184a7dbb1,2026-08-12T00:11:21Z
bcra_interest_bearing_liabilities,2020-04,monthly,29819.630433,million_usd,calculated,bcra_debt_variable_5_offset_3000,https://api.bcra.gob.ar/estadisticas/v4.0/Monetarias/5?offset=3000&limit=3000,8ae0cb62273c6a6bd4ff9e4dfcb1181d83f1af8efc3ff917ea66ddd184a7dbb1,2026-08-12T00:11:21Z
bcra_interest_bearing_liabilities,2020-05,monthly,29245.013497,million_usd,calculated,bcra_debt_variable_5_offset_3000,https://api.bcra.gob.ar/estadisticas/v4.0/Monetarias/5?offset=3000&limit=3000,8ae0cb62273c6a6bd4ff9e4dfcb1181d83f1af8efc3ff917ea66ddd184a7dbb1,2026-08-12T00:11:21Z
bcra_interest_bearing_liabilities,2020-06,monthly,33688.709105,million_usd,calculated,bcra_debt_variable_5_offset_3000,https://api.bcra.gob.ar/estadisticas/v4.0/Monetarias/5?offset=3000&limit=3000,8ae0cb62273c6a6bd4ff9e4dfcb1181d83f1af8efc3ff917ea66ddd184a7dbb1,2026-08-12T00:11:21Z
bcra_interest_bearing_liabilities,2020-07,monthly,31800.082970,million_usd,calculated,bcra_debt_variable_5_offset_3000,https://api.bcra.gob.ar/estadisticas/v4.0/Monetarias/5?offset=3000&limit=3000,8ae0cb62273c6a6bd4ff9e4dfcb1181d83f1af8efc3ff917ea66ddd184a7dbb1,2026-08-12T00:11:21Z
bcra_interest_bearing_liabilities,2020-08,monthly,33220.599933,million_usd,calculated,bcra_debt_variable_5_offset_3000,https://api.bcra.gob.ar/estadisticas/v4.0/Monetarias/5?offset=3000&limit=3000,8ae0cb62273c6a6bd4ff9e4dfcb1181d83f1af8efc3ff917ea66ddd184a7dbb1,2026-08-12T00:11:21Z
bcra_interest_bearing_liabilities,2020-09,monthly,32905.402035,million_usd,calculated,bcra_debt_variable_5_offset_3000,https://api.bcra.gob.ar/estadisticas/v4.0/Monetarias/5?offset=3000&limit=3000,8ae0cb62273c6a6bd4ff9e4dfcb1181d83f1af8efc3ff917ea66ddd184a7dbb1,2026-08-12T00:11:21Z
bcra_interest_bearing_liabilities,2020-10,monthly,32506.705750,million_usd,calculated,bcra_debt_variable_5_offset_3000,https://api.bcra.gob.ar/estadisticas/v4.0/Monetarias/5?offset=3000&limit=3000,8ae0cb62273c6a6bd4ff9e4dfcb1181d83f1af8efc3ff917ea66ddd184a7dbb1,2026-08-12T00:11:21Z
bcra_interest_bearing_liabilities,2020-11,monthly,31552.252428,million_usd,calculated,bcra_debt_variable_5_offset_3000,https://api.bcra.gob.ar/estadisticas/v4.0/Monetarias/5?offset=3000&limit=3000,8ae0cb62273c6a6bd4ff9e4dfcb1181d83f1af8efc3ff917ea66ddd184a7dbb1,2026-08-12T00:11:21Z
bcra_interest_bearing_liabilities,2020-12,monthly,33150.751679,million_usd,calculated,bcra_debt_variable_5_offset_3000,https://api.bcra.gob.ar/estadisticas/v4.0/Monetarias/5?offset=3000&limit=3000,8ae0cb62273c6a6bd4ff9e4dfcb1181d83f1af8efc3ff917ea66ddd184a7dbb1,2026-08-12T00:11:21Z
bcra_interest_bearing_liabilities,2021-01,monthly,31784.181364,million_usd,calculated,bcra_debt_variable_5_offset_3000,https://api.bcra.gob.ar/estadisticas/v4.0/Monetarias/5?offset=3000&limit=3000,8ae0cb62273c6a6bd4ff9e4dfcb1181d83f1af8efc3ff917ea66ddd184a7dbb1,2026-08-12T00:11:21Z
bcra_interest_bearing_liabilities,2021-02,monthly,32842.983579,million_usd,calculated,bcra_debt_variable_5_offset_3000,https://api.bcra.gob.ar/estadisticas/v4.0/Monetarias/5?offset=3000&limit=3000,8ae0cb62273c6a6bd4ff9e4dfcb1181d83f1af8efc3ff917ea66ddd184a7dbb1,2026-08-12T00:11:21Z
bcra_interest_bearing_liabilities,2021-03,monthly,35674.066424,million_usd,calculated,bcra_debt_variable_5_offset_3000,https://api.bcra.gob.ar/estadisticas/v4.0/Monetarias/5?offset=3000&limit=3000,8ae0cb62273c6a6bd4ff9e4dfcb1181d83f1af8efc3ff917ea66ddd184a7dbb1,2026-08-12T00:11:21Z
bcra_interest_bearing_liabilities,2021-04,monthly,37967.687457,million_usd,calculated,bcra_debt_variable_5_offset_3000,https://api.bcra.gob.ar/estadisticas/v4.0/Monetarias/5?offset=3000&limit=3000,8ae0cb62273c6a6bd4ff9e4dfcb1181d83f1af8efc3ff917ea66ddd184a7dbb1,2026-08-12T00:11:21Z
bcra_interest_bearing_liabilities,2021-05,monthly,38869.018324,million_usd,calculated,bcra_debt_variable_5_offset_3000,https://api.bcra.gob.ar/estadisticas/v4.0/Monetarias/5?offset=3000&limit=3000,8ae0cb62273c6a6bd4ff9e4dfcb1181d83f1af8efc3ff917ea66ddd184a7dbb1,2026-08-12T00:11:21Z
bcra_interest_bearing_liabilities,2021-06,monthly,38280.469294,million_usd,calculated,bcra_debt_variable_5_offset_3000,https://api.bcra.gob.ar/estadisticas/v4.0/Monetarias/5?offset=3000&limit=3000,8ae0cb62273c6a6bd4ff9e4dfcb1181d83f1af8efc3ff917ea66ddd184a7dbb1,2026-08-12T00:11:21Z
bcra_interest_bearing_liabilities,2021-07,monthly,40103.842375,million_usd,calculated,bcra_debt_variable_5_offset_3000,https://api.bcra.gob.ar/estadisticas/v4.0/Monetarias/5?offset=3000&limit=3000,8ae0cb62273c6a6bd4ff9e4dfcb1181d83f1af8efc3ff917ea66ddd184a7dbb1,2026-08-12T00:11:21Z
bcra_interest_bearing_liabilities,2021-08,monthly,41393.991102,million_usd,calculated,bcra_debt_variable_5_offset_3000,https://api.bcra.gob.ar/estadisticas/v4.0/Monetarias/5?offset=3000&limit=3000,8ae0cb62273c6a6bd4ff9e4dfcb1181d83f1af8efc3ff917ea66ddd184a7dbb1,2026-08-12T00:11:21Z
bcra_interest_bearing_liabilities,2021-09,monthly,42012.609510,million_usd,calculated,bcra_debt_variable_5_offset_3000,https://api.bcra.gob.ar/estadisticas/v4.0/Monetarias/5?offset=3000&limit=3000,8ae0cb62273c6a6bd4ff9e4dfcb1181d83f1af8efc3ff917ea66ddd184a7dbb1,2026-08-12T00:11:21Z
bcra_interest_bearing_liabilities,2021-10,monthly,44064.892596,million_usd,calculated,bcra_debt_variable_5_offset_3000,https://api.bcra.gob.ar/estadisticas/v4.0/Monetarias/5?offset=3000&limit=3000,8ae0cb62273c6a6bd4ff9e4dfcb1181d83f1af8efc3ff917ea66ddd184a7dbb1,2026-08-12T00:11:21Z
bcra_interest_bearing_liabilities,2021-11,monthly,43406.807035,million_usd,calculated,bcra_debt_variable_5_offset_3000,https://api.bcra.gob.ar/estadisticas/v4.0/Monetarias/5?offset=3000&limit=3000,8ae0cb62273c6a6bd4ff9e4dfcb1181d83f1af8efc3ff917ea66ddd184a7dbb1,2026-08-12T00:11:21Z
bcra_interest_bearing_liabilities,2021-12,monthly,45742.072993,million_usd,calculated,bcra_debt_variable_5_offset_3000,https://api.bcra.gob.ar/estadisticas/v4.0/Monetarias/5?offset=3000&limit=3000,8ae0cb62273c6a6bd4ff9e4dfcb1181d83f1af8efc3ff917ea66ddd184a7dbb1,2026-08-12T00:11:21Z
bcra_interest_bearing_liabilities,2022-01,monthly,43716.421464,million_usd,calculated,bcra_debt_variable_5_offset_3000,https://api.bcra.gob.ar/estadisticas/v4.0/Monetarias/5?offset=3000&limit=3000,8ae0cb62273c6a6bd4ff9e4dfcb1181d83f1af8efc3ff917ea66ddd184a7dbb1,2026-08-12T00:11:21Z
bcra_interest_bearing_liabilities,2022-02,monthly,43266.413320,million_usd,calculated,bcra_debt_variable_5_offset_3000,https://api.bcra.gob.ar/estadisticas/v4.0/Monetarias/5?offset=3000&limit=3000,8ae0cb62273c6a6bd4ff9e4dfcb1181d83f1af8efc3ff917ea66ddd184a7dbb1,2026-08-12T00:11:21Z
bcra_interest_bearing_liabilities,2022-03,monthly,42667.458413,million_usd,calculated,bcra_debt_variable_5_offset_3000,https://api.bcra.gob.ar/estadisticas/v4.0/Monetarias/5?offset=3000&limit=3000,8ae0cb62273c6a6bd4ff9e4dfcb1181d83f1af8efc3ff917ea66ddd184a7dbb1,2026-08-12T00:11:21Z
bcra_interest_bearing_liabilities,2022-04,monthly,45544.207570,million_usd,calculated,bcra_debt_variable_5_offset_3000,https://api.bcra.gob.ar/estadisticas/v4.0/Monetarias/5?offset=3000&limit=3000,8ae0cb62273c6a6bd4ff9e4dfcb1181d83f1af8efc3ff917ea66ddd184a7dbb1,2026-08-12T00:11:21Z
bcra_interest_bearing_liabilities,2022-05,monthly,45592.114626,million_usd,calculated,bcra_debt_variable_5_offset_3000,https://api.bcra.gob.ar/estadisticas/v4.0/Monetarias/5?offset=3000&limit=3000,8ae0cb62273c6a6bd4ff9e4dfcb1181d83f1af8efc3ff917ea66ddd184a7dbb1,2026-08-12T00:11:21Z
bcra_interest_bearing_liabilities,2022-06,monthly,52171.744599,million_usd,calculated,bcra_debt_variable_5_offset_3000,https://api.bcra.gob.ar/estadisticas/v4.0/Monetarias/5?offset=3000&limit=3000,8ae0cb62273c6a6bd4ff9e4dfcb1181d83f1af8efc3ff917ea66ddd184a7dbb1,2026-08-12T00:11:21Z
bcra_interest_bearing_liabilities,2022-07,monthly,50161.019061,million_usd,calculated,bcra_debt_variable_5_offset_3000,https://api.bcra.gob.ar/estadisticas/v4.0/Monetarias/5?offset=3000&limit=3000,8ae0cb62273c6a6bd4ff9e4dfcb1181d83f1af8efc3ff917ea66ddd184a7dbb1,2026-08-12T00:11:21Z
bcra_interest_bearing_liabilities,2022-08,monthly,49533.865895,million_usd,calculated,bcra_debt_variable_5_offset_3000,https://api.bcra.gob.ar/estadisticas/v4.0/Monetarias/5?offset=3000&limit=3000,8ae0cb62273c6a6bd4ff9e4dfcb1181d83f1af8efc3ff917ea66ddd184a7dbb1,2026-08-12T00:11:21Z
bcra_interest_bearing_liabilities,2022-09,monthly,56586.376133,million_usd,calculated,bcra_debt_variable_5_offset_3000,https://api.bcra.gob.ar/estadisticas/v4.0/Monetarias/5?offset=3000&limit=3000,8ae0cb62273c6a6bd4ff9e4dfcb1181d83f1af8efc3ff917ea66ddd184a7dbb1,2026-08-12T00:11:21Z
bcra_interest_bearing_liabilities,2022-10,monthly,55174.237547,million_usd,calculated,bcra_debt_variable_5_offset_3000,https://api.bcra.gob.ar/estadisticas/v4.0/Monetarias/5?offset=3000&limit=3000,8ae0cb62273c6a6bd4ff9e4dfcb1181d83f1af8efc3ff917ea66ddd184a7dbb1,2026-08-12T00:11:21Z
bcra_interest_bearing_liabilities,2022-11,monthly,55368.897791,million_usd,calculated,bcra_debt_variable_5_offset_3000,https://api.bcra.gob.ar/estadisticas/v4.0/Monetarias/5?offset=3000&limit=3000,8ae0cb62273c6a6bd4ff9e4dfcb1181d83f1af8efc3ff917ea66ddd184a7dbb1,2026-08-12T00:11:21Z
bcra_interest_bearing_liabilities,2022-12,monthly,55271.444484,million_usd,calculated,bcra_debt_variable_5_offset_3000,https://api.bcra.gob.ar/estadisticas/v4.0/Monetarias/5?offset=3000&limit=3000,8ae0cb62273c6a6bd4ff9e4dfcb1181d83f1af8efc3ff917ea66ddd184a7dbb1,2026-08-12T00:11:21Z
bcra_interest_bearing_liabilities,2023-01,monthly,54939.901003,million_usd,calculated,bcra_debt_variable_5_offset_3000,https://api.bcra.gob.ar/estadisticas/v4.0/Monetarias/5?offset=3000&limit=3000,8ae0cb62273c6a6bd4ff9e4dfcb1181d83f1af8efc3ff917ea66ddd184a7dbb1,2026-08-12T00:11:21Z
bcra_interest_bearing_liabilities,2023-02,monthly,55483.200129,million_usd,calculated,bcra_debt_variable_5_offset_3000,https://api.bcra.gob.ar/estadisticas/v4.0/Monetarias/5?offset=3000&limit=3000,8ae0cb62273c6a6bd4ff9e4dfcb1181d83f1af8efc3ff917ea66ddd184a7dbb1,2026-08-12T00:11:21Z
bcra_interest_bearing_liabilities,2023-03,monthly,55351.490969,million_usd,calculated,bcra_debt_variable_5_offset_3000,https://api.bcra.gob.ar/estadisticas/v4.0/Monetarias/5?offset=3000&limit=3000,8ae0cb62273c6a6bd4ff9e4dfcb1181d83f1af8efc3ff917ea66ddd184a7dbb1,2026-08-12T00:11:21Z
bcra_interest_bearing_liabilities,2023-04,monthly,58535.271257,million_usd,calculated,bcra_debt_variable_5_offset_3000,https://api.bcra.gob.ar/estadisticas/v4.0/Monetarias/5?offset=3000&limit=3000,8ae0cb62273c6a6bd4ff9e4dfcb1181d83f1af8efc3ff917ea66ddd184a7dbb1,2026-08-12T00:11:21Z
bcra_interest_bearing_liabilities,2023-05,monthly,59148.099864,million_usd,calculated,bcra_debt_variable_5_offset_3000,https://api.bcra.gob.ar/estadisticas/v4.0/Monetarias/5?offset=3000&limit=3000,8ae0cb62273c6a6bd4ff9e4dfcb1181d83f1af8efc3ff917ea66ddd184a7dbb1,2026-08-12T00:11:21Z
bcra_interest_bearing_liabilities,2023-06,monthly,60709.032824,million_usd,calculated,bcra_debt_variable_5_offset_3000,https://api.bcra.gob.ar/estadisticas/v4.0/Monetarias/5?offset=3000&limit=3000,8ae0cb62273c6a6bd4ff9e4dfcb1181d83f1af8efc3ff917ea66ddd184a7dbb1,2026-08-12T00:11:21Z
bcra_interest_bearing_liabilities,2023-07,monthly,61340.059495,million_usd,calculated,bcra_debt_variable_5_offset_3000,https://api.bcra.gob.ar/estadisticas/v4.0/Monetarias/5?offset=3000&limit=3000,8ae0cb62273c6a6bd4ff9e4dfcb1181d83f1af8efc3ff917ea66ddd184a7dbb1,2026-08-12T00:11:21Z
bcra_interest_bearing_liabilities,2023-08,monthly,54940.658546,million_usd,calculated,bcra_debt_variable_5_offset_3000,https://api.bcra.gob.ar/estadisticas/v4.0/Monetarias/5?offset=3000&limit=3000,8ae0cb62273c6a6bd4ff9e4dfcb1181d83f1af8efc3ff917ea66ddd184a7dbb1,2026-08-12T00:11:21Z
bcra_interest_bearing_liabilities,2023-09,monthly,60096.660565,million_usd,calculated,bcra_debt_variable_5_offset_3000,https://api.bcra.gob.ar/estadisticas/v4.0/Monetarias/5?offset=3000&limit=3000,8ae0cb62273c6a6bd4ff9e4dfcb1181d83f1af8efc3ff917ea66ddd184a7dbb1,2026-08-12T00:11:21Z
bcra_interest_bearing_liabilities,2023-10,monthly,63501.359825,million_usd,calculated,bcra_debt_variable_5_offset_3000,https://api.bcra.gob.ar/estadisticas/v4.0/Monetarias/5?offset=3000&limit=3000,8ae0cb62273c6a6bd4ff9e4dfcb1181d83f1af8efc3ff917ea66ddd184a7dbb1,2026-08-12T00:11:21Z
bcra_interest_bearing_liabilities,2023-11,monthly,65188.325359,million_usd,calculated,bcra_debt_variable_5_offset_3000,https://api.bcra.gob.ar/estadisticas/v4.0/Monetarias/5?offset=3000&limit=3000,8ae0cb62273c6a6bd4ff9e4dfcb1181d83f1af8efc3ff917ea66ddd184a7dbb1,2026-08-12T00:11:21Z
bcra_interest_bearing_liabilities,2023-12,monthly,34965.872517,million_usd,calculated,bcra_debt_variable_5_offset_3000,https://api.bcra.gob.ar/estadisticas/v4.0/Monetarias/5?offset=3000&limit=3000,8ae0cb62273c6a6bd4ff9e4dfcb1181d83f1af8efc3ff917ea66ddd184a7dbb1,2026-08-12T00:11:21Z
bcra_interest_bearing_liabilities,2024-01,monthly,40094.347958,million_usd,calculated,bcra_debt_variable_5_offset_3000,https://api.bcra.gob.ar/estadisticas/v4.0/Monetarias/5?offset=3000&limit=3000,8ae0cb62273c6a6bd4ff9e4dfcb1181d83f1af8efc3ff917ea66ddd184a7dbb1,2026-08-12T00:11:21Z
bcra_interest_bearing_liabilities,2024-02,monthly,41923.215197,million_usd,calculated,bcra_debt_variable_5_offset_3000,https://api.bcra.gob.ar/estadisticas/v4.0/Monetarias/5?offset=3000&limit=3000,8ae0cb62273c6a6bd4ff9e4dfcb1181d83f1af8efc3ff917ea66ddd184a7dbb1,2026-08-12T00:11:21Z
bcra_interest_bearing_liabilities,2024-03,monthly,45088.958496,million_usd,calculated,bcra_debt_variable_5_offset_3000,https://api.bcra.gob.ar/estadisticas/v4.0/Monetarias/5?offset=3000&limit=3000,8ae0cb62273c6a6bd4ff9e4dfcb1181d83f1af8efc3ff917ea66ddd184a7dbb1,2026-08-12T00:11:21Z
bcra_interest_bearing_liabilities,2024-04,monthly,46450.510408,million_usd,calculated,bcra_debt_variable_5_offset_3000,https://api.bcra.gob.ar/estadisticas/v4.0/Monetarias/5?offset=3000&limit=3000,8ae0cb62273c6a6bd4ff9e4dfcb1181d83f1af8efc3ff917ea66ddd184a7dbb1,2026-08-12T00:11:21Z
bcra_interest_bearing_liabilities,2024-05,monthly,31655.225915,million_usd,calculated,bcra_debt_variable_5_offset_3000,https://api.bcra.gob.ar/estadisticas/v4.0/Monetarias/5?offset=3000&limit=3000,8ae0cb62273c6a6bd4ff9e4dfcb1181d83f1af8efc3ff917ea66ddd184a7dbb1,2026-08-12T00:11:21Z
bcra_interest_bearing_liabilities,2024-06,monthly,28426.702495,million_usd,calculated,bcra_debt_variable_5_offset_3000,https://api.bcra.gob.ar/estadisticas/v4.0/Monetarias/5?offset=3000&limit=3000,8ae0cb62273c6a6bd4ff9e4dfcb1181d83f1af8efc3ff917ea66ddd184a7dbb1,2026-08-12T00:11:21Z
bcra_interest_bearing_liabilities,2024-07,monthly,10810.543018,million_usd,calculated,bcra_debt_variable_5_offset_3000,https://api.bcra.gob.ar/estadisticas/v4.0/Monetarias/5?offset=3000&limit=3000,8ae0cb62273c6a6bd4ff9e4dfcb1181d83f1af8efc3ff917ea66ddd184a7dbb1,2026-08-12T00:11:21Z
bcra_interest_bearing_liabilities,2024-08,monthly,10790.930586,million_usd,calculated,bcra_debt_variable_5_offset_3000,https://api.bcra.gob.ar/estadisticas/v4.0/Monetarias/5?offset=3000&limit=3000,8ae0cb62273c6a6bd4ff9e4dfcb1181d83f1af8efc3ff917ea66ddd184a7dbb1,2026-08-12T00:11:21Z
bcra_interest_bearing_liabilities,2024-09,monthly,10305.142552,million_usd,calculated,bcra_debt_variable_5_offset_3000,https://api.bcra.gob.ar/estadisticas/v4.0/Monetarias/5?offset=3000&limit=3000,8ae0cb62273c6a6bd4ff9e4dfcb1181d83f1af8efc3ff917ea66ddd184a7dbb1,2026-08-12T00:11:21Z
bcra_interest_bearing_liabilities,2024-10,monthly,9850.439566,million_usd,calculated,bcra_debt_variable_5_offset_3000,https://api.bcra.gob.ar/estadisticas/v4.0/Monetarias/5?offset=3000&limit=3000,8ae0cb62273c6a6bd4ff9e4dfcb1181d83f1af8efc3ff917ea66ddd184a7dbb1,2026-08-12T00:11:21Z
bcra_interest_bearing_liabilities,2024-11,monthly,9472.458611,million_usd,calculated,bcra_debt_variable_5_offset_3000,https://api.bcra.gob.ar/estadisticas/v4.0/Monetarias/5?offset=3000&limit=3000,8ae0cb62273c6a6bd4ff9e4dfcb1181d83f1af8efc3ff917ea66ddd184a7dbb1,2026-08-12T00:11:21Z
bcra_interest_bearing_liabilities,2024-12,monthly,9293.777240,million_usd,calculated,bcra_debt_variable_5_offset_3000,https://api.bcra.gob.ar/estadisticas/v4.0/Monetarias/5?offset=3000&limit=3000,8ae0cb62273c6a6bd4ff9e4dfcb1181d83f1af8efc3ff917ea66ddd184a7dbb1,2026-08-12T00:11:21Z
bcra_interest_bearing_liabilities,2025-01,monthly,8975.505458,million_usd,calculated,bcra_debt_variable_5_offset_3000,https://api.bcra.gob.ar/estadisticas/v4.0/Monetarias/5?offset=3000&limit=3000,8ae0cb62273c6a6bd4ff9e4dfcb1181d83f1af8efc3ff917ea66ddd184a7dbb1,2026-08-12T00:11:21Z
bcra_interest_bearing_liabilities,2025-02,monthly,8802.330006,million_usd,calculated,bcra_debt_variable_5_offset_3000,https://api.bcra.gob.ar/estadisticas/v4.0/Monetarias/5?offset=3000&limit=3000,8ae0cb62273c6a6bd4ff9e4dfcb1181d83f1af8efc3ff917ea66ddd184a7dbb1,2026-08-12T00:11:21Z
bcra_interest_bearing_liabilities,2025-03,monthly,8676.315214,million_usd,calculated,bcra_debt_variable_5_offset_3000,https://api.bcra.gob.ar/estadisticas/v4.0/Monetarias/5?offset=3000&limit=3000,8ae0cb62273c6a6bd4ff9e4dfcb1181d83f1af8efc3ff917ea66ddd184a7dbb1,2026-08-12T00:11:21Z
bcra_interest_bearing_liabilities,2025-04,monthly,8481.127986,million_usd,calculated,bcra_debt_variable_5_offset_3000,https://api.bcra.gob.ar/estadisticas/v4.0/Monetarias/5?offset=3000&limit=3000,8ae0cb62273c6a6bd4ff9e4dfcb1181d83f1af8efc3ff917ea66ddd184a7dbb1,2026-08-12T00:11:21Z
bcra_interest_bearing_liabilities,2025-05,monthly,8341.024215,million_usd,calculated,bcra_debt_variable_5_offset_3000,https://api.bcra.gob.ar/estadisticas/v4.0/Monetarias/5?offset=3000&limit=3000,8ae0cb62273c6a6bd4ff9e4dfcb1181d83f1af8efc3ff917ea66ddd184a7dbb1,2026-08-12T00:11:21Z
bcra_interest_bearing_liabilities,2025-06,monthly,8777.116303,million_usd,calculated,bcra_debt_variable_5_offset_3000,https://api.bcra.gob.ar/estadisticas/v4.0/Monetarias/5?offset=3000&limit=3000,8ae0cb62273c6a6bd4ff9e4dfcb1181d83f1af8efc3ff917ea66ddd184a7dbb1,2026-08-12T00:11:21Z
bcra_interest_bearing_liabilities,2025-07,monthly,8794.630965,million_usd,calculated,bcra_debt_variable_5_offset_3000,https://api.bcra.gob.ar/estadisticas/v4.0/Monetarias/5?offset=3000&limit=3000,8ae0cb62273c6a6bd4ff9e4dfcb1181d83f1af8efc3ff917ea66ddd184a7dbb1,2026-08-12T00:11:21Z
bcra_interest_bearing_liabilities,2025-08,monthly,8784.474601,million_usd,calculated,bcra_debt_variable_5_offset_3000,https://api.bcra.gob.ar/estadisticas/v4.0/Monetarias/5?offset=3000&limit=3000,8ae0cb62273c6a6bd4ff9e4dfcb1181d83f1af8efc3ff917ea66ddd184a7dbb1,2026-08-12T00:11:21Z
bcra_interest_bearing_liabilities,2025-09,monthly,8860.518784,million_usd,calculated,bcra_debt_variable_5_offset_3000,https://api.bcra.gob.ar/estadisticas/v4.0/Monetarias/5?offset=3000&limit=3000,8ae0cb62273c6a6bd4ff9e4dfcb1181d83f1af8efc3ff917ea66ddd184a7dbb1,2026-08-12T00:11:21Z
bcra_interest_bearing_liabilities,2025-10,monthly,8842.789328,million_usd,calculated,bcra_debt_variable_5_offset_3000,https://api.bcra.gob.ar/estadisticas/v4.0/Monetarias/5?offset=3000&limit=3000,8ae0cb62273c6a6bd4ff9e4dfcb1181d83f1af8efc3ff917ea66ddd184a7dbb1,2026-08-12T00:11:21Z
bcra_interest_bearing_liabilities,2025-11,monthly,8839.431329,million_usd,calculated,bcra_debt_variable_5_offset_3000,https://api.bcra.gob.ar/estadisticas/v4.0/Monetarias/5?offset=3000&limit=3000,8ae0cb62273c6a6bd4ff9e4dfcb1181d83f1af8efc3ff917ea66ddd184a7dbb1,2026-08-12T00:11:21Z
bcra_interest_bearing_liabilities,2025-12,monthly,7834.925419,million_usd,calculated,bcra_debt_variable_5_offset_3000,https://api.bcra.gob.ar/estadisticas/v4.0/Monetarias/5?offset=3000&limit=3000,8ae0cb62273c6a6bd4ff9e4dfcb1181d83f1af8efc3ff917ea66ddd184a7dbb1,2026-08-12T00:11:21Z
bcra_interest_bearing_liabilities,2026-01,monthly,7817.305473,million_usd,calculated,bcra_debt_variable_5_offset_3000,https://api.bcra.gob.ar/estadisticas/v4.0/Monetarias/5?offset=3000&limit=3000,8ae0cb62273c6a6bd4ff9e4dfcb1181d83f1af8efc3ff917ea66ddd184a7dbb1,2026-08-12T00:11:21Z
bcra_interest_bearing_liabilities,2026-02,monthly,7820.526852,million_usd,calculated,bcra_debt_variable_5_offset_3000,https://api.bcra.gob.ar/estadisticas/v4.0/Monetarias/5?offset=3000&limit=3000,8ae0cb62273c6a6bd4ff9e4dfcb1181d83f1af8efc3ff917ea66ddd184a7dbb1,2026-08-12T00:11:21Z
bcra_interest_bearing_liabilities,2026-03,monthly,6837.252337,million_usd,calculated,bcra_debt_variable_5_offset_3000,https://api.bcra.gob.ar/estadisticas/v4.0/Monetarias/5?offset=3000&limit=3000,8ae0cb62273c6a6bd4ff9e4dfcb1181d83f1af8efc3ff917ea66ddd184a7dbb1,2026-08-12T00:11:21Z
bcra_interest_bearing_liabilities,2026-04,monthly,6844.132563,million_usd,calculated,bcra_debt_variable_5_offset_3000,https://api.bcra.gob.ar/estadisticas/v4.0/Monetarias/5?offset=3000&limit=3000,8ae0cb62273c6a6bd4ff9e4dfcb1181d83f1af8efc3ff917ea66ddd184a7dbb1,2026-08-12T00:11:21Z
bcra_interest_bearing_liabilities,2026-05,monthly,6843.745090,million_usd,calculated,bcra_debt_variable_5_offset_3000,https://api.bcra.gob.ar/estadisticas/v4.0/Monetarias/5?offset=3000&limit=3000,8ae0cb62273c6a6bd4ff9e4dfcb1181d83f1af8efc3ff917ea66ddd184a7dbb1,2026-08-12T00:11:21Z
bcra_interest_bearing_liabilities,2026-06,monthly,5796.792464,million_usd,calculated,bcra_debt_variable_5_offset_3000,https://api.bcra.gob.ar/estadisticas/v4.0/Monetarias/5?offset=3000&limit=3000,8ae0cb62273c6a6bd4ff9e4dfcb1181d83f1af8efc3ff917ea66ddd184a7dbb1,2026-08-12T00:11:21Z
bcra_interest_bearing_liabilities,2026-07,monthly,5809.745702,million_usd,calculated,bcra_debt_variable_5_offset_3000,https://api.bcra.gob.ar/estadisticas/v4.0/Monetarias/5?offset=3000&limit=3000,8ae0cb62273c6a6bd4ff9e4dfcb1181d83f1af8efc3ff917ea66ddd184a7dbb1,2026-08-12T00:11:21Z
bcra_total_accounting_liabilities,1998-01,monthly,29971.787935,million_usd,calculated,bcra_weekly_balance,https://www.bcra.gob.ar/archivos/Pdfs/PublicacionesEstadisticas/estados-resumidos-activos-pasivos-bcra-serie-anual-1998-actualidad.xls,eae93b0a066da3777cf410f5a11e41197bce43a23e240291938aa64e30b08014,2026-08-12T00:11:03Z
bcra_total_accounting_liabilities,1998-02,monthly,31564.205213,million_usd,calculated,bcra_weekly_balance,https://www.bcra.gob.ar/archivos/Pdfs/PublicacionesEstadisticas/estados-resumidos-activos-pasivos-bcra-serie-anual-1998-actualidad.xls,eae93b0a066da3777cf410f5a11e41197bce43a23e240291938aa64e30b08014,2026-08-12T00:11:03Z
bcra_total_accounting_liabilities,1998-03,monthly,30558.100158,million_usd,calculated,bcra_weekly_balance,https://www.bcra.gob.ar/archivos/Pdfs/PublicacionesEstadisticas/estados-resumidos-activos-pasivos-bcra-serie-anual-1998-actualidad.xls,eae93b0a066da3777cf410f5a11e41197bce43a23e240291938aa64e30b08014,2026-08-12T00:11:03Z
bcra_total_accounting_liabilities,1998-04,monthly,30477.126291,million_usd,calculated,bcra_weekly_balance,https://www.bcra.gob.ar/archivos/Pdfs/PublicacionesEstadisticas/estados-resumidos-activos-pasivos-bcra-serie-anual-1998-actualidad.xls,eae93b0a066da3777cf410f5a11e41197bce43a23e240291938aa64e30b08014,2026-08-12T00:11:03Z
bcra_total_accounting_liabilities,1998-05,monthly,31995.199148,million_usd,calculated,bcra_weekly_balance,https://www.bcra.gob.ar/archivos/Pdfs/PublicacionesEstadisticas/estados-resumidos-activos-pasivos-bcra-serie-anual-1998-actualidad.xls,eae93b0a066da3777cf410f5a11e41197bce43a23e240291938aa64e30b08014,2026-08-12T00:11:03Z
bcra_total_accounting_liabilities,1998-06,monthly,31807.227404,million_usd,calculated,bcra_weekly_balance,https://www.bcra.gob.ar/archivos/Pdfs/PublicacionesEstadisticas/estados-resumidos-activos-pasivos-bcra-serie-anual-1998-actualidad.xls,eae93b0a066da3777cf410f5a11e41197bce43a23e240291938aa64e30b08014,2026-08-12T00:11:03Z
bcra_total_accounting_liabilities,1998-07,monthly,33212.366274,million_usd,calculated,bcra_weekly_balance,https://www.bcra.gob.ar/archivos/Pdfs/PublicacionesEstadisticas/estados-resumidos-activos-pasivos-bcra-serie-anual-1998-actualidad.xls,eae93b0a066da3777cf410f5a11e41197bce43a23e240291938aa64e30b08014,2026-08-12T00:11:03Z
bcra_total_accounting_liabilities,1998-08,monthly,33315.313559,million_usd,calculated,bcra_weekly_balance,https://www.bcra.gob.ar/archivos/Pdfs/PublicacionesEstadisticas/estados-resumidos-activos-pasivos-bcra-serie-anual-1998-actualidad.xls,eae93b0a066da3777cf410f5a11e41197bce43a23e240291938aa64e30b08014,2026-08-12T00:11:03Z
bcra_total_accounting_liabilities,1998-09,monthly,32914.497000,million_usd,calculated,bcra_weekly_balance,https://www.bcra.gob.ar/archivos/Pdfs/PublicacionesEstadisticas/estados-resumidos-activos-pasivos-bcra-serie-anual-1998-actualidad.xls,eae93b0a066da3777cf410f5a11e41197bce43a23e240291938aa64e30b08014,2026-08-12T00:11:03Z
bcra_total_accounting_liabilities,1998-10,monthly,32514.726892,million_usd,calculated,bcra_weekly_balance,https://www.bcra.gob.ar/archivos/Pdfs/PublicacionesEstadisticas/estados-resumidos-activos-pasivos-bcra-serie-anual-1998-actualidad.xls,eae93b0a066da3777cf410f5a11e41197bce43a23e240291938aa64e30b08014,2026-08-12T00:11:03Z
bcra_total_accounting_liabilities,1998-11,monthly,33076.616891,million_usd,calculated,bcra_weekly_balance,https://www.bcra.gob.ar/archivos/Pdfs/PublicacionesEstadisticas/estados-resumidos-activos-pasivos-bcra-serie-anual-1998-actualidad.xls,eae93b0a066da3777cf410f5a11e41197bce43a23e240291938aa64e30b08014,2026-08-12T00:11:03Z
bcra_total_accounting_liabilities,1998-12,monthly,34847.875000,million_usd,calculated,bcra_weekly_balance,https://www.bcra.gob.ar/archivos/Pdfs/PublicacionesEstadisticas/estados-resumidos-activos-pasivos-bcra-serie-anual-1998-actualidad.xls,eae93b0a066da3777cf410f5a11e41197bce43a23e240291938aa64e30b08014,2026-08-12T00:11:03Z
bcra_total_accounting_liabilities,1999-01,monthly,32876.418048,million_usd,calculated,bcra_weekly_balance,https://www.bcra.gob.ar/archivos/Pdfs/PublicacionesEstadisticas/estados-resumidos-activos-pasivos-bcra-serie-anual-1998-actualidad.xls,eae93b0a066da3777cf410f5a11e41197bce43a23e240291938aa64e30b08014,2026-08-12T00:11:03Z
bcra_total_accounting_liabilities,1999-02,monthly,36015.100878,million_usd,calculated,bcra_weekly_balance,https://www.bcra.gob.ar/archivos/Pdfs/PublicacionesEstadisticas/estados-resumidos-activos-pasivos-bcra-serie-anual-1998-actualidad.xls,eae93b0a066da3777cf410f5a11e41197bce43a23e240291938aa64e30b08014,2026-08-12T00:11:03Z
bcra_total_accounting_liabilities,1999-03,monthly,34880.884025,million_usd,calculated,bcra_weekly_balance,https://www.bcra.gob.ar/archivos/Pdfs/PublicacionesEstadisticas/estados-resumidos-activos-pasivos-bcra-serie-anual-1998-actualidad.xls,eae93b0a066da3777cf410f5a11e41197bce43a23e240291938aa64e30b08014,2026-08-12T00:11:03Z
bcra_total_accounting_liabilities,1999-04,monthly,34123.370359,million_usd,calculated,bcra_weekly_balance,https://www.bcra.gob.ar/archivos/Pdfs/PublicacionesEstadisticas/estados-resumidos-activos-pasivos-bcra-serie-anual-1998-actualidad.xls,eae93b0a066da3777cf410f5a11e41197bce43a23e240291938aa64e30b08014,2026-08-12T00:11:03Z
bcra_total_accounting_liabilities,1999-05,monthly,34469.160208,million_usd,calculated,bcra_weekly_balance,https://www.bcra.gob.ar/archivos/Pdfs/PublicacionesEstadisticas/estados-resumidos-activos-pasivos-bcra-serie-anual-1998-actualidad.xls,eae93b0a066da3777cf410f5a11e41197bce43a23e240291938aa64e30b08014,2026-08-12T00:11:03Z
bcra_total_accounting_liabilities,1999-06,monthly,34654.890446,million_usd,calculated,bcra_weekly_balance,https://www.bcra.gob.ar/archivos/Pdfs/PublicacionesEstadisticas/estados-resumidos-activos-pasivos-bcra-serie-anual-1998-actualidad.xls,eae93b0a066da3777cf410f5a11e41197bce43a23e240291938aa64e30b08014,2026-08-12T00:11:03Z
bcra_total_accounting_liabilities,1999-07,monthly,34618.643690,million_usd,calculated,bcra_weekly_balance,https://www.bcra.gob.ar/archivos/Pdfs/PublicacionesEstadisticas/estados-resumidos-activos-pasivos-bcra-serie-anual-1998-actualidad.xls,eae93b0a066da3777cf410f5a11e41197bce43a23e240291938aa64e30b08014,2026-08-12T00:11:03Z
bcra_total_accounting_liabilities,1999-08,monthly,33480.801903,million_usd,calculated,bcra_weekly_balance,https://www.bcra.gob.ar/archivos/Pdfs/PublicacionesEstadisticas/estados-resumidos-activos-pasivos-bcra-serie-anual-1998-actualidad.xls,eae93b0a066da3777cf410f5a11e41197bce43a23e240291938aa64e30b08014,2026-08-12T00:11:03Z
bcra_total_accounting_liabilities,1999-09,monthly,32646.589895,million_usd,calculated,bcra_weekly_balance,https://www.bcra.gob.ar/archivos/Pdfs/PublicacionesEstadisticas/estados-resumidos-activos-pasivos-bcra-serie-anual-1998-actualidad.xls,eae93b0a066da3777cf410f5a11e41197bce43a23e240291938aa64e30b08014,2026-08-12T00:11:03Z
bcra_total_accounting_liabilities,1999-10,monthly,33940.189423,million_usd,calculated,bcra_weekly_balance,https://www.bcra.gob.ar/archivos/Pdfs/PublicacionesEstadisticas/estados-resumidos-activos-pasivos-bcra-serie-anual-1998-actualidad.xls,eae93b0a066da3777cf410f5a11e41197bce43a23e240291938aa64e30b08014,2026-08-12T00:11:03Z
bcra_total_accounting_liabilities,1999-11,monthly,35013.386897,million_usd,calculated,bcra_weekly_balance,https://www.bcra.gob.ar/archivos/Pdfs/PublicacionesEstadisticas/estados-resumidos-activos-pasivos-bcra-serie-anual-1998-actualidad.xls,eae93b0a066da3777cf410f5a11e41197bce43a23e240291938aa64e30b08014,2026-08-12T00:11:03Z
bcra_total_accounting_liabilities,1999-12,monthly,36711.303116,million_usd,calculated,bcra_weekly_balance,https://www.bcra.gob.ar/archivos/Pdfs/PublicacionesEstadisticas/estados-resumidos-activos-pasivos-bcra-serie-anual-1998-actualidad.xls,eae93b0a066da3777cf410f5a11e41197bce43a23e240291938aa64e30b08014,2026-08-12T00:11:03Z
bcra_total_accounting_liabilities,2000-01,monthly,32857.440000,million_usd,calculated,bcra_weekly_balance,https://www.bcra.gob.ar/archivos/Pdfs/PublicacionesEstadisticas/estados-resumidos-activos-pasivos-bcra-serie-anual-1998-actualidad.xls,eae93b0a066da3777cf410f5a11e41197bce43a23e240291938aa64e30b08014,2026-08-12T00:11:03Z
bcra_total_accounting_liabilities,2000-02,monthly,33276.318542,million_usd,calculated,bcra_weekly_balance,https://www.bcra.gob.ar/archivos/Pdfs/PublicacionesEstadisticas/estados-resumidos-activos-pasivos-bcra-serie-anual-1998-actualidad.xls,eae93b0a066da3777cf410f5a11e41197bce43a23e240291938aa64e30b08014,2026-08-12T00:11:03Z
bcra_total_accounting_liabilities,2000-03,monthly,34193.557331,million_usd,calculated,bcra_weekly_balance,https://www.bcra.gob.ar/archivos/Pdfs/PublicacionesEstadisticas/estados-resumidos-activos-pasivos-bcra-serie-anual-1998-actualidad.xls,eae93b0a066da3777cf410f5a11e41197bce43a23e240291938aa64e30b08014,2026-08-12T00:11:03Z
bcra_total_accounting_liabilities,2000-04,monthly,32494.661159,million_usd,calculated,bcra_weekly_balance,https://www.bcra.gob.ar/archivos/Pdfs/PublicacionesEstadisticas/estados-resumidos-activos-pasivos-bcra-serie-anual-1998-actualidad.xls,eae93b0a066da3777cf410f5a11e41197bce43a23e240291938aa64e30b08014,2026-08-12T00:11:03Z
bcra_total_accounting_liabilities,2000-05,monthly,31348.156451,million_usd,calculated,bcra_weekly_balance,https://www.bcra.gob.ar/archivos/Pdfs/PublicacionesEstadisticas/estados-resumidos-activos-pasivos-bcra-serie-anual-1998-actualidad.xls,eae93b0a066da3777cf410f5a11e41197bce43a23e240291938aa64e30b08014,2026-08-12T00:11:03Z
bcra_total_accounting_liabilities,2000-06,monthly,34883.935648,million_usd,calculated,bcra_weekly_balance,https://www.bcra.gob.ar/archivos/Pdfs/PublicacionesEstadisticas/estados-resumidos-activos-pasivos-bcra-serie-anual-1998-actualidad.xls,eae93b0a066da3777cf410f5a11e41197bce43a23e240291938aa64e30b08014,2026-08-12T00:11:03Z
bcra_total_accounting_liabilities,2000-07,monthly,34096.065677,million_usd,calculated,bcra_weekly_balance,https://www.bcra.gob.ar/archivos/Pdfs/PublicacionesEstadisticas/estados-resumidos-activos-pasivos-bcra-serie-anual-1998-actualidad.xls,eae93b0a066da3777cf410f5a11e41197bce43a23e240291938aa64e30b08014,2026-08-12T00:11:03Z
bcra_total_accounting_liabilities,2000-08,monthly,31549.996940,million_usd,calculated,bcra_weekly_balance,https://www.bcra.gob.ar/archivos/Pdfs/PublicacionesEstadisticas/estados-resumidos-activos-pasivos-bcra-serie-anual-1998-actualidad.xls,eae93b0a066da3777cf410f5a11e41197bce43a23e240291938aa64e30b08014,2026-08-12T00:11:03Z
bcra_total_accounting_liabilities,2000-09,monthly,31940.892080,million_usd,calculated,bcra_weekly_balance,https://www.bcra.gob.ar/archivos/Pdfs/PublicacionesEstadisticas/estados-resumidos-activos-pasivos-bcra-serie-anual-1998-actualidad.xls,eae93b0a066da3777cf410f5a11e41197bce43a23e240291938aa64e30b08014,2026-08-12T00:11:03Z
bcra_total_accounting_liabilities,2000-10,monthly,30491.690352,million_usd,calculated,bcra_weekly_balance,https://www.bcra.gob.ar/archivos/Pdfs/PublicacionesEstadisticas/estados-resumidos-activos-pasivos-bcra-serie-anual-1998-actualidad.xls,eae93b0a066da3777cf410f5a11e41197bce43a23e240291938aa64e30b08014,2026-08-12T00:11:03Z
bcra_total_accounting_liabilities,2000-11,monthly,29425.689873,million_usd,calculated,bcra_weekly_balance,https://www.bcra.gob.ar/archivos/Pdfs/PublicacionesEstadisticas/estados-resumidos-activos-pasivos-bcra-serie-anual-1998-actualidad.xls,eae93b0a066da3777cf410f5a11e41197bce43a23e240291938aa64e30b08014,2026-08-12T00:11:03Z
bcra_total_accounting_liabilities,2000-12,monthly,34882.179839,million_usd,calculated,bcra_weekly_balance,https://www.bcra.gob.ar/archivos/Pdfs/PublicacionesEstadisticas/estados-resumidos-activos-pasivos-bcra-serie-anual-1998-actualidad.xls,eae93b0a066da3777cf410f5a11e41197bce43a23e240291938aa64e30b08014,2026-08-12T00:11:03Z
bcra_total_accounting_liabilities,2001-01,monthly,39298.016572,million_usd,calculated,bcra_weekly_balance,https://www.bcra.gob.ar/archivos/Pdfs/PublicacionesEstadisticas/estados-resumidos-activos-pasivos-bcra-serie-anual-1998-actualidad.xls,eae93b0a066da3777cf410f5a11e41197bce43a23e240291938aa64e30b08014,2026-08-12T00:11:03Z
bcra_total_accounting_liabilities,2001-02,monthly,37563.121921,million_usd,calculated,bcra_weekly_balance,https://www.bcra.gob.ar/archivos/Pdfs/PublicacionesEstadisticas/estados-resumidos-activos-pasivos-bcra-serie-anual-1998-actualidad.xls,eae93b0a066da3777cf410f5a11e41197bce43a23e240291938aa64e30b08014,2026-08-12T00:11:03Z
bcra_total_accounting_liabilities,2002-01,monthly,36068.220000,million_usd,calculated,bcra_weekly_balance,https://www.bcra.gob.ar/archivos/Pdfs/PublicacionesEstadisticas/estados-resumidos-activos-pasivos-bcra-serie-anual-1998-actualidad.xls,eae93b0a066da3777cf410f5a11e41197bce43a23e240291938aa64e30b08014,2026-08-12T00:11:03Z
bcra_total_accounting_liabilities,2002-02,monthly,31483.543256,million_usd,calculated,bcra_weekly_balance,https://www.bcra.gob.ar/archivos/Pdfs/PublicacionesEstadisticas/estados-resumidos-activos-pasivos-bcra-serie-anual-1998-actualidad.xls,eae93b0a066da3777cf410f5a11e41197bce43a23e240291938aa64e30b08014,2026-08-12T00:11:03Z
bcra_total_accounting_liabilities,2002-03,monthly,28304.226552,million_usd,calculated,bcra_weekly_balance,https://www.bcra.gob.ar/archivos/Pdfs/PublicacionesEstadisticas/estados-resumidos-activos-pasivos-bcra-serie-anual-1998-actualidad.xls,eae93b0a066da3777cf410f5a11e41197bce43a23e240291938aa64e30b08014,2026-08-12T00:11:03Z
bcra_total_accounting_liabilities,2002-04,monthly,28329.138305,million_usd,calculated,bcra_weekly_balance,https://www.bcra.gob.ar/archivos/Pdfs/PublicacionesEstadisticas/estados-resumidos-activos-pasivos-bcra-serie-anual-1998-actualidad.xls,eae93b0a066da3777cf410f5a11e41197bce43a23e240291938aa64e30b08014,2026-08-12T00:11:03Z
bcra_total_accounting_liabilities,2002-05,monthly,27524.350278,million_usd,calculated,bcra_weekly_balance,https://www.bcra.gob.ar/archivos/Pdfs/PublicacionesEstadisticas/estados-resumidos-activos-pasivos-bcra-serie-anual-1998-actualidad.xls,eae93b0a066da3777cf410f5a11e41197bce43a23e240291938aa64e30b08014,2026-08-12T00:11:03Z
bcra_total_accounting_liabilities,2002-06,monthly,27172.865526,million_usd,calculated,bcra_weekly_balance,https://www.bcra.gob.ar/archivos/Pdfs/PublicacionesEstadisticas/estados-resumidos-activos-pasivos-bcra-serie-anual-1998-actualidad.xls,eae93b0a066da3777cf410f5a11e41197bce43a23e240291938aa64e30b08014,2026-08-12T00:11:03Z
bcra_total_accounting_liabilities,2002-07,monthly,26743.605707,million_usd,calculated,bcra_weekly_balance,https://www.bcra.gob.ar/archivos/Pdfs/PublicacionesEstadisticas/estados-resumidos-activos-pasivos-bcra-serie-anual-1998-actualidad.xls,eae93b0a066da3777cf410f5a11e41197bce43a23e240291938aa64e30b08014,2026-08-12T00:11:03Z
bcra_total_accounting_liabilities,2002-08,monthly,27554.206630,million_usd,calculated,bcra_weekly_balance,https://www.bcra.gob.ar/archivos/Pdfs/PublicacionesEstadisticas/estados-resumidos-activos-pasivos-bcra-serie-anual-1998-actualidad.xls,eae93b0a066da3777cf410f5a11e41197bce43a23e240291938aa64e30b08014,2026-08-12T00:11:03Z
bcra_total_accounting_liabilities,2002-09,monthly,26305.160800,million_usd,calculated,bcra_weekly_balance,https://www.bcra.gob.ar/archivos/Pdfs/PublicacionesEstadisticas/estados-resumidos-activos-pasivos-bcra-serie-anual-1998-actualidad.xls,eae93b0a066da3777cf410f5a11e41197bce43a23e240291938aa64e30b08014,2026-08-12T00:11:03Z
bcra_total_accounting_liabilities,2002-10,monthly,27310.712113,million_usd,calculated,bcra_weekly_balance,https://www.bcra.gob.ar/archivos/Pdfs/PublicacionesEstadisticas/estados-resumidos-activos-pasivos-bcra-serie-anual-1998-actualidad.xls,eae93b0a066da3777cf410f5a11e41197bce43a23e240291938aa64e30b08014,2026-08-12T00:11:03Z
bcra_total_accounting_liabilities,2002-11,monthly,28045.978431,million_usd,calculated,bcra_weekly_balance,https://www.bcra.gob.ar/archivos/Pdfs/PublicacionesEstadisticas/estados-resumidos-activos-pasivos-bcra-serie-anual-1998-actualidad.xls,eae93b0a066da3777cf410f5a11e41197bce43a23e240291938aa64e30b08014,2026-08-12T00:11:03Z
bcra_total_accounting_liabilities,2002-12,monthly,28517.190604,million_usd,calculated,bcra_weekly_balance,https://www.bcra.gob.ar/archivos/Pdfs/PublicacionesEstadisticas/estados-resumidos-activos-pasivos-bcra-serie-anual-1998-actualidad.xls,eae93b0a066da3777cf410f5a11e41197bce43a23e240291938aa64e30b08014,2026-08-12T00:11:03Z
bcra_total_accounting_liabilities,2003-01,monthly,29124.135802,million_usd,calculated,bcra_weekly_balance,https://www.bcra.gob.ar/archivos/Pdfs/PublicacionesEstadisticas/estados-resumidos-activos-pasivos-bcra-serie-anual-1998-actualidad.xls,eae93b0a066da3777cf410f5a11e41197bce43a23e240291938aa64e30b08014,2026-08-12T00:11:03Z
bcra_total_accounting_liabilities,2003-02,monthly,30059.260144,million_usd,calculated,bcra_weekly_balance,https://www.bcra.gob.ar/archivos/Pdfs/PublicacionesEstadisticas/estados-resumidos-activos-pasivos-bcra-serie-anual-1998-actualidad.xls,eae93b0a066da3777cf410f5a11e41197bce43a23e240291938aa64e30b08014,2026-08-12T00:11:03Z
bcra_total_accounting_liabilities,2003-03,monthly,31767.839777,million_usd,calculated,bcra_weekly_balance,https://www.bcra.gob.ar/archivos/Pdfs/PublicacionesEstadisticas/estados-resumidos-activos-pasivos-bcra-serie-anual-1998-actualidad.xls,eae93b0a066da3777cf410f5a11e41197bce43a23e240291938aa64e30b08014,2026-08-12T00:11:03Z
bcra_total_accounting_liabilities,2003-04,monthly,32182.404106,million_usd,calculated,bcra_weekly_balance,https://www.bcra.gob.ar/archivos/Pdfs/PublicacionesEstadisticas/estados-resumidos-activos-pasivos-bcra-serie-anual-1998-actualidad.xls,eae93b0a066da3777cf410f5a11e41197bce43a23e240291938aa64e30b08014,2026-08-12T00:11:03Z
bcra_total_accounting_liabilities,2003-05,monthly,35057.984042,million_usd,calculated,bcra_weekly_balance,https://www.bcra.gob.ar/archivos/Pdfs/PublicacionesEstadisticas/estados-resumidos-activos-pasivos-bcra-serie-anual-1998-actualidad.xls,eae93b0a066da3777cf410f5a11e41197bce43a23e240291938aa64e30b08014,2026-08-12T00:11:03Z
bcra_total_accounting_liabilities,2003-06,monthly,37021.365068,million_usd,calculated,bcra_weekly_balance,https://www.bcra.gob.ar/archivos/Pdfs/PublicacionesEstadisticas/estados-resumidos-activos-pasivos-bcra-serie-anual-1998-actualidad.xls,eae93b0a066da3777cf410f5a11e41197bce43a23e240291938aa64e30b08014,2026-08-12T00:11:03Z
bcra_total_accounting_liabilities,2003-07,monthly,36912.575268,million_usd,calculated,bcra_weekly_balance,https://www.bcra.gob.ar/archivos/Pdfs/PublicacionesEstadisticas/estados-resumidos-activos-pasivos-bcra-serie-anual-1998-actualidad.xls,eae93b0a066da3777cf410f5a11e41197bce43a23e240291938aa64e30b08014,2026-08-12T00:11:03Z
bcra_total_accounting_liabilities,2003-08,monthly,37818.365074,million_usd,calculated,bcra_weekly_balance,https://www.bcra.gob.ar/archivos/Pdfs/PublicacionesEstadisticas/estados-resumidos-activos-pasivos-bcra-serie-anual-1998-actualidad.xls,eae93b0a066da3777cf410f5a11e41197bce43a23e240291938aa64e30b08014,2026-08-12T00:11:03Z
bcra_total_accounting_liabilities,2003-09,monthly,38493.948374,million_usd,calculated,bcra_weekly_balance,https://www.bcra.gob.ar/archivos/Pdfs/PublicacionesEstadisticas/estados-resumidos-activos-pasivos-bcra-serie-anual-1998-actualidad.xls,eae93b0a066da3777cf410f5a11e41197bce43a23e240291938aa64e30b08014,2026-08-12T00:11:03Z
bcra_total_accounting_liabilities,2003-10,monthly,38562.238754,million_usd,calculated,bcra_weekly_balance,https://www.bcra.gob.ar/archivos/Pdfs/PublicacionesEstadisticas/estados-resumidos-activos-pasivos-bcra-serie-anual-1998-actualidad.xls,eae93b0a066da3777cf410f5a11e41197bce43a23e240291938aa64e30b08014,2026-08-12T00:11:03Z
bcra_total_accounting_liabilities,2003-11,monthly,38149.819617,million_usd,calculated,bcra_weekly_balance,https://www.bcra.gob.ar/archivos/Pdfs/PublicacionesEstadisticas/estados-resumidos-activos-pasivos-bcra-serie-anual-1998-actualidad.xls,eae93b0a066da3777cf410f5a11e41197bce43a23e240291938aa64e30b08014,2026-08-12T00:11:03Z
bcra_total_accounting_liabilities,2003-12,monthly,40088.744590,million_usd,calculated,bcra_weekly_balance,https://www.bcra.gob.ar/archivos/Pdfs/PublicacionesEstadisticas/estados-resumidos-activos-pasivos-bcra-serie-anual-1998-actualidad.xls,eae93b0a066da3777cf410f5a11e41197bce43a23e240291938aa64e30b08014,2026-08-12T00:11:03Z
bcra_total_accounting_liabilities,2004-01,monthly,41556.648090,million_usd,calculated,bcra_weekly_balance,https://www.bcra.gob.ar/archivos/Pdfs/PublicacionesEstadisticas/estados-resumidos-activos-pasivos-bcra-serie-anual-1998-actualidad.xls,eae93b0a066da3777cf410f5a11e41197bce43a23e240291938aa64e30b08014,2026-08-12T00:11:03Z
bcra_total_accounting_liabilities,2004-02,monthly,41588.491263,million_usd,calculated,bcra_weekly_balance,https://www.bcra.gob.ar/archivos/Pdfs/PublicacionesEstadisticas/estados-resumidos-activos-pasivos-bcra-serie-anual-1998-actualidad.xls,eae93b0a066da3777cf410f5a11e41197bce43a23e240291938aa64e30b08014,2026-08-12T00:11:03Z
bcra_total_accounting_liabilities,2004-03,monthly,41450.271804,million_usd,calculated,bcra_weekly_balance,https://www.bcra.gob.ar/archivos/Pdfs/PublicacionesEstadisticas/estados-resumidos-activos-pasivos-bcra-serie-anual-1998-actualidad.xls,eae93b0a066da3777cf410f5a11e41197bce43a23e240291938aa64e30b08014,2026-08-12T00:11:03Z
bcra_total_accounting_liabilities,2004-04,monthly,41793.872136,million_usd,calculated,bcra_weekly_balance,https://www.bcra.gob.ar/archivos/Pdfs/PublicacionesEstadisticas/estados-resumidos-activos-pasivos-bcra-serie-anual-1998-actualidad.xls,eae93b0a066da3777cf410f5a11e41197bce43a23e240291938aa64e30b08014,2026-08-12T00:11:03Z
bcra_total_accounting_liabilities,2004-05,monthly,42010.329600,million_usd,calculated,bcra_weekly_balance,https://www.bcra.gob.ar/archivos/Pdfs/PublicacionesEstadisticas/estados-resumidos-activos-pasivos-bcra-serie-anual-1998-actualidad.xls,eae93b0a066da3777cf410f5a11e41197bce43a23e240291938aa64e30b08014,2026-08-12T00:11:03Z
bcra_total_accounting_liabilities,2004-06,monthly,43557.380687,million_usd,calculated,bcra_weekly_balance,https://www.bcra.gob.ar/archivos/Pdfs/PublicacionesEstadisticas/estados-resumidos-activos-pasivos-bcra-serie-anual-1998-actualidad.xls,eae93b0a066da3777cf410f5a11e41197bce43a23e240291938aa64e30b08014,2026-08-12T00:11:03Z
bcra_total_accounting_liabilities,2004-07,monthly,46177.372648,million_usd,calculated,bcra_weekly_balance,https://www.bcra.gob.ar/archivos/Pdfs/PublicacionesEstadisticas/estados-resumidos-activos-pasivos-bcra-serie-anual-1998-actualidad.xls,eae93b0a066da3777cf410f5a11e41197bce43a23e240291938aa64e30b08014,2026-08-12T00:11:03Z
bcra_total_accounting_liabilities,2004-08,monthly,46070.420291,million_usd,calculated,bcra_weekly_balance,https://www.bcra.gob.ar/archivos/Pdfs/PublicacionesEstadisticas/estados-resumidos-activos-pasivos-bcra-serie-anual-1998-actualidad.xls,eae93b0a066da3777cf410f5a11e41197bce43a23e240291938aa64e30b08014,2026-08-12T00:11:03Z
bcra_total_accounting_liabilities,2004-09,monthly,46251.516848,million_usd,calculated,bcra_weekly_balance,https://www.bcra.gob.ar/archivos/Pdfs/PublicacionesEstadisticas/estados-resumidos-activos-pasivos-bcra-serie-anual-1998-actualidad.xls,eae93b0a066da3777cf410f5a11e41197bce43a23e240291938aa64e30b08014,2026-08-12T00:11:03Z
bcra_total_accounting_liabilities,2004-10,monthly,48718.774428,million_usd,calculated,bcra_weekly_balance,https://www.bcra.gob.ar/archivos/Pdfs/PublicacionesEstadisticas/estados-resumidos-activos-pasivos-bcra-serie-anual-1998-actualidad.xls,eae93b0a066da3777cf410f5a11e41197bce43a23e240291938aa64e30b08014,2026-08-12T00:11:03Z
bcra_total_accounting_liabilities,2004-11,monthly,49142.240935,million_usd,calculated,bcra_weekly_balance,https://www.bcra.gob.ar/archivos/Pdfs/PublicacionesEstadisticas/estados-resumidos-activos-pasivos-bcra-serie-anual-1998-actualidad.xls,eae93b0a066da3777cf410f5a11e41197bce43a23e240291938aa64e30b08014,2026-08-12T00:11:03Z
bcra_total_accounting_liabilities,2004-12,monthly,49594.060461,million_usd,calculated,bcra_weekly_balance,https://www.bcra.gob.ar/archivos/Pdfs/PublicacionesEstadisticas/estados-resumidos-activos-pasivos-bcra-serie-anual-1998-actualidad.xls,eae93b0a066da3777cf410f5a11e41197bce43a23e240291938aa64e30b08014,2026-08-12T00:11:03Z
bcra_total_accounting_liabilities,2005-01,monthly,52936.715551,million_usd,calculated,bcra_weekly_balance,https://www.bcra.gob.ar/archivos/Pdfs/PublicacionesEstadisticas/estados-resumidos-activos-pasivos-bcra-serie-anual-1998-actualidad.xls,eae93b0a066da3777cf410f5a11e41197bce43a23e240291938aa64e30b08014,2026-08-12T00:11:03Z
bcra_total_accounting_liabilities,2005-02,monthly,51903.671361,million_usd,calculated,bcra_weekly_balance,https://www.bcra.gob.ar/archivos/Pdfs/PublicacionesEstadisticas/estados-resumidos-activos-pasivos-bcra-serie-anual-1998-actualidad.xls,eae93b0a066da3777cf410f5a11e41197bce43a23e240291938aa64e30b08014,2026-08-12T00:11:03Z
bcra_total_accounting_liabilities,2005-03,monthly,49083.106079,million_usd,calculated,bcra_weekly_balance,https://www.bcra.gob.ar/archivos/Pdfs/PublicacionesEstadisticas/estados-resumidos-activos-pasivos-bcra-serie-anual-1998-actualidad.xls,eae93b0a066da3777cf410f5a11e41197bce43a23e240291938aa64e30b08014,2026-08-12T00:11:03Z
bcra_total_accounting_liabilities,2005-04,monthly,47065.505784,million_usd,calculated,bcra_weekly_balance,https://www.bcra.gob.ar/archivos/Pdfs/PublicacionesEstadisticas/estados-resumidos-activos-pasivos-bcra-serie-anual-1998-actualidad.xls,eae93b0a066da3777cf410f5a11e41197bce43a23e240291938aa64e30b08014,2026-08-12T00:11:03Z
bcra_total_accounting_liabilities,2005-05,monthly,47767.391350,million_usd,calculated,bcra_weekly_balance,https://www.bcra.gob.ar/archivos/Pdfs/PublicacionesEstadisticas/estados-resumidos-activos-pasivos-bcra-serie-anual-1998-actualidad.xls,eae93b0a066da3777cf410f5a11e41197bce43a23e240291938aa64e30b08014,2026-08-12T00:11:03Z
bcra_total_accounting_liabilities,2005-06,monthly,48380.171925,million_usd,calculated,bcra_weekly_balance,https://www.bcra.gob.ar/archivos/Pdfs/PublicacionesEstadisticas/estados-resumidos-activos-pasivos-bcra-serie-anual-1998-actualidad.xls,eae93b0a066da3777cf410f5a11e41197bce43a23e240291938aa64e30b08014,2026-08-12T00:11:03Z
bcra_total_accounting_liabilities,2005-07,monthly,50437.329538,million_usd,calculated,bcra_weekly_balance,https://www.bcra.gob.ar/archivos/Pdfs/PublicacionesEstadisticas/estados-resumidos-activos-pasivos-bcra-serie-anual-1998-actualidad.xls,eae93b0a066da3777cf410f5a11e41197bce43a23e240291938aa64e30b08014,2026-08-12T00:11:03Z
bcra_total_accounting_liabilities,2005-08,monthly,50562.075420,million_usd,calculated,bcra_weekly_balance,https://www.bcra.gob.ar/archivos/Pdfs/PublicacionesEstadisticas/estados-resumidos-activos-pasivos-bcra-serie-anual-1998-actualidad.xls,eae93b0a066da3777cf410f5a11e41197bce43a23e240291938aa64e30b08014,2026-08-12T00:11:03Z
bcra_total_accounting_liabilities,2005-09,monthly,49719.771674,million_usd,calculated,bcra_weekly_balance,https://www.bcra.gob.ar/archivos/Pdfs/PublicacionesEstadisticas/estados-resumidos-activos-pasivos-bcra-serie-anual-1998-actualidad.xls,eae93b0a066da3777cf410f5a11e41197bce43a23e240291938aa64e30b08014,2026-08-12T00:11:03Z
bcra_total_accounting_liabilities,2005-10,monthly,47699.115194,million_usd,calculated,bcra_weekly_balance,https://www.bcra.gob.ar/archivos/Pdfs/PublicacionesEstadisticas/estados-resumidos-activos-pasivos-bcra-serie-anual-1998-actualidad.xls,eae93b0a066da3777cf410f5a11e41197bce43a23e240291938aa64e30b08014,2026-08-12T00:11:03Z
bcra_total_accounting_liabilities,2005-11,monthly,47294.924163,million_usd,calculated,bcra_weekly_balance,https://www.bcra.gob.ar/archivos/Pdfs/PublicacionesEstadisticas/estados-resumidos-activos-pasivos-bcra-serie-anual-1998-actualidad.xls,eae93b0a066da3777cf410f5a11e41197bce43a23e240291938aa64e30b08014,2026-08-12T00:11:03Z
bcra_total_accounting_liabilities,2005-12,monthly,49525.146297,million_usd,calculated,bcra_weekly_balance,https://www.bcra.gob.ar/archivos/Pdfs/PublicacionesEstadisticas/estados-resumidos-activos-pasivos-bcra-serie-anual-1998-actualidad.xls,eae93b0a066da3777cf410f5a11e41197bce43a23e240291938aa64e30b08014,2026-08-12T00:11:03Z
bcra_total_accounting_liabilities,2006-01,monthly,38963.550282,million_usd,calculated,bcra_weekly_balance,https://www.bcra.gob.ar/archivos/Pdfs/PublicacionesEstadisticas/estados-resumidos-activos-pasivos-bcra-serie-anual-1998-actualidad.xls,eae93b0a066da3777cf410f5a11e41197bce43a23e240291938aa64e30b08014,2026-08-12T00:11:03Z
bcra_total_accounting_liabilities,2006-02,monthly,38831.480083,million_usd,calculated,bcra_weekly_balance,https://www.bcra.gob.ar/archivos/Pdfs/PublicacionesEstadisticas/estados-resumidos-activos-pasivos-bcra-serie-anual-1998-actualidad.xls,eae93b0a066da3777cf410f5a11e41197bce43a23e240291938aa64e30b08014,2026-08-12T00:11:03Z
bcra_total_accounting_liabilities,2006-03,monthly,38837.856076,million_usd,calculated,bcra_weekly_balance,https://www.bcra.gob.ar/archivos/Pdfs/PublicacionesEstadisticas/estados-resumidos-activos-pasivos-bcra-serie-anual-1998-actualidad.xls,eae93b0a066da3777cf410f5a11e41197bce43a23e240291938aa64e30b08014,2026-08-12T00:11:03Z
bcra_total_accounting_liabilities,2006-04,monthly,40706.722189,million_usd,calculated,bcra_weekly_balance,https://www.bcra.gob.ar/archivos/Pdfs/PublicacionesEstadisticas/estados-resumidos-activos-pasivos-bcra-serie-anual-1998-actualidad.xls,eae93b0a066da3777cf410f5a11e41197bce43a23e240291938aa64e30b08014,2026-08-12T00:11:03Z
bcra_total_accounting_liabilities,2006-05,monthly,42839.257807,million_usd,calculated,bcra_weekly_balance,https://www.bcra.gob.ar/archivos/Pdfs/PublicacionesEstadisticas/estados-resumidos-activos-pasivos-bcra-serie-anual-1998-actualidad.xls,eae93b0a066da3777cf410f5a11e41197bce43a23e240291938aa64e30b08014,2026-08-12T00:11:03Z
bcra_total_accounting_liabilities,2006-06,monthly,42957.114886,million_usd,calculated,bcra_weekly_balance,https://www.bcra.gob.ar/archivos/Pdfs/PublicacionesEstadisticas/estados-resumidos-activos-pasivos-bcra-serie-anual-1998-actualidad.xls,eae93b0a066da3777cf410f5a11e41197bce43a23e240291938aa64e30b08014,2026-08-12T00:11:03Z
bcra_total_accounting_liabilities,2006-07,monthly,44119.375894,million_usd,calculated,bcra_weekly_balance,https://www.bcra.gob.ar/archivos/Pdfs/PublicacionesEstadisticas/estados-resumidos-activos-pasivos-bcra-serie-anual-1998-actualidad.xls,eae93b0a066da3777cf410f5a11e41197bce43a23e240291938aa64e30b08014,2026-08-12T00:11:03Z
bcra_total_accounting_liabilities,2006-08,monthly,45102.329201,million_usd,calculated,bcra_weekly_balance,https://www.bcra.gob.ar/archivos/Pdfs/PublicacionesEstadisticas/estados-resumidos-activos-pasivos-bcra-serie-anual-1998-actualidad.xls,eae93b0a066da3777cf410f5a11e41197bce43a23e240291938aa64e30b08014,2026-08-12T00:11:03Z
bcra_total_accounting_liabilities,2006-09,monthly,44847.833972,million_usd,calculated,bcra_weekly_balance,https://www.bcra.gob.ar/archivos/Pdfs/PublicacionesEstadisticas/estados-resumidos-activos-pasivos-bcra-serie-anual-1998-actualidad.xls,eae93b0a066da3777cf410f5a11e41197bce43a23e240291938aa64e30b08014,2026-08-12T00:11:03Z
bcra_total_accounting_liabilities,2006-10,monthly,46035.087124,million_usd,calculated,bcra_weekly_balance,https://www.bcra.gob.ar/archivos/Pdfs/PublicacionesEstadisticas/estados-resumidos-activos-pasivos-bcra-serie-anual-1998-actualidad.xls,eae93b0a066da3777cf410f5a11e41197bce43a23e240291938aa64e30b08014,2026-08-12T00:11:03Z
bcra_total_accounting_liabilities,2006-11,monthly,46876.288079,million_usd,calculated,bcra_weekly_balance,https://www.bcra.gob.ar/archivos/Pdfs/PublicacionesEstadisticas/estados-resumidos-activos-pasivos-bcra-serie-anual-1998-actualidad.xls,eae93b0a066da3777cf410f5a11e41197bce43a23e240291938aa64e30b08014,2026-08-12T00:11:03Z
bcra_total_accounting_liabilities,2006-12,monthly,47805.219091,million_usd,calculated,bcra_weekly_balance,https://www.bcra.gob.ar/archivos/Pdfs/PublicacionesEstadisticas/estados-resumidos-activos-pasivos-bcra-serie-anual-1998-actualidad.xls,eae93b0a066da3777cf410f5a11e41197bce43a23e240291938aa64e30b08014,2026-08-12T00:11:03Z
bcra_total_accounting_liabilities,2007-01,monthly,49823.378296,million_usd,calculated,bcra_weekly_balance,https://www.bcra.gob.ar/archivos/Pdfs/PublicacionesEstadisticas/estados-resumidos-activos-pasivos-bcra-serie-anual-1998-actualidad.xls,eae93b0a066da3777cf410f5a11e41197bce43a23e240291938aa64e30b08014,2026-08-12T00:11:03Z
bcra_total_accounting_liabilities,2007-02,monthly,52221.713318,million_usd,calculated,bcra_weekly_balance,https://www.bcra.gob.ar/archivos/Pdfs/PublicacionesEstadisticas/estados-resumidos-activos-pasivos-bcra-serie-anual-1998-actualidad.xls,eae93b0a066da3777cf410f5a11e41197bce43a23e240291938aa64e30b08014,2026-08-12T00:11:03Z
bcra_total_accounting_liabilities,2007-03,monthly,53030.111265,million_usd,calculated,bcra_weekly_balance,https://www.bcra.gob.ar/archivos/Pdfs/PublicacionesEstadisticas/estados-resumidos-activos-pasivos-bcra-serie-anual-1998-actualidad.xls,eae93b0a066da3777cf410f5a11e41197bce43a23e240291938aa64e30b08014,2026-08-12T00:11:03Z
bcra_total_accounting_liabilities,2007-04,monthly,56499.472781,million_usd,calculated,bcra_weekly_balance,https://www.bcra.gob.ar/archivos/Pdfs/PublicacionesEstadisticas/estados-resumidos-activos-pasivos-bcra-serie-anual-1998-actualidad.xls,eae93b0a066da3777cf410f5a11e41197bce43a23e240291938aa64e30b08014,2026-08-12T00:11:03Z
bcra_total_accounting_liabilities,2007-05,monthly,58867.503654,million_usd,calculated,bcra_weekly_balance,https://www.bcra.gob.ar/archivos/Pdfs/PublicacionesEstadisticas/estados-resumidos-activos-pasivos-bcra-serie-anual-1998-actualidad.xls,eae93b0a066da3777cf410f5a11e41197bce43a23e240291938aa64e30b08014,2026-08-12T00:11:03Z
bcra_total_accounting_liabilities,2007-06,monthly,60160.648052,million_usd,calculated,bcra_weekly_balance,https://www.bcra.gob.ar/archivos/Pdfs/PublicacionesEstadisticas/estados-resumidos-activos-pasivos-bcra-serie-anual-1998-actualidad.xls,eae93b0a066da3777cf410f5a11e41197bce43a23e240291938aa64e30b08014,2026-08-12T00:11:03Z
bcra_total_accounting_liabilities,2007-07,monthly,58641.799647,million_usd,calculated,bcra_weekly_balance,https://www.bcra.gob.ar/archivos/Pdfs/PublicacionesEstadisticas/estados-resumidos-activos-pasivos-bcra-serie-anual-1998-actualidad.xls,eae93b0a066da3777cf410f5a11e41197bce43a23e240291938aa64e30b08014,2026-08-12T00:11:03Z
bcra_total_accounting_liabilities,2007-08,monthly,58321.026047,million_usd,calculated,bcra_weekly_balance,https://www.bcra.gob.ar/archivos/Pdfs/PublicacionesEstadisticas/estados-resumidos-activos-pasivos-bcra-serie-anual-1998-actualidad.xls,eae93b0a066da3777cf410f5a11e41197bce43a23e240291938aa64e30b08014,2026-08-12T00:11:03Z
bcra_total_accounting_liabilities,2007-09,monthly,59012.536911,million_usd,calculated,bcra_weekly_balance,https://www.bcra.gob.ar/archivos/Pdfs/PublicacionesEstadisticas/estados-resumidos-activos-pasivos-bcra-serie-anual-1998-actualidad.xls,eae93b0a066da3777cf410f5a11e41197bce43a23e240291938aa64e30b08014,2026-08-12T00:11:03Z
bcra_total_accounting_liabilities,2007-10,monthly,59127.139816,million_usd,calculated,bcra_weekly_balance,https://www.bcra.gob.ar/archivos/Pdfs/PublicacionesEstadisticas/estados-resumidos-activos-pasivos-bcra-serie-anual-1998-actualidad.xls,eae93b0a066da3777cf410f5a11e41197bce43a23e240291938aa64e30b08014,2026-08-12T00:11:03Z
bcra_total_accounting_liabilities,2007-11,monthly,60617.506520,million_usd,calculated,bcra_weekly_balance,https://www.bcra.gob.ar/archivos/Pdfs/PublicacionesEstadisticas/estados-resumidos-activos-pasivos-bcra-serie-anual-1998-actualidad.xls,eae93b0a066da3777cf410f5a11e41197bce43a23e240291938aa64e30b08014,2026-08-12T00:11:03Z
bcra_total_accounting_liabilities,2007-12,monthly,62350.318629,million_usd,calculated,bcra_weekly_balance,https://www.bcra.gob.ar/archivos/Pdfs/PublicacionesEstadisticas/estados-resumidos-activos-pasivos-bcra-serie-anual-1998-actualidad.xls,eae93b0a066da3777cf410f5a11e41197bce43a23e240291938aa64e30b08014,2026-08-12T00:11:03Z
bcra_total_accounting_liabilities,2008-01,monthly,66021.260893,million_usd,calculated,bcra_weekly_balance,https://www.bcra.gob.ar/archivos/Pdfs/PublicacionesEstadisticas/estados-resumidos-activos-pasivos-bcra-serie-anual-1998-actualidad.xls,eae93b0a066da3777cf410f5a11e41197bce43a23e240291938aa64e30b08014,2026-08-12T00:11:03Z
bcra_total_accounting_liabilities,2008-02,monthly,65885.279704,million_usd,calculated,bcra_weekly_balance,https://www.bcra.gob.ar/archivos/Pdfs/PublicacionesEstadisticas/estados-resumidos-activos-pasivos-bcra-serie-anual-1998-actualidad.xls,eae93b0a066da3777cf410f5a11e41197bce43a23e240291938aa64e30b08014,2026-08-12T00:11:03Z
bcra_total_accounting_liabilities,2008-03,monthly,67610.624585,million_usd,calculated,bcra_weekly_balance,https://www.bcra.gob.ar/archivos/Pdfs/PublicacionesEstadisticas/estados-resumidos-activos-pasivos-bcra-serie-anual-1998-actualidad.xls,eae93b0a066da3777cf410f5a11e41197bce43a23e240291938aa64e30b08014,2026-08-12T00:11:03Z
bcra_total_accounting_liabilities,2008-04,monthly,68005.326379,million_usd,calculated,bcra_weekly_balance,https://www.bcra.gob.ar/archivos/Pdfs/PublicacionesEstadisticas/estados-resumidos-activos-pasivos-bcra-serie-anual-1998-actualidad.xls,eae93b0a066da3777cf410f5a11e41197bce43a23e240291938aa64e30b08014,2026-08-12T00:11:03Z
bcra_total_accounting_liabilities,2008-05,monthly,68928.059268,million_usd,calculated,bcra_weekly_balance,https://www.bcra.gob.ar/archivos/Pdfs/PublicacionesEstadisticas/estados-resumidos-activos-pasivos-bcra-serie-anual-1998-actualidad.xls,eae93b0a066da3777cf410f5a11e41197bce43a23e240291938aa64e30b08014,2026-08-12T00:11:03Z
bcra_total_accounting_liabilities,2008-06,monthly,70195.523775,million_usd,calculated,bcra_weekly_balance,https://www.bcra.gob.ar/archivos/Pdfs/PublicacionesEstadisticas/estados-resumidos-activos-pasivos-bcra-serie-anual-1998-actualidad.xls,eae93b0a066da3777cf410f5a11e41197bce43a23e240291938aa64e30b08014,2026-08-12T00:11:03Z
bcra_total_accounting_liabilities,2008-07,monthly,74462.205907,million_usd,calculated,bcra_weekly_balance,https://www.bcra.gob.ar/archivos/Pdfs/PublicacionesEstadisticas/estados-resumidos-activos-pasivos-bcra-serie-anual-1998-actualidad.xls,eae93b0a066da3777cf410f5a11e41197bce43a23e240291938aa64e30b08014,2026-08-12T00:11:03Z
bcra_total_accounting_liabilities,2008-08,monthly,74673.093965,million_usd,calculated,bcra_weekly_balance,https://www.bcra.gob.ar/archivos/Pdfs/PublicacionesEstadisticas/estados-resumidos-activos-pasivos-bcra-serie-anual-1998-actualidad.xls,eae93b0a066da3777cf410f5a11e41197bce43a23e240291938aa64e30b08014,2026-08-12T00:11:03Z
bcra_total_accounting_liabilities,2008-09,monthly,73434.722062,million_usd,calculated,bcra_weekly_balance,https://www.bcra.gob.ar/archivos/Pdfs/PublicacionesEstadisticas/estados-resumidos-activos-pasivos-bcra-serie-anual-1998-actualidad.xls,eae93b0a066da3777cf410f5a11e41197bce43a23e240291938aa64e30b08014,2026-08-12T00:11:03Z
bcra_total_accounting_liabilities,2008-10,monthly,64074.802900,million_usd,calculated,bcra_weekly_balance,https://www.bcra.gob.ar/archivos/Pdfs/PublicacionesEstadisticas/estados-resumidos-activos-pasivos-bcra-serie-anual-1998-actualidad.xls,eae93b0a066da3777cf410f5a11e41197bce43a23e240291938aa64e30b08014,2026-08-12T00:11:03Z
bcra_total_accounting_liabilities,2008-11,monthly,65958.816563,million_usd,calculated,bcra_weekly_balance,https://www.bcra.gob.ar/archivos/Pdfs/PublicacionesEstadisticas/estados-resumidos-activos-pasivos-bcra-serie-anual-1998-actualidad.xls,eae93b0a066da3777cf410f5a11e41197bce43a23e240291938aa64e30b08014,2026-08-12T00:11:03Z
bcra_total_accounting_liabilities,2008-12,monthly,68519.294959,million_usd,calculated,bcra_weekly_balance,https://www.bcra.gob.ar/archivos/Pdfs/PublicacionesEstadisticas/estados-resumidos-activos-pasivos-bcra-serie-anual-1998-actualidad.xls,eae93b0a066da3777cf410f5a11e41197bce43a23e240291938aa64e30b08014,2026-08-12T00:11:03Z
bcra_total_accounting_liabilities,2009-01,monthly,68670.300215,million_usd,calculated,bcra_weekly_balance,https://www.bcra.gob.ar/archivos/Pdfs/PublicacionesEstadisticas/estados-resumidos-activos-pasivos-bcra-serie-anual-1998-actualidad.xls,eae93b0a066da3777cf410f5a11e41197bce43a23e240291938aa64e30b08014,2026-08-12T00:11:03Z
bcra_total_accounting_liabilities,2009-02,monthly,66134.836072,million_usd,calculated,bcra_weekly_balance,https://www.bcra.gob.ar/archivos/Pdfs/PublicacionesEstadisticas/estados-resumidos-activos-pasivos-bcra-serie-anual-1998-actualidad.xls,eae93b0a066da3777cf410f5a11e41197bce43a23e240291938aa64e30b08014,2026-08-12T00:11:03Z
bcra_total_accounting_liabilities,2009-03,monthly,65509.564831,million_usd,calculated,bcra_weekly_balance,https://www.bcra.gob.ar/archivos/Pdfs/PublicacionesEstadisticas/estados-resumidos-activos-pasivos-bcra-serie-anual-1998-actualidad.xls,eae93b0a066da3777cf410f5a11e41197bce43a23e240291938aa64e30b08014,2026-08-12T00:11:03Z
bcra_total_accounting_liabilities,2009-04,monthly,65627.981264,million_usd,calculated,bcra_weekly_balance,https://www.bcra.gob.ar/archivos/Pdfs/PublicacionesEstadisticas/estados-resumidos-activos-pasivos-bcra-serie-anual-1998-actualidad.xls,eae93b0a066da3777cf410f5a11e41197bce43a23e240291938aa64e30b08014,2026-08-12T00:11:03Z
bcra_total_accounting_liabilities,2009-05,monthly,66423.458962,million_usd,calculated,bcra_weekly_balance,https://www.bcra.gob.ar/archivos/Pdfs/PublicacionesEstadisticas/estados-resumidos-activos-pasivos-bcra-serie-anual-1998-actualidad.xls,eae93b0a066da3777cf410f5a11e41197bce43a23e240291938aa64e30b08014,2026-08-12T00:11:03Z
bcra_total_accounting_liabilities,2009-06,monthly,66036.140388,million_usd,calculated,bcra_weekly_balance,https://www.bcra.gob.ar/archivos/Pdfs/PublicacionesEstadisticas/estados-resumidos-activos-pasivos-bcra-serie-anual-1998-actualidad.xls,eae93b0a066da3777cf410f5a11e41197bce43a23e240291938aa64e30b08014,2026-08-12T00:11:03Z
bcra_total_accounting_liabilities,2009-07,monthly,66232.545621,million_usd,calculated,bcra_weekly_balance,https://www.bcra.gob.ar/archivos/Pdfs/PublicacionesEstadisticas/estados-resumidos-activos-pasivos-bcra-serie-anual-1998-actualidad.xls,eae93b0a066da3777cf410f5a11e41197bce43a23e240291938aa64e30b08014,2026-08-12T00:11:03Z
bcra_total_accounting_liabilities,2009-08,monthly,66441.201557,million_usd,calculated,bcra_weekly_balance,https://www.bcra.gob.ar/archivos/Pdfs/PublicacionesEstadisticas/estados-resumidos-activos-pasivos-bcra-serie-anual-1998-actualidad.xls,eae93b0a066da3777cf410f5a11e41197bce43a23e240291938aa64e30b08014,2026-08-12T00:11:03Z
bcra_total_accounting_liabilities,2009-09,monthly,66828.295990,million_usd,calculated,bcra_weekly_balance,https://www.bcra.gob.ar/archivos/Pdfs/PublicacionesEstadisticas/estados-resumidos-activos-pasivos-bcra-serie-anual-1998-actualidad.xls,eae93b0a066da3777cf410f5a11e41197bce43a23e240291938aa64e30b08014,2026-08-12T00:11:03Z
bcra_total_accounting_liabilities,2009-10,monthly,67314.131710,million_usd,calculated,bcra_weekly_balance,https://www.bcra.gob.ar/archivos/Pdfs/PublicacionesEstadisticas/estados-resumidos-activos-pasivos-bcra-serie-anual-1998-actualidad.xls,eae93b0a066da3777cf410f5a11e41197bce43a23e240291938aa64e30b08014,2026-08-12T00:11:03Z
bcra_total_accounting_liabilities,2009-11,monthly,67730.502336,million_usd,calculated,bcra_weekly_balance,https://www.bcra.gob.ar/archivos/Pdfs/PublicacionesEstadisticas/estados-resumidos-activos-pasivos-bcra-serie-anual-1998-actualidad.xls,eae93b0a066da3777cf410f5a11e41197bce43a23e240291938aa64e30b08014,2026-08-12T00:11:03Z
bcra_total_accounting_liabilities,2009-12,monthly,66254.548160,million_usd,calculated,bcra_weekly_balance,https://www.bcra.gob.ar/archivos/Pdfs/PublicacionesEstadisticas/estados-resumidos-activos-pasivos-bcra-serie-anual-1998-actualidad.xls,eae93b0a066da3777cf410f5a11e41197bce43a23e240291938aa64e30b08014,2026-08-12T00:11:03Z
bcra_total_accounting_liabilities,2010-01,monthly,69255.409626,million_usd,calculated,bcra_weekly_balance,https://www.bcra.gob.ar/archivos/Pdfs/PublicacionesEstadisticas/estados-resumidos-activos-pasivos-bcra-serie-anual-1998-actualidad.xls,eae93b0a066da3777cf410f5a11e41197bce43a23e240291938aa64e30b08014,2026-08-12T00:11:03Z
bcra_total_accounting_liabilities,2010-02,monthly,69850.166701,million_usd,calculated,bcra_weekly_balance,https://www.bcra.gob.ar/archivos/Pdfs/PublicacionesEstadisticas/estados-resumidos-activos-pasivos-bcra-serie-anual-1998-actualidad.xls,eae93b0a066da3777cf410f5a11e41197bce43a23e240291938aa64e30b08014,2026-08-12T00:11:03Z
bcra_total_accounting_liabilities,2010-03,monthly,73613.643423,million_usd,calculated,bcra_weekly_balance,https://www.bcra.gob.ar/archivos/Pdfs/PublicacionesEstadisticas/estados-resumidos-activos-pasivos-bcra-serie-anual-1998-actualidad.xls,eae93b0a066da3777cf410f5a11e41197bce43a23e240291938aa64e30b08014,2026-08-12T00:11:03Z
bcra_total_accounting_liabilities,2010-04,monthly,76462.133189,million_usd,calculated,bcra_weekly_balance,https://www.bcra.gob.ar/archivos/Pdfs/PublicacionesEstadisticas/estados-resumidos-activos-pasivos-bcra-serie-anual-1998-actualidad.xls,eae93b0a066da3777cf410f5a11e41197bce43a23e240291938aa64e30b08014,2026-08-12T00:11:03Z
bcra_total_accounting_liabilities,2010-05,monthly,77149.585158,million_usd,calculated,bcra_weekly_balance,https://www.bcra.gob.ar/archivos/Pdfs/PublicacionesEstadisticas/estados-resumidos-activos-pasivos-bcra-serie-anual-1998-actualidad.xls,eae93b0a066da3777cf410f5a11e41197bce43a23e240291938aa64e30b08014,2026-08-12T00:11:03Z
bcra_total_accounting_liabilities,2010-06,monthly,76449.068874,million_usd,calculated,bcra_weekly_balance,https://www.bcra.gob.ar/archivos/Pdfs/PublicacionesEstadisticas/estados-resumidos-activos-pasivos-bcra-serie-anual-1998-actualidad.xls,eae93b0a066da3777cf410f5a11e41197bce43a23e240291938aa64e30b08014,2026-08-12T00:11:03Z
bcra_total_accounting_liabilities,2010-07,monthly,78502.264501,million_usd,calculated,bcra_weekly_balance,https://www.bcra.gob.ar/archivos/Pdfs/PublicacionesEstadisticas/estados-resumidos-activos-pasivos-bcra-serie-anual-1998-actualidad.xls,eae93b0a066da3777cf410f5a11e41197bce43a23e240291938aa64e30b08014,2026-08-12T00:11:03Z
bcra_total_accounting_liabilities,2010-08,monthly,77373.601033,million_usd,calculated,bcra_weekly_balance,https://www.bcra.gob.ar/archivos/Pdfs/PublicacionesEstadisticas/estados-resumidos-activos-pasivos-bcra-serie-anual-1998-actualidad.xls,eae93b0a066da3777cf410f5a11e41197bce43a23e240291938aa64e30b08014,2026-08-12T00:11:03Z
bcra_total_accounting_liabilities,2010-09,monthly,80623.900068,million_usd,calculated,bcra_weekly_balance,https://www.bcra.gob.ar/archivos/Pdfs/PublicacionesEstadisticas/estados-resumidos-activos-pasivos-bcra-serie-anual-1998-actualidad.xls,eae93b0a066da3777cf410f5a11e41197bce43a23e240291938aa64e30b08014,2026-08-12T00:11:03Z
bcra_total_accounting_liabilities,2010-10,monthly,82930.322719,million_usd,calculated,bcra_weekly_balance,https://www.bcra.gob.ar/archivos/Pdfs/PublicacionesEstadisticas/estados-resumidos-activos-pasivos-bcra-serie-anual-1998-actualidad.xls,eae93b0a066da3777cf410f5a11e41197bce43a23e240291938aa64e30b08014,2026-08-12T00:11:03Z
bcra_total_accounting_liabilities,2010-11,monthly,82092.866466,million_usd,calculated,bcra_weekly_balance,https://www.bcra.gob.ar/archivos/Pdfs/PublicacionesEstadisticas/estados-resumidos-activos-pasivos-bcra-serie-anual-1998-actualidad.xls,eae93b0a066da3777cf410f5a11e41197bce43a23e240291938aa64e30b08014,2026-08-12T00:11:03Z
bcra_total_accounting_liabilities,2010-12,monthly,84432.868857,million_usd,calculated,bcra_weekly_balance,https://www.bcra.gob.ar/archivos/Pdfs/PublicacionesEstadisticas/estados-resumidos-activos-pasivos-bcra-serie-anual-1998-actualidad.xls,eae93b0a066da3777cf410f5a11e41197bce43a23e240291938aa64e30b08014,2026-08-12T00:11:03Z
bcra_total_accounting_liabilities,2011-01,monthly,91757.873925,million_usd,calculated,bcra_weekly_balance,https://www.bcra.gob.ar/archivos/Pdfs/PublicacionesEstadisticas/estados-resumidos-activos-pasivos-bcra-serie-anual-1998-actualidad.xls,eae93b0a066da3777cf410f5a11e41197bce43a23e240291938aa64e30b08014,2026-08-12T00:11:03Z
bcra_total_accounting_liabilities,2011-02,monthly,90628.217839,million_usd,calculated,bcra_weekly_balance,https://www.bcra.gob.ar/archivos/Pdfs/PublicacionesEstadisticas/estados-resumidos-activos-pasivos-bcra-serie-anual-1998-actualidad.xls,eae93b0a066da3777cf410f5a11e41197bce43a23e240291938aa64e30b08014,2026-08-12T00:11:03Z
bcra_total_accounting_liabilities,2011-03,monthly,94594.967799,million_usd,calculated,bcra_weekly_balance,https://www.bcra.gob.ar/archivos/Pdfs/PublicacionesEstadisticas/estados-resumidos-activos-pasivos-bcra-serie-anual-1998-actualidad.xls,eae93b0a066da3777cf410f5a11e41197bce43a23e240291938aa64e30b08014,2026-08-12T00:11:03Z
bcra_total_accounting_liabilities,2011-04,monthly,93232.662174,million_usd,calculated,bcra_weekly_balance,https://www.bcra.gob.ar/archivos/Pdfs/PublicacionesEstadisticas/estados-resumidos-activos-pasivos-bcra-serie-anual-1998-actualidad.xls,eae93b0a066da3777cf410f5a11e41197bce43a23e240291938aa64e30b08014,2026-08-12T00:11:03Z
bcra_total_accounting_liabilities,2011-05,monthly,93173.100252,million_usd,calculated,bcra_weekly_balance,https://www.bcra.gob.ar/archivos/Pdfs/PublicacionesEstadisticas/estados-resumidos-activos-pasivos-bcra-serie-anual-1998-actualidad.xls,eae93b0a066da3777cf410f5a11e41197bce43a23e240291938aa64e30b08014,2026-08-12T00:11:03Z
bcra_total_accounting_liabilities,2011-06,monthly,91784.178059,million_usd,calculated,bcra_weekly_balance,https://www.bcra.gob.ar/archivos/Pdfs/PublicacionesEstadisticas/estados-resumidos-activos-pasivos-bcra-serie-anual-1998-actualidad.xls,eae93b0a066da3777cf410f5a11e41197bce43a23e240291938aa64e30b08014,2026-08-12T00:11:03Z
bcra_total_accounting_liabilities,2011-07,monthly,92011.601255,million_usd,calculated,bcra_weekly_balance,https://www.bcra.gob.ar/archivos/Pdfs/PublicacionesEstadisticas/estados-resumidos-activos-pasivos-bcra-serie-anual-1998-actualidad.xls,eae93b0a066da3777cf410f5a11e41197bce43a23e240291938aa64e30b08014,2026-08-12T00:11:03Z
bcra_total_accounting_liabilities,2011-08,monthly,90504.830575,million_usd,calculated,bcra_weekly_balance,https://www.bcra.gob.ar/archivos/Pdfs/PublicacionesEstadisticas/estados-resumidos-activos-pasivos-bcra-serie-anual-1998-actualidad.xls,eae93b0a066da3777cf410f5a11e41197bce43a23e240291938aa64e30b08014,2026-08-12T00:11:03Z
bcra_total_accounting_liabilities,2011-09,monthly,89947.542157,million_usd,calculated,bcra_weekly_balance,https://www.bcra.gob.ar/archivos/Pdfs/PublicacionesEstadisticas/estados-resumidos-activos-pasivos-bcra-serie-anual-1998-actualidad.xls,eae93b0a066da3777cf410f5a11e41197bce43a23e240291938aa64e30b08014,2026-08-12T00:11:03Z
bcra_total_accounting_liabilities,2011-10,monthly,88839.538897,million_usd,calculated,bcra_weekly_balance,https://www.bcra.gob.ar/archivos/Pdfs/PublicacionesEstadisticas/estados-resumidos-activos-pasivos-bcra-serie-anual-1998-actualidad.xls,eae93b0a066da3777cf410f5a11e41197bce43a23e240291938aa64e30b08014,2026-08-12T00:11:03Z
bcra_total_accounting_liabilities,2011-11,monthly,88960.241082,million_usd,calculated,bcra_weekly_balance,https://www.bcra.gob.ar/archivos/Pdfs/PublicacionesEstadisticas/estados-resumidos-activos-pasivos-bcra-serie-anual-1998-actualidad.xls,eae93b0a066da3777cf410f5a11e41197bce43a23e240291938aa64e30b08014,2026-08-12T00:11:03Z
bcra_total_accounting_liabilities,2011-12,monthly,91950.066462,million_usd,calculated,bcra_weekly_balance,https://www.bcra.gob.ar/archivos/Pdfs/PublicacionesEstadisticas/estados-resumidos-activos-pasivos-bcra-serie-anual-1998-actualidad.xls,eae93b0a066da3777cf410f5a11e41197bce43a23e240291938aa64e30b08014,2026-08-12T00:11:03Z
bcra_total_accounting_liabilities,2012-01,monthly,93567.296250,million_usd,calculated,bcra_weekly_balance,https://www.bcra.gob.ar/archivos/Pdfs/PublicacionesEstadisticas/estados-resumidos-activos-pasivos-bcra-serie-anual-1998-actualidad.xls,eae93b0a066da3777cf410f5a11e41197bce43a23e240291938aa64e30b08014,2026-08-12T00:11:03Z
bcra_total_accounting_liabilities,2012-02,monthly,96750.623666,million_usd,calculated,bcra_weekly_balance,https://www.bcra.gob.ar/archivos/Pdfs/PublicacionesEstadisticas/estados-resumidos-activos-pasivos-bcra-serie-anual-1998-actualidad.xls,eae93b0a066da3777cf410f5a11e41197bce43a23e240291938aa64e30b08014,2026-08-12T00:11:03Z
bcra_total_accounting_liabilities,2012-03,monthly,95516.159644,million_usd,calculated,bcra_weekly_balance,https://www.bcra.gob.ar/archivos/Pdfs/PublicacionesEstadisticas/estados-resumidos-activos-pasivos-bcra-serie-anual-1998-actualidad.xls,eae93b0a066da3777cf410f5a11e41197bce43a23e240291938aa64e30b08014,2026-08-12T00:11:03Z
bcra_total_accounting_liabilities,2012-04,monthly,99697.937166,million_usd,calculated,bcra_weekly_balance,https://www.bcra.gob.ar/archivos/Pdfs/PublicacionesEstadisticas/estados-resumidos-activos-pasivos-bcra-serie-anual-1998-actualidad.xls,eae93b0a066da3777cf410f5a11e41197bce43a23e240291938aa64e30b08014,2026-08-12T00:11:03Z
bcra_total_accounting_liabilities,2012-05,monthly,100075.718471,million_usd,calculated,bcra_weekly_balance,https://www.bcra.gob.ar/archivos/Pdfs/PublicacionesEstadisticas/estados-resumidos-activos-pasivos-bcra-serie-anual-1998-actualidad.xls,eae93b0a066da3777cf410f5a11e41197bce43a23e240291938aa64e30b08014,2026-08-12T00:11:03Z
bcra_total_accounting_liabilities,2012-06,monthly,96303.633571,million_usd,calculated,bcra_weekly_balance,https://www.bcra.gob.ar/archivos/Pdfs/PublicacionesEstadisticas/estados-resumidos-activos-pasivos-bcra-serie-anual-1998-actualidad.xls,eae93b0a066da3777cf410f5a11e41197bce43a23e240291938aa64e30b08014,2026-08-12T00:11:03Z
bcra_total_accounting_liabilities,2012-07,monthly,104309.758253,million_usd,calculated,bcra_weekly_balance,https://www.bcra.gob.ar/archivos/Pdfs/PublicacionesEstadisticas/estados-resumidos-activos-pasivos-bcra-serie-anual-1998-actualidad.xls,eae93b0a066da3777cf410f5a11e41197bce43a23e240291938aa64e30b08014,2026-08-12T00:11:03Z
bcra_total_accounting_liabilities,2012-08,monthly,100507.769003,million_usd,calculated,bcra_weekly_balance,https://www.bcra.gob.ar/archivos/Pdfs/PublicacionesEstadisticas/estados-resumidos-activos-pasivos-bcra-serie-anual-1998-actualidad.xls,eae93b0a066da3777cf410f5a11e41197bce43a23e240291938aa64e30b08014,2026-08-12T00:11:03Z
bcra_total_accounting_liabilities,2012-09,monthly,99383.436794,million_usd,calculated,bcra_weekly_balance,https://www.bcra.gob.ar/archivos/Pdfs/PublicacionesEstadisticas/estados-resumidos-activos-pasivos-bcra-serie-anual-1998-actualidad.xls,eae93b0a066da3777cf410f5a11e41197bce43a23e240291938aa64e30b08014,2026-08-12T00:11:03Z
bcra_total_accounting_liabilities,2012-10,monthly,101704.896443,million_usd,calculated,bcra_weekly_balance,https://www.bcra.gob.ar/archivos/Pdfs/PublicacionesEstadisticas/estados-resumidos-activos-pasivos-bcra-serie-anual-1998-actualidad.xls,eae93b0a066da3777cf410f5a11e41197bce43a23e240291938aa64e30b08014,2026-08-12T00:11:03Z
bcra_total_accounting_liabilities,2012-11,monthly,105732.547892,million_usd,calculated,bcra_weekly_balance,https://www.bcra.gob.ar/archivos/Pdfs/PublicacionesEstadisticas/estados-resumidos-activos-pasivos-bcra-serie-anual-1998-actualidad.xls,eae93b0a066da3777cf410f5a11e41197bce43a23e240291938aa64e30b08014,2026-08-12T00:11:03Z
bcra_total_accounting_liabilities,2012-12,monthly,103562.081630,million_usd,calculated,bcra_weekly_balance,https://www.bcra.gob.ar/archivos/Pdfs/PublicacionesEstadisticas/estados-resumidos-activos-pasivos-bcra-serie-anual-1998-actualidad.xls,eae93b0a066da3777cf410f5a11e41197bce43a23e240291938aa64e30b08014,2026-08-12T00:11:03Z
bcra_total_accounting_liabilities,2013-01,monthly,104289.748835,million_usd,calculated,bcra_weekly_balance,https://www.bcra.gob.ar/archivos/Pdfs/PublicacionesEstadisticas/estados-resumidos-activos-pasivos-bcra-serie-anual-1998-actualidad.xls,eae93b0a066da3777cf410f5a11e41197bce43a23e240291938aa64e30b08014,2026-08-12T00:11:03Z
bcra_total_accounting_liabilities,2013-02,monthly,102546.785403,million_usd,calculated,bcra_weekly_balance,https://www.bcra.gob.ar/archivos/Pdfs/PublicacionesEstadisticas/estados-resumidos-activos-pasivos-bcra-serie-anual-1998-actualidad.xls,eae93b0a066da3777cf410f5a11e41197bce43a23e240291938aa64e30b08014,2026-08-12T00:11:03Z
bcra_total_accounting_liabilities,2013-03,monthly,97445.147883,million_usd,calculated,bcra_weekly_balance,https://www.bcra.gob.ar/archivos/Pdfs/PublicacionesEstadisticas/estados-resumidos-activos-pasivos-bcra-serie-anual-1998-actualidad.xls,eae93b0a066da3777cf410f5a11e41197bce43a23e240291938aa64e30b08014,2026-08-12T00:11:03Z
bcra_total_accounting_liabilities,2013-04,monthly,100098.520640,million_usd,calculated,bcra_weekly_balance,https://www.bcra.gob.ar/archivos/Pdfs/PublicacionesEstadisticas/estados-resumidos-activos-pasivos-bcra-serie-anual-1998-actualidad.xls,eae93b0a066da3777cf410f5a11e41197bce43a23e240291938aa64e30b08014,2026-08-12T00:11:03Z
bcra_total_accounting_liabilities,2013-05,monthly,96015.614626,million_usd,calculated,bcra_weekly_balance,https://www.bcra.gob.ar/archivos/Pdfs/PublicacionesEstadisticas/estados-resumidos-activos-pasivos-bcra-serie-anual-1998-actualidad.xls,eae93b0a066da3777cf410f5a11e41197bce43a23e240291938aa64e30b08014,2026-08-12T00:11:03Z
bcra_total_accounting_liabilities,2013-06,monthly,97726.088539,million_usd,calculated,bcra_weekly_balance,https://www.bcra.gob.ar/archivos/Pdfs/PublicacionesEstadisticas/estados-resumidos-activos-pasivos-bcra-serie-anual-1998-actualidad.xls,eae93b0a066da3777cf410f5a11e41197bce43a23e240291938aa64e30b08014,2026-08-12T00:11:03Z
bcra_total_accounting_liabilities,2013-07,monthly,98894.790702,million_usd,calculated,bcra_weekly_balance,https://www.bcra.gob.ar/archivos/Pdfs/PublicacionesEstadisticas/estados-resumidos-activos-pasivos-bcra-serie-anual-1998-actualidad.xls,eae93b0a066da3777cf410f5a11e41197bce43a23e240291938aa64e30b08014,2026-08-12T00:11:03Z
bcra_total_accounting_liabilities,2013-08,monthly,109160.268016,million_usd,calculated,bcra_weekly_balance,https://www.bcra.gob.ar/archivos/Pdfs/PublicacionesEstadisticas/estados-resumidos-activos-pasivos-bcra-serie-anual-1998-actualidad.xls,eae93b0a066da3777cf410f5a11e41197bce43a23e240291938aa64e30b08014,2026-08-12T00:11:03Z
bcra_total_accounting_liabilities,2013-09,monthly,105397.657256,million_usd,calculated,bcra_weekly_balance,https://www.bcra.gob.ar/archivos/Pdfs/PublicacionesEstadisticas/estados-resumidos-activos-pasivos-bcra-serie-anual-1998-actualidad.xls,eae93b0a066da3777cf410f5a11e41197bce43a23e240291938aa64e30b08014,2026-08-12T00:11:03Z
bcra_total_accounting_liabilities,2013-10,monthly,102908.955133,million_usd,calculated,bcra_weekly_balance,https://www.bcra.gob.ar/archivos/Pdfs/PublicacionesEstadisticas/estados-resumidos-activos-pasivos-bcra-serie-anual-1998-actualidad.xls,eae93b0a066da3777cf410f5a11e41197bce43a23e240291938aa64e30b08014,2026-08-12T00:11:03Z
bcra_total_accounting_liabilities,2013-11,monthly,97617.232236,million_usd,calculated,bcra_weekly_balance,https://www.bcra.gob.ar/archivos/Pdfs/PublicacionesEstadisticas/estados-resumidos-activos-pasivos-bcra-serie-anual-1998-actualidad.xls,eae93b0a066da3777cf410f5a11e41197bce43a23e240291938aa64e30b08014,2026-08-12T00:11:03Z
bcra_total_accounting_liabilities,2013-12,monthly,94449.783203,million_usd,calculated,bcra_weekly_balance,https://www.bcra.gob.ar/archivos/Pdfs/PublicacionesEstadisticas/estados-resumidos-activos-pasivos-bcra-serie-anual-1998-actualidad.xls,eae93b0a066da3777cf410f5a11e41197bce43a23e240291938aa64e30b08014,2026-08-12T00:11:03Z
bcra_total_accounting_liabilities,2014-01,monthly,79704.581452,million_usd,calculated,bcra_weekly_balance,https://www.bcra.gob.ar/archivos/Pdfs/PublicacionesEstadisticas/estados-resumidos-activos-pasivos-bcra-serie-anual-1998-actualidad.xls,eae93b0a066da3777cf410f5a11e41197bce43a23e240291938aa64e30b08014,2026-08-12T00:11:03Z
bcra_total_accounting_liabilities,2014-02,monthly,80599.592800,million_usd,calculated,bcra_weekly_balance,https://www.bcra.gob.ar/archivos/Pdfs/PublicacionesEstadisticas/estados-resumidos-activos-pasivos-bcra-serie-anual-1998-actualidad.xls,eae93b0a066da3777cf410f5a11e41197bce43a23e240291938aa64e30b08014,2026-08-12T00:11:03Z
bcra_total_accounting_liabilities,2014-03,monthly,92615.575795,million_usd,calculated,bcra_weekly_balance,https://www.bcra.gob.ar/archivos/Pdfs/PublicacionesEstadisticas/estados-resumidos-activos-pasivos-bcra-serie-anual-1998-actualidad.xls,eae93b0a066da3777cf410f5a11e41197bce43a23e240291938aa64e30b08014,2026-08-12T00:11:03Z
bcra_total_accounting_liabilities,2014-04,monthly,91741.470474,million_usd,calculated,bcra_weekly_balance,https://www.bcra.gob.ar/archivos/Pdfs/PublicacionesEstadisticas/estados-resumidos-activos-pasivos-bcra-serie-anual-1998-actualidad.xls,eae93b0a066da3777cf410f5a11e41197bce43a23e240291938aa64e30b08014,2026-08-12T00:11:03Z
bcra_total_accounting_liabilities,2014-05,monthly,93909.662156,million_usd,calculated,bcra_weekly_balance,https://www.bcra.gob.ar/archivos/Pdfs/PublicacionesEstadisticas/estados-resumidos-activos-pasivos-bcra-serie-anual-1998-actualidad.xls,eae93b0a066da3777cf410f5a11e41197bce43a23e240291938aa64e30b08014,2026-08-12T00:11:03Z
bcra_total_accounting_liabilities,2014-06,monthly,94148.411721,million_usd,calculated,bcra_weekly_balance,https://www.bcra.gob.ar/archivos/Pdfs/PublicacionesEstadisticas/estados-resumidos-activos-pasivos-bcra-serie-anual-1998-actualidad.xls,eae93b0a066da3777cf410f5a11e41197bce43a23e240291938aa64e30b08014,2026-08-12T00:11:03Z
bcra_total_accounting_liabilities,2014-07,monthly,95515.254318,million_usd,calculated,bcra_weekly_balance,https://www.bcra.gob.ar/archivos/Pdfs/PublicacionesEstadisticas/estados-resumidos-activos-pasivos-bcra-serie-anual-1998-actualidad.xls,eae93b0a066da3777cf410f5a11e41197bce43a23e240291938aa64e30b08014,2026-08-12T00:11:03Z
bcra_total_accounting_liabilities,2014-08,monthly,95940.225012,million_usd,calculated,bcra_weekly_balance,https://www.bcra.gob.ar/archivos/Pdfs/PublicacionesEstadisticas/estados-resumidos-activos-pasivos-bcra-serie-anual-1998-actualidad.xls,eae93b0a066da3777cf410f5a11e41197bce43a23e240291938aa64e30b08014,2026-08-12T00:11:03Z
bcra_total_accounting_liabilities,2014-09,monthly,95863.981900,million_usd,calculated,bcra_weekly_balance,https://www.bcra.gob.ar/archivos/Pdfs/PublicacionesEstadisticas/estados-resumidos-activos-pasivos-bcra-serie-anual-1998-actualidad.xls,eae93b0a066da3777cf410f5a11e41197bce43a23e240291938aa64e30b08014,2026-08-12T00:11:03Z
bcra_total_accounting_liabilities,2014-10,monthly,99233.226539,million_usd,calculated,bcra_weekly_balance,https://www.bcra.gob.ar/archivos/Pdfs/PublicacionesEstadisticas/estados-resumidos-activos-pasivos-bcra-serie-anual-1998-actualidad.xls,eae93b0a066da3777cf410f5a11e41197bce43a23e240291938aa64e30b08014,2026-08-12T00:11:03Z
bcra_total_accounting_liabilities,2014-11,monthly,108423.825699,million_usd,calculated,bcra_weekly_balance,https://www.bcra.gob.ar/archivos/Pdfs/PublicacionesEstadisticas/estados-resumidos-activos-pasivos-bcra-serie-anual-1998-actualidad.xls,eae93b0a066da3777cf410f5a11e41197bce43a23e240291938aa64e30b08014,2026-08-12T00:11:03Z
bcra_total_accounting_liabilities,2014-12,monthly,114546.994317,million_usd,calculated,bcra_weekly_balance,https://www.bcra.gob.ar/archivos/Pdfs/PublicacionesEstadisticas/estados-resumidos-activos-pasivos-bcra-serie-anual-1998-actualidad.xls,eae93b0a066da3777cf410f5a11e41197bce43a23e240291938aa64e30b08014,2026-08-12T00:11:03Z
bcra_total_accounting_liabilities,2015-01,monthly,116182.711962,million_usd,calculated,bcra_weekly_balance,https://www.bcra.gob.ar/archivos/Pdfs/PublicacionesEstadisticas/estados-resumidos-activos-pasivos-bcra-serie-anual-1998-actualidad.xls,eae93b0a066da3777cf410f5a11e41197bce43a23e240291938aa64e30b08014,2026-08-12T00:11:03Z
bcra_total_accounting_liabilities,2015-02,monthly,116663.778756,million_usd,calculated,bcra_weekly_balance,https://www.bcra.gob.ar/archivos/Pdfs/PublicacionesEstadisticas/estados-resumidos-activos-pasivos-bcra-serie-anual-1998-actualidad.xls,eae93b0a066da3777cf410f5a11e41197bce43a23e240291938aa64e30b08014,2026-08-12T00:11:03Z
bcra_total_accounting_liabilities,2015-03,monthly,120302.347812,million_usd,calculated,bcra_weekly_balance,https://www.bcra.gob.ar/archivos/Pdfs/PublicacionesEstadisticas/estados-resumidos-activos-pasivos-bcra-serie-anual-1998-actualidad.xls,eae93b0a066da3777cf410f5a11e41197bce43a23e240291938aa64e30b08014,2026-08-12T00:11:03Z
bcra_total_accounting_liabilities,2015-04,monthly,120649.053421,million_usd,calculated,bcra_weekly_balance,https://www.bcra.gob.ar/archivos/Pdfs/PublicacionesEstadisticas/estados-resumidos-activos-pasivos-bcra-serie-anual-1998-actualidad.xls,eae93b0a066da3777cf410f5a11e41197bce43a23e240291938aa64e30b08014,2026-08-12T00:11:03Z
bcra_total_accounting_liabilities,2015-05,monthly,133199.185476,million_usd,calculated,bcra_weekly_balance,https://www.bcra.gob.ar/archivos/Pdfs/PublicacionesEstadisticas/estados-resumidos-activos-pasivos-bcra-serie-anual-1998-actualidad.xls,eae93b0a066da3777cf410f5a11e41197bce43a23e240291938aa64e30b08014,2026-08-12T00:11:03Z
bcra_total_accounting_liabilities,2015-06,monthly,137308.660760,million_usd,calculated,bcra_weekly_balance,https://www.bcra.gob.ar/archivos/Pdfs/PublicacionesEstadisticas/estados-resumidos-activos-pasivos-bcra-serie-anual-1998-actualidad.xls,eae93b0a066da3777cf410f5a11e41197bce43a23e240291938aa64e30b08014,2026-08-12T00:11:03Z
bcra_total_accounting_liabilities,2015-07,monthly,136570.940320,million_usd,calculated,bcra_weekly_balance,https://www.bcra.gob.ar/archivos/Pdfs/PublicacionesEstadisticas/estados-resumidos-activos-pasivos-bcra-serie-anual-1998-actualidad.xls,eae93b0a066da3777cf410f5a11e41197bce43a23e240291938aa64e30b08014,2026-08-12T00:11:03Z
bcra_total_accounting_liabilities,2015-08,monthly,139717.528051,million_usd,calculated,bcra_weekly_balance,https://www.bcra.gob.ar/archivos/Pdfs/PublicacionesEstadisticas/estados-resumidos-activos-pasivos-bcra-serie-anual-1998-actualidad.xls,eae93b0a066da3777cf410f5a11e41197bce43a23e240291938aa64e30b08014,2026-08-12T00:11:03Z
bcra_total_accounting_liabilities,2015-09,monthly,149391.056778,million_usd,calculated,bcra_weekly_balance,https://www.bcra.gob.ar/archivos/Pdfs/PublicacionesEstadisticas/estados-resumidos-activos-pasivos-bcra-serie-anual-1998-actualidad.xls,eae93b0a066da3777cf410f5a11e41197bce43a23e240291938aa64e30b08014,2026-08-12T00:11:03Z
bcra_total_accounting_liabilities,2015-10,monthly,146146.806516,million_usd,calculated,bcra_weekly_balance,https://www.bcra.gob.ar/archivos/Pdfs/PublicacionesEstadisticas/estados-resumidos-activos-pasivos-bcra-serie-anual-1998-actualidad.xls,eae93b0a066da3777cf410f5a11e41197bce43a23e240291938aa64e30b08014,2026-08-12T00:11:03Z
bcra_total_accounting_liabilities,2015-11,monthly,150954.225640,million_usd,calculated,bcra_weekly_balance,https://www.bcra.gob.ar/archivos/Pdfs/PublicacionesEstadisticas/estados-resumidos-activos-pasivos-bcra-serie-anual-1998-actualidad.xls,eae93b0a066da3777cf410f5a11e41197bce43a23e240291938aa64e30b08014,2026-08-12T00:11:03Z
bcra_total_accounting_liabilities,2015-12,monthly,125544.807731,million_usd,calculated,bcra_weekly_balance,https://www.bcra.gob.ar/archivos/Pdfs/PublicacionesEstadisticas/estados-resumidos-activos-pasivos-bcra-serie-anual-1998-actualidad.xls,eae93b0a066da3777cf410f5a11e41197bce43a23e240291938aa64e30b08014,2026-08-12T00:11:03Z
bcra_total_accounting_liabilities,2016-01,monthly,131314.294735,million_usd,calculated,bcra_weekly_balance,https://www.bcra.gob.ar/archivos/Pdfs/PublicacionesEstadisticas/estados-resumidos-activos-pasivos-bcra-serie-anual-1998-actualidad.xls,eae93b0a066da3777cf410f5a11e41197bce43a23e240291938aa64e30b08014,2026-08-12T00:11:03Z
bcra_total_accounting_liabilities,2016-02,monthly,122326.572554,million_usd,calculated,bcra_weekly_balance,https://www.bcra.gob.ar/archivos/Pdfs/PublicacionesEstadisticas/estados-resumidos-activos-pasivos-bcra-serie-anual-1998-actualidad.xls,eae93b0a066da3777cf410f5a11e41197bce43a23e240291938aa64e30b08014,2026-08-12T00:11:03Z
bcra_total_accounting_liabilities,2016-03,monthly,131713.964970,million_usd,calculated,bcra_weekly_balance,https://www.bcra.gob.ar/archivos/Pdfs/PublicacionesEstadisticas/estados-resumidos-activos-pasivos-bcra-serie-anual-1998-actualidad.xls,eae93b0a066da3777cf410f5a11e41197bce43a23e240291938aa64e30b08014,2026-08-12T00:11:03Z
bcra_total_accounting_liabilities,2016-04,monthly,137909.775498,million_usd,calculated,bcra_weekly_balance,https://www.bcra.gob.ar/archivos/Pdfs/PublicacionesEstadisticas/estados-resumidos-activos-pasivos-bcra-serie-anual-1998-actualidad.xls,eae93b0a066da3777cf410f5a11e41197bce43a23e240291938aa64e30b08014,2026-08-12T00:11:03Z
bcra_total_accounting_liabilities,2016-05,monthly,136491.313737,million_usd,calculated,bcra_weekly_balance,https://www.bcra.gob.ar/archivos/Pdfs/PublicacionesEstadisticas/estados-resumidos-activos-pasivos-bcra-serie-anual-1998-actualidad.xls,eae93b0a066da3777cf410f5a11e41197bce43a23e240291938aa64e30b08014,2026-08-12T00:11:03Z
bcra_total_accounting_liabilities,2016-06,monthly,139123.653820,million_usd,calculated,bcra_weekly_balance,https://www.bcra.gob.ar/archivos/Pdfs/PublicacionesEstadisticas/estados-resumidos-activos-pasivos-bcra-serie-anual-1998-actualidad.xls,eae93b0a066da3777cf410f5a11e41197bce43a23e240291938aa64e30b08014,2026-08-12T00:11:03Z
bcra_total_accounting_liabilities,2016-07,monthly,134544.077117,million_usd,calculated,bcra_weekly_balance,https://www.bcra.gob.ar/archivos/Pdfs/PublicacionesEstadisticas/estados-resumidos-activos-pasivos-bcra-serie-anual-1998-actualidad.xls,eae93b0a066da3777cf410f5a11e41197bce43a23e240291938aa64e30b08014,2026-08-12T00:11:03Z
bcra_total_accounting_liabilities,2016-08,monthly,135859.460901,million_usd,calculated,bcra_weekly_balance,https://www.bcra.gob.ar/archivos/Pdfs/PublicacionesEstadisticas/estados-resumidos-activos-pasivos-bcra-serie-anual-1998-actualidad.xls,eae93b0a066da3777cf410f5a11e41197bce43a23e240291938aa64e30b08014,2026-08-12T00:11:03Z
bcra_total_accounting_liabilities,2016-09,monthly,134902.284041,million_usd,calculated,bcra_weekly_balance,https://www.bcra.gob.ar/archivos/Pdfs/PublicacionesEstadisticas/estados-resumidos-activos-pasivos-bcra-serie-anual-1998-actualidad.xls,eae93b0a066da3777cf410f5a11e41197bce43a23e240291938aa64e30b08014,2026-08-12T00:11:03Z
bcra_total_accounting_liabilities,2016-10,monthly,145235.745033,million_usd,calculated,bcra_weekly_balance,https://www.bcra.gob.ar/archivos/Pdfs/PublicacionesEstadisticas/estados-resumidos-activos-pasivos-bcra-serie-anual-1998-actualidad.xls,eae93b0a066da3777cf410f5a11e41197bce43a23e240291938aa64e30b08014,2026-08-12T00:11:03Z
bcra_total_accounting_liabilities,2016-11,monthly,143560.372628,million_usd,calculated,bcra_weekly_balance,https://www.bcra.gob.ar/archivos/Pdfs/PublicacionesEstadisticas/estados-resumidos-activos-pasivos-bcra-serie-anual-1998-actualidad.xls,eae93b0a066da3777cf410f5a11e41197bce43a23e240291938aa64e30b08014,2026-08-12T00:11:03Z
bcra_total_accounting_liabilities,2016-12,monthly,146212.534601,million_usd,calculated,bcra_weekly_balance,https://www.bcra.gob.ar/archivos/Pdfs/PublicacionesEstadisticas/estados-resumidos-activos-pasivos-bcra-serie-anual-1998-actualidad.xls,eae93b0a066da3777cf410f5a11e41197bce43a23e240291938aa64e30b08014,2026-08-12T00:11:03Z
bcra_total_accounting_liabilities,2017-01,monthly,154986.696770,million_usd,calculated,bcra_weekly_balance,https://www.bcra.gob.ar/archivos/Pdfs/PublicacionesEstadisticas/estados-resumidos-activos-pasivos-bcra-serie-anual-1998-actualidad.xls,eae93b0a066da3777cf410f5a11e41197bce43a23e240291938aa64e30b08014,2026-08-12T00:11:03Z
bcra_total_accounting_liabilities,2017-02,monthly,169365.037334,million_usd,calculated,bcra_weekly_balance,https://www.bcra.gob.ar/archivos/Pdfs/PublicacionesEstadisticas/estados-resumidos-activos-pasivos-bcra-serie-anual-1998-actualidad.xls,eae93b0a066da3777cf410f5a11e41197bce43a23e240291938aa64e30b08014,2026-08-12T00:11:03Z
bcra_total_accounting_liabilities,2017-03,monthly,174864.586784,million_usd,calculated,bcra_weekly_balance,https://www.bcra.gob.ar/archivos/Pdfs/PublicacionesEstadisticas/estados-resumidos-activos-pasivos-bcra-serie-anual-1998-actualidad.xls,eae93b0a066da3777cf410f5a11e41197bce43a23e240291938aa64e30b08014,2026-08-12T00:11:03Z
bcra_total_accounting_liabilities,2017-04,monthly,171817.979620,million_usd,calculated,bcra_weekly_balance,https://www.bcra.gob.ar/archivos/Pdfs/PublicacionesEstadisticas/estados-resumidos-activos-pasivos-bcra-serie-anual-1998-actualidad.xls,eae93b0a066da3777cf410f5a11e41197bce43a23e240291938aa64e30b08014,2026-08-12T00:11:03Z
bcra_total_accounting_liabilities,2017-05,monthly,161889.757837,million_usd,calculated,bcra_weekly_balance,https://www.bcra.gob.ar/archivos/Pdfs/PublicacionesEstadisticas/estados-resumidos-activos-pasivos-bcra-serie-anual-1998-actualidad.xls,eae93b0a066da3777cf410f5a11e41197bce43a23e240291938aa64e30b08014,2026-08-12T00:11:03Z
bcra_total_accounting_liabilities,2017-06,monthly,164009.856794,million_usd,calculated,bcra_weekly_balance,https://www.bcra.gob.ar/archivos/Pdfs/PublicacionesEstadisticas/estados-resumidos-activos-pasivos-bcra-serie-anual-1998-actualidad.xls,eae93b0a066da3777cf410f5a11e41197bce43a23e240291938aa64e30b08014,2026-08-12T00:11:03Z
bcra_total_accounting_liabilities,2017-07,monthly,156731.501868,million_usd,calculated,bcra_weekly_balance,https://www.bcra.gob.ar/archivos/Pdfs/PublicacionesEstadisticas/estados-resumidos-activos-pasivos-bcra-serie-anual-1998-actualidad.xls,eae93b0a066da3777cf410f5a11e41197bce43a23e240291938aa64e30b08014,2026-08-12T00:11:03Z
bcra_total_accounting_liabilities,2017-08,monthly,160208.833401,million_usd,calculated,bcra_weekly_balance,https://www.bcra.gob.ar/archivos/Pdfs/PublicacionesEstadisticas/estados-resumidos-activos-pasivos-bcra-serie-anual-1998-actualidad.xls,eae93b0a066da3777cf410f5a11e41197bce43a23e240291938aa64e30b08014,2026-08-12T00:11:03Z
bcra_total_accounting_liabilities,2017-09,monthly,163920.491965,million_usd,calculated,bcra_weekly_balance,https://www.bcra.gob.ar/archivos/Pdfs/PublicacionesEstadisticas/estados-resumidos-activos-pasivos-bcra-serie-anual-1998-actualidad.xls,eae93b0a066da3777cf410f5a11e41197bce43a23e240291938aa64e30b08014,2026-08-12T00:11:03Z
bcra_total_accounting_liabilities,2017-10,monthly,165391.473236,million_usd,calculated,bcra_weekly_balance,https://www.bcra.gob.ar/archivos/Pdfs/PublicacionesEstadisticas/estados-resumidos-activos-pasivos-bcra-serie-anual-1998-actualidad.xls,eae93b0a066da3777cf410f5a11e41197bce43a23e240291938aa64e30b08014,2026-08-12T00:11:03Z
bcra_total_accounting_liabilities,2017-11,monthly,172972.136961,million_usd,calculated,bcra_weekly_balance,https://www.bcra.gob.ar/archivos/Pdfs/PublicacionesEstadisticas/estados-resumidos-activos-pasivos-bcra-serie-anual-1998-actualidad.xls,eae93b0a066da3777cf410f5a11e41197bce43a23e240291938aa64e30b08014,2026-08-12T00:11:03Z
bcra_total_accounting_liabilities,2017-12,monthly,168583.608613,million_usd,calculated,bcra_weekly_balance,https://www.bcra.gob.ar/archivos/Pdfs/PublicacionesEstadisticas/estados-resumidos-activos-pasivos-bcra-serie-anual-1998-actualidad.xls,eae93b0a066da3777cf410f5a11e41197bce43a23e240291938aa64e30b08014,2026-08-12T00:11:03Z
bcra_total_accounting_liabilities,2018-01,monthly,163339.647577,million_usd,calculated,bcra_weekly_balance,https://www.bcra.gob.ar/archivos/Pdfs/PublicacionesEstadisticas/estados-resumidos-activos-pasivos-bcra-serie-anual-1998-actualidad.xls,eae93b0a066da3777cf410f5a11e41197bce43a23e240291938aa64e30b08014,2026-08-12T00:11:03Z
bcra_total_accounting_liabilities,2018-02,monthly,160824.838186,million_usd,calculated,bcra_weekly_balance,https://www.bcra.gob.ar/archivos/Pdfs/PublicacionesEstadisticas/estados-resumidos-activos-pasivos-bcra-serie-anual-1998-actualidad.xls,eae93b0a066da3777cf410f5a11e41197bce43a23e240291938aa64e30b08014,2026-08-12T00:11:03Z
bcra_total_accounting_liabilities,2018-03,monthly,161889.190822,million_usd,calculated,bcra_weekly_balance,https://www.bcra.gob.ar/archivos/Pdfs/PublicacionesEstadisticas/estados-resumidos-activos-pasivos-bcra-serie-anual-1998-actualidad.xls,eae93b0a066da3777cf410f5a11e41197bce43a23e240291938aa64e30b08014,2026-08-12T00:11:03Z
bcra_total_accounting_liabilities,2018-04,monthly,154901.127011,million_usd,calculated,bcra_weekly_balance,https://www.bcra.gob.ar/archivos/Pdfs/PublicacionesEstadisticas/estados-resumidos-activos-pasivos-bcra-serie-anual-1998-actualidad.xls,eae93b0a066da3777cf410f5a11e41197bce43a23e240291938aa64e30b08014,2026-08-12T00:11:03Z
bcra_total_accounting_liabilities,2018-05,monthly,128531.247923,million_usd,calculated,bcra_weekly_balance,https://www.bcra.gob.ar/archivos/Pdfs/PublicacionesEstadisticas/estados-resumidos-activos-pasivos-bcra-serie-anual-1998-actualidad.xls,eae93b0a066da3777cf410f5a11e41197bce43a23e240291938aa64e30b08014,2026-08-12T00:11:03Z
bcra_total_accounting_liabilities,2018-06,monthly,133604.703124,million_usd,calculated,bcra_weekly_balance,https://www.bcra.gob.ar/archivos/Pdfs/PublicacionesEstadisticas/estados-resumidos-activos-pasivos-bcra-serie-anual-1998-actualidad.xls,eae93b0a066da3777cf410f5a11e41197bce43a23e240291938aa64e30b08014,2026-08-12T00:11:03Z
bcra_total_accounting_liabilities,2018-07,monthly,135243.667561,million_usd,calculated,bcra_weekly_balance,https://www.bcra.gob.ar/archivos/Pdfs/PublicacionesEstadisticas/estados-resumidos-activos-pasivos-bcra-serie-anual-1998-actualidad.xls,eae93b0a066da3777cf410f5a11e41197bce43a23e240291938aa64e30b08014,2026-08-12T00:11:03Z
bcra_total_accounting_liabilities,2018-08,monthly,107722.939616,million_usd,calculated,bcra_weekly_balance,https://www.bcra.gob.ar/archivos/Pdfs/PublicacionesEstadisticas/estados-resumidos-activos-pasivos-bcra-serie-anual-1998-actualidad.xls,eae93b0a066da3777cf410f5a11e41197bce43a23e240291938aa64e30b08014,2026-08-12T00:11:03Z
bcra_total_accounting_liabilities,2018-09,monthly,98979.150347,million_usd,calculated,bcra_weekly_balance,https://www.bcra.gob.ar/archivos/Pdfs/PublicacionesEstadisticas/estados-resumidos-activos-pasivos-bcra-serie-anual-1998-actualidad.xls,eae93b0a066da3777cf410f5a11e41197bce43a23e240291938aa64e30b08014,2026-08-12T00:11:03Z
bcra_total_accounting_liabilities,2018-10,monthly,114184.603845,million_usd,calculated,bcra_weekly_balance,https://www.bcra.gob.ar/archivos/Pdfs/PublicacionesEstadisticas/estados-resumidos-activos-pasivos-bcra-serie-anual-1998-actualidad.xls,eae93b0a066da3777cf410f5a11e41197bce43a23e240291938aa64e30b08014,2026-08-12T00:11:03Z
bcra_total_accounting_liabilities,2018-11,monthly,106704.977763,million_usd,calculated,bcra_weekly_balance,https://www.bcra.gob.ar/archivos/Pdfs/PublicacionesEstadisticas/estados-resumidos-activos-pasivos-bcra-serie-anual-1998-actualidad.xls,eae93b0a066da3777cf410f5a11e41197bce43a23e240291938aa64e30b08014,2026-08-12T00:11:03Z
bcra_total_accounting_liabilities,2018-12,monthly,129532.966309,million_usd,calculated,bcra_weekly_balance,https://www.bcra.gob.ar/archivos/Pdfs/PublicacionesEstadisticas/estados-resumidos-activos-pasivos-bcra-serie-anual-1998-actualidad.xls,eae93b0a066da3777cf410f5a11e41197bce43a23e240291938aa64e30b08014,2026-08-12T00:11:03Z
bcra_total_accounting_liabilities,2019-01,monthly,136081.650412,million_usd,calculated,bcra_weekly_balance,https://www.bcra.gob.ar/archivos/Pdfs/PublicacionesEstadisticas/estados-resumidos-activos-pasivos-bcra-serie-anual-1998-actualidad.xls,eae93b0a066da3777cf410f5a11e41197bce43a23e240291938aa64e30b08014,2026-08-12T00:11:03Z
bcra_total_accounting_liabilities,2019-02,monthly,131420.681722,million_usd,calculated,bcra_weekly_balance,https://www.bcra.gob.ar/archivos/Pdfs/PublicacionesEstadisticas/estados-resumidos-activos-pasivos-bcra-serie-anual-1998-actualidad.xls,eae93b0a066da3777cf410f5a11e41197bce43a23e240291938aa64e30b08014,2026-08-12T00:11:03Z
bcra_total_accounting_liabilities,2019-03,monthly,123360.551215,million_usd,calculated,bcra_weekly_balance,https://www.bcra.gob.ar/archivos/Pdfs/PublicacionesEstadisticas/estados-resumidos-activos-pasivos-bcra-serie-anual-1998-actualidad.xls,eae93b0a066da3777cf410f5a11e41197bce43a23e240291938aa64e30b08014,2026-08-12T00:11:03Z
bcra_total_accounting_liabilities,2019-04,monthly,132142.140150,million_usd,calculated,bcra_weekly_balance,https://www.bcra.gob.ar/archivos/Pdfs/PublicacionesEstadisticas/estados-resumidos-activos-pasivos-bcra-serie-anual-1998-actualidad.xls,eae93b0a066da3777cf410f5a11e41197bce43a23e240291938aa64e30b08014,2026-08-12T00:11:03Z
bcra_total_accounting_liabilities,2019-05,monthly,130123.367439,million_usd,calculated,bcra_weekly_balance,https://www.bcra.gob.ar/archivos/Pdfs/PublicacionesEstadisticas/estados-resumidos-activos-pasivos-bcra-serie-anual-1998-actualidad.xls,eae93b0a066da3777cf410f5a11e41197bce43a23e240291938aa64e30b08014,2026-08-12T00:11:03Z
bcra_total_accounting_liabilities,2019-06,monthly,134486.925436,million_usd,calculated,bcra_weekly_balance,https://www.bcra.gob.ar/archivos/Pdfs/PublicacionesEstadisticas/estados-resumidos-activos-pasivos-bcra-serie-anual-1998-actualidad.xls,eae93b0a066da3777cf410f5a11e41197bce43a23e240291938aa64e30b08014,2026-08-12T00:11:03Z
bcra_total_accounting_liabilities,2019-07,monthly,135286.407799,million_usd,calculated,bcra_weekly_balance,https://www.bcra.gob.ar/archivos/Pdfs/PublicacionesEstadisticas/estados-resumidos-activos-pasivos-bcra-serie-anual-1998-actualidad.xls,eae93b0a066da3777cf410f5a11e41197bce43a23e240291938aa64e30b08014,2026-08-12T00:11:03Z
bcra_total_accounting_liabilities,2019-08,monthly,111461.021126,million_usd,calculated,bcra_weekly_balance,https://www.bcra.gob.ar/archivos/Pdfs/PublicacionesEstadisticas/estados-resumidos-activos-pasivos-bcra-serie-anual-1998-actualidad.xls,eae93b0a066da3777cf410f5a11e41197bce43a23e240291938aa64e30b08014,2026-08-12T00:11:03Z
bcra_total_accounting_liabilities,2019-09,monthly,108372.135574,million_usd,calculated,bcra_weekly_balance,https://www.bcra.gob.ar/archivos/Pdfs/PublicacionesEstadisticas/estados-resumidos-activos-pasivos-bcra-serie-anual-1998-actualidad.xls,eae93b0a066da3777cf410f5a11e41197bce43a23e240291938aa64e30b08014,2026-08-12T00:11:03Z
bcra_total_accounting_liabilities,2019-10,monthly,102486.042473,million_usd,calculated,bcra_weekly_balance,https://www.bcra.gob.ar/archivos/Pdfs/PublicacionesEstadisticas/estados-resumidos-activos-pasivos-bcra-serie-anual-1998-actualidad.xls,eae93b0a066da3777cf410f5a11e41197bce43a23e240291938aa64e30b08014,2026-08-12T00:11:03Z
bcra_total_accounting_liabilities,2019-11,monthly,104192.922458,million_usd,calculated,bcra_weekly_balance,https://www.bcra.gob.ar/archivos/Pdfs/PublicacionesEstadisticas/estados-resumidos-activos-pasivos-bcra-serie-anual-1998-actualidad.xls,eae93b0a066da3777cf410f5a11e41197bce43a23e240291938aa64e30b08014,2026-08-12T00:11:03Z
bcra_total_accounting_liabilities,2019-12,monthly,111287.322266,million_usd,calculated,bcra_weekly_balance,https://www.bcra.gob.ar/archivos/Pdfs/PublicacionesEstadisticas/estados-resumidos-activos-pasivos-bcra-serie-anual-1998-actualidad.xls,eae93b0a066da3777cf410f5a11e41197bce43a23e240291938aa64e30b08014,2026-08-12T00:11:03Z
bcra_total_accounting_liabilities,2020-01,monthly,111320.096965,million_usd,calculated,bcra_weekly_balance,https://www.bcra.gob.ar/archivos/Pdfs/PublicacionesEstadisticas/estados-resumidos-activos-pasivos-bcra-serie-anual-1998-actualidad.xls,eae93b0a066da3777cf410f5a11e41197bce43a23e240291938aa64e30b08014,2026-08-12T00:11:03Z
bcra_total_accounting_liabilities,2020-02,monthly,113041.499920,million_usd,calculated,bcra_weekly_balance,https://www.bcra.gob.ar/archivos/Pdfs/PublicacionesEstadisticas/estados-resumidos-activos-pasivos-bcra-serie-anual-1998-actualidad.xls,eae93b0a066da3777cf410f5a11e41197bce43a23e240291938aa64e30b08014,2026-08-12T00:11:03Z
bcra_total_accounting_liabilities,2020-03,monthly,115303.250814,million_usd,calculated,bcra_weekly_balance,https://www.bcra.gob.ar/archivos/Pdfs/PublicacionesEstadisticas/estados-resumidos-activos-pasivos-bcra-serie-anual-1998-actualidad.xls,eae93b0a066da3777cf410f5a11e41197bce43a23e240291938aa64e30b08014,2026-08-12T00:11:03Z
bcra_total_accounting_liabilities,2020-04,monthly,132544.089788,million_usd,calculated,bcra_weekly_balance,https://www.bcra.gob.ar/archivos/Pdfs/PublicacionesEstadisticas/estados-resumidos-activos-pasivos-bcra-serie-anual-1998-actualidad.xls,eae93b0a066da3777cf410f5a11e41197bce43a23e240291938aa64e30b08014,2026-08-12T00:11:03Z
bcra_total_accounting_liabilities,2020-05,monthly,136152.376523,million_usd,calculated,bcra_weekly_balance,https://www.bcra.gob.ar/archivos/Pdfs/PublicacionesEstadisticas/estados-resumidos-activos-pasivos-bcra-serie-anual-1998-actualidad.xls,eae93b0a066da3777cf410f5a11e41197bce43a23e240291938aa64e30b08014,2026-08-12T00:11:03Z
bcra_total_accounting_liabilities,2020-06,monthly,137984.816635,million_usd,calculated,bcra_weekly_balance,https://www.bcra.gob.ar/archivos/Pdfs/PublicacionesEstadisticas/estados-resumidos-activos-pasivos-bcra-serie-anual-1998-actualidad.xls,eae93b0a066da3777cf410f5a11e41197bce43a23e240291938aa64e30b08014,2026-08-12T00:11:03Z
bcra_total_accounting_liabilities,2020-07,monthly,139079.936058,million_usd,calculated,bcra_weekly_balance,https://www.bcra.gob.ar/archivos/Pdfs/PublicacionesEstadisticas/estados-resumidos-activos-pasivos-bcra-serie-anual-1998-actualidad.xls,eae93b0a066da3777cf410f5a11e41197bce43a23e240291938aa64e30b08014,2026-08-12T00:11:03Z
bcra_total_accounting_liabilities,2020-08,monthly,138246.397722,million_usd,calculated,bcra_weekly_balance,https://www.bcra.gob.ar/archivos/Pdfs/PublicacionesEstadisticas/estados-resumidos-activos-pasivos-bcra-serie-anual-1998-actualidad.xls,eae93b0a066da3777cf410f5a11e41197bce43a23e240291938aa64e30b08014,2026-08-12T00:11:03Z
bcra_total_accounting_liabilities,2020-09,monthly,139969.615661,million_usd,calculated,bcra_weekly_balance,https://www.bcra.gob.ar/archivos/Pdfs/PublicacionesEstadisticas/estados-resumidos-activos-pasivos-bcra-serie-anual-1998-actualidad.xls,eae93b0a066da3777cf410f5a11e41197bce43a23e240291938aa64e30b08014,2026-08-12T00:11:03Z
bcra_total_accounting_liabilities,2020-10,monthly,140035.643937,million_usd,calculated,bcra_weekly_balance,https://www.bcra.gob.ar/archivos/Pdfs/PublicacionesEstadisticas/estados-resumidos-activos-pasivos-bcra-serie-anual-1998-actualidad.xls,eae93b0a066da3777cf410f5a11e41197bce43a23e240291938aa64e30b08014,2026-08-12T00:11:03Z
bcra_total_accounting_liabilities,2020-11,monthly,139121.994263,million_usd,calculated,bcra_weekly_balance,https://www.bcra.gob.ar/archivos/Pdfs/PublicacionesEstadisticas/estados-resumidos-activos-pasivos-bcra-serie-anual-1998-actualidad.xls,eae93b0a066da3777cf410f5a11e41197bce43a23e240291938aa64e30b08014,2026-08-12T00:11:03Z
bcra_total_accounting_liabilities,2020-12,monthly,144884.051198,million_usd,calculated,bcra_weekly_balance,https://www.bcra.gob.ar/archivos/Pdfs/PublicacionesEstadisticas/estados-resumidos-activos-pasivos-bcra-serie-anual-1998-actualidad.xls,eae93b0a066da3777cf410f5a11e41197bce43a23e240291938aa64e30b08014,2026-08-12T00:11:03Z
bcra_total_accounting_liabilities,2021-01,monthly,139575.795073,million_usd,calculated,bcra_weekly_balance,https://www.bcra.gob.ar/archivos/Pdfs/PublicacionesEstadisticas/estados-resumidos-activos-pasivos-bcra-serie-anual-1998-actualidad.xls,eae93b0a066da3777cf410f5a11e41197bce43a23e240291938aa64e30b08014,2026-08-12T00:11:03Z
bcra_total_accounting_liabilities,2021-02,monthly,139070.526802,million_usd,calculated,bcra_weekly_balance,https://www.bcra.gob.ar/archivos/Pdfs/PublicacionesEstadisticas/estados-resumidos-activos-pasivos-bcra-serie-anual-1998-actualidad.xls,eae93b0a066da3777cf410f5a11e41197bce43a23e240291938aa64e30b08014,2026-08-12T00:11:03Z
bcra_total_accounting_liabilities,2021-03,monthly,144390.970897,million_usd,calculated,bcra_weekly_balance,https://www.bcra.gob.ar/archivos/Pdfs/PublicacionesEstadisticas/estados-resumidos-activos-pasivos-bcra-serie-anual-1998-actualidad.xls,eae93b0a066da3777cf410f5a11e41197bce43a23e240291938aa64e30b08014,2026-08-12T00:11:03Z
bcra_total_accounting_liabilities,2021-04,monthly,144675.917279,million_usd,calculated,bcra_weekly_balance,https://www.bcra.gob.ar/archivos/Pdfs/PublicacionesEstadisticas/estados-resumidos-activos-pasivos-bcra-serie-anual-1998-actualidad.xls,eae93b0a066da3777cf410f5a11e41197bce43a23e240291938aa64e30b08014,2026-08-12T00:11:03Z
bcra_total_accounting_liabilities,2021-05,monthly,156899.168855,million_usd,calculated,bcra_weekly_balance,https://www.bcra.gob.ar/archivos/Pdfs/PublicacionesEstadisticas/estados-resumidos-activos-pasivos-bcra-serie-anual-1998-actualidad.xls,eae93b0a066da3777cf410f5a11e41197bce43a23e240291938aa64e30b08014,2026-08-12T00:11:03Z
bcra_total_accounting_liabilities,2021-06,monthly,157607.890829,million_usd,calculated,bcra_weekly_balance,https://www.bcra.gob.ar/archivos/Pdfs/PublicacionesEstadisticas/estados-resumidos-activos-pasivos-bcra-serie-anual-1998-actualidad.xls,eae93b0a066da3777cf410f5a11e41197bce43a23e240291938aa64e30b08014,2026-08-12T00:11:03Z
bcra_total_accounting_liabilities,2021-07,monthly,159969.727310,million_usd,calculated,bcra_weekly_balance,https://www.bcra.gob.ar/archivos/Pdfs/PublicacionesEstadisticas/estados-resumidos-activos-pasivos-bcra-serie-anual-1998-actualidad.xls,eae93b0a066da3777cf410f5a11e41197bce43a23e240291938aa64e30b08014,2026-08-12T00:11:03Z
bcra_total_accounting_liabilities,2021-08,monthly,164468.703122,million_usd,calculated,bcra_weekly_balance,https://www.bcra.gob.ar/archivos/Pdfs/PublicacionesEstadisticas/estados-resumidos-activos-pasivos-bcra-serie-anual-1998-actualidad.xls,eae93b0a066da3777cf410f5a11e41197bce43a23e240291938aa64e30b08014,2026-08-12T00:11:03Z
bcra_total_accounting_liabilities,2021-09,monthly,161222.682099,million_usd,calculated,bcra_weekly_balance,https://www.bcra.gob.ar/archivos/Pdfs/PublicacionesEstadisticas/estados-resumidos-activos-pasivos-bcra-serie-anual-1998-actualidad.xls,eae93b0a066da3777cf410f5a11e41197bce43a23e240291938aa64e30b08014,2026-08-12T00:11:03Z
bcra_total_accounting_liabilities,2021-10,monthly,166104.134296,million_usd,calculated,bcra_weekly_balance,https://www.bcra.gob.ar/archivos/Pdfs/PublicacionesEstadisticas/estados-resumidos-activos-pasivos-bcra-serie-anual-1998-actualidad.xls,eae93b0a066da3777cf410f5a11e41197bce43a23e240291938aa64e30b08014,2026-08-12T00:11:03Z
bcra_total_accounting_liabilities,2021-11,monthly,166425.613188,million_usd,calculated,bcra_weekly_balance,https://www.bcra.gob.ar/archivos/Pdfs/PublicacionesEstadisticas/estados-resumidos-activos-pasivos-bcra-serie-anual-1998-actualidad.xls,eae93b0a066da3777cf410f5a11e41197bce43a23e240291938aa64e30b08014,2026-08-12T00:11:03Z
bcra_total_accounting_liabilities,2021-12,monthly,174129.201055,million_usd,calculated,bcra_weekly_balance,https://www.bcra.gob.ar/archivos/Pdfs/PublicacionesEstadisticas/estados-resumidos-activos-pasivos-bcra-serie-anual-1998-actualidad.xls,eae93b0a066da3777cf410f5a11e41197bce43a23e240291938aa64e30b08014,2026-08-12T00:11:03Z
bcra_total_accounting_liabilities,2022-01,monthly,158498.652059,million_usd,calculated,bcra_weekly_balance,https://www.bcra.gob.ar/archivos/Pdfs/PublicacionesEstadisticas/estados-resumidos-activos-pasivos-bcra-serie-anual-1998-actualidad.xls,eae93b0a066da3777cf410f5a11e41197bce43a23e240291938aa64e30b08014,2026-08-12T00:11:03Z
bcra_total_accounting_liabilities,2022-02,monthly,152718.762734,million_usd,calculated,bcra_weekly_balance,https://www.bcra.gob.ar/archivos/Pdfs/PublicacionesEstadisticas/estados-resumidos-activos-pasivos-bcra-serie-anual-1998-actualidad.xls,eae93b0a066da3777cf410f5a11e41197bce43a23e240291938aa64e30b08014,2026-08-12T00:11:03Z
bcra_total_accounting_liabilities,2022-03,monthly,156586.241508,million_usd,calculated,bcra_weekly_balance,https://www.bcra.gob.ar/archivos/Pdfs/PublicacionesEstadisticas/estados-resumidos-activos-pasivos-bcra-serie-anual-1998-actualidad.xls,eae93b0a066da3777cf410f5a11e41197bce43a23e240291938aa64e30b08014,2026-08-12T00:11:03Z
bcra_total_accounting_liabilities,2022-04,monthly,154734.616643,million_usd,calculated,bcra_weekly_balance,https://www.bcra.gob.ar/archivos/Pdfs/PublicacionesEstadisticas/estados-resumidos-activos-pasivos-bcra-serie-anual-1998-actualidad.xls,eae93b0a066da3777cf410f5a11e41197bce43a23e240291938aa64e30b08014,2026-08-12T00:11:03Z
bcra_total_accounting_liabilities,2022-05,monthly,151242.821382,million_usd,calculated,bcra_weekly_balance,https://www.bcra.gob.ar/archivos/Pdfs/PublicacionesEstadisticas/estados-resumidos-activos-pasivos-bcra-serie-anual-1998-actualidad.xls,eae93b0a066da3777cf410f5a11e41197bce43a23e240291938aa64e30b08014,2026-08-12T00:11:03Z
bcra_total_accounting_liabilities,2022-06,monthly,162880.402260,million_usd,calculated,bcra_weekly_balance,https://www.bcra.gob.ar/archivos/Pdfs/PublicacionesEstadisticas/estados-resumidos-activos-pasivos-bcra-serie-anual-1998-actualidad.xls,eae93b0a066da3777cf410f5a11e41197bce43a23e240291938aa64e30b08014,2026-08-12T00:11:03Z
bcra_total_accounting_liabilities,2022-07,monthly,161241.836303,million_usd,calculated,bcra_weekly_balance,https://www.bcra.gob.ar/archivos/Pdfs/PublicacionesEstadisticas/estados-resumidos-activos-pasivos-bcra-serie-anual-1998-actualidad.xls,eae93b0a066da3777cf410f5a11e41197bce43a23e240291938aa64e30b08014,2026-08-12T00:11:03Z
bcra_total_accounting_liabilities,2022-08,monthly,157317.674758,million_usd,calculated,bcra_weekly_balance,https://www.bcra.gob.ar/archivos/Pdfs/PublicacionesEstadisticas/estados-resumidos-activos-pasivos-bcra-serie-anual-1998-actualidad.xls,eae93b0a066da3777cf410f5a11e41197bce43a23e240291938aa64e30b08014,2026-08-12T00:11:03Z
bcra_total_accounting_liabilities,2022-09,monthly,161758.959108,million_usd,calculated,bcra_weekly_balance,https://www.bcra.gob.ar/archivos/Pdfs/PublicacionesEstadisticas/estados-resumidos-activos-pasivos-bcra-serie-anual-1998-actualidad.xls,eae93b0a066da3777cf410f5a11e41197bce43a23e240291938aa64e30b08014,2026-08-12T00:11:03Z
bcra_total_accounting_liabilities,2022-10,monthly,162234.652283,million_usd,calculated,bcra_weekly_balance,https://www.bcra.gob.ar/archivos/Pdfs/PublicacionesEstadisticas/estados-resumidos-activos-pasivos-bcra-serie-anual-1998-actualidad.xls,eae93b0a066da3777cf410f5a11e41197bce43a23e240291938aa64e30b08014,2026-08-12T00:11:03Z
bcra_total_accounting_liabilities,2022-11,monthly,161147.697994,million_usd,calculated,bcra_weekly_balance,https://www.bcra.gob.ar/archivos/Pdfs/PublicacionesEstadisticas/estados-resumidos-activos-pasivos-bcra-serie-anual-1998-actualidad.xls,eae93b0a066da3777cf410f5a11e41197bce43a23e240291938aa64e30b08014,2026-08-12T00:11:03Z
bcra_total_accounting_liabilities,2022-12,monthly,168142.348128,million_usd,calculated,bcra_weekly_balance,https://www.bcra.gob.ar/archivos/Pdfs/PublicacionesEstadisticas/estados-resumidos-activos-pasivos-bcra-serie-anual-1998-actualidad.xls,eae93b0a066da3777cf410f5a11e41197bce43a23e240291938aa64e30b08014,2026-08-12T00:11:03Z
bcra_total_accounting_liabilities,2023-01,monthly,148205.901490,million_usd,calculated,bcra_weekly_balance,https://www.bcra.gob.ar/archivos/Pdfs/PublicacionesEstadisticas/estados-resumidos-activos-pasivos-bcra-serie-anual-1998-actualidad.xls,eae93b0a066da3777cf410f5a11e41197bce43a23e240291938aa64e30b08014,2026-08-12T00:11:03Z
bcra_total_accounting_liabilities,2023-02,monthly,144429.342380,million_usd,calculated,bcra_weekly_balance,https://www.bcra.gob.ar/archivos/Pdfs/PublicacionesEstadisticas/estados-resumidos-activos-pasivos-bcra-serie-anual-1998-actualidad.xls,eae93b0a066da3777cf410f5a11e41197bce43a23e240291938aa64e30b08014,2026-08-12T00:11:03Z
bcra_total_accounting_liabilities,2023-03,monthly,144683.142449,million_usd,calculated,bcra_weekly_balance,https://www.bcra.gob.ar/archivos/Pdfs/PublicacionesEstadisticas/estados-resumidos-activos-pasivos-bcra-serie-anual-1998-actualidad.xls,eae93b0a066da3777cf410f5a11e41197bce43a23e240291938aa64e30b08014,2026-08-12T00:11:03Z
bcra_total_accounting_liabilities,2023-04,monthly,146156.408222,million_usd,calculated,bcra_weekly_balance,https://www.bcra.gob.ar/archivos/Pdfs/PublicacionesEstadisticas/estados-resumidos-activos-pasivos-bcra-serie-anual-1998-actualidad.xls,eae93b0a066da3777cf410f5a11e41197bce43a23e240291938aa64e30b08014,2026-08-12T00:11:03Z
bcra_total_accounting_liabilities,2023-05,monthly,146147.697579,million_usd,calculated,bcra_weekly_balance,https://www.bcra.gob.ar/archivos/Pdfs/PublicacionesEstadisticas/estados-resumidos-activos-pasivos-bcra-serie-anual-1998-actualidad.xls,eae93b0a066da3777cf410f5a11e41197bce43a23e240291938aa64e30b08014,2026-08-12T00:11:03Z
bcra_total_accounting_liabilities,2023-06,monthly,143502.130013,million_usd,calculated,bcra_weekly_balance,https://www.bcra.gob.ar/archivos/Pdfs/PublicacionesEstadisticas/estados-resumidos-activos-pasivos-bcra-serie-anual-1998-actualidad.xls,eae93b0a066da3777cf410f5a11e41197bce43a23e240291938aa64e30b08014,2026-08-12T00:11:03Z
bcra_total_accounting_liabilities,2023-07,monthly,148252.037494,million_usd,calculated,bcra_weekly_balance,https://www.bcra.gob.ar/archivos/Pdfs/PublicacionesEstadisticas/estados-resumidos-activos-pasivos-bcra-serie-anual-1998-actualidad.xls,eae93b0a066da3777cf410f5a11e41197bce43a23e240291938aa64e30b08014,2026-08-12T00:11:03Z
bcra_total_accounting_liabilities,2023-08,monthly,139741.397750,million_usd,calculated,bcra_weekly_balance,https://www.bcra.gob.ar/archivos/Pdfs/PublicacionesEstadisticas/estados-resumidos-activos-pasivos-bcra-serie-anual-1998-actualidad.xls,eae93b0a066da3777cf410f5a11e41197bce43a23e240291938aa64e30b08014,2026-08-12T00:11:03Z
bcra_total_accounting_liabilities,2023-09,monthly,149097.195627,million_usd,calculated,bcra_weekly_balance,https://www.bcra.gob.ar/archivos/Pdfs/PublicacionesEstadisticas/estados-resumidos-activos-pasivos-bcra-serie-anual-1998-actualidad.xls,eae93b0a066da3777cf410f5a11e41197bce43a23e240291938aa64e30b08014,2026-08-12T00:11:03Z
bcra_total_accounting_liabilities,2023-10,monthly,162169.572236,million_usd,calculated,bcra_weekly_balance,https://www.bcra.gob.ar/archivos/Pdfs/PublicacionesEstadisticas/estados-resumidos-activos-pasivos-bcra-serie-anual-1998-actualidad.xls,eae93b0a066da3777cf410f5a11e41197bce43a23e240291938aa64e30b08014,2026-08-12T00:11:03Z
bcra_total_accounting_liabilities,2023-11,monthly,184335.398888,million_usd,calculated,bcra_weekly_balance,https://www.bcra.gob.ar/archivos/Pdfs/PublicacionesEstadisticas/estados-resumidos-activos-pasivos-bcra-serie-anual-1998-actualidad.xls,eae93b0a066da3777cf410f5a11e41197bce43a23e240291938aa64e30b08014,2026-08-12T00:11:03Z
bcra_total_accounting_liabilities,2023-12,monthly,117759.180764,million_usd,calculated,bcra_weekly_balance,https://www.bcra.gob.ar/archivos/Pdfs/PublicacionesEstadisticas/estados-resumidos-activos-pasivos-bcra-serie-anual-1998-actualidad.xls,eae93b0a066da3777cf410f5a11e41197bce43a23e240291938aa64e30b08014,2026-08-12T00:11:03Z
bcra_total_accounting_liabilities,2024-01,monthly,136793.526267,million_usd,calculated,bcra_weekly_balance,https://www.bcra.gob.ar/archivos/Pdfs/PublicacionesEstadisticas/estados-resumidos-activos-pasivos-bcra-serie-anual-1998-actualidad.xls,eae93b0a066da3777cf410f5a11e41197bce43a23e240291938aa64e30b08014,2026-08-12T00:11:03Z
bcra_total_accounting_liabilities,2024-02,monthly,131788.172306,million_usd,calculated,bcra_weekly_balance,https://www.bcra.gob.ar/archivos/Pdfs/PublicacionesEstadisticas/estados-resumidos-activos-pasivos-bcra-serie-anual-1998-actualidad.xls,eae93b0a066da3777cf410f5a11e41197bce43a23e240291938aa64e30b08014,2026-08-12T00:11:03Z
bcra_total_accounting_liabilities,2024-03,monthly,138476.353673,million_usd,calculated,bcra_weekly_balance,https://www.bcra.gob.ar/archivos/Pdfs/PublicacionesEstadisticas/estados-resumidos-activos-pasivos-bcra-serie-anual-1998-actualidad.xls,eae93b0a066da3777cf410f5a11e41197bce43a23e240291938aa64e30b08014,2026-08-12T00:11:03Z
bcra_total_accounting_liabilities,2024-04,monthly,143220.586323,million_usd,calculated,bcra_weekly_balance,https://www.bcra.gob.ar/archivos/Pdfs/PublicacionesEstadisticas/estados-resumidos-activos-pasivos-bcra-serie-anual-1998-actualidad.xls,eae93b0a066da3777cf410f5a11e41197bce43a23e240291938aa64e30b08014,2026-08-12T00:11:03Z
bcra_total_accounting_liabilities,2024-05,monthly,124639.049113,million_usd,calculated,bcra_weekly_balance,https://www.bcra.gob.ar/archivos/Pdfs/PublicacionesEstadisticas/estados-resumidos-activos-pasivos-bcra-serie-anual-1998-actualidad.xls,eae93b0a066da3777cf410f5a11e41197bce43a23e240291938aa64e30b08014,2026-08-12T00:11:03Z
bcra_total_accounting_liabilities,2024-06,monthly,121011.169938,million_usd,calculated,bcra_weekly_balance,https://www.bcra.gob.ar/archivos/Pdfs/PublicacionesEstadisticas/estados-resumidos-activos-pasivos-bcra-serie-anual-1998-actualidad.xls,eae93b0a066da3777cf410f5a11e41197bce43a23e240291938aa64e30b08014,2026-08-12T00:11:03Z
bcra_total_accounting_liabilities,2024-07,monthly,89762.494741,million_usd,calculated,bcra_weekly_balance,https://www.bcra.gob.ar/archivos/Pdfs/PublicacionesEstadisticas/estados-resumidos-activos-pasivos-bcra-serie-anual-1998-actualidad.xls,eae93b0a066da3777cf410f5a11e41197bce43a23e240291938aa64e30b08014,2026-08-12T00:11:03Z
bcra_total_accounting_liabilities,2024-08,monthly,89670.633827,million_usd,calculated,bcra_weekly_balance,https://www.bcra.gob.ar/archivos/Pdfs/PublicacionesEstadisticas/estados-resumidos-activos-pasivos-bcra-serie-anual-1998-actualidad.xls,eae93b0a066da3777cf410f5a11e41197bce43a23e240291938aa64e30b08014,2026-08-12T00:11:03Z
bcra_total_accounting_liabilities,2024-09,monthly,87488.265526,million_usd,calculated,bcra_weekly_balance,https://www.bcra.gob.ar/archivos/Pdfs/PublicacionesEstadisticas/estados-resumidos-activos-pasivos-bcra-serie-anual-1998-actualidad.xls,eae93b0a066da3777cf410f5a11e41197bce43a23e240291938aa64e30b08014,2026-08-12T00:11:03Z
bcra_total_accounting_liabilities,2024-10,monthly,86698.600044,million_usd,calculated,bcra_weekly_balance,https://www.bcra.gob.ar/archivos/Pdfs/PublicacionesEstadisticas/estados-resumidos-activos-pasivos-bcra-serie-anual-1998-actualidad.xls,eae93b0a066da3777cf410f5a11e41197bce43a23e240291938aa64e30b08014,2026-08-12T00:11:03Z
bcra_total_accounting_liabilities,2024-11,monthly,86392.486038,million_usd,calculated,bcra_weekly_balance,https://www.bcra.gob.ar/archivos/Pdfs/PublicacionesEstadisticas/estados-resumidos-activos-pasivos-bcra-serie-anual-1998-actualidad.xls,eae93b0a066da3777cf410f5a11e41197bce43a23e240291938aa64e30b08014,2026-08-12T00:11:03Z
bcra_total_accounting_liabilities,2024-12,monthly,90292.759826,million_usd,calculated,bcra_weekly_balance,https://www.bcra.gob.ar/archivos/Pdfs/PublicacionesEstadisticas/estados-resumidos-activos-pasivos-bcra-serie-anual-1998-actualidad.xls,eae93b0a066da3777cf410f5a11e41197bce43a23e240291938aa64e30b08014,2026-08-12T00:11:03Z
bcra_total_accounting_liabilities,2025-01,monthly,88798.735444,million_usd,calculated,bcra_weekly_balance,https://www.bcra.gob.ar/archivos/Pdfs/PublicacionesEstadisticas/estados-resumidos-activos-pasivos-bcra-serie-anual-1998-actualidad.xls,eae93b0a066da3777cf410f5a11e41197bce43a23e240291938aa64e30b08014,2026-08-12T00:11:03Z
bcra_total_accounting_liabilities,2025-02,monthly,88986.143627,million_usd,calculated,bcra_weekly_balance,https://www.bcra.gob.ar/archivos/Pdfs/PublicacionesEstadisticas/estados-resumidos-activos-pasivos-bcra-serie-anual-1998-actualidad.xls,eae93b0a066da3777cf410f5a11e41197bce43a23e240291938aa64e30b08014,2026-08-12T00:11:03Z
bcra_total_accounting_liabilities,2025-03,monthly,86934.811976,million_usd,calculated,bcra_weekly_balance,https://www.bcra.gob.ar/archivos/Pdfs/PublicacionesEstadisticas/estados-resumidos-activos-pasivos-bcra-serie-anual-1998-actualidad.xls,eae93b0a066da3777cf410f5a11e41197bce43a23e240291938aa64e30b08014,2026-08-12T00:11:03Z
bcra_total_accounting_liabilities,2025-04,monthly,107675.492740,million_usd,calculated,bcra_weekly_balance,https://www.bcra.gob.ar/archivos/Pdfs/PublicacionesEstadisticas/estados-resumidos-activos-pasivos-bcra-serie-anual-1998-actualidad.xls,eae93b0a066da3777cf410f5a11e41197bce43a23e240291938aa64e30b08014,2026-08-12T00:11:03Z
bcra_total_accounting_liabilities,2025-05,monthly,93692.041466,million_usd,calculated,bcra_weekly_balance,https://www.bcra.gob.ar/archivos/Pdfs/PublicacionesEstadisticas/estados-resumidos-activos-pasivos-bcra-serie-anual-1998-actualidad.xls,eae93b0a066da3777cf410f5a11e41197bce43a23e240291938aa64e30b08014,2026-08-12T00:11:03Z
bcra_total_accounting_liabilities,2025-06,monthly,99912.313792,million_usd,calculated,bcra_weekly_balance,https://www.bcra.gob.ar/archivos/Pdfs/PublicacionesEstadisticas/estados-resumidos-activos-pasivos-bcra-serie-anual-1998-actualidad.xls,eae93b0a066da3777cf410f5a11e41197bce43a23e240291938aa64e30b08014,2026-08-12T00:11:03Z
bcra_total_accounting_liabilities,2025-07,monthly,102981.082414,million_usd,calculated,bcra_weekly_balance,https://www.bcra.gob.ar/archivos/Pdfs/PublicacionesEstadisticas/estados-resumidos-activos-pasivos-bcra-serie-anual-1998-actualidad.xls,eae93b0a066da3777cf410f5a11e41197bce43a23e240291938aa64e30b08014,2026-08-12T00:11:03Z
bcra_total_accounting_liabilities,2025-08,monthly,104783.216132,million_usd,calculated,bcra_weekly_balance,https://www.bcra.gob.ar/archivos/Pdfs/PublicacionesEstadisticas/estados-resumidos-activos-pasivos-bcra-serie-anual-1998-actualidad.xls,eae93b0a066da3777cf410f5a11e41197bce43a23e240291938aa64e30b08014,2026-08-12T00:11:03Z
bcra_total_accounting_liabilities,2025-09,monthly,104392.809521,million_usd,calculated,bcra_weekly_balance,https://www.bcra.gob.ar/archivos/Pdfs/PublicacionesEstadisticas/estados-resumidos-activos-pasivos-bcra-serie-anual-1998-actualidad.xls,eae93b0a066da3777cf410f5a11e41197bce43a23e240291938aa64e30b08014,2026-08-12T00:11:03Z
bcra_total_accounting_liabilities,2025-10,monthly,98986.500956,million_usd,calculated,bcra_weekly_balance,https://www.bcra.gob.ar/archivos/Pdfs/PublicacionesEstadisticas/estados-resumidos-activos-pasivos-bcra-serie-anual-1998-actualidad.xls,eae93b0a066da3777cf410f5a11e41197bce43a23e240291938aa64e30b08014,2026-08-12T00:11:03Z
bcra_total_accounting_liabilities,2025-11,monthly,99416.240820,million_usd,calculated,bcra_weekly_balance,https://www.bcra.gob.ar/archivos/Pdfs/PublicacionesEstadisticas/estados-resumidos-activos-pasivos-bcra-serie-anual-1998-actualidad.xls,eae93b0a066da3777cf410f5a11e41197bce43a23e240291938aa64e30b08014,2026-08-12T00:11:03Z
bcra_total_accounting_liabilities,2025-12,monthly,98985.686394,million_usd,calculated,bcra_weekly_balance,https://www.bcra.gob.ar/archivos/Pdfs/PublicacionesEstadisticas/estados-resumidos-activos-pasivos-bcra-serie-anual-1998-actualidad.xls,eae93b0a066da3777cf410f5a11e41197bce43a23e240291938aa64e30b08014,2026-08-12T00:11:03Z
bcra_total_accounting_liabilities,2026-01,monthly,103288.493905,million_usd,calculated,bcra_weekly_balance,https://www.bcra.gob.ar/archivos/Pdfs/PublicacionesEstadisticas/estados-resumidos-activos-pasivos-bcra-serie-anual-1998-actualidad.xls,eae93b0a066da3777cf410f5a11e41197bce43a23e240291938aa64e30b08014,2026-08-12T00:11:03Z
bcra_total_accounting_liabilities,2026-02,monthly,103556.562430,million_usd,calculated,bcra_weekly_balance,https://www.bcra.gob.ar/archivos/Pdfs/PublicacionesEstadisticas/estados-resumidos-activos-pasivos-bcra-serie-anual-1998-actualidad.xls,eae93b0a066da3777cf410f5a11e41197bce43a23e240291938aa64e30b08014,2026-08-12T00:11:03Z
bcra_total_accounting_liabilities,2026-03,monthly,100878.212792,million_usd,calculated,bcra_weekly_balance,https://www.bcra.gob.ar/archivos/Pdfs/PublicacionesEstadisticas/estados-resumidos-activos-pasivos-bcra-serie-anual-1998-actualidad.xls,eae93b0a066da3777cf410f5a11e41197bce43a23e240291938aa64e30b08014,2026-08-12T00:11:03Z
bcra_total_accounting_liabilities,2026-04,monthly,102581.488379,million_usd,calculated,bcra_weekly_balance,https://www.bcra.gob.ar/archivos/Pdfs/PublicacionesEstadisticas/estados-resumidos-activos-pasivos-bcra-serie-anual-1998-actualidad.xls,eae93b0a066da3777cf410f5a11e41197bce43a23e240291938aa64e30b08014,2026-08-12T00:11:03Z
bcra_total_accounting_liabilities,2026-05,monthly,102201.016277,million_usd,calculated,bcra_weekly_balance,https://www.bcra.gob.ar/archivos/Pdfs/PublicacionesEstadisticas/estados-resumidos-activos-pasivos-bcra-serie-anual-1998-actualidad.xls,eae93b0a066da3777cf410f5a11e41197bce43a23e240291938aa64e30b08014,2026-08-12T00:11:03Z
bcra_total_accounting_liabilities,2026-06,monthly,95389.506449,million_usd,calculated,bcra_weekly_balance,https://www.bcra.gob.ar/archivos/Pdfs/PublicacionesEstadisticas/estados-resumidos-activos-pasivos-bcra-serie-anual-1998-actualidad.xls,eae93b0a066da3777cf410f5a11e41197bce43a23e240291938aa64e30b08014,2026-08-12T00:11:03Z
bcra_total_accounting_liabilities,2026-07,monthly,96181.643102,million_usd,calculated,bcra_weekly_balance,https://www.bcra.gob.ar/archivos/Pdfs/PublicacionesEstadisticas/estados-resumidos-activos-pasivos-bcra-serie-anual-1998-actualidad.xls,eae93b0a066da3777cf410f5a11e41197bce43a23e240291938aa64e30b08014,2026-08-12T00:11:03Z
mecon_gross_central_government_debt,2013,annual,202629.572340,million_usd,official,mecon_historical_year_end_reports,https://www.argentina.gob.ar/economia/finanzas/datos-trimestrales-de-la-deuda/datos-anteriores,fad7687446da2e312d5f442e4d8e4fe53af87303a5fbdbe1030e8b241473aeee,2026-08-12T00:11:03Z
mecon_gross_central_government_debt,2014,annual,221747.982485,million_usd,official,mecon_historical_year_end_reports,https://www.argentina.gob.ar/economia/finanzas/datos-trimestrales-de-la-deuda/datos-anteriores,fad7687446da2e312d5f442e4d8e4fe53af87303a5fbdbe1030e8b241473aeee,2026-08-12T00:11:03Z
mecon_gross_central_government_debt,2015,annual,222703.203814,million_usd,official,mecon_historical_year_end_reports,https://www.argentina.gob.ar/economia/finanzas/datos-trimestrales-de-la-deuda/datos-anteriores,fad7687446da2e312d5f442e4d8e4fe53af87303a5fbdbe1030e8b241473aeee,2026-08-12T00:11:03Z
mecon_gross_central_government_debt,2016,annual,288447.822781,million_usd,official,mecon_historical_year_end_reports,https://www.argentina.gob.ar/economia/finanzas/datos-trimestrales-de-la-deuda/datos-anteriores,fad7687446da2e312d5f442e4d8e4fe53af87303a5fbdbe1030e8b241473aeee,2026-08-12T00:11:03Z
mecon_gross_central_government_debt,2017,annual,334706.966557,million_usd,official,mecon_historical_year_end_reports,https://www.argentina.gob.ar/economia/finanzas/datos-trimestrales-de-la-deuda/datos-anteriores,fad7687446da2e312d5f442e4d8e4fe53af87303a5fbdbe1030e8b241473aeee,2026-08-12T00:11:03Z
mecon_gross_central_government_debt,2018,annual,345384.743295,million_usd,official,mecon_historical_year_end_reports,https://www.argentina.gob.ar/economia/finanzas/datos-trimestrales-de-la-deuda/datos-anteriores,fad7687446da2e312d5f442e4d8e4fe53af87303a5fbdbe1030e8b241473aeee,2026-08-12T00:11:03Z
mecon_gross_central_government_debt,2019-01,monthly,335661.300000,million_usd,official,mecon_monthly_gross_central_government_debt,https://www.argentina.gob.ar/sites/default/files/boletin_mensual_31_05_2026_1.xlsx,ac9734aa8ef7dee51dc66d8dbc7a8d5505115d9eeb0a745d974ce8f099769d4d,2026-08-12T00:11:01Z
mecon_gross_central_government_debt,2019-02,monthly,334477.000000,million_usd,official,mecon_monthly_gross_central_government_debt,https://www.argentina.gob.ar/sites/default/files/boletin_mensual_31_05_2026_1.xlsx,ac9734aa8ef7dee51dc66d8dbc7a8d5505115d9eeb0a745d974ce8f099769d4d,2026-08-12T00:11:01Z
mecon_gross_central_government_debt,2019-03,monthly,324898.300000,million_usd,official,mecon_monthly_gross_central_government_debt,https://www.argentina.gob.ar/sites/default/files/boletin_mensual_31_05_2026_1.xlsx,ac9734aa8ef7dee51dc66d8dbc7a8d5505115d9eeb0a745d974ce8f099769d4d,2026-08-12T00:11:01Z
mecon_gross_central_government_debt,2019-04,monthly,334322.900000,million_usd,official,mecon_monthly_gross_central_government_debt,https://www.argentina.gob.ar/sites/default/files/boletin_mensual_31_05_2026_1.xlsx,ac9734aa8ef7dee51dc66d8dbc7a8d5505115d9eeb0a745d974ce8f099769d4d,2026-08-12T00:11:01Z
mecon_gross_central_government_debt,2019-05,monthly,329930.600000,million_usd,official,mecon_monthly_gross_central_government_debt,https://www.argentina.gob.ar/sites/default/files/boletin_mensual_31_05_2026_1.xlsx,ac9734aa8ef7dee51dc66d8dbc7a8d5505115d9eeb0a745d974ce8f099769d4d,2026-08-12T00:11:01Z
mecon_gross_central_government_debt,2019-06,monthly,337267.100000,million_usd,official,mecon_monthly_gross_central_government_debt,https://www.argentina.gob.ar/sites/default/files/boletin_mensual_31_05_2026_1.xlsx,ac9734aa8ef7dee51dc66d8dbc7a8d5505115d9eeb0a745d974ce8f099769d4d,2026-08-12T00:11:01Z
mecon_gross_central_government_debt,2019-07,monthly,341957.500000,million_usd,official,mecon_monthly_gross_central_government_debt,https://www.argentina.gob.ar/sites/default/files/boletin_mensual_31_05_2026_1.xlsx,ac9734aa8ef7dee51dc66d8dbc7a8d5505115d9eeb0a745d974ce8f099769d4d,2026-08-12T00:11:01Z
mecon_gross_central_government_debt,2019-08,monthly,310102.300000,million_usd,official,mecon_monthly_gross_central_government_debt,https://www.argentina.gob.ar/sites/default/files/boletin_mensual_31_05_2026_1.xlsx,ac9734aa8ef7dee51dc66d8dbc7a8d5505115d9eeb0a745d974ce8f099769d4d,2026-08-12T00:11:01Z
mecon_gross_central_government_debt,2019-09,monthly,311251.200000,million_usd,official,mecon_monthly_gross_central_government_debt,https://www.argentina.gob.ar/sites/default/files/boletin_mensual_31_05_2026_1.xlsx,ac9734aa8ef7dee51dc66d8dbc7a8d5505115d9eeb0a745d974ce8f099769d4d,2026-08-12T00:11:01Z
mecon_gross_central_government_debt,2019-10,monthly,312471.000000,million_usd,official,mecon_monthly_gross_central_government_debt,https://www.argentina.gob.ar/sites/default/files/boletin_mensual_31_05_2026_1.xlsx,ac9734aa8ef7dee51dc66d8dbc7a8d5505115d9eeb0a745d974ce8f099769d4d,2026-08-12T00:11:01Z
mecon_gross_central_government_debt,2019-11,monthly,313299.100000,million_usd,official,mecon_monthly_gross_central_government_debt,https://www.argentina.gob.ar/sites/default/files/boletin_mensual_31_05_2026_1.xlsx,ac9734aa8ef7dee51dc66d8dbc7a8d5505115d9eeb0a745d974ce8f099769d4d,2026-08-12T00:11:01Z
mecon_gross_central_government_debt,2019-12,monthly,323064.600000,million_usd,official,mecon_monthly_gross_central_government_debt,https://www.argentina.gob.ar/sites/default/files/boletin_mensual_31_05_2026_1.xlsx,ac9734aa8ef7dee51dc66d8dbc7a8d5505115d9eeb0a745d974ce8f099769d4d,2026-08-12T00:11:01Z
mecon_gross_central_government_debt,2020-01,monthly,324440.600000,million_usd,official,mecon_monthly_gross_central_government_debt,https://www.argentina.gob.ar/sites/default/files/boletin_mensual_31_05_2026_1.xlsx,ac9734aa8ef7dee51dc66d8dbc7a8d5505115d9eeb0a745d974ce8f099769d4d,2026-08-12T00:11:01Z
mecon_gross_central_government_debt,2020-02,monthly,324369.900000,million_usd,official,mecon_monthly_gross_central_government_debt,https://www.argentina.gob.ar/sites/default/files/boletin_mensual_31_05_2026_1.xlsx,ac9734aa8ef7dee51dc66d8dbc7a8d5505115d9eeb0a745d974ce8f099769d4d,2026-08-12T00:11:01Z
mecon_gross_central_government_debt,2020-03,monthly,323381.200000,million_usd,official,mecon_monthly_gross_central_government_debt,https://www.argentina.gob.ar/sites/default/files/boletin_mensual_31_05_2026_1.xlsx,ac9734aa8ef7dee51dc66d8dbc7a8d5505115d9eeb0a745d974ce8f099769d4d,2026-08-12T00:11:01Z
mecon_gross_central_government_debt,2020-04,monthly,323254.800000,million_usd,official,mecon_monthly_gross_central_government_debt,https://www.argentina.gob.ar/sites/default/files/boletin_mensual_31_05_2026_1.xlsx,ac9734aa8ef7dee51dc66d8dbc7a8d5505115d9eeb0a745d974ce8f099769d4d,2026-08-12T00:11:01Z
mecon_gross_central_government_debt,2020-05,monthly,324808.300000,million_usd,official,mecon_monthly_gross_central_government_debt,https://www.argentina.gob.ar/sites/default/files/boletin_mensual_31_05_2026_1.xlsx,ac9734aa8ef7dee51dc66d8dbc7a8d5505115d9eeb0a745d974ce8f099769d4d,2026-08-12T00:11:01Z
mecon_gross_central_government_debt,2020-06,monthly,324552.400000,million_usd,official,mecon_monthly_gross_central_government_debt,https://www.argentina.gob.ar/sites/default/files/boletin_mensual_31_05_2026_1.xlsx,ac9734aa8ef7dee51dc66d8dbc7a8d5505115d9eeb0a745d974ce8f099769d4d,2026-08-12T00:11:01Z
mecon_gross_central_government_debt,2020-07,monthly,328087.900000,million_usd,official,mecon_monthly_gross_central_government_debt,https://www.argentina.gob.ar/sites/default/files/boletin_mensual_31_05_2026_1.xlsx,ac9734aa8ef7dee51dc66d8dbc7a8d5505115d9eeb0a745d974ce8f099769d4d,2026-08-12T00:11:01Z
mecon_gross_central_government_debt,2020-08,monthly,329479.500000,million_usd,official,mecon_monthly_gross_central_government_debt,https://www.argentina.gob.ar/sites/default/files/boletin_mensual_31_05_2026_1.xlsx,ac9734aa8ef7dee51dc66d8dbc7a8d5505115d9eeb0a745d974ce8f099769d4d,2026-08-12T00:11:01Z
mecon_gross_central_government_debt,2020-09,monthly,332247.500000,million_usd,official,mecon_monthly_gross_central_government_debt,https://www.argentina.gob.ar/sites/default/files/boletin_mensual_31_05_2026_1.xlsx,ac9734aa8ef7dee51dc66d8dbc7a8d5505115d9eeb0a745d974ce8f099769d4d,2026-08-12T00:11:01Z
mecon_gross_central_government_debt,2020-10,monthly,333194.700000,million_usd,official,mecon_monthly_gross_central_government_debt,https://www.argentina.gob.ar/sites/default/files/boletin_mensual_31_05_2026_1.xlsx,ac9734aa8ef7dee51dc66d8dbc7a8d5505115d9eeb0a745d974ce8f099769d4d,2026-08-12T00:11:01Z
mecon_gross_central_government_debt,2020-11,monthly,333253.800000,million_usd,official,mecon_monthly_gross_central_government_debt,https://www.argentina.gob.ar/sites/default/files/boletin_mensual_31_05_2026_1.xlsx,ac9734aa8ef7dee51dc66d8dbc7a8d5505115d9eeb0a745d974ce8f099769d4d,2026-08-12T00:11:01Z
mecon_gross_central_government_debt,2020-12,monthly,335582.200000,million_usd,official,mecon_monthly_gross_central_government_debt,https://www.argentina.gob.ar/sites/default/files/boletin_mensual_31_05_2026_1.xlsx,ac9734aa8ef7dee51dc66d8dbc7a8d5505115d9eeb0a745d974ce8f099769d4d,2026-08-12T00:11:01Z
mecon_gross_central_government_debt,2021-01,monthly,334929.200000,million_usd,official,mecon_monthly_gross_central_government_debt,https://www.argentina.gob.ar/sites/default/files/boletin_mensual_31_05_2026_1.xlsx,ac9734aa8ef7dee51dc66d8dbc7a8d5505115d9eeb0a745d974ce8f099769d4d,2026-08-12T00:11:01Z
mecon_gross_central_government_debt,2021-02,monthly,334883.800000,million_usd,official,mecon_monthly_gross_central_government_debt,https://www.argentina.gob.ar/sites/default/files/boletin_mensual_31_05_2026_1.xlsx,ac9734aa8ef7dee51dc66d8dbc7a8d5505115d9eeb0a745d974ce8f099769d4d,2026-08-12T00:11:01Z
mecon_gross_central_government_debt,2021-03,monthly,335556.100000,million_usd,official,mecon_monthly_gross_central_government_debt,https://www.argentina.gob.ar/sites/default/files/boletin_mensual_31_05_2026_1.xlsx,ac9734aa8ef7dee51dc66d8dbc7a8d5505115d9eeb0a745d974ce8f099769d4d,2026-08-12T00:11:01Z
mecon_gross_central_government_debt,2021-04,monthly,338332.100000,million_usd,official,mecon_monthly_gross_central_government_debt,https://www.argentina.gob.ar/sites/default/files/boletin_mensual_31_05_2026_1.xlsx,ac9734aa8ef7dee51dc66d8dbc7a8d5505115d9eeb0a745d974ce8f099769d4d,2026-08-12T00:11:01Z
mecon_gross_central_government_debt,2021-05,monthly,341091.800000,million_usd,official,mecon_monthly_gross_central_government_debt,https://www.argentina.gob.ar/sites/default/files/boletin_mensual_31_05_2026_1.xlsx,ac9734aa8ef7dee51dc66d8dbc7a8d5505115d9eeb0a745d974ce8f099769d4d,2026-08-12T00:11:01Z
mecon_gross_central_government_debt,2021-06,monthly,343523.900000,million_usd,official,mecon_monthly_gross_central_government_debt,https://www.argentina.gob.ar/sites/default/files/boletin_mensual_31_05_2026_1.xlsx,ac9734aa8ef7dee51dc66d8dbc7a8d5505115d9eeb0a745d974ce8f099769d4d,2026-08-12T00:11:01Z
mecon_gross_central_government_debt,2021-07,monthly,345140.300000,million_usd,official,mecon_monthly_gross_central_government_debt,https://www.argentina.gob.ar/sites/default/files/boletin_mensual_31_05_2026_1.xlsx,ac9734aa8ef7dee51dc66d8dbc7a8d5505115d9eeb0a745d974ce8f099769d4d,2026-08-12T00:11:01Z
mecon_gross_central_government_debt,2021-08,monthly,345870.400000,million_usd,official,mecon_monthly_gross_central_government_debt,https://www.argentina.gob.ar/sites/default/files/boletin_mensual_31_05_2026_1.xlsx,ac9734aa8ef7dee51dc66d8dbc7a8d5505115d9eeb0a745d974ce8f099769d4d,2026-08-12T00:11:01Z
mecon_gross_central_government_debt,2021-09,monthly,342620.100000,million_usd,official,mecon_monthly_gross_central_government_debt,https://www.argentina.gob.ar/sites/default/files/boletin_mensual_31_05_2026_1.xlsx,ac9734aa8ef7dee51dc66d8dbc7a8d5505115d9eeb0a745d974ce8f099769d4d,2026-08-12T00:11:01Z
mecon_gross_central_government_debt,2021-10,monthly,349229.100000,million_usd,official,mecon_monthly_gross_central_government_debt,https://www.argentina.gob.ar/sites/default/files/boletin_mensual_31_05_2026_1.xlsx,ac9734aa8ef7dee51dc66d8dbc7a8d5505115d9eeb0a745d974ce8f099769d4d,2026-08-12T00:11:01Z
mecon_gross_central_government_debt,2021-11,monthly,354422.300000,million_usd,official,mecon_monthly_gross_central_government_debt,https://www.argentina.gob.ar/sites/default/files/boletin_mensual_31_05_2026_1.xlsx,ac9734aa8ef7dee51dc66d8dbc7a8d5505115d9eeb0a745d974ce8f099769d4d,2026-08-12T00:11:01Z
mecon_gross_central_government_debt,2021-12,monthly,363232.600000,million_usd,official,mecon_monthly_gross_central_government_debt,https://www.argentina.gob.ar/sites/default/files/boletin_mensual_31_05_2026_1.xlsx,ac9734aa8ef7dee51dc66d8dbc7a8d5505115d9eeb0a745d974ce8f099769d4d,2026-08-12T00:11:01Z
mecon_gross_central_government_debt,2022-01,monthly,365747.600000,million_usd,official,mecon_monthly_gross_central_government_debt,https://www.argentina.gob.ar/sites/default/files/boletin_mensual_31_05_2026_1.xlsx,ac9734aa8ef7dee51dc66d8dbc7a8d5505115d9eeb0a745d974ce8f099769d4d,2026-08-12T00:11:01Z
mecon_gross_central_government_debt,2022-02,monthly,366626.300000,million_usd,official,mecon_monthly_gross_central_government_debt,https://www.argentina.gob.ar/sites/default/files/boletin_mensual_31_05_2026_1.xlsx,ac9734aa8ef7dee51dc66d8dbc7a8d5505115d9eeb0a745d974ce8f099769d4d,2026-08-12T00:11:01Z
mecon_gross_central_government_debt,2022-03,monthly,376300.400000,million_usd,official,mecon_monthly_gross_central_government_debt,https://www.argentina.gob.ar/sites/default/files/boletin_mensual_31_05_2026_1.xlsx,ac9734aa8ef7dee51dc66d8dbc7a8d5505115d9eeb0a745d974ce8f099769d4d,2026-08-12T00:11:01Z
mecon_gross_central_government_debt,2022-04,monthly,374198.900000,million_usd,official,mecon_monthly_gross_central_government_debt,https://www.argentina.gob.ar/sites/default/files/boletin_mensual_31_05_2026_1.xlsx,ac9734aa8ef7dee51dc66d8dbc7a8d5505115d9eeb0a745d974ce8f099769d4d,2026-08-12T00:11:01Z
mecon_gross_central_government_debt,2022-05,monthly,374577.800000,million_usd,official,mecon_monthly_gross_central_government_debt,https://www.argentina.gob.ar/sites/default/files/boletin_mensual_31_05_2026_1.xlsx,ac9734aa8ef7dee51dc66d8dbc7a8d5505115d9eeb0a745d974ce8f099769d4d,2026-08-12T00:11:01Z
mecon_gross_central_government_debt,2022-06,monthly,378505.600000,million_usd,official,mecon_monthly_gross_central_government_debt,https://www.argentina.gob.ar/sites/default/files/boletin_mensual_31_05_2026_1.xlsx,ac9734aa8ef7dee51dc66d8dbc7a8d5505115d9eeb0a745d974ce8f099769d4d,2026-08-12T00:11:01Z
mecon_gross_central_government_debt,2022-07,monthly,380772.700000,million_usd,official,mecon_monthly_gross_central_government_debt,https://www.argentina.gob.ar/sites/default/files/boletin_mensual_31_05_2026_1.xlsx,ac9734aa8ef7dee51dc66d8dbc7a8d5505115d9eeb0a745d974ce8f099769d4d,2026-08-12T00:11:01Z
mecon_gross_central_government_debt,2022-08,monthly,381121.000000,million_usd,official,mecon_monthly_gross_central_government_debt,https://www.argentina.gob.ar/sites/default/files/boletin_mensual_31_05_2026_1.xlsx,ac9734aa8ef7dee51dc66d8dbc7a8d5505115d9eeb0a745d974ce8f099769d4d,2026-08-12T00:11:01Z
mecon_gross_central_government_debt,2022-09,monthly,382281.200000,million_usd,official,mecon_monthly_gross_central_government_debt,https://www.argentina.gob.ar/sites/default/files/boletin_mensual_31_05_2026_1.xlsx,ac9734aa8ef7dee51dc66d8dbc7a8d5505115d9eeb0a745d974ce8f099769d4d,2026-08-12T00:11:01Z
mecon_gross_central_government_debt,2022-10,monthly,386272.400000,million_usd,official,mecon_monthly_gross_central_government_debt,https://www.argentina.gob.ar/sites/default/files/boletin_mensual_31_05_2026_1.xlsx,ac9734aa8ef7dee51dc66d8dbc7a8d5505115d9eeb0a745d974ce8f099769d4d,2026-08-12T00:11:01Z
mecon_gross_central_government_debt,2022-11,monthly,386659.500000,million_usd,official,mecon_monthly_gross_central_government_debt,https://www.argentina.gob.ar/sites/default/files/boletin_mensual_31_05_2026_1.xlsx,ac9734aa8ef7dee51dc66d8dbc7a8d5505115d9eeb0a745d974ce8f099769d4d,2026-08-12T00:11:01Z
mecon_gross_central_government_debt,2022-12,monthly,396555.200000,million_usd,official,mecon_monthly_gross_central_government_debt,https://www.argentina.gob.ar/sites/default/files/boletin_mensual_31_05_2026_1.xlsx,ac9734aa8ef7dee51dc66d8dbc7a8d5505115d9eeb0a745d974ce8f099769d4d,2026-08-12T00:11:01Z
mecon_gross_central_government_debt,2023-01,monthly,395856.300000,million_usd,official,mecon_monthly_gross_central_government_debt,https://www.argentina.gob.ar/sites/default/files/boletin_mensual_31_05_2026_1.xlsx,ac9734aa8ef7dee51dc66d8dbc7a8d5505115d9eeb0a745d974ce8f099769d4d,2026-08-12T00:11:01Z
mecon_gross_central_government_debt,2023-02,monthly,394199.200000,million_usd,official,mecon_monthly_gross_central_government_debt,https://www.argentina.gob.ar/sites/default/files/boletin_mensual_31_05_2026_1.xlsx,ac9734aa8ef7dee51dc66d8dbc7a8d5505115d9eeb0a745d974ce8f099769d4d,2026-08-12T00:11:01Z
mecon_gross_central_government_debt,2023-03,monthly,398245.700000,million_usd,official,mecon_monthly_gross_central_government_debt,https://www.argentina.gob.ar/sites/default/files/boletin_mensual_31_05_2026_1.xlsx,ac9734aa8ef7dee51dc66d8dbc7a8d5505115d9eeb0a745d974ce8f099769d4d,2026-08-12T00:11:01Z
mecon_gross_central_government_debt,2023-04,monthly,396272.200000,million_usd,official,mecon_monthly_gross_central_government_debt,https://www.argentina.gob.ar/sites/default/files/boletin_mensual_31_05_2026_1.xlsx,ac9734aa8ef7dee51dc66d8dbc7a8d5505115d9eeb0a745d974ce8f099769d4d,2026-08-12T00:11:01Z
mecon_gross_central_government_debt,2023-05,monthly,398833.200000,million_usd,official,mecon_monthly_gross_central_government_debt,https://www.argentina.gob.ar/sites/default/files/boletin_mensual_31_05_2026_1.xlsx,ac9734aa8ef7dee51dc66d8dbc7a8d5505115d9eeb0a745d974ce8f099769d4d,2026-08-12T00:11:01Z
mecon_gross_central_government_debt,2023-06,monthly,403835.800000,million_usd,official,mecon_monthly_gross_central_government_debt,https://www.argentina.gob.ar/sites/default/files/boletin_mensual_31_05_2026_1.xlsx,ac9734aa8ef7dee51dc66d8dbc7a8d5505115d9eeb0a745d974ce8f099769d4d,2026-08-12T00:11:01Z
mecon_gross_central_government_debt,2023-07,monthly,406133.900000,million_usd,official,mecon_monthly_gross_central_government_debt,https://www.argentina.gob.ar/sites/default/files/boletin_mensual_31_05_2026_1.xlsx,ac9734aa8ef7dee51dc66d8dbc7a8d5505115d9eeb0a745d974ce8f099769d4d,2026-08-12T00:11:01Z
mecon_gross_central_government_debt,2023-08,monthly,395758.300000,million_usd,official,mecon_monthly_gross_central_government_debt,https://www.argentina.gob.ar/sites/default/files/boletin_mensual_31_05_2026_1.xlsx,ac9734aa8ef7dee51dc66d8dbc7a8d5505115d9eeb0a745d974ce8f099769d4d,2026-08-12T00:11:01Z
mecon_gross_central_government_debt,2023-09,monthly,406948.100000,million_usd,official,mecon_monthly_gross_central_government_debt,https://www.argentina.gob.ar/sites/default/files/boletin_mensual_31_05_2026_1.xlsx,ac9734aa8ef7dee51dc66d8dbc7a8d5505115d9eeb0a745d974ce8f099769d4d,2026-08-12T00:11:01Z
mecon_gross_central_government_debt,2023-10,monthly,418019.100000,million_usd,official,mecon_monthly_gross_central_government_debt,https://www.argentina.gob.ar/sites/default/files/boletin_mensual_31_05_2026_1.xlsx,ac9734aa8ef7dee51dc66d8dbc7a8d5505115d9eeb0a745d974ce8f099769d4d,2026-08-12T00:11:01Z
mecon_gross_central_government_debt,2023-11,monthly,425555.900000,million_usd,official,mecon_monthly_gross_central_government_debt,https://www.argentina.gob.ar/sites/default/files/boletin_mensual_31_05_2026_1.xlsx,ac9734aa8ef7dee51dc66d8dbc7a8d5505115d9eeb0a745d974ce8f099769d4d,2026-08-12T00:11:01Z
mecon_gross_central_government_debt,2023-12,monthly,370673.400000,million_usd,official,mecon_monthly_gross_central_government_debt,https://www.argentina.gob.ar/sites/default/files/boletin_mensual_31_05_2026_1.xlsx,ac9734aa8ef7dee51dc66d8dbc7a8d5505115d9eeb0a745d974ce8f099769d4d,2026-08-12T00:11:01Z
mecon_gross_central_government_debt,2024-01,monthly,381272.800000,million_usd,official,mecon_monthly_gross_central_government_debt,https://www.argentina.gob.ar/sites/default/files/boletin_mensual_31_05_2026_1.xlsx,ac9734aa8ef7dee51dc66d8dbc7a8d5505115d9eeb0a745d974ce8f099769d4d,2026-08-12T00:11:01Z
mecon_gross_central_government_debt,2024-02,monthly,386539.800000,million_usd,official,mecon_monthly_gross_central_government_debt,https://www.argentina.gob.ar/sites/default/files/boletin_mensual_31_05_2026_1.xlsx,ac9734aa8ef7dee51dc66d8dbc7a8d5505115d9eeb0a745d974ce8f099769d4d,2026-08-12T00:11:01Z
mecon_gross_central_government_debt,2024-03,monthly,403052.400000,million_usd,official,mecon_monthly_gross_central_government_debt,https://www.argentina.gob.ar/sites/default/files/boletin_mensual_31_05_2026_1.xlsx,ac9734aa8ef7dee51dc66d8dbc7a8d5505115d9eeb0a745d974ce8f099769d4d,2026-08-12T00:11:01Z
mecon_gross_central_government_debt,2024-04,monthly,414035.600000,million_usd,official,mecon_monthly_gross_central_government_debt,https://www.argentina.gob.ar/sites/default/files/boletin_mensual_31_05_2026_1.xlsx,ac9734aa8ef7dee51dc66d8dbc7a8d5505115d9eeb0a745d974ce8f099769d4d,2026-08-12T00:11:01Z
mecon_gross_central_government_debt,2024-05,monthly,435697.700000,million_usd,official,mecon_monthly_gross_central_government_debt,https://www.argentina.gob.ar/sites/default/files/boletin_mensual_31_05_2026_1.xlsx,ac9734aa8ef7dee51dc66d8dbc7a8d5505115d9eeb0a745d974ce8f099769d4d,2026-08-12T00:11:01Z
mecon_gross_central_government_debt,2024-06,monthly,442514.900000,million_usd,official,mecon_monthly_gross_central_government_debt,https://www.argentina.gob.ar/sites/default/files/boletin_mensual_31_05_2026_1.xlsx,ac9734aa8ef7dee51dc66d8dbc7a8d5505115d9eeb0a745d974ce8f099769d4d,2026-08-12T00:11:01Z
mecon_gross_central_government_debt,2024-07,monthly,452070.500000,million_usd,official,mecon_monthly_gross_central_government_debt,https://www.argentina.gob.ar/sites/default/files/boletin_mensual_31_05_2026_1.xlsx,ac9734aa8ef7dee51dc66d8dbc7a8d5505115d9eeb0a745d974ce8f099769d4d,2026-08-12T00:11:01Z
mecon_gross_central_government_debt,2024-08,monthly,458408.700000,million_usd,official,mecon_monthly_gross_central_government_debt,https://www.argentina.gob.ar/sites/default/files/boletin_mensual_31_05_2026_1.xlsx,ac9734aa8ef7dee51dc66d8dbc7a8d5505115d9eeb0a745d974ce8f099769d4d,2026-08-12T00:11:01Z
mecon_gross_central_government_debt,2024-09,monthly,460068.800000,million_usd,official,mecon_monthly_gross_central_government_debt,https://www.argentina.gob.ar/sites/default/files/boletin_mensual_31_05_2026_1.xlsx,ac9734aa8ef7dee51dc66d8dbc7a8d5505115d9eeb0a745d974ce8f099769d4d,2026-08-12T00:11:01Z
mecon_gross_central_government_debt,2024-10,monthly,463241.800000,million_usd,official,mecon_monthly_gross_central_government_debt,https://www.argentina.gob.ar/sites/default/files/boletin_mensual_31_05_2026_1.xlsx,ac9734aa8ef7dee51dc66d8dbc7a8d5505115d9eeb0a745d974ce8f099769d4d,2026-08-12T00:11:01Z
mecon_gross_central_government_debt,2024-11,monthly,464935.700000,million_usd,official,mecon_monthly_gross_central_government_debt,https://www.argentina.gob.ar/sites/default/files/boletin_mensual_31_05_2026_1.xlsx,ac9734aa8ef7dee51dc66d8dbc7a8d5505115d9eeb0a745d974ce8f099769d4d,2026-08-12T00:11:01Z
mecon_gross_central_government_debt,2024-12,monthly,466921.200000,million_usd,official,mecon_monthly_gross_central_government_debt,https://www.argentina.gob.ar/sites/default/files/boletin_mensual_31_05_2026_1.xlsx,ac9734aa8ef7dee51dc66d8dbc7a8d5505115d9eeb0a745d974ce8f099769d4d,2026-08-12T00:11:01Z
mecon_gross_central_government_debt,2025-01,monthly,467794.600000,million_usd,official,mecon_monthly_gross_central_government_debt,https://www.argentina.gob.ar/sites/default/files/boletin_mensual_31_05_2026_1.xlsx,ac9734aa8ef7dee51dc66d8dbc7a8d5505115d9eeb0a745d974ce8f099769d4d,2026-08-12T00:11:01Z
mecon_gross_central_government_debt,2025-02,monthly,471163.700000,million_usd,official,mecon_monthly_gross_central_government_debt,https://www.argentina.gob.ar/sites/default/files/boletin_mensual_31_05_2026_1.xlsx,ac9734aa8ef7dee51dc66d8dbc7a8d5505115d9eeb0a745d974ce8f099769d4d,2026-08-12T00:11:01Z
mecon_gross_central_government_debt,2025-03,monthly,473560.800000,million_usd,official,mecon_monthly_gross_central_government_debt,https://www.argentina.gob.ar/sites/default/files/boletin_mensual_31_05_2026_1.xlsx,ac9734aa8ef7dee51dc66d8dbc7a8d5505115d9eeb0a745d974ce8f099769d4d,2026-08-12T00:11:01Z
mecon_gross_central_government_debt,2025-04,monthly,472918.000000,million_usd,official,mecon_monthly_gross_central_government_debt,https://www.argentina.gob.ar/sites/default/files/boletin_mensual_31_05_2026_1.xlsx,ac9734aa8ef7dee51dc66d8dbc7a8d5505115d9eeb0a745d974ce8f099769d4d,2026-08-12T00:11:01Z
mecon_gross_central_government_debt,2025-05,monthly,461017.200000,million_usd,official,mecon_monthly_gross_central_government_debt,https://www.argentina.gob.ar/sites/default/files/boletin_mensual_31_05_2026_1.xlsx,ac9734aa8ef7dee51dc66d8dbc7a8d5505115d9eeb0a745d974ce8f099769d4d,2026-08-12T00:11:01Z
mecon_gross_central_government_debt,2025-06,monthly,465353.100000,million_usd,official,mecon_monthly_gross_central_government_debt,https://www.argentina.gob.ar/sites/default/files/boletin_mensual_31_05_2026_1.xlsx,ac9734aa8ef7dee51dc66d8dbc7a8d5505115d9eeb0a745d974ce8f099769d4d,2026-08-12T00:11:01Z
mecon_gross_central_government_debt,2025-07,monthly,447177.100000,million_usd,official,mecon_monthly_gross_central_government_debt,https://www.argentina.gob.ar/sites/default/files/boletin_mensual_31_05_2026_1.xlsx,ac9734aa8ef7dee51dc66d8dbc7a8d5505115d9eeb0a745d974ce8f099769d4d,2026-08-12T00:11:01Z
mecon_gross_central_government_debt,2025-08,monthly,454263.400000,million_usd,official,mecon_monthly_gross_central_government_debt,https://www.argentina.gob.ar/sites/default/files/boletin_mensual_31_05_2026_1.xlsx,ac9734aa8ef7dee51dc66d8dbc7a8d5505115d9eeb0a745d974ce8f099769d4d,2026-08-12T00:11:01Z
mecon_gross_central_government_debt,2025-09,monthly,454037.000000,million_usd,official,mecon_monthly_gross_central_government_debt,https://www.argentina.gob.ar/sites/default/files/boletin_mensual_31_05_2026_1.xlsx,ac9734aa8ef7dee51dc66d8dbc7a8d5505115d9eeb0a745d974ce8f099769d4d,2026-08-12T00:11:01Z
mecon_gross_central_government_debt,2025-10,monthly,443238.500000,million_usd,official,mecon_monthly_gross_central_government_debt,https://www.argentina.gob.ar/sites/default/files/boletin_mensual_31_05_2026_1.xlsx,ac9734aa8ef7dee51dc66d8dbc7a8d5505115d9eeb0a745d974ce8f099769d4d,2026-08-12T00:11:01Z
mecon_gross_central_government_debt,2025-11,monthly,447031.700000,million_usd,official,mecon_monthly_gross_central_government_debt,https://www.argentina.gob.ar/sites/default/files/boletin_mensual_31_05_2026_1.xlsx,ac9734aa8ef7dee51dc66d8dbc7a8d5505115d9eeb0a745d974ce8f099769d4d,2026-08-12T00:11:01Z
mecon_gross_central_government_debt,2025-12,monthly,455076.700000,million_usd,official,mecon_monthly_gross_central_government_debt,https://www.argentina.gob.ar/sites/default/files/boletin_mensual_31_05_2026_1.xlsx,ac9734aa8ef7dee51dc66d8dbc7a8d5505115d9eeb0a745d974ce8f099769d4d,2026-08-12T00:11:01Z
mecon_gross_central_government_debt,2026-01,monthly,460938.300000,million_usd,official,mecon_monthly_gross_central_government_debt,https://www.argentina.gob.ar/sites/default/files/boletin_mensual_31_05_2026_1.xlsx,ac9734aa8ef7dee51dc66d8dbc7a8d5505115d9eeb0a745d974ce8f099769d4d,2026-08-12T00:11:01Z
mecon_gross_central_government_debt,2026-02,monthly,472133.600000,million_usd,official,mecon_monthly_gross_central_government_debt,https://www.argentina.gob.ar/sites/default/files/boletin_mensual_31_05_2026_1.xlsx,ac9734aa8ef7dee51dc66d8dbc7a8d5505115d9eeb0a745d974ce8f099769d4d,2026-08-12T00:11:01Z
mecon_gross_central_government_debt,2026-03,monthly,483854.500000,million_usd,official,mecon_monthly_gross_central_government_debt,https://www.argentina.gob.ar/sites/default/files/boletin_mensual_31_05_2026_1.xlsx,ac9734aa8ef7dee51dc66d8dbc7a8d5505115d9eeb0a745d974ce8f099769d4d,2026-08-12T00:11:01Z
mecon_gross_central_government_debt,2026-04,monthly,496676.200000,million_usd,official,mecon_monthly_gross_central_government_debt,https://www.argentina.gob.ar/sites/default/files/boletin_mensual_31_05_2026_1.xlsx,ac9734aa8ef7dee51dc66d8dbc7a8d5505115d9eeb0a745d974ce8f099769d4d,2026-08-12T00:11:01Z
mecon_gross_central_government_debt,2026-05,monthly,479272.600000,million_usd,official,mecon_monthly_gross_central_government_debt,https://www.argentina.gob.ar/sites/default/files/boletin_mensual_31_05_2026_1.xlsx,ac9734aa8ef7dee51dc66d8dbc7a8d5505115d9eeb0a745d974ce8f099769d4d,2026-08-12T00:11:01Z
mecon_gross_central_government_debt_gdp_ratio,2000,annual,45.653868,percent_gdp,official,mecon_quarterly_public_debt,https://www.argentina.gob.ar/sites/default/files/deuda_publica_31-03-2026.xlsx,fad7687446da2e312d5f442e4d8e4fe53af87303a5fbdbe1030e8b241473aeee,2026-08-12T00:11:03Z
mecon_gross_central_government_debt_gdp_ratio,2001,annual,53.674643,percent_gdp,official,mecon_quarterly_public_debt,https://www.argentina.gob.ar/sites/default/files/deuda_publica_31-03-2026.xlsx,fad7687446da2e312d5f442e4d8e4fe53af87303a5fbdbe1030e8b241473aeee,2026-08-12T00:11:03Z
mecon_gross_central_government_debt_gdp_ratio,2002,annual,166.658716,percent_gdp,official,mecon_quarterly_public_debt,https://www.argentina.gob.ar/sites/default/files/deuda_publica_31-03-2026.xlsx,fad7687446da2e312d5f442e4d8e4fe53af87303a5fbdbe1030e8b241473aeee,2026-08-12T00:11:03Z
mecon_gross_central_government_debt_gdp_ratio,2003,annual,139.199657,percent_gdp,official,mecon_quarterly_public_debt,https://www.argentina.gob.ar/sites/default/files/deuda_publica_31-03-2026.xlsx,fad7687446da2e312d5f442e4d8e4fe53af87303a5fbdbe1030e8b241473aeee,2026-08-12T00:11:03Z
mecon_gross_central_government_debt_gdp_ratio,2004,annual,118.083977,percent_gdp,official,mecon_quarterly_public_debt,https://www.argentina.gob.ar/sites/default/files/deuda_publica_31-03-2026.xlsx,fad7687446da2e312d5f442e4d8e4fe53af87303a5fbdbe1030e8b241473aeee,2026-08-12T00:11:03Z
mecon_gross_central_government_debt_gdp_ratio,2005,annual,80.506901,percent_gdp,official,mecon_quarterly_public_debt,https://www.argentina.gob.ar/sites/default/files/deuda_publica_31-03-2026.xlsx,fad7687446da2e312d5f442e4d8e4fe53af87303a5fbdbe1030e8b241473aeee,2026-08-12T00:11:03Z
mecon_gross_central_government_debt_gdp_ratio,2006,annual,70.619715,percent_gdp,official,mecon_quarterly_public_debt,https://www.argentina.gob.ar/sites/default/files/deuda_publica_31-03-2026.xlsx,fad7687446da2e312d5f442e4d8e4fe53af87303a5fbdbe1030e8b241473aeee,2026-08-12T00:11:03Z
mecon_gross_central_government_debt_gdp_ratio,2007,annual,62.093276,percent_gdp,official,mecon_quarterly_public_debt,https://www.argentina.gob.ar/sites/default/files/deuda_publica_31-03-2026.xlsx,fad7687446da2e312d5f442e4d8e4fe53af87303a5fbdbe1030e8b241473aeee,2026-08-12T00:11:03Z
mecon_gross_central_government_debt_gdp_ratio,2008,annual,53.787363,percent_gdp,official,mecon_quarterly_public_debt,https://www.argentina.gob.ar/sites/default/files/deuda_publica_31-03-2026.xlsx,fad7687446da2e312d5f442e4d8e4fe53af87303a5fbdbe1030e8b241473aeee,2026-08-12T00:11:03Z
mecon_gross_central_government_debt_gdp_ratio,2009,annual,55.445229,percent_gdp,official,mecon_quarterly_public_debt,https://www.argentina.gob.ar/sites/default/files/deuda_publica_31-03-2026.xlsx,fad7687446da2e312d5f442e4d8e4fe53af87303a5fbdbe1030e8b241473aeee,2026-08-12T00:11:03Z
mecon_gross_central_government_debt_gdp_ratio,2010,annual,43.456502,percent_gdp,official,mecon_quarterly_public_debt,https://www.argentina.gob.ar/sites/default/files/deuda_publica_31-03-2026.xlsx,fad7687446da2e312d5f442e4d8e4fe53af87303a5fbdbe1030e8b241473aeee,2026-08-12T00:11:03Z
mecon_gross_central_government_debt_gdp_ratio,2011,annual,38.942093,percent_gdp,official,mecon_quarterly_public_debt,https://www.argentina.gob.ar/sites/default/files/deuda_publica_31-03-2026.xlsx,fad7687446da2e312d5f442e4d8e4fe53af87303a5fbdbe1030e8b241473aeee,2026-08-12T00:11:03Z
mecon_gross_central_government_debt_gdp_ratio,2012,annual,40.441804,percent_gdp,official,mecon_quarterly_public_debt,https://www.argentina.gob.ar/sites/default/files/deuda_publica_31-03-2026.xlsx,fad7687446da2e312d5f442e4d8e4fe53af87303a5fbdbe1030e8b241473aeee,2026-08-12T00:11:03Z
mecon_gross_central_government_debt_gdp_ratio,2013,annual,43.516089,percent_gdp,official,mecon_quarterly_public_debt,https://www.argentina.gob.ar/sites/default/files/deuda_publica_31-03-2026.xlsx,fad7687446da2e312d5f442e4d8e4fe53af87303a5fbdbe1030e8b241473aeee,2026-08-12T00:11:03Z
mecon_gross_central_government_debt_gdp_ratio,2014,annual,44.696850,percent_gdp,official,mecon_quarterly_public_debt,https://www.argentina.gob.ar/sites/default/files/deuda_publica_31-03-2026.xlsx,fad7687446da2e312d5f442e4d8e4fe53af87303a5fbdbe1030e8b241473aeee,2026-08-12T00:11:03Z
mecon_gross_central_government_debt_gdp_ratio,2015,annual,52.562643,percent_gdp,official,mecon_quarterly_public_debt,https://www.argentina.gob.ar/sites/default/files/deuda_publica_31-03-2026.xlsx,fad7687446da2e312d5f442e4d8e4fe53af87303a5fbdbe1030e8b241473aeee,2026-08-12T00:11:03Z
mecon_gross_central_government_debt_gdp_ratio,2016,annual,53.060180,percent_gdp,official,mecon_quarterly_public_debt,https://www.argentina.gob.ar/sites/default/files/deuda_publica_31-03-2026.xlsx,fad7687446da2e312d5f442e4d8e4fe53af87303a5fbdbe1030e8b241473aeee,2026-08-12T00:11:03Z
mecon_gross_central_government_debt_gdp_ratio,2017,annual,56.521244,percent_gdp,official,mecon_quarterly_public_debt,https://www.argentina.gob.ar/sites/default/files/deuda_publica_31-03-2026.xlsx,fad7687446da2e312d5f442e4d8e4fe53af87303a5fbdbe1030e8b241473aeee,2026-08-12T00:11:03Z
mecon_gross_central_government_debt_gdp_ratio,2018,annual,85.179848,percent_gdp,official,mecon_quarterly_public_debt,https://www.argentina.gob.ar/sites/default/files/deuda_publica_31-03-2026.xlsx,fad7687446da2e312d5f442e4d8e4fe53af87303a5fbdbe1030e8b241473aeee,2026-08-12T00:11:03Z
mecon_gross_central_government_debt_gdp_ratio,2019,annual,89.755806,percent_gdp,official,mecon_quarterly_public_debt,https://www.argentina.gob.ar/sites/default/files/deuda_publica_31-03-2026.xlsx,fad7687446da2e312d5f442e4d8e4fe53af87303a5fbdbe1030e8b241473aeee,2026-08-12T00:11:03Z
mecon_gross_central_government_debt_gdp_ratio,2020,annual,103.777136,percent_gdp,official,mecon_quarterly_public_debt,https://www.argentina.gob.ar/sites/default/files/deuda_publica_31-03-2026.xlsx,fad7687446da2e312d5f442e4d8e4fe53af87303a5fbdbe1030e8b241473aeee,2026-08-12T00:11:03Z
mecon_gross_central_government_debt_gdp_ratio,2021,annual,80.750521,percent_gdp,official,mecon_quarterly_public_debt,https://www.argentina.gob.ar/sites/default/files/deuda_publica_31-03-2026.xlsx,fad7687446da2e312d5f442e4d8e4fe53af87303a5fbdbe1030e8b241473aeee,2026-08-12T00:11:03Z
mecon_gross_central_government_debt_gdp_ratio,2022,annual,84.822032,percent_gdp,official,mecon_quarterly_public_debt,https://www.argentina.gob.ar/sites/default/files/deuda_publica_31-03-2026.xlsx,fad7687446da2e312d5f442e4d8e4fe53af87303a5fbdbe1030e8b241473aeee,2026-08-12T00:11:03Z
mecon_gross_central_government_debt_gdp_ratio,2023,annual,154.512399,percent_gdp,official,mecon_quarterly_public_debt,https://www.argentina.gob.ar/sites/default/files/deuda_publica_31-03-2026.xlsx,fad7687446da2e312d5f442e4d8e4fe53af87303a5fbdbe1030e8b241473aeee,2026-08-12T00:11:03Z
mecon_gross_central_government_debt_gdp_ratio,2024,annual,82.497446,percent_gdp,official,mecon_quarterly_public_debt,https://www.argentina.gob.ar/sites/default/files/deuda_publica_31-03-2026.xlsx,fad7687446da2e312d5f442e4d8e4fe53af87303a5fbdbe1030e8b241473aeee,2026-08-12T00:11:03Z
mecon_gross_central_government_debt_gdp_ratio,2025,annual,78.112847,percent_gdp,official,mecon_quarterly_public_debt,https://www.argentina.gob.ar/sites/default/files/deuda_publica_31-03-2026.xlsx,fad7687446da2e312d5f442e4d8e4fe53af87303a5fbdbe1030e8b241473aeee,2026-08-12T00:11:03Z
mecon_gross_central_government_debt_gdp_ratio,2026-Q1,quarterly,73.418762,percent_gdp,official,mecon_quarterly_public_debt,https://www.argentina.gob.ar/sites/default/files/deuda_publica_31-03-2026.xlsx,fad7687446da2e312d5f442e4d8e4fe53af87303a5fbdbe1030e8b241473aeee,2026-08-12T00:11:03Z
