series_id,period,frequency,value,unit,status,source_id,source_url,source_sha256,retrieved_at
bcra_reserve_requirement_ars,1985-04,monthly,31.940000,percent,official,bcra_average_reserve_requirements,https://www.bcra.gob.ar/archivos/Pdfs/PublicacionesEstadisticas/din1_ser.txt,66eeb0fa88aec93dc2450f27d6b6a407b09e286cc3bfbd8a2653e2196994ae80,2026-08-11T00:06:15Z
bcra_reserve_requirement_ars,1985-05,monthly,29.310000,percent,official,bcra_average_reserve_requirements,https://www.bcra.gob.ar/archivos/Pdfs/PublicacionesEstadisticas/din1_ser.txt,66eeb0fa88aec93dc2450f27d6b6a407b09e286cc3bfbd8a2653e2196994ae80,2026-08-11T00:06:15Z
bcra_reserve_requirement_ars,1985-06,monthly,31.670000,percent,official,bcra_average_reserve_requirements,https://www.bcra.gob.ar/archivos/Pdfs/PublicacionesEstadisticas/din1_ser.txt,66eeb0fa88aec93dc2450f27d6b6a407b09e286cc3bfbd8a2653e2196994ae80,2026-08-11T00:06:15Z
bcra_reserve_requirement_ars,1985-07,monthly,34.010000,percent,official,bcra_average_reserve_requirements,https://www.bcra.gob.ar/archivos/Pdfs/PublicacionesEstadisticas/din1_ser.txt,66eeb0fa88aec93dc2450f27d6b6a407b09e286cc3bfbd8a2653e2196994ae80,2026-08-11T00:06:15Z
bcra_reserve_requirement_ars,1985-08,monthly,33.360000,percent,official,bcra_average_reserve_requirements,https://www.bcra.gob.ar/archivos/Pdfs/PublicacionesEstadisticas/din1_ser.txt,66eeb0fa88aec93dc2450f27d6b6a407b09e286cc3bfbd8a2653e2196994ae80,2026-08-11T00:06:15Z
bcra_reserve_requirement_ars,1985-09,monthly,32.760000,percent,official,bcra_average_reserve_requirements,https://www.bcra.gob.ar/archivos/Pdfs/PublicacionesEstadisticas/din1_ser.txt,66eeb0fa88aec93dc2450f27d6b6a407b09e286cc3bfbd8a2653e2196994ae80,2026-08-11T00:06:15Z
bcra_reserve_requirement_ars,1985-10,monthly,33.590000,percent,official,bcra_average_reserve_requirements,https://www.bcra.gob.ar/archivos/Pdfs/PublicacionesEstadisticas/din1_ser.txt,66eeb0fa88aec93dc2450f27d6b6a407b09e286cc3bfbd8a2653e2196994ae80,2026-08-11T00:06:15Z
bcra_reserve_requirement_ars,1985-11,monthly,34.530000,percent,official,bcra_average_reserve_requirements,https://www.bcra.gob.ar/archivos/Pdfs/PublicacionesEstadisticas/din1_ser.txt,66eeb0fa88aec93dc2450f27d6b6a407b09e286cc3bfbd8a2653e2196994ae80,2026-08-11T00:06:15Z
bcra_reserve_requirement_ars,1985-12,monthly,36.260000,percent,official,bcra_average_reserve_requirements,https://www.bcra.gob.ar/archivos/Pdfs/PublicacionesEstadisticas/din1_ser.txt,66eeb0fa88aec93dc2450f27d6b6a407b09e286cc3bfbd8a2653e2196994ae80,2026-08-11T00:06:15Z
bcra_reserve_requirement_ars,1986-01,monthly,36.070000,percent,official,bcra_average_reserve_requirements,https://www.bcra.gob.ar/archivos/Pdfs/PublicacionesEstadisticas/din1_ser.txt,66eeb0fa88aec93dc2450f27d6b6a407b09e286cc3bfbd8a2653e2196994ae80,2026-08-11T00:06:15Z
bcra_reserve_requirement_ars,1986-02,monthly,32.640000,percent,official,bcra_average_reserve_requirements,https://www.bcra.gob.ar/archivos/Pdfs/PublicacionesEstadisticas/din1_ser.txt,66eeb0fa88aec93dc2450f27d6b6a407b09e286cc3bfbd8a2653e2196994ae80,2026-08-11T00:06:15Z
bcra_reserve_requirement_ars,1986-03,monthly,30.270000,percent,official,bcra_average_reserve_requirements,https://www.bcra.gob.ar/archivos/Pdfs/PublicacionesEstadisticas/din1_ser.txt,66eeb0fa88aec93dc2450f27d6b6a407b09e286cc3bfbd8a2653e2196994ae80,2026-08-11T00:06:15Z
bcra_reserve_requirement_ars,1986-04,monthly,26.160000,percent,official,bcra_average_reserve_requirements,https://www.bcra.gob.ar/archivos/Pdfs/PublicacionesEstadisticas/din1_ser.txt,66eeb0fa88aec93dc2450f27d6b6a407b09e286cc3bfbd8a2653e2196994ae80,2026-08-11T00:06:15Z
bcra_reserve_requirement_ars,1986-05,monthly,26.660000,percent,official,bcra_average_reserve_requirements,https://www.bcra.gob.ar/archivos/Pdfs/PublicacionesEstadisticas/din1_ser.txt,66eeb0fa88aec93dc2450f27d6b6a407b09e286cc3bfbd8a2653e2196994ae80,2026-08-11T00:06:15Z
bcra_reserve_requirement_ars,1986-06,monthly,26.330000,percent,official,bcra_average_reserve_requirements,https://www.bcra.gob.ar/archivos/Pdfs/PublicacionesEstadisticas/din1_ser.txt,66eeb0fa88aec93dc2450f27d6b6a407b09e286cc3bfbd8a2653e2196994ae80,2026-08-11T00:06:15Z
bcra_reserve_requirement_ars,1986-07,monthly,25.430000,percent,official,bcra_average_reserve_requirements,https://www.bcra.gob.ar/archivos/Pdfs/PublicacionesEstadisticas/din1_ser.txt,66eeb0fa88aec93dc2450f27d6b6a407b09e286cc3bfbd8a2653e2196994ae80,2026-08-11T00:06:15Z
bcra_reserve_requirement_ars,1986-08,monthly,25.110000,percent,official,bcra_average_reserve_requirements,https://www.bcra.gob.ar/archivos/Pdfs/PublicacionesEstadisticas/din1_ser.txt,66eeb0fa88aec93dc2450f27d6b6a407b09e286cc3bfbd8a2653e2196994ae80,2026-08-11T00:06:15Z
bcra_reserve_requirement_ars,1986-09,monthly,24.800000,percent,official,bcra_average_reserve_requirements,https://www.bcra.gob.ar/archivos/Pdfs/PublicacionesEstadisticas/din1_ser.txt,66eeb0fa88aec93dc2450f27d6b6a407b09e286cc3bfbd8a2653e2196994ae80,2026-08-11T00:06:15Z
bcra_reserve_requirement_ars,1986-10,monthly,21.020000,percent,official,bcra_average_reserve_requirements,https://www.bcra.gob.ar/archivos/Pdfs/PublicacionesEstadisticas/din1_ser.txt,66eeb0fa88aec93dc2450f27d6b6a407b09e286cc3bfbd8a2653e2196994ae80,2026-08-11T00:06:15Z
bcra_reserve_requirement_ars,1986-11,monthly,20.460000,percent,official,bcra_average_reserve_requirements,https://www.bcra.gob.ar/archivos/Pdfs/PublicacionesEstadisticas/din1_ser.txt,66eeb0fa88aec93dc2450f27d6b6a407b09e286cc3bfbd8a2653e2196994ae80,2026-08-11T00:06:15Z
bcra_reserve_requirement_ars,1986-12,monthly,18.880000,percent,official,bcra_average_reserve_requirements,https://www.bcra.gob.ar/archivos/Pdfs/PublicacionesEstadisticas/din1_ser.txt,66eeb0fa88aec93dc2450f27d6b6a407b09e286cc3bfbd8a2653e2196994ae80,2026-08-11T00:06:15Z
bcra_reserve_requirement_ars,1987-01,monthly,18.460000,percent,official,bcra_average_reserve_requirements,https://www.bcra.gob.ar/archivos/Pdfs/PublicacionesEstadisticas/din1_ser.txt,66eeb0fa88aec93dc2450f27d6b6a407b09e286cc3bfbd8a2653e2196994ae80,2026-08-11T00:06:15Z
bcra_reserve_requirement_ars,1987-02,monthly,17.240000,percent,official,bcra_average_reserve_requirements,https://www.bcra.gob.ar/archivos/Pdfs/PublicacionesEstadisticas/din1_ser.txt,66eeb0fa88aec93dc2450f27d6b6a407b09e286cc3bfbd8a2653e2196994ae80,2026-08-11T00:06:15Z
bcra_reserve_requirement_ars,1987-03,monthly,17.550000,percent,official,bcra_average_reserve_requirements,https://www.bcra.gob.ar/archivos/Pdfs/PublicacionesEstadisticas/din1_ser.txt,66eeb0fa88aec93dc2450f27d6b6a407b09e286cc3bfbd8a2653e2196994ae80,2026-08-11T00:06:15Z
bcra_reserve_requirement_ars,1987-04,monthly,17.310000,percent,official,bcra_average_reserve_requirements,https://www.bcra.gob.ar/archivos/Pdfs/PublicacionesEstadisticas/din1_ser.txt,66eeb0fa88aec93dc2450f27d6b6a407b09e286cc3bfbd8a2653e2196994ae80,2026-08-11T00:06:15Z
bcra_reserve_requirement_ars,1987-05,monthly,17.410000,percent,official,bcra_average_reserve_requirements,https://www.bcra.gob.ar/archivos/Pdfs/PublicacionesEstadisticas/din1_ser.txt,66eeb0fa88aec93dc2450f27d6b6a407b09e286cc3bfbd8a2653e2196994ae80,2026-08-11T00:06:15Z
bcra_reserve_requirement_ars,1987-06,monthly,17.010000,percent,official,bcra_average_reserve_requirements,https://www.bcra.gob.ar/archivos/Pdfs/PublicacionesEstadisticas/din1_ser.txt,66eeb0fa88aec93dc2450f27d6b6a407b09e286cc3bfbd8a2653e2196994ae80,2026-08-11T00:06:15Z
bcra_reserve_requirement_ars,1987-07,monthly,17.380000,percent,official,bcra_average_reserve_requirements,https://www.bcra.gob.ar/archivos/Pdfs/PublicacionesEstadisticas/din1_ser.txt,66eeb0fa88aec93dc2450f27d6b6a407b09e286cc3bfbd8a2653e2196994ae80,2026-08-11T00:06:15Z
bcra_reserve_requirement_ars,1987-08,monthly,16.660000,percent,official,bcra_average_reserve_requirements,https://www.bcra.gob.ar/archivos/Pdfs/PublicacionesEstadisticas/din1_ser.txt,66eeb0fa88aec93dc2450f27d6b6a407b09e286cc3bfbd8a2653e2196994ae80,2026-08-11T00:06:15Z
bcra_reserve_requirement_ars,1987-09,monthly,15.680000,percent,official,bcra_average_reserve_requirements,https://www.bcra.gob.ar/archivos/Pdfs/PublicacionesEstadisticas/din1_ser.txt,66eeb0fa88aec93dc2450f27d6b6a407b09e286cc3bfbd8a2653e2196994ae80,2026-08-11T00:06:15Z
bcra_reserve_requirement_ars,1987-10,monthly,16.080000,percent,official,bcra_average_reserve_requirements,https://www.bcra.gob.ar/archivos/Pdfs/PublicacionesEstadisticas/din1_ser.txt,66eeb0fa88aec93dc2450f27d6b6a407b09e286cc3bfbd8a2653e2196994ae80,2026-08-11T00:06:15Z
bcra_reserve_requirement_ars,1987-11,monthly,15.740000,percent,official,bcra_average_reserve_requirements,https://www.bcra.gob.ar/archivos/Pdfs/PublicacionesEstadisticas/din1_ser.txt,66eeb0fa88aec93dc2450f27d6b6a407b09e286cc3bfbd8a2653e2196994ae80,2026-08-11T00:06:15Z
bcra_reserve_requirement_ars,1987-12,monthly,16.050000,percent,official,bcra_average_reserve_requirements,https://www.bcra.gob.ar/archivos/Pdfs/PublicacionesEstadisticas/din1_ser.txt,66eeb0fa88aec93dc2450f27d6b6a407b09e286cc3bfbd8a2653e2196994ae80,2026-08-11T00:06:15Z
bcra_reserve_requirement_ars,1988-01,monthly,15.920000,percent,official,bcra_average_reserve_requirements,https://www.bcra.gob.ar/archivos/Pdfs/PublicacionesEstadisticas/din1_ser.txt,66eeb0fa88aec93dc2450f27d6b6a407b09e286cc3bfbd8a2653e2196994ae80,2026-08-11T00:06:15Z
bcra_reserve_requirement_ars,1988-02,monthly,14.640000,percent,official,bcra_average_reserve_requirements,https://www.bcra.gob.ar/archivos/Pdfs/PublicacionesEstadisticas/din1_ser.txt,66eeb0fa88aec93dc2450f27d6b6a407b09e286cc3bfbd8a2653e2196994ae80,2026-08-11T00:06:15Z
bcra_reserve_requirement_ars,1988-03,monthly,13.870000,percent,official,bcra_average_reserve_requirements,https://www.bcra.gob.ar/archivos/Pdfs/PublicacionesEstadisticas/din1_ser.txt,66eeb0fa88aec93dc2450f27d6b6a407b09e286cc3bfbd8a2653e2196994ae80,2026-08-11T00:06:15Z
bcra_reserve_requirement_ars,1988-04,monthly,14.370000,percent,official,bcra_average_reserve_requirements,https://www.bcra.gob.ar/archivos/Pdfs/PublicacionesEstadisticas/din1_ser.txt,66eeb0fa88aec93dc2450f27d6b6a407b09e286cc3bfbd8a2653e2196994ae80,2026-08-11T00:06:15Z
bcra_reserve_requirement_ars,1988-05,monthly,14.200000,percent,official,bcra_average_reserve_requirements,https://www.bcra.gob.ar/archivos/Pdfs/PublicacionesEstadisticas/din1_ser.txt,66eeb0fa88aec93dc2450f27d6b6a407b09e286cc3bfbd8a2653e2196994ae80,2026-08-11T00:06:15Z
bcra_reserve_requirement_ars,1988-06,monthly,14.570000,percent,official,bcra_average_reserve_requirements,https://www.bcra.gob.ar/archivos/Pdfs/PublicacionesEstadisticas/din1_ser.txt,66eeb0fa88aec93dc2450f27d6b6a407b09e286cc3bfbd8a2653e2196994ae80,2026-08-11T00:06:15Z
bcra_reserve_requirement_ars,1988-07,monthly,14.000000,percent,official,bcra_average_reserve_requirements,https://www.bcra.gob.ar/archivos/Pdfs/PublicacionesEstadisticas/din1_ser.txt,66eeb0fa88aec93dc2450f27d6b6a407b09e286cc3bfbd8a2653e2196994ae80,2026-08-11T00:06:15Z
bcra_reserve_requirement_ars,1988-08,monthly,14.130000,percent,official,bcra_average_reserve_requirements,https://www.bcra.gob.ar/archivos/Pdfs/PublicacionesEstadisticas/din1_ser.txt,66eeb0fa88aec93dc2450f27d6b6a407b09e286cc3bfbd8a2653e2196994ae80,2026-08-11T00:06:15Z
bcra_reserve_requirement_ars,1988-09,monthly,13.430000,percent,official,bcra_average_reserve_requirements,https://www.bcra.gob.ar/archivos/Pdfs/PublicacionesEstadisticas/din1_ser.txt,66eeb0fa88aec93dc2450f27d6b6a407b09e286cc3bfbd8a2653e2196994ae80,2026-08-11T00:06:15Z
bcra_reserve_requirement_ars,1988-10,monthly,13.310000,percent,official,bcra_average_reserve_requirements,https://www.bcra.gob.ar/archivos/Pdfs/PublicacionesEstadisticas/din1_ser.txt,66eeb0fa88aec93dc2450f27d6b6a407b09e286cc3bfbd8a2653e2196994ae80,2026-08-11T00:06:15Z
bcra_reserve_requirement_ars,1988-11,monthly,12.460000,percent,official,bcra_average_reserve_requirements,https://www.bcra.gob.ar/archivos/Pdfs/PublicacionesEstadisticas/din1_ser.txt,66eeb0fa88aec93dc2450f27d6b6a407b09e286cc3bfbd8a2653e2196994ae80,2026-08-11T00:06:15Z
bcra_reserve_requirement_ars,1988-12,monthly,12.670000,percent,official,bcra_average_reserve_requirements,https://www.bcra.gob.ar/archivos/Pdfs/PublicacionesEstadisticas/din1_ser.txt,66eeb0fa88aec93dc2450f27d6b6a407b09e286cc3bfbd8a2653e2196994ae80,2026-08-11T00:06:15Z
bcra_reserve_requirement_ars,1989-01,monthly,11.940000,percent,official,bcra_average_reserve_requirements,https://www.bcra.gob.ar/archivos/Pdfs/PublicacionesEstadisticas/din1_ser.txt,66eeb0fa88aec93dc2450f27d6b6a407b09e286cc3bfbd8a2653e2196994ae80,2026-08-11T00:06:15Z
bcra_reserve_requirement_ars,1989-02,monthly,11.990000,percent,official,bcra_average_reserve_requirements,https://www.bcra.gob.ar/archivos/Pdfs/PublicacionesEstadisticas/din1_ser.txt,66eeb0fa88aec93dc2450f27d6b6a407b09e286cc3bfbd8a2653e2196994ae80,2026-08-11T00:06:15Z
bcra_reserve_requirement_ars,1989-03,monthly,11.880000,percent,official,bcra_average_reserve_requirements,https://www.bcra.gob.ar/archivos/Pdfs/PublicacionesEstadisticas/din1_ser.txt,66eeb0fa88aec93dc2450f27d6b6a407b09e286cc3bfbd8a2653e2196994ae80,2026-08-11T00:06:15Z
bcra_reserve_requirement_ars,1989-04,monthly,11.480000,percent,official,bcra_average_reserve_requirements,https://www.bcra.gob.ar/archivos/Pdfs/PublicacionesEstadisticas/din1_ser.txt,66eeb0fa88aec93dc2450f27d6b6a407b09e286cc3bfbd8a2653e2196994ae80,2026-08-11T00:06:15Z
bcra_reserve_requirement_ars,1989-05,monthly,12.600000,percent,official,bcra_average_reserve_requirements,https://www.bcra.gob.ar/archivos/Pdfs/PublicacionesEstadisticas/din1_ser.txt,66eeb0fa88aec93dc2450f27d6b6a407b09e286cc3bfbd8a2653e2196994ae80,2026-08-11T00:06:15Z
bcra_reserve_requirement_ars,1989-06,monthly,14.190000,percent,official,bcra_average_reserve_requirements,https://www.bcra.gob.ar/archivos/Pdfs/PublicacionesEstadisticas/din1_ser.txt,66eeb0fa88aec93dc2450f27d6b6a407b09e286cc3bfbd8a2653e2196994ae80,2026-08-11T00:06:15Z
bcra_reserve_requirement_ars,1989-07,monthly,16.050000,percent,official,bcra_average_reserve_requirements,https://www.bcra.gob.ar/archivos/Pdfs/PublicacionesEstadisticas/din1_ser.txt,66eeb0fa88aec93dc2450f27d6b6a407b09e286cc3bfbd8a2653e2196994ae80,2026-08-11T00:06:15Z
bcra_reserve_requirement_ars,1989-08,monthly,17.050000,percent,official,bcra_average_reserve_requirements,https://www.bcra.gob.ar/archivos/Pdfs/PublicacionesEstadisticas/din1_ser.txt,66eeb0fa88aec93dc2450f27d6b6a407b09e286cc3bfbd8a2653e2196994ae80,2026-08-11T00:06:15Z
bcra_reserve_requirement_ars,1989-09,monthly,16.250000,percent,official,bcra_average_reserve_requirements,https://www.bcra.gob.ar/archivos/Pdfs/PublicacionesEstadisticas/din1_ser.txt,66eeb0fa88aec93dc2450f27d6b6a407b09e286cc3bfbd8a2653e2196994ae80,2026-08-11T00:06:15Z
bcra_reserve_requirement_ars,1989-10,monthly,17.770000,percent,official,bcra_average_reserve_requirements,https://www.bcra.gob.ar/archivos/Pdfs/PublicacionesEstadisticas/din1_ser.txt,66eeb0fa88aec93dc2450f27d6b6a407b09e286cc3bfbd8a2653e2196994ae80,2026-08-11T00:06:15Z
bcra_reserve_requirement_ars,1989-11,monthly,20.750000,percent,official,bcra_average_reserve_requirements,https://www.bcra.gob.ar/archivos/Pdfs/PublicacionesEstadisticas/din1_ser.txt,66eeb0fa88aec93dc2450f27d6b6a407b09e286cc3bfbd8a2653e2196994ae80,2026-08-11T00:06:15Z
bcra_reserve_requirement_ars,1989-12,monthly,33.120000,percent,official,bcra_average_reserve_requirements,https://www.bcra.gob.ar/archivos/Pdfs/PublicacionesEstadisticas/din1_ser.txt,66eeb0fa88aec93dc2450f27d6b6a407b09e286cc3bfbd8a2653e2196994ae80,2026-08-11T00:06:15Z
bcra_reserve_requirement_ars,1990-01,monthly,57.490000,percent,official,bcra_average_reserve_requirements,https://www.bcra.gob.ar/archivos/Pdfs/PublicacionesEstadisticas/din1_ser.txt,66eeb0fa88aec93dc2450f27d6b6a407b09e286cc3bfbd8a2653e2196994ae80,2026-08-11T00:06:15Z
bcra_reserve_requirement_ars,1990-02,monthly,51.950000,percent,official,bcra_average_reserve_requirements,https://www.bcra.gob.ar/archivos/Pdfs/PublicacionesEstadisticas/din1_ser.txt,66eeb0fa88aec93dc2450f27d6b6a407b09e286cc3bfbd8a2653e2196994ae80,2026-08-11T00:06:15Z
bcra_reserve_requirement_ars,1990-03,monthly,51.260000,percent,official,bcra_average_reserve_requirements,https://www.bcra.gob.ar/archivos/Pdfs/PublicacionesEstadisticas/din1_ser.txt,66eeb0fa88aec93dc2450f27d6b6a407b09e286cc3bfbd8a2653e2196994ae80,2026-08-11T00:06:15Z
bcra_reserve_requirement_ars,1990-04,monthly,46.630000,percent,official,bcra_average_reserve_requirements,https://www.bcra.gob.ar/archivos/Pdfs/PublicacionesEstadisticas/din1_ser.txt,66eeb0fa88aec93dc2450f27d6b6a407b09e286cc3bfbd8a2653e2196994ae80,2026-08-11T00:06:15Z
bcra_reserve_requirement_ars,1990-05,monthly,46.080000,percent,official,bcra_average_reserve_requirements,https://www.bcra.gob.ar/archivos/Pdfs/PublicacionesEstadisticas/din1_ser.txt,66eeb0fa88aec93dc2450f27d6b6a407b09e286cc3bfbd8a2653e2196994ae80,2026-08-11T00:06:15Z
bcra_reserve_requirement_ars,1990-06,monthly,46.040000,percent,official,bcra_average_reserve_requirements,https://www.bcra.gob.ar/archivos/Pdfs/PublicacionesEstadisticas/din1_ser.txt,66eeb0fa88aec93dc2450f27d6b6a407b09e286cc3bfbd8a2653e2196994ae80,2026-08-11T00:06:15Z
bcra_reserve_requirement_ars,1990-07,monthly,42.130000,percent,official,bcra_average_reserve_requirements,https://www.bcra.gob.ar/archivos/Pdfs/PublicacionesEstadisticas/din1_ser.txt,66eeb0fa88aec93dc2450f27d6b6a407b09e286cc3bfbd8a2653e2196994ae80,2026-08-11T00:06:15Z
bcra_reserve_requirement_ars,1990-08,monthly,41.070000,percent,official,bcra_average_reserve_requirements,https://www.bcra.gob.ar/archivos/Pdfs/PublicacionesEstadisticas/din1_ser.txt,66eeb0fa88aec93dc2450f27d6b6a407b09e286cc3bfbd8a2653e2196994ae80,2026-08-11T00:06:15Z
bcra_reserve_requirement_ars,1990-09,monthly,39.860000,percent,official,bcra_average_reserve_requirements,https://www.bcra.gob.ar/archivos/Pdfs/PublicacionesEstadisticas/din1_ser.txt,66eeb0fa88aec93dc2450f27d6b6a407b09e286cc3bfbd8a2653e2196994ae80,2026-08-11T00:06:15Z
bcra_reserve_requirement_ars,1990-10,monthly,38.710000,percent,official,bcra_average_reserve_requirements,https://www.bcra.gob.ar/archivos/Pdfs/PublicacionesEstadisticas/din1_ser.txt,66eeb0fa88aec93dc2450f27d6b6a407b09e286cc3bfbd8a2653e2196994ae80,2026-08-11T00:06:15Z
bcra_reserve_requirement_ars,1990-11,monthly,38.930000,percent,official,bcra_average_reserve_requirements,https://www.bcra.gob.ar/archivos/Pdfs/PublicacionesEstadisticas/din1_ser.txt,66eeb0fa88aec93dc2450f27d6b6a407b09e286cc3bfbd8a2653e2196994ae80,2026-08-11T00:06:15Z
bcra_reserve_requirement_ars,1990-12,monthly,39.330000,percent,official,bcra_average_reserve_requirements,https://www.bcra.gob.ar/archivos/Pdfs/PublicacionesEstadisticas/din1_ser.txt,66eeb0fa88aec93dc2450f27d6b6a407b09e286cc3bfbd8a2653e2196994ae80,2026-08-11T00:06:15Z
bcra_reserve_requirement_ars,1991-01,monthly,38.440000,percent,official,bcra_average_reserve_requirements,https://www.bcra.gob.ar/archivos/Pdfs/PublicacionesEstadisticas/din1_ser.txt,66eeb0fa88aec93dc2450f27d6b6a407b09e286cc3bfbd8a2653e2196994ae80,2026-08-11T00:06:15Z
bcra_reserve_requirement_ars,1991-02,monthly,38.130000,percent,official,bcra_average_reserve_requirements,https://www.bcra.gob.ar/archivos/Pdfs/PublicacionesEstadisticas/din1_ser.txt,66eeb0fa88aec93dc2450f27d6b6a407b09e286cc3bfbd8a2653e2196994ae80,2026-08-11T00:06:15Z
bcra_reserve_requirement_ars,1991-03,monthly,41.780000,percent,official,bcra_average_reserve_requirements,https://www.bcra.gob.ar/archivos/Pdfs/PublicacionesEstadisticas/din1_ser.txt,66eeb0fa88aec93dc2450f27d6b6a407b09e286cc3bfbd8a2653e2196994ae80,2026-08-11T00:06:15Z
bcra_reserve_requirement_ars,1991-04,monthly,41.840000,percent,official,bcra_average_reserve_requirements,https://www.bcra.gob.ar/archivos/Pdfs/PublicacionesEstadisticas/din1_ser.txt,66eeb0fa88aec93dc2450f27d6b6a407b09e286cc3bfbd8a2653e2196994ae80,2026-08-11T00:06:15Z
bcra_reserve_requirement_ars,1991-05,monthly,41.830000,percent,official,bcra_average_reserve_requirements,https://www.bcra.gob.ar/archivos/Pdfs/PublicacionesEstadisticas/din1_ser.txt,66eeb0fa88aec93dc2450f27d6b6a407b09e286cc3bfbd8a2653e2196994ae80,2026-08-11T00:06:15Z
bcra_reserve_requirement_ars,1991-06,monthly,40.970000,percent,official,bcra_average_reserve_requirements,https://www.bcra.gob.ar/archivos/Pdfs/PublicacionesEstadisticas/din1_ser.txt,66eeb0fa88aec93dc2450f27d6b6a407b09e286cc3bfbd8a2653e2196994ae80,2026-08-11T00:06:15Z
bcra_reserve_requirement_ars,1991-07,monthly,41.600000,percent,official,bcra_average_reserve_requirements,https://www.bcra.gob.ar/archivos/Pdfs/PublicacionesEstadisticas/din1_ser.txt,66eeb0fa88aec93dc2450f27d6b6a407b09e286cc3bfbd8a2653e2196994ae80,2026-08-11T00:06:15Z
bcra_reserve_requirement_ars,1991-08,monthly,40.740000,percent,official,bcra_average_reserve_requirements,https://www.bcra.gob.ar/archivos/Pdfs/PublicacionesEstadisticas/din1_ser.txt,66eeb0fa88aec93dc2450f27d6b6a407b09e286cc3bfbd8a2653e2196994ae80,2026-08-11T00:06:15Z
bcra_reserve_requirement_ars,1991-09,monthly,40.340000,percent,official,bcra_average_reserve_requirements,https://www.bcra.gob.ar/archivos/Pdfs/PublicacionesEstadisticas/din1_ser.txt,66eeb0fa88aec93dc2450f27d6b6a407b09e286cc3bfbd8a2653e2196994ae80,2026-08-11T00:06:15Z
bcra_reserve_requirement_ars,1991-10,monthly,40.660000,percent,official,bcra_average_reserve_requirements,https://www.bcra.gob.ar/archivos/Pdfs/PublicacionesEstadisticas/din1_ser.txt,66eeb0fa88aec93dc2450f27d6b6a407b09e286cc3bfbd8a2653e2196994ae80,2026-08-11T00:06:15Z
bcra_reserve_requirement_ars,1991-11,monthly,41.110000,percent,official,bcra_average_reserve_requirements,https://www.bcra.gob.ar/archivos/Pdfs/PublicacionesEstadisticas/din1_ser.txt,66eeb0fa88aec93dc2450f27d6b6a407b09e286cc3bfbd8a2653e2196994ae80,2026-08-11T00:06:15Z
bcra_reserve_requirement_ars,1991-12,monthly,41.430000,percent,official,bcra_average_reserve_requirements,https://www.bcra.gob.ar/archivos/Pdfs/PublicacionesEstadisticas/din1_ser.txt,66eeb0fa88aec93dc2450f27d6b6a407b09e286cc3bfbd8a2653e2196994ae80,2026-08-11T00:06:15Z
bcra_reserve_requirement_ars,1992-01,monthly,42.290000,percent,official,bcra_average_reserve_requirements,https://www.bcra.gob.ar/archivos/Pdfs/PublicacionesEstadisticas/din1_ser.txt,66eeb0fa88aec93dc2450f27d6b6a407b09e286cc3bfbd8a2653e2196994ae80,2026-08-11T00:06:15Z
bcra_reserve_requirement_ars,1992-02,monthly,41.140000,percent,official,bcra_average_reserve_requirements,https://www.bcra.gob.ar/archivos/Pdfs/PublicacionesEstadisticas/din1_ser.txt,66eeb0fa88aec93dc2450f27d6b6a407b09e286cc3bfbd8a2653e2196994ae80,2026-08-11T00:06:15Z
bcra_reserve_requirement_ars,1992-03,monthly,40.480000,percent,official,bcra_average_reserve_requirements,https://www.bcra.gob.ar/archivos/Pdfs/PublicacionesEstadisticas/din1_ser.txt,66eeb0fa88aec93dc2450f27d6b6a407b09e286cc3bfbd8a2653e2196994ae80,2026-08-11T00:06:15Z
bcra_reserve_requirement_ars,1992-04,monthly,38.950000,percent,official,bcra_average_reserve_requirements,https://www.bcra.gob.ar/archivos/Pdfs/PublicacionesEstadisticas/din1_ser.txt,66eeb0fa88aec93dc2450f27d6b6a407b09e286cc3bfbd8a2653e2196994ae80,2026-08-11T00:06:15Z
bcra_reserve_requirement_ars,1992-05,monthly,39.210000,percent,official,bcra_average_reserve_requirements,https://www.bcra.gob.ar/archivos/Pdfs/PublicacionesEstadisticas/din1_ser.txt,66eeb0fa88aec93dc2450f27d6b6a407b09e286cc3bfbd8a2653e2196994ae80,2026-08-11T00:06:15Z
bcra_reserve_requirement_ars,1992-06,monthly,38.550000,percent,official,bcra_average_reserve_requirements,https://www.bcra.gob.ar/archivos/Pdfs/PublicacionesEstadisticas/din1_ser.txt,66eeb0fa88aec93dc2450f27d6b6a407b09e286cc3bfbd8a2653e2196994ae80,2026-08-11T00:06:15Z
bcra_reserve_requirement_ars,1992-07,monthly,38.710000,percent,official,bcra_average_reserve_requirements,https://www.bcra.gob.ar/archivos/Pdfs/PublicacionesEstadisticas/din1_ser.txt,66eeb0fa88aec93dc2450f27d6b6a407b09e286cc3bfbd8a2653e2196994ae80,2026-08-11T00:06:15Z
bcra_reserve_requirement_ars,1992-08,monthly,37.840000,percent,official,bcra_average_reserve_requirements,https://www.bcra.gob.ar/archivos/Pdfs/PublicacionesEstadisticas/din1_ser.txt,66eeb0fa88aec93dc2450f27d6b6a407b09e286cc3bfbd8a2653e2196994ae80,2026-08-11T00:06:15Z
bcra_reserve_requirement_ars,1992-09,monthly,36.510000,percent,official,bcra_average_reserve_requirements,https://www.bcra.gob.ar/archivos/Pdfs/PublicacionesEstadisticas/din1_ser.txt,66eeb0fa88aec93dc2450f27d6b6a407b09e286cc3bfbd8a2653e2196994ae80,2026-08-11T00:06:15Z
bcra_reserve_requirement_ars,1992-10,monthly,35.660000,percent,official,bcra_average_reserve_requirements,https://www.bcra.gob.ar/archivos/Pdfs/PublicacionesEstadisticas/din1_ser.txt,66eeb0fa88aec93dc2450f27d6b6a407b09e286cc3bfbd8a2653e2196994ae80,2026-08-11T00:06:15Z
bcra_reserve_requirement_ars,1992-11,monthly,35.320000,percent,official,bcra_average_reserve_requirements,https://www.bcra.gob.ar/archivos/Pdfs/PublicacionesEstadisticas/din1_ser.txt,66eeb0fa88aec93dc2450f27d6b6a407b09e286cc3bfbd8a2653e2196994ae80,2026-08-11T00:06:15Z
bcra_reserve_requirement_ars,1992-12,monthly,36.940000,percent,official,bcra_average_reserve_requirements,https://www.bcra.gob.ar/archivos/Pdfs/PublicacionesEstadisticas/din1_ser.txt,66eeb0fa88aec93dc2450f27d6b6a407b09e286cc3bfbd8a2653e2196994ae80,2026-08-11T00:06:15Z
bcra_reserve_requirement_ars,1993-01,monthly,35.120000,percent,official,bcra_average_reserve_requirements,https://www.bcra.gob.ar/archivos/Pdfs/PublicacionesEstadisticas/din1_ser.txt,66eeb0fa88aec93dc2450f27d6b6a407b09e286cc3bfbd8a2653e2196994ae80,2026-08-11T00:06:15Z
bcra_reserve_requirement_ars,1993-02,monthly,26.890000,percent,official,bcra_average_reserve_requirements,https://www.bcra.gob.ar/archivos/Pdfs/PublicacionesEstadisticas/din1_ser.txt,66eeb0fa88aec93dc2450f27d6b6a407b09e286cc3bfbd8a2653e2196994ae80,2026-08-11T00:06:15Z
bcra_reserve_requirement_ars,1993-03,monthly,23.650000,percent,official,bcra_average_reserve_requirements,https://www.bcra.gob.ar/archivos/Pdfs/PublicacionesEstadisticas/din1_ser.txt,66eeb0fa88aec93dc2450f27d6b6a407b09e286cc3bfbd8a2653e2196994ae80,2026-08-11T00:06:15Z
bcra_reserve_requirement_ars,1993-04,monthly,24.770000,percent,official,bcra_average_reserve_requirements,https://www.bcra.gob.ar/archivos/Pdfs/PublicacionesEstadisticas/din1_ser.txt,66eeb0fa88aec93dc2450f27d6b6a407b09e286cc3bfbd8a2653e2196994ae80,2026-08-11T00:06:15Z
bcra_reserve_requirement_ars,1993-05,monthly,23.880000,percent,official,bcra_average_reserve_requirements,https://www.bcra.gob.ar/archivos/Pdfs/PublicacionesEstadisticas/din1_ser.txt,66eeb0fa88aec93dc2450f27d6b6a407b09e286cc3bfbd8a2653e2196994ae80,2026-08-11T00:06:15Z
bcra_reserve_requirement_ars,1993-06,monthly,24.780000,percent,official,bcra_average_reserve_requirements,https://www.bcra.gob.ar/archivos/Pdfs/PublicacionesEstadisticas/din1_ser.txt,66eeb0fa88aec93dc2450f27d6b6a407b09e286cc3bfbd8a2653e2196994ae80,2026-08-11T00:06:15Z
bcra_reserve_requirement_ars,1993-07,monthly,25.370000,percent,official,bcra_average_reserve_requirements,https://www.bcra.gob.ar/archivos/Pdfs/PublicacionesEstadisticas/din1_ser.txt,66eeb0fa88aec93dc2450f27d6b6a407b09e286cc3bfbd8a2653e2196994ae80,2026-08-11T00:06:15Z
bcra_reserve_requirement_ars,1993-08,monthly,26.470000,percent,official,bcra_average_reserve_requirements,https://www.bcra.gob.ar/archivos/Pdfs/PublicacionesEstadisticas/din1_ser.txt,66eeb0fa88aec93dc2450f27d6b6a407b09e286cc3bfbd8a2653e2196994ae80,2026-08-11T00:06:15Z
bcra_reserve_requirement_ars,1993-09,monthly,27.410000,percent,official,bcra_average_reserve_requirements,https://www.bcra.gob.ar/archivos/Pdfs/PublicacionesEstadisticas/din1_ser.txt,66eeb0fa88aec93dc2450f27d6b6a407b09e286cc3bfbd8a2653e2196994ae80,2026-08-11T00:06:15Z
bcra_reserve_requirement_ars,1993-10,monthly,27.520000,percent,official,bcra_average_reserve_requirements,https://www.bcra.gob.ar/archivos/Pdfs/PublicacionesEstadisticas/din1_ser.txt,66eeb0fa88aec93dc2450f27d6b6a407b09e286cc3bfbd8a2653e2196994ae80,2026-08-11T00:06:15Z
bcra_reserve_requirement_ars,1993-11,monthly,26.670000,percent,official,bcra_average_reserve_requirements,https://www.bcra.gob.ar/archivos/Pdfs/PublicacionesEstadisticas/din1_ser.txt,66eeb0fa88aec93dc2450f27d6b6a407b09e286cc3bfbd8a2653e2196994ae80,2026-08-11T00:06:15Z
bcra_reserve_requirement_ars,1993-12,monthly,27.660000,percent,official,bcra_average_reserve_requirements,https://www.bcra.gob.ar/archivos/Pdfs/PublicacionesEstadisticas/din1_ser.txt,66eeb0fa88aec93dc2450f27d6b6a407b09e286cc3bfbd8a2653e2196994ae80,2026-08-11T00:06:15Z
bcra_reserve_requirement_ars,1994-01,monthly,27.360000,percent,official,bcra_average_reserve_requirements,https://www.bcra.gob.ar/archivos/Pdfs/PublicacionesEstadisticas/din1_ser.txt,66eeb0fa88aec93dc2450f27d6b6a407b09e286cc3bfbd8a2653e2196994ae80,2026-08-11T00:06:15Z
bcra_reserve_requirement_ars,1994-02,monthly,27.870000,percent,official,bcra_average_reserve_requirements,https://www.bcra.gob.ar/archivos/Pdfs/PublicacionesEstadisticas/din1_ser.txt,66eeb0fa88aec93dc2450f27d6b6a407b09e286cc3bfbd8a2653e2196994ae80,2026-08-11T00:06:15Z
bcra_reserve_requirement_ars,1994-03,monthly,28.260000,percent,official,bcra_average_reserve_requirements,https://www.bcra.gob.ar/archivos/Pdfs/PublicacionesEstadisticas/din1_ser.txt,66eeb0fa88aec93dc2450f27d6b6a407b09e286cc3bfbd8a2653e2196994ae80,2026-08-11T00:06:15Z
bcra_reserve_requirement_ars,1994-04,monthly,28.660000,percent,official,bcra_average_reserve_requirements,https://www.bcra.gob.ar/archivos/Pdfs/PublicacionesEstadisticas/din1_ser.txt,66eeb0fa88aec93dc2450f27d6b6a407b09e286cc3bfbd8a2653e2196994ae80,2026-08-11T00:06:15Z
bcra_reserve_requirement_ars,1994-05,monthly,28.470000,percent,official,bcra_average_reserve_requirements,https://www.bcra.gob.ar/archivos/Pdfs/PublicacionesEstadisticas/din1_ser.txt,66eeb0fa88aec93dc2450f27d6b6a407b09e286cc3bfbd8a2653e2196994ae80,2026-08-11T00:06:15Z
bcra_reserve_requirement_ars,1994-06,monthly,28.600000,percent,official,bcra_average_reserve_requirements,https://www.bcra.gob.ar/archivos/Pdfs/PublicacionesEstadisticas/din1_ser.txt,66eeb0fa88aec93dc2450f27d6b6a407b09e286cc3bfbd8a2653e2196994ae80,2026-08-11T00:06:15Z
bcra_reserve_requirement_ars,1994-07,monthly,28.800000,percent,official,bcra_average_reserve_requirements,https://www.bcra.gob.ar/archivos/Pdfs/PublicacionesEstadisticas/din1_ser.txt,66eeb0fa88aec93dc2450f27d6b6a407b09e286cc3bfbd8a2653e2196994ae80,2026-08-11T00:06:15Z
bcra_reserve_requirement_ars,1994-08,monthly,28.160000,percent,official,bcra_average_reserve_requirements,https://www.bcra.gob.ar/archivos/Pdfs/PublicacionesEstadisticas/din1_ser.txt,66eeb0fa88aec93dc2450f27d6b6a407b09e286cc3bfbd8a2653e2196994ae80,2026-08-11T00:06:15Z
bcra_reserve_requirement_ars,1994-09,monthly,27.590000,percent,official,bcra_average_reserve_requirements,https://www.bcra.gob.ar/archivos/Pdfs/PublicacionesEstadisticas/din1_ser.txt,66eeb0fa88aec93dc2450f27d6b6a407b09e286cc3bfbd8a2653e2196994ae80,2026-08-11T00:06:15Z
bcra_reserve_requirement_ars,1994-10,monthly,27.600000,percent,official,bcra_average_reserve_requirements,https://www.bcra.gob.ar/archivos/Pdfs/PublicacionesEstadisticas/din1_ser.txt,66eeb0fa88aec93dc2450f27d6b6a407b09e286cc3bfbd8a2653e2196994ae80,2026-08-11T00:06:15Z
bcra_reserve_requirement_ars,1994-11,monthly,27.360000,percent,official,bcra_average_reserve_requirements,https://www.bcra.gob.ar/archivos/Pdfs/PublicacionesEstadisticas/din1_ser.txt,66eeb0fa88aec93dc2450f27d6b6a407b09e286cc3bfbd8a2653e2196994ae80,2026-08-11T00:06:15Z
bcra_reserve_requirement_ars,1994-12,monthly,28.250000,percent,official,bcra_average_reserve_requirements,https://www.bcra.gob.ar/archivos/Pdfs/PublicacionesEstadisticas/din1_ser.txt,66eeb0fa88aec93dc2450f27d6b6a407b09e286cc3bfbd8a2653e2196994ae80,2026-08-11T00:06:15Z
bcra_reserve_requirement_ars,1995-01,monthly,25.360000,percent,official,bcra_average_reserve_requirements,https://www.bcra.gob.ar/archivos/Pdfs/PublicacionesEstadisticas/din1_ser.txt,66eeb0fa88aec93dc2450f27d6b6a407b09e286cc3bfbd8a2653e2196994ae80,2026-08-11T00:06:15Z
bcra_reserve_requirement_ars,1995-02,monthly,24.570000,percent,official,bcra_average_reserve_requirements,https://www.bcra.gob.ar/archivos/Pdfs/PublicacionesEstadisticas/din1_ser.txt,66eeb0fa88aec93dc2450f27d6b6a407b09e286cc3bfbd8a2653e2196994ae80,2026-08-11T00:06:15Z
bcra_reserve_requirement_ars,1995-03,monthly,26.380000,percent,official,bcra_average_reserve_requirements,https://www.bcra.gob.ar/archivos/Pdfs/PublicacionesEstadisticas/din1_ser.txt,66eeb0fa88aec93dc2450f27d6b6a407b09e286cc3bfbd8a2653e2196994ae80,2026-08-11T00:06:15Z
bcra_reserve_requirement_ars,1995-04,monthly,27.050000,percent,official,bcra_average_reserve_requirements,https://www.bcra.gob.ar/archivos/Pdfs/PublicacionesEstadisticas/din1_ser.txt,66eeb0fa88aec93dc2450f27d6b6a407b09e286cc3bfbd8a2653e2196994ae80,2026-08-11T00:06:15Z
bcra_reserve_requirement_ars,1995-05,monthly,27.120000,percent,official,bcra_average_reserve_requirements,https://www.bcra.gob.ar/archivos/Pdfs/PublicacionesEstadisticas/din1_ser.txt,66eeb0fa88aec93dc2450f27d6b6a407b09e286cc3bfbd8a2653e2196994ae80,2026-08-11T00:06:15Z
bcra_reserve_requirement_ars,1995-06,monthly,25.960000,percent,official,bcra_average_reserve_requirements,https://www.bcra.gob.ar/archivos/Pdfs/PublicacionesEstadisticas/din1_ser.txt,66eeb0fa88aec93dc2450f27d6b6a407b09e286cc3bfbd8a2653e2196994ae80,2026-08-11T00:06:15Z
bcra_reserve_requirement_ars,1995-07,monthly,25.910000,percent,official,bcra_average_reserve_requirements,https://www.bcra.gob.ar/archivos/Pdfs/PublicacionesEstadisticas/din1_ser.txt,66eeb0fa88aec93dc2450f27d6b6a407b09e286cc3bfbd8a2653e2196994ae80,2026-08-11T00:06:15Z
bcra_reserve_requirement_ars,1995-08,monthly,25.120000,percent,official,bcra_average_reserve_requirements,https://www.bcra.gob.ar/archivos/Pdfs/PublicacionesEstadisticas/din1_ser.txt,66eeb0fa88aec93dc2450f27d6b6a407b09e286cc3bfbd8a2653e2196994ae80,2026-08-11T00:06:15Z
bcra_reserve_requirement_ars,1995-09,monthly,25.450000,percent,official,bcra_average_reserve_requirements,https://www.bcra.gob.ar/archivos/Pdfs/PublicacionesEstadisticas/din1_ser.txt,66eeb0fa88aec93dc2450f27d6b6a407b09e286cc3bfbd8a2653e2196994ae80,2026-08-11T00:06:15Z
bcra_reserve_requirement_ars,1995-10,monthly,25.960000,percent,official,bcra_average_reserve_requirements,https://www.bcra.gob.ar/archivos/Pdfs/PublicacionesEstadisticas/din1_ser.txt,66eeb0fa88aec93dc2450f27d6b6a407b09e286cc3bfbd8a2653e2196994ae80,2026-08-11T00:06:15Z
bcra_reserve_requirement_ars,1995-11,monthly,29.530000,percent,official,bcra_average_reserve_requirements,https://www.bcra.gob.ar/archivos/Pdfs/PublicacionesEstadisticas/din1_ser.txt,66eeb0fa88aec93dc2450f27d6b6a407b09e286cc3bfbd8a2653e2196994ae80,2026-08-11T00:06:15Z
bcra_reserve_requirement_ars,1995-12,monthly,28.450000,percent,official,bcra_average_reserve_requirements,https://www.bcra.gob.ar/archivos/Pdfs/PublicacionesEstadisticas/din1_ser.txt,66eeb0fa88aec93dc2450f27d6b6a407b09e286cc3bfbd8a2653e2196994ae80,2026-08-11T00:06:15Z
bcra_reserve_requirement_ars,1996-01,monthly,26.970000,percent,official,bcra_average_reserve_requirements,https://www.bcra.gob.ar/archivos/Pdfs/PublicacionesEstadisticas/din1_ser.txt,66eeb0fa88aec93dc2450f27d6b6a407b09e286cc3bfbd8a2653e2196994ae80,2026-08-11T00:06:15Z
bcra_reserve_requirement_ars,1996-02,monthly,28.430000,percent,official,bcra_average_reserve_requirements,https://www.bcra.gob.ar/archivos/Pdfs/PublicacionesEstadisticas/din1_ser.txt,66eeb0fa88aec93dc2450f27d6b6a407b09e286cc3bfbd8a2653e2196994ae80,2026-08-11T00:06:15Z
bcra_reserve_requirement_ars,1996-03,monthly,28.450000,percent,official,bcra_average_reserve_requirements,https://www.bcra.gob.ar/archivos/Pdfs/PublicacionesEstadisticas/din1_ser.txt,66eeb0fa88aec93dc2450f27d6b6a407b09e286cc3bfbd8a2653e2196994ae80,2026-08-11T00:06:15Z
bcra_reserve_requirement_ars,1996-04,monthly,27.530000,percent,official,bcra_average_reserve_requirements,https://www.bcra.gob.ar/archivos/Pdfs/PublicacionesEstadisticas/din1_ser.txt,66eeb0fa88aec93dc2450f27d6b6a407b09e286cc3bfbd8a2653e2196994ae80,2026-08-11T00:06:15Z
bcra_reserve_requirement_ars,1996-05,monthly,26.970000,percent,official,bcra_average_reserve_requirements,https://www.bcra.gob.ar/archivos/Pdfs/PublicacionesEstadisticas/din1_ser.txt,66eeb0fa88aec93dc2450f27d6b6a407b09e286cc3bfbd8a2653e2196994ae80,2026-08-11T00:06:15Z
bcra_reserve_requirement_ars,1996-06,monthly,26.070000,percent,official,bcra_average_reserve_requirements,https://www.bcra.gob.ar/archivos/Pdfs/PublicacionesEstadisticas/din1_ser.txt,66eeb0fa88aec93dc2450f27d6b6a407b09e286cc3bfbd8a2653e2196994ae80,2026-08-11T00:06:15Z
bcra_reserve_requirement_ars,1996-07,monthly,26.500000,percent,official,bcra_average_reserve_requirements,https://www.bcra.gob.ar/archivos/Pdfs/PublicacionesEstadisticas/din1_ser.txt,66eeb0fa88aec93dc2450f27d6b6a407b09e286cc3bfbd8a2653e2196994ae80,2026-08-11T00:06:15Z
bcra_reserve_requirement_ars,1996-08,monthly,27.220000,percent,official,bcra_average_reserve_requirements,https://www.bcra.gob.ar/archivos/Pdfs/PublicacionesEstadisticas/din1_ser.txt,66eeb0fa88aec93dc2450f27d6b6a407b09e286cc3bfbd8a2653e2196994ae80,2026-08-11T00:06:15Z
bcra_reserve_requirement_ars,1996-09,monthly,27.410000,percent,official,bcra_average_reserve_requirements,https://www.bcra.gob.ar/archivos/Pdfs/PublicacionesEstadisticas/din1_ser.txt,66eeb0fa88aec93dc2450f27d6b6a407b09e286cc3bfbd8a2653e2196994ae80,2026-08-11T00:06:15Z
bcra_reserve_requirement_ars,1996-10,monthly,29.900000,percent,official,bcra_average_reserve_requirements,https://www.bcra.gob.ar/archivos/Pdfs/PublicacionesEstadisticas/din1_ser.txt,66eeb0fa88aec93dc2450f27d6b6a407b09e286cc3bfbd8a2653e2196994ae80,2026-08-11T00:06:15Z
bcra_reserve_requirement_ars,1996-11,monthly,30.060000,percent,official,bcra_average_reserve_requirements,https://www.bcra.gob.ar/archivos/Pdfs/PublicacionesEstadisticas/din1_ser.txt,66eeb0fa88aec93dc2450f27d6b6a407b09e286cc3bfbd8a2653e2196994ae80,2026-08-11T00:06:15Z
bcra_reserve_requirement_ars,1996-12,monthly,28.330000,percent,official,bcra_average_reserve_requirements,https://www.bcra.gob.ar/archivos/Pdfs/PublicacionesEstadisticas/din1_ser.txt,66eeb0fa88aec93dc2450f27d6b6a407b09e286cc3bfbd8a2653e2196994ae80,2026-08-11T00:06:15Z
bcra_reserve_requirement_ars,1997-01,monthly,27.740000,percent,official,bcra_average_reserve_requirements,https://www.bcra.gob.ar/archivos/Pdfs/PublicacionesEstadisticas/din1_ser.txt,66eeb0fa88aec93dc2450f27d6b6a407b09e286cc3bfbd8a2653e2196994ae80,2026-08-11T00:06:15Z
bcra_reserve_requirement_ars,1997-02,monthly,29.240000,percent,official,bcra_average_reserve_requirements,https://www.bcra.gob.ar/archivos/Pdfs/PublicacionesEstadisticas/din1_ser.txt,66eeb0fa88aec93dc2450f27d6b6a407b09e286cc3bfbd8a2653e2196994ae80,2026-08-11T00:06:15Z
bcra_reserve_requirement_ars,1997-03,monthly,29.880000,percent,official,bcra_average_reserve_requirements,https://www.bcra.gob.ar/archivos/Pdfs/PublicacionesEstadisticas/din1_ser.txt,66eeb0fa88aec93dc2450f27d6b6a407b09e286cc3bfbd8a2653e2196994ae80,2026-08-11T00:06:15Z
bcra_reserve_requirement_ars,1997-04,monthly,28.430000,percent,official,bcra_average_reserve_requirements,https://www.bcra.gob.ar/archivos/Pdfs/PublicacionesEstadisticas/din1_ser.txt,66eeb0fa88aec93dc2450f27d6b6a407b09e286cc3bfbd8a2653e2196994ae80,2026-08-11T00:06:15Z
bcra_reserve_requirement_ars,1997-05,monthly,29.210000,percent,official,bcra_average_reserve_requirements,https://www.bcra.gob.ar/archivos/Pdfs/PublicacionesEstadisticas/din1_ser.txt,66eeb0fa88aec93dc2450f27d6b6a407b09e286cc3bfbd8a2653e2196994ae80,2026-08-11T00:06:15Z
bcra_reserve_requirement_ars,1997-06,monthly,28.920000,percent,official,bcra_average_reserve_requirements,https://www.bcra.gob.ar/archivos/Pdfs/PublicacionesEstadisticas/din1_ser.txt,66eeb0fa88aec93dc2450f27d6b6a407b09e286cc3bfbd8a2653e2196994ae80,2026-08-11T00:06:15Z
bcra_reserve_requirement_ars,1997-07,monthly,29.420000,percent,official,bcra_average_reserve_requirements,https://www.bcra.gob.ar/archivos/Pdfs/PublicacionesEstadisticas/din1_ser.txt,66eeb0fa88aec93dc2450f27d6b6a407b09e286cc3bfbd8a2653e2196994ae80,2026-08-11T00:06:15Z
bcra_reserve_requirement_ars,1997-08,monthly,31.300000,percent,official,bcra_average_reserve_requirements,https://www.bcra.gob.ar/archivos/Pdfs/PublicacionesEstadisticas/din1_ser.txt,66eeb0fa88aec93dc2450f27d6b6a407b09e286cc3bfbd8a2653e2196994ae80,2026-08-11T00:06:15Z
bcra_reserve_requirement_ars,1997-09,monthly,30.820000,percent,official,bcra_average_reserve_requirements,https://www.bcra.gob.ar/archivos/Pdfs/PublicacionesEstadisticas/din1_ser.txt,66eeb0fa88aec93dc2450f27d6b6a407b09e286cc3bfbd8a2653e2196994ae80,2026-08-11T00:06:15Z
bcra_reserve_requirement_ars,1997-10,monthly,31.320000,percent,official,bcra_average_reserve_requirements,https://www.bcra.gob.ar/archivos/Pdfs/PublicacionesEstadisticas/din1_ser.txt,66eeb0fa88aec93dc2450f27d6b6a407b09e286cc3bfbd8a2653e2196994ae80,2026-08-11T00:06:15Z
bcra_reserve_requirement_ars,1997-11,monthly,31.540000,percent,official,bcra_average_reserve_requirements,https://www.bcra.gob.ar/archivos/Pdfs/PublicacionesEstadisticas/din1_ser.txt,66eeb0fa88aec93dc2450f27d6b6a407b09e286cc3bfbd8a2653e2196994ae80,2026-08-11T00:06:15Z
bcra_reserve_requirement_ars,1997-12,monthly,33.600000,percent,official,bcra_average_reserve_requirements,https://www.bcra.gob.ar/archivos/Pdfs/PublicacionesEstadisticas/din1_ser.txt,66eeb0fa88aec93dc2450f27d6b6a407b09e286cc3bfbd8a2653e2196994ae80,2026-08-11T00:06:15Z
bcra_reserve_requirement_ars,1998-01,monthly,35.370000,percent,official,bcra_average_reserve_requirements,https://www.bcra.gob.ar/archivos/Pdfs/PublicacionesEstadisticas/din1_ser.txt,66eeb0fa88aec93dc2450f27d6b6a407b09e286cc3bfbd8a2653e2196994ae80,2026-08-11T00:06:15Z
bcra_reserve_requirement_ars,1998-02,monthly,34.200000,percent,official,bcra_average_reserve_requirements,https://www.bcra.gob.ar/archivos/Pdfs/PublicacionesEstadisticas/din1_ser.txt,66eeb0fa88aec93dc2450f27d6b6a407b09e286cc3bfbd8a2653e2196994ae80,2026-08-11T00:06:15Z
bcra_reserve_requirement_ars,1998-03,monthly,35.020000,percent,official,bcra_average_reserve_requirements,https://www.bcra.gob.ar/archivos/Pdfs/PublicacionesEstadisticas/din1_ser.txt,66eeb0fa88aec93dc2450f27d6b6a407b09e286cc3bfbd8a2653e2196994ae80,2026-08-11T00:06:15Z
bcra_reserve_requirement_ars,1998-04,monthly,35.130000,percent,official,bcra_average_reserve_requirements,https://www.bcra.gob.ar/archivos/Pdfs/PublicacionesEstadisticas/din1_ser.txt,66eeb0fa88aec93dc2450f27d6b6a407b09e286cc3bfbd8a2653e2196994ae80,2026-08-11T00:06:15Z
bcra_reserve_requirement_ars,1998-05,monthly,34.350000,percent,official,bcra_average_reserve_requirements,https://www.bcra.gob.ar/archivos/Pdfs/PublicacionesEstadisticas/din1_ser.txt,66eeb0fa88aec93dc2450f27d6b6a407b09e286cc3bfbd8a2653e2196994ae80,2026-08-11T00:06:15Z
bcra_reserve_requirement_ars,1998-06,monthly,33.750000,percent,official,bcra_average_reserve_requirements,https://www.bcra.gob.ar/archivos/Pdfs/PublicacionesEstadisticas/din1_ser.txt,66eeb0fa88aec93dc2450f27d6b6a407b09e286cc3bfbd8a2653e2196994ae80,2026-08-11T00:06:15Z
bcra_reserve_requirement_ars,1998-07,monthly,34.770000,percent,official,bcra_average_reserve_requirements,https://www.bcra.gob.ar/archivos/Pdfs/PublicacionesEstadisticas/din1_ser.txt,66eeb0fa88aec93dc2450f27d6b6a407b09e286cc3bfbd8a2653e2196994ae80,2026-08-11T00:06:15Z
bcra_reserve_requirement_ars,1998-08,monthly,34.990000,percent,official,bcra_average_reserve_requirements,https://www.bcra.gob.ar/archivos/Pdfs/PublicacionesEstadisticas/din1_ser.txt,66eeb0fa88aec93dc2450f27d6b6a407b09e286cc3bfbd8a2653e2196994ae80,2026-08-11T00:06:15Z
bcra_reserve_requirement_ars,1998-09,monthly,36.400000,percent,official,bcra_average_reserve_requirements,https://www.bcra.gob.ar/archivos/Pdfs/PublicacionesEstadisticas/din1_ser.txt,66eeb0fa88aec93dc2450f27d6b6a407b09e286cc3bfbd8a2653e2196994ae80,2026-08-11T00:06:15Z
bcra_reserve_requirement_ars,1998-10,monthly,37.890000,percent,official,bcra_average_reserve_requirements,https://www.bcra.gob.ar/archivos/Pdfs/PublicacionesEstadisticas/din1_ser.txt,66eeb0fa88aec93dc2450f27d6b6a407b09e286cc3bfbd8a2653e2196994ae80,2026-08-11T00:06:15Z
bcra_reserve_requirement_ars,1998-11,monthly,37.130000,percent,official,bcra_average_reserve_requirements,https://www.bcra.gob.ar/archivos/Pdfs/PublicacionesEstadisticas/din1_ser.txt,66eeb0fa88aec93dc2450f27d6b6a407b09e286cc3bfbd8a2653e2196994ae80,2026-08-11T00:06:15Z
bcra_reserve_requirement_ars,1998-12,monthly,37.110000,percent,official,bcra_average_reserve_requirements,https://www.bcra.gob.ar/archivos/Pdfs/PublicacionesEstadisticas/din1_ser.txt,66eeb0fa88aec93dc2450f27d6b6a407b09e286cc3bfbd8a2653e2196994ae80,2026-08-11T00:06:15Z
bcra_reserve_requirement_ars,1999-01,monthly,0.000000,percent,official,bcra_average_reserve_requirements,https://www.bcra.gob.ar/archivos/Pdfs/PublicacionesEstadisticas/din1_ser.txt,66eeb0fa88aec93dc2450f27d6b6a407b09e286cc3bfbd8a2653e2196994ae80,2026-08-11T00:06:15Z
bcra_reserve_requirement_ars,1999-02,monthly,0.000000,percent,official,bcra_average_reserve_requirements,https://www.bcra.gob.ar/archivos/Pdfs/PublicacionesEstadisticas/din1_ser.txt,66eeb0fa88aec93dc2450f27d6b6a407b09e286cc3bfbd8a2653e2196994ae80,2026-08-11T00:06:15Z
bcra_reserve_requirement_ars,1999-03,monthly,0.000000,percent,official,bcra_average_reserve_requirements,https://www.bcra.gob.ar/archivos/Pdfs/PublicacionesEstadisticas/din1_ser.txt,66eeb0fa88aec93dc2450f27d6b6a407b09e286cc3bfbd8a2653e2196994ae80,2026-08-11T00:06:15Z
bcra_reserve_requirement_ars,1999-04,monthly,0.000000,percent,official,bcra_average_reserve_requirements,https://www.bcra.gob.ar/archivos/Pdfs/PublicacionesEstadisticas/din1_ser.txt,66eeb0fa88aec93dc2450f27d6b6a407b09e286cc3bfbd8a2653e2196994ae80,2026-08-11T00:06:15Z
bcra_reserve_requirement_ars,1999-05,monthly,0.000000,percent,official,bcra_average_reserve_requirements,https://www.bcra.gob.ar/archivos/Pdfs/PublicacionesEstadisticas/din1_ser.txt,66eeb0fa88aec93dc2450f27d6b6a407b09e286cc3bfbd8a2653e2196994ae80,2026-08-11T00:06:15Z
bcra_reserve_requirement_ars,1999-06,monthly,0.000000,percent,official,bcra_average_reserve_requirements,https://www.bcra.gob.ar/archivos/Pdfs/PublicacionesEstadisticas/din1_ser.txt,66eeb0fa88aec93dc2450f27d6b6a407b09e286cc3bfbd8a2653e2196994ae80,2026-08-11T00:06:15Z
bcra_reserve_requirement_ars,1999-07,monthly,0.000000,percent,official,bcra_average_reserve_requirements,https://www.bcra.gob.ar/archivos/Pdfs/PublicacionesEstadisticas/din1_ser.txt,66eeb0fa88aec93dc2450f27d6b6a407b09e286cc3bfbd8a2653e2196994ae80,2026-08-11T00:06:15Z
bcra_reserve_requirement_ars,1999-08,monthly,0.000000,percent,official,bcra_average_reserve_requirements,https://www.bcra.gob.ar/archivos/Pdfs/PublicacionesEstadisticas/din1_ser.txt,66eeb0fa88aec93dc2450f27d6b6a407b09e286cc3bfbd8a2653e2196994ae80,2026-08-11T00:06:15Z
bcra_reserve_requirement_ars,1999-09,monthly,0.000000,percent,official,bcra_average_reserve_requirements,https://www.bcra.gob.ar/archivos/Pdfs/PublicacionesEstadisticas/din1_ser.txt,66eeb0fa88aec93dc2450f27d6b6a407b09e286cc3bfbd8a2653e2196994ae80,2026-08-11T00:06:15Z
bcra_reserve_requirement_ars,1999-10,monthly,0.000000,percent,official,bcra_average_reserve_requirements,https://www.bcra.gob.ar/archivos/Pdfs/PublicacionesEstadisticas/din1_ser.txt,66eeb0fa88aec93dc2450f27d6b6a407b09e286cc3bfbd8a2653e2196994ae80,2026-08-11T00:06:15Z
bcra_reserve_requirement_ars,1999-11,monthly,0.000000,percent,official,bcra_average_reserve_requirements,https://www.bcra.gob.ar/archivos/Pdfs/PublicacionesEstadisticas/din1_ser.txt,66eeb0fa88aec93dc2450f27d6b6a407b09e286cc3bfbd8a2653e2196994ae80,2026-08-11T00:06:15Z
bcra_reserve_requirement_ars,1999-12,monthly,0.000000,percent,official,bcra_average_reserve_requirements,https://www.bcra.gob.ar/archivos/Pdfs/PublicacionesEstadisticas/din1_ser.txt,66eeb0fa88aec93dc2450f27d6b6a407b09e286cc3bfbd8a2653e2196994ae80,2026-08-11T00:06:15Z
bcra_reserve_requirement_ars,2000-01,monthly,0.000000,percent,official,bcra_average_reserve_requirements,https://www.bcra.gob.ar/archivos/Pdfs/PublicacionesEstadisticas/din1_ser.txt,66eeb0fa88aec93dc2450f27d6b6a407b09e286cc3bfbd8a2653e2196994ae80,2026-08-11T00:06:15Z
bcra_reserve_requirement_ars,2000-02,monthly,0.000000,percent,official,bcra_average_reserve_requirements,https://www.bcra.gob.ar/archivos/Pdfs/PublicacionesEstadisticas/din1_ser.txt,66eeb0fa88aec93dc2450f27d6b6a407b09e286cc3bfbd8a2653e2196994ae80,2026-08-11T00:06:15Z
bcra_reserve_requirement_ars,2000-03,monthly,0.000000,percent,official,bcra_average_reserve_requirements,https://www.bcra.gob.ar/archivos/Pdfs/PublicacionesEstadisticas/din1_ser.txt,66eeb0fa88aec93dc2450f27d6b6a407b09e286cc3bfbd8a2653e2196994ae80,2026-08-11T00:06:15Z
bcra_reserve_requirement_ars,2000-04,monthly,0.000000,percent,official,bcra_average_reserve_requirements,https://www.bcra.gob.ar/archivos/Pdfs/PublicacionesEstadisticas/din1_ser.txt,66eeb0fa88aec93dc2450f27d6b6a407b09e286cc3bfbd8a2653e2196994ae80,2026-08-11T00:06:15Z
bcra_reserve_requirement_ars,2000-05,monthly,0.000000,percent,official,bcra_average_reserve_requirements,https://www.bcra.gob.ar/archivos/Pdfs/PublicacionesEstadisticas/din1_ser.txt,66eeb0fa88aec93dc2450f27d6b6a407b09e286cc3bfbd8a2653e2196994ae80,2026-08-11T00:06:15Z
bcra_reserve_requirement_ars,2000-06,monthly,0.000000,percent,official,bcra_average_reserve_requirements,https://www.bcra.gob.ar/archivos/Pdfs/PublicacionesEstadisticas/din1_ser.txt,66eeb0fa88aec93dc2450f27d6b6a407b09e286cc3bfbd8a2653e2196994ae80,2026-08-11T00:06:15Z
bcra_reserve_requirement_ars,2000-07,monthly,0.000000,percent,official,bcra_average_reserve_requirements,https://www.bcra.gob.ar/archivos/Pdfs/PublicacionesEstadisticas/din1_ser.txt,66eeb0fa88aec93dc2450f27d6b6a407b09e286cc3bfbd8a2653e2196994ae80,2026-08-11T00:06:15Z
bcra_reserve_requirement_ars,2000-08,monthly,0.000000,percent,official,bcra_average_reserve_requirements,https://www.bcra.gob.ar/archivos/Pdfs/PublicacionesEstadisticas/din1_ser.txt,66eeb0fa88aec93dc2450f27d6b6a407b09e286cc3bfbd8a2653e2196994ae80,2026-08-11T00:06:15Z
bcra_reserve_requirement_ars,2000-09,monthly,0.000000,percent,official,bcra_average_reserve_requirements,https://www.bcra.gob.ar/archivos/Pdfs/PublicacionesEstadisticas/din1_ser.txt,66eeb0fa88aec93dc2450f27d6b6a407b09e286cc3bfbd8a2653e2196994ae80,2026-08-11T00:06:15Z
bcra_reserve_requirement_ars,2000-10,monthly,0.000000,percent,official,bcra_average_reserve_requirements,https://www.bcra.gob.ar/archivos/Pdfs/PublicacionesEstadisticas/din1_ser.txt,66eeb0fa88aec93dc2450f27d6b6a407b09e286cc3bfbd8a2653e2196994ae80,2026-08-11T00:06:15Z
bcra_reserve_requirement_ars,2000-11,monthly,0.000000,percent,official,bcra_average_reserve_requirements,https://www.bcra.gob.ar/archivos/Pdfs/PublicacionesEstadisticas/din1_ser.txt,66eeb0fa88aec93dc2450f27d6b6a407b09e286cc3bfbd8a2653e2196994ae80,2026-08-11T00:06:15Z
bcra_reserve_requirement_ars,2000-12,monthly,0.000000,percent,official,bcra_average_reserve_requirements,https://www.bcra.gob.ar/archivos/Pdfs/PublicacionesEstadisticas/din1_ser.txt,66eeb0fa88aec93dc2450f27d6b6a407b09e286cc3bfbd8a2653e2196994ae80,2026-08-11T00:06:15Z
bcra_reserve_requirement_ars,2001-01,monthly,0.000000,percent,official,bcra_average_reserve_requirements,https://www.bcra.gob.ar/archivos/Pdfs/PublicacionesEstadisticas/din1_ser.txt,66eeb0fa88aec93dc2450f27d6b6a407b09e286cc3bfbd8a2653e2196994ae80,2026-08-11T00:06:15Z
bcra_reserve_requirement_ars,2001-02,monthly,0.000000,percent,official,bcra_average_reserve_requirements,https://www.bcra.gob.ar/archivos/Pdfs/PublicacionesEstadisticas/din1_ser.txt,66eeb0fa88aec93dc2450f27d6b6a407b09e286cc3bfbd8a2653e2196994ae80,2026-08-11T00:06:15Z
bcra_reserve_requirement_ars,2001-03,monthly,0.000000,percent,official,bcra_average_reserve_requirements,https://www.bcra.gob.ar/archivos/Pdfs/PublicacionesEstadisticas/din1_ser.txt,66eeb0fa88aec93dc2450f27d6b6a407b09e286cc3bfbd8a2653e2196994ae80,2026-08-11T00:06:15Z
bcra_reserve_requirement_ars,2001-04,monthly,0.000000,percent,official,bcra_average_reserve_requirements,https://www.bcra.gob.ar/archivos/Pdfs/PublicacionesEstadisticas/din1_ser.txt,66eeb0fa88aec93dc2450f27d6b6a407b09e286cc3bfbd8a2653e2196994ae80,2026-08-11T00:06:15Z
bcra_reserve_requirement_ars,2001-05,monthly,0.000000,percent,official,bcra_average_reserve_requirements,https://www.bcra.gob.ar/archivos/Pdfs/PublicacionesEstadisticas/din1_ser.txt,66eeb0fa88aec93dc2450f27d6b6a407b09e286cc3bfbd8a2653e2196994ae80,2026-08-11T00:06:15Z
bcra_reserve_requirement_ars,2001-06,monthly,0.000000,percent,official,bcra_average_reserve_requirements,https://www.bcra.gob.ar/archivos/Pdfs/PublicacionesEstadisticas/din1_ser.txt,66eeb0fa88aec93dc2450f27d6b6a407b09e286cc3bfbd8a2653e2196994ae80,2026-08-11T00:06:15Z
bcra_reserve_requirement_ars,2001-07,monthly,0.000000,percent,official,bcra_average_reserve_requirements,https://www.bcra.gob.ar/archivos/Pdfs/PublicacionesEstadisticas/din1_ser.txt,66eeb0fa88aec93dc2450f27d6b6a407b09e286cc3bfbd8a2653e2196994ae80,2026-08-11T00:06:15Z
bcra_reserve_requirement_ars,2001-08,monthly,0.000000,percent,official,bcra_average_reserve_requirements,https://www.bcra.gob.ar/archivos/Pdfs/PublicacionesEstadisticas/din1_ser.txt,66eeb0fa88aec93dc2450f27d6b6a407b09e286cc3bfbd8a2653e2196994ae80,2026-08-11T00:06:15Z
bcra_reserve_requirement_ars,2001-09,monthly,0.000000,percent,official,bcra_average_reserve_requirements,https://www.bcra.gob.ar/archivos/Pdfs/PublicacionesEstadisticas/din1_ser.txt,66eeb0fa88aec93dc2450f27d6b6a407b09e286cc3bfbd8a2653e2196994ae80,2026-08-11T00:06:15Z
bcra_reserve_requirement_ars,2001-10,monthly,0.000000,percent,official,bcra_average_reserve_requirements,https://www.bcra.gob.ar/archivos/Pdfs/PublicacionesEstadisticas/din1_ser.txt,66eeb0fa88aec93dc2450f27d6b6a407b09e286cc3bfbd8a2653e2196994ae80,2026-08-11T00:06:15Z
bcra_reserve_requirement_ars,2001-11,monthly,0.000000,percent,official,bcra_average_reserve_requirements,https://www.bcra.gob.ar/archivos/Pdfs/PublicacionesEstadisticas/din1_ser.txt,66eeb0fa88aec93dc2450f27d6b6a407b09e286cc3bfbd8a2653e2196994ae80,2026-08-11T00:06:15Z
bcra_reserve_requirement_ars,2001-12,monthly,0.000000,percent,official,bcra_average_reserve_requirements,https://www.bcra.gob.ar/archivos/Pdfs/PublicacionesEstadisticas/din1_ser.txt,66eeb0fa88aec93dc2450f27d6b6a407b09e286cc3bfbd8a2653e2196994ae80,2026-08-11T00:06:15Z
bcra_reserve_requirement_ars,2002-01,monthly,0.000000,percent,official,bcra_average_reserve_requirements,https://www.bcra.gob.ar/archivos/Pdfs/PublicacionesEstadisticas/din1_ser.txt,66eeb0fa88aec93dc2450f27d6b6a407b09e286cc3bfbd8a2653e2196994ae80,2026-08-11T00:06:15Z
bcra_reserve_requirement_ars,2002-02,monthly,0.000000,percent,official,bcra_average_reserve_requirements,https://www.bcra.gob.ar/archivos/Pdfs/PublicacionesEstadisticas/din1_ser.txt,66eeb0fa88aec93dc2450f27d6b6a407b09e286cc3bfbd8a2653e2196994ae80,2026-08-11T00:06:15Z
bcra_reserve_requirement_ars,2002-03,monthly,23.420000,percent,official,bcra_average_reserve_requirements,https://www.bcra.gob.ar/archivos/Pdfs/PublicacionesEstadisticas/din1_ser.txt,66eeb0fa88aec93dc2450f27d6b6a407b09e286cc3bfbd8a2653e2196994ae80,2026-08-11T00:06:15Z
bcra_reserve_requirement_ars,2002-04,monthly,23.080000,percent,official,bcra_average_reserve_requirements,https://www.bcra.gob.ar/archivos/Pdfs/PublicacionesEstadisticas/din1_ser.txt,66eeb0fa88aec93dc2450f27d6b6a407b09e286cc3bfbd8a2653e2196994ae80,2026-08-11T00:06:15Z
bcra_reserve_requirement_ars,2002-05,monthly,21.930000,percent,official,bcra_average_reserve_requirements,https://www.bcra.gob.ar/archivos/Pdfs/PublicacionesEstadisticas/din1_ser.txt,66eeb0fa88aec93dc2450f27d6b6a407b09e286cc3bfbd8a2653e2196994ae80,2026-08-11T00:06:15Z
bcra_reserve_requirement_ars,2002-06,monthly,20.580000,percent,official,bcra_average_reserve_requirements,https://www.bcra.gob.ar/archivos/Pdfs/PublicacionesEstadisticas/din1_ser.txt,66eeb0fa88aec93dc2450f27d6b6a407b09e286cc3bfbd8a2653e2196994ae80,2026-08-11T00:06:15Z
bcra_reserve_requirement_ars,2002-07,monthly,19.950000,percent,official,bcra_average_reserve_requirements,https://www.bcra.gob.ar/archivos/Pdfs/PublicacionesEstadisticas/din1_ser.txt,66eeb0fa88aec93dc2450f27d6b6a407b09e286cc3bfbd8a2653e2196994ae80,2026-08-11T00:06:15Z
bcra_reserve_requirement_ars,2002-08,monthly,21.280000,percent,official,bcra_average_reserve_requirements,https://www.bcra.gob.ar/archivos/Pdfs/PublicacionesEstadisticas/din1_ser.txt,66eeb0fa88aec93dc2450f27d6b6a407b09e286cc3bfbd8a2653e2196994ae80,2026-08-11T00:06:15Z
bcra_reserve_requirement_ars,2002-09,monthly,21.140000,percent,official,bcra_average_reserve_requirements,https://www.bcra.gob.ar/archivos/Pdfs/PublicacionesEstadisticas/din1_ser.txt,66eeb0fa88aec93dc2450f27d6b6a407b09e286cc3bfbd8a2653e2196994ae80,2026-08-11T00:06:15Z
bcra_reserve_requirement_ars,2002-10,monthly,21.140000,percent,official,bcra_average_reserve_requirements,https://www.bcra.gob.ar/archivos/Pdfs/PublicacionesEstadisticas/din1_ser.txt,66eeb0fa88aec93dc2450f27d6b6a407b09e286cc3bfbd8a2653e2196994ae80,2026-08-11T00:06:15Z
bcra_reserve_requirement_ars,2002-11,monthly,22.240000,percent,official,bcra_average_reserve_requirements,https://www.bcra.gob.ar/archivos/Pdfs/PublicacionesEstadisticas/din1_ser.txt,66eeb0fa88aec93dc2450f27d6b6a407b09e286cc3bfbd8a2653e2196994ae80,2026-08-11T00:06:15Z
bcra_reserve_requirement_ars,2002-12,monthly,22.790000,percent,official,bcra_average_reserve_requirements,https://www.bcra.gob.ar/archivos/Pdfs/PublicacionesEstadisticas/din1_ser.txt,66eeb0fa88aec93dc2450f27d6b6a407b09e286cc3bfbd8a2653e2196994ae80,2026-08-11T00:06:15Z
bcra_reserve_requirement_ars,2003-01,monthly,21.010000,percent,official,bcra_average_reserve_requirements,https://www.bcra.gob.ar/archivos/Pdfs/PublicacionesEstadisticas/din1_ser.txt,66eeb0fa88aec93dc2450f27d6b6a407b09e286cc3bfbd8a2653e2196994ae80,2026-08-11T00:06:15Z
bcra_reserve_requirement_ars,2003-02,monthly,21.230000,percent,official,bcra_average_reserve_requirements,https://www.bcra.gob.ar/archivos/Pdfs/PublicacionesEstadisticas/din1_ser.txt,66eeb0fa88aec93dc2450f27d6b6a407b09e286cc3bfbd8a2653e2196994ae80,2026-08-11T00:06:15Z
bcra_reserve_requirement_ars,2003-03,monthly,18.020000,percent,official,bcra_average_reserve_requirements,https://www.bcra.gob.ar/archivos/Pdfs/PublicacionesEstadisticas/din1_ser.txt,66eeb0fa88aec93dc2450f27d6b6a407b09e286cc3bfbd8a2653e2196994ae80,2026-08-11T00:06:15Z
bcra_reserve_requirement_ars,2003-04,monthly,16.070000,percent,official,bcra_average_reserve_requirements,https://www.bcra.gob.ar/archivos/Pdfs/PublicacionesEstadisticas/din1_ser.txt,66eeb0fa88aec93dc2450f27d6b6a407b09e286cc3bfbd8a2653e2196994ae80,2026-08-11T00:06:15Z
bcra_reserve_requirement_ars,2003-05,monthly,17.930000,percent,official,bcra_average_reserve_requirements,https://www.bcra.gob.ar/archivos/Pdfs/PublicacionesEstadisticas/din1_ser.txt,66eeb0fa88aec93dc2450f27d6b6a407b09e286cc3bfbd8a2653e2196994ae80,2026-08-11T00:06:15Z
bcra_reserve_requirement_ars,2003-06,monthly,19.660000,percent,official,bcra_average_reserve_requirements,https://www.bcra.gob.ar/archivos/Pdfs/PublicacionesEstadisticas/din1_ser.txt,66eeb0fa88aec93dc2450f27d6b6a407b09e286cc3bfbd8a2653e2196994ae80,2026-08-11T00:06:15Z
bcra_reserve_requirement_ars,2003-07,monthly,15.570000,percent,official,bcra_average_reserve_requirements,https://www.bcra.gob.ar/archivos/Pdfs/PublicacionesEstadisticas/din1_ser.txt,66eeb0fa88aec93dc2450f27d6b6a407b09e286cc3bfbd8a2653e2196994ae80,2026-08-11T00:06:15Z
bcra_reserve_requirement_ars,2003-08,monthly,16.180000,percent,official,bcra_average_reserve_requirements,https://www.bcra.gob.ar/archivos/Pdfs/PublicacionesEstadisticas/din1_ser.txt,66eeb0fa88aec93dc2450f27d6b6a407b09e286cc3bfbd8a2653e2196994ae80,2026-08-11T00:06:15Z
bcra_reserve_requirement_ars,2003-09,monthly,16.440000,percent,official,bcra_average_reserve_requirements,https://www.bcra.gob.ar/archivos/Pdfs/PublicacionesEstadisticas/din1_ser.txt,66eeb0fa88aec93dc2450f27d6b6a407b09e286cc3bfbd8a2653e2196994ae80,2026-08-11T00:06:15Z
bcra_reserve_requirement_ars,2003-10,monthly,17.020000,percent,official,bcra_average_reserve_requirements,https://www.bcra.gob.ar/archivos/Pdfs/PublicacionesEstadisticas/din1_ser.txt,66eeb0fa88aec93dc2450f27d6b6a407b09e286cc3bfbd8a2653e2196994ae80,2026-08-11T00:06:15Z
bcra_reserve_requirement_ars,2003-11,monthly,18.190000,percent,official,bcra_average_reserve_requirements,https://www.bcra.gob.ar/archivos/Pdfs/PublicacionesEstadisticas/din1_ser.txt,66eeb0fa88aec93dc2450f27d6b6a407b09e286cc3bfbd8a2653e2196994ae80,2026-08-11T00:06:15Z
bcra_reserve_requirement_ars,2003-12,monthly,17.080000,percent,official,bcra_average_reserve_requirements,https://www.bcra.gob.ar/archivos/Pdfs/PublicacionesEstadisticas/din1_ser.txt,66eeb0fa88aec93dc2450f27d6b6a407b09e286cc3bfbd8a2653e2196994ae80,2026-08-11T00:06:15Z
bcra_reserve_requirement_ars,2004-01,monthly,17.540000,percent,official,bcra_average_reserve_requirements,https://www.bcra.gob.ar/archivos/Pdfs/PublicacionesEstadisticas/din1_ser.txt,66eeb0fa88aec93dc2450f27d6b6a407b09e286cc3bfbd8a2653e2196994ae80,2026-08-11T00:06:15Z
bcra_reserve_requirement_ars,2004-02,monthly,17.680000,percent,official,bcra_average_reserve_requirements,https://www.bcra.gob.ar/archivos/Pdfs/PublicacionesEstadisticas/din1_ser.txt,66eeb0fa88aec93dc2450f27d6b6a407b09e286cc3bfbd8a2653e2196994ae80,2026-08-11T00:06:15Z
bcra_reserve_requirement_ars,2004-03,monthly,17.780000,percent,official,bcra_average_reserve_requirements,https://www.bcra.gob.ar/archivos/Pdfs/PublicacionesEstadisticas/din1_ser.txt,66eeb0fa88aec93dc2450f27d6b6a407b09e286cc3bfbd8a2653e2196994ae80,2026-08-11T00:06:15Z
bcra_reserve_requirement_ars,2004-04,monthly,17.900000,percent,official,bcra_average_reserve_requirements,https://www.bcra.gob.ar/archivos/Pdfs/PublicacionesEstadisticas/din1_ser.txt,66eeb0fa88aec93dc2450f27d6b6a407b09e286cc3bfbd8a2653e2196994ae80,2026-08-11T00:06:15Z
bcra_reserve_requirement_ars,2004-05,monthly,17.860000,percent,official,bcra_average_reserve_requirements,https://www.bcra.gob.ar/archivos/Pdfs/PublicacionesEstadisticas/din1_ser.txt,66eeb0fa88aec93dc2450f27d6b6a407b09e286cc3bfbd8a2653e2196994ae80,2026-08-11T00:06:15Z
bcra_reserve_requirement_ars,2004-06,monthly,17.140000,percent,official,bcra_average_reserve_requirements,https://www.bcra.gob.ar/archivos/Pdfs/PublicacionesEstadisticas/din1_ser.txt,66eeb0fa88aec93dc2450f27d6b6a407b09e286cc3bfbd8a2653e2196994ae80,2026-08-11T00:06:15Z
bcra_reserve_requirement_ars,2004-07,monthly,16.770000,percent,official,bcra_average_reserve_requirements,https://www.bcra.gob.ar/archivos/Pdfs/PublicacionesEstadisticas/din1_ser.txt,66eeb0fa88aec93dc2450f27d6b6a407b09e286cc3bfbd8a2653e2196994ae80,2026-08-11T00:06:15Z
bcra_reserve_requirement_ars,2004-08,monthly,17.080000,percent,official,bcra_average_reserve_requirements,https://www.bcra.gob.ar/archivos/Pdfs/PublicacionesEstadisticas/din1_ser.txt,66eeb0fa88aec93dc2450f27d6b6a407b09e286cc3bfbd8a2653e2196994ae80,2026-08-11T00:06:15Z
bcra_reserve_requirement_ars,2004-09,monthly,17.160000,percent,official,bcra_average_reserve_requirements,https://www.bcra.gob.ar/archivos/Pdfs/PublicacionesEstadisticas/din1_ser.txt,66eeb0fa88aec93dc2450f27d6b6a407b09e286cc3bfbd8a2653e2196994ae80,2026-08-11T00:06:15Z
bcra_reserve_requirement_ars,2004-10,monthly,17.140000,percent,official,bcra_average_reserve_requirements,https://www.bcra.gob.ar/archivos/Pdfs/PublicacionesEstadisticas/din1_ser.txt,66eeb0fa88aec93dc2450f27d6b6a407b09e286cc3bfbd8a2653e2196994ae80,2026-08-11T00:06:15Z
bcra_reserve_requirement_ars,2004-11,monthly,17.280000,percent,official,bcra_average_reserve_requirements,https://www.bcra.gob.ar/archivos/Pdfs/PublicacionesEstadisticas/din1_ser.txt,66eeb0fa88aec93dc2450f27d6b6a407b09e286cc3bfbd8a2653e2196994ae80,2026-08-11T00:06:15Z
bcra_reserve_requirement_ars,2004-12,monthly,17.520000,percent,official,bcra_average_reserve_requirements,https://www.bcra.gob.ar/archivos/Pdfs/PublicacionesEstadisticas/din1_ser.txt,66eeb0fa88aec93dc2450f27d6b6a407b09e286cc3bfbd8a2653e2196994ae80,2026-08-11T00:06:15Z
bcra_reserve_requirement_ars,2005-01,monthly,15.840000,percent,official,bcra_average_reserve_requirements,https://www.bcra.gob.ar/archivos/Pdfs/PublicacionesEstadisticas/din1_ser.txt,66eeb0fa88aec93dc2450f27d6b6a407b09e286cc3bfbd8a2653e2196994ae80,2026-08-11T00:06:15Z
bcra_reserve_requirement_ars,2005-02,monthly,15.840000,percent,official,bcra_average_reserve_requirements,https://www.bcra.gob.ar/archivos/Pdfs/PublicacionesEstadisticas/din1_ser.txt,66eeb0fa88aec93dc2450f27d6b6a407b09e286cc3bfbd8a2653e2196994ae80,2026-08-11T00:06:15Z
bcra_reserve_requirement_ars,2005-03,monthly,15.890000,percent,official,bcra_average_reserve_requirements,https://www.bcra.gob.ar/archivos/Pdfs/PublicacionesEstadisticas/din1_ser.txt,66eeb0fa88aec93dc2450f27d6b6a407b09e286cc3bfbd8a2653e2196994ae80,2026-08-11T00:06:15Z
bcra_reserve_requirement_ars,2005-04,monthly,15.880000,percent,official,bcra_average_reserve_requirements,https://www.bcra.gob.ar/archivos/Pdfs/PublicacionesEstadisticas/din1_ser.txt,66eeb0fa88aec93dc2450f27d6b6a407b09e286cc3bfbd8a2653e2196994ae80,2026-08-11T00:06:15Z
bcra_reserve_requirement_ars,2005-05,monthly,15.790000,percent,official,bcra_average_reserve_requirements,https://www.bcra.gob.ar/archivos/Pdfs/PublicacionesEstadisticas/din1_ser.txt,66eeb0fa88aec93dc2450f27d6b6a407b09e286cc3bfbd8a2653e2196994ae80,2026-08-11T00:06:15Z
bcra_reserve_requirement_ars,2005-06,monthly,15.720000,percent,official,bcra_average_reserve_requirements,https://www.bcra.gob.ar/archivos/Pdfs/PublicacionesEstadisticas/din1_ser.txt,66eeb0fa88aec93dc2450f27d6b6a407b09e286cc3bfbd8a2653e2196994ae80,2026-08-11T00:06:15Z
bcra_reserve_requirement_ars,2005-07,monthly,15.420000,percent,official,bcra_average_reserve_requirements,https://www.bcra.gob.ar/archivos/Pdfs/PublicacionesEstadisticas/din1_ser.txt,66eeb0fa88aec93dc2450f27d6b6a407b09e286cc3bfbd8a2653e2196994ae80,2026-08-11T00:06:15Z
bcra_reserve_requirement_ars,2005-08,monthly,15.060000,percent,official,bcra_average_reserve_requirements,https://www.bcra.gob.ar/archivos/Pdfs/PublicacionesEstadisticas/din1_ser.txt,66eeb0fa88aec93dc2450f27d6b6a407b09e286cc3bfbd8a2653e2196994ae80,2026-08-11T00:06:15Z
bcra_reserve_requirement_ars,2005-09,monthly,14.340000,percent,official,bcra_average_reserve_requirements,https://www.bcra.gob.ar/archivos/Pdfs/PublicacionesEstadisticas/din1_ser.txt,66eeb0fa88aec93dc2450f27d6b6a407b09e286cc3bfbd8a2653e2196994ae80,2026-08-11T00:06:15Z
bcra_reserve_requirement_ars,2005-10,monthly,14.380000,percent,official,bcra_average_reserve_requirements,https://www.bcra.gob.ar/archivos/Pdfs/PublicacionesEstadisticas/din1_ser.txt,66eeb0fa88aec93dc2450f27d6b6a407b09e286cc3bfbd8a2653e2196994ae80,2026-08-11T00:06:15Z
bcra_reserve_requirement_ars,2005-11,monthly,14.440000,percent,official,bcra_average_reserve_requirements,https://www.bcra.gob.ar/archivos/Pdfs/PublicacionesEstadisticas/din1_ser.txt,66eeb0fa88aec93dc2450f27d6b6a407b09e286cc3bfbd8a2653e2196994ae80,2026-08-11T00:06:15Z
bcra_reserve_requirement_ars,2005-12,monthly,13.130000,percent,official,bcra_average_reserve_requirements,https://www.bcra.gob.ar/archivos/Pdfs/PublicacionesEstadisticas/din1_ser.txt,66eeb0fa88aec93dc2450f27d6b6a407b09e286cc3bfbd8a2653e2196994ae80,2026-08-11T00:06:15Z
bcra_reserve_requirement_ars,2006-01,monthly,13.120000,percent,official,bcra_average_reserve_requirements,https://www.bcra.gob.ar/archivos/Pdfs/PublicacionesEstadisticas/din1_ser.txt,66eeb0fa88aec93dc2450f27d6b6a407b09e286cc3bfbd8a2653e2196994ae80,2026-08-11T00:06:15Z
bcra_reserve_requirement_ars,2006-02,monthly,13.110000,percent,official,bcra_average_reserve_requirements,https://www.bcra.gob.ar/archivos/Pdfs/PublicacionesEstadisticas/din1_ser.txt,66eeb0fa88aec93dc2450f27d6b6a407b09e286cc3bfbd8a2653e2196994ae80,2026-08-11T00:06:15Z
bcra_reserve_requirement_ars,2006-03,monthly,12.970000,percent,official,bcra_average_reserve_requirements,https://www.bcra.gob.ar/archivos/Pdfs/PublicacionesEstadisticas/din1_ser.txt,66eeb0fa88aec93dc2450f27d6b6a407b09e286cc3bfbd8a2653e2196994ae80,2026-08-11T00:06:15Z
bcra_reserve_requirement_ars,2006-04,monthly,14.050000,percent,official,bcra_average_reserve_requirements,https://www.bcra.gob.ar/archivos/Pdfs/PublicacionesEstadisticas/din1_ser.txt,66eeb0fa88aec93dc2450f27d6b6a407b09e286cc3bfbd8a2653e2196994ae80,2026-08-11T00:06:15Z
bcra_reserve_requirement_ars,2006-05,monthly,14.030000,percent,official,bcra_average_reserve_requirements,https://www.bcra.gob.ar/archivos/Pdfs/PublicacionesEstadisticas/din1_ser.txt,66eeb0fa88aec93dc2450f27d6b6a407b09e286cc3bfbd8a2653e2196994ae80,2026-08-11T00:06:15Z
bcra_reserve_requirement_ars,2006-06,monthly,14.100000,percent,official,bcra_average_reserve_requirements,https://www.bcra.gob.ar/archivos/Pdfs/PublicacionesEstadisticas/din1_ser.txt,66eeb0fa88aec93dc2450f27d6b6a407b09e286cc3bfbd8a2653e2196994ae80,2026-08-11T00:06:15Z
bcra_reserve_requirement_ars,2006-07,monthly,14.110000,percent,official,bcra_average_reserve_requirements,https://www.bcra.gob.ar/archivos/Pdfs/PublicacionesEstadisticas/din1_ser.txt,66eeb0fa88aec93dc2450f27d6b6a407b09e286cc3bfbd8a2653e2196994ae80,2026-08-11T00:06:15Z
bcra_reserve_requirement_ars,2006-08,monthly,15.180000,percent,official,bcra_average_reserve_requirements,https://www.bcra.gob.ar/archivos/Pdfs/PublicacionesEstadisticas/din1_ser.txt,66eeb0fa88aec93dc2450f27d6b6a407b09e286cc3bfbd8a2653e2196994ae80,2026-08-11T00:06:15Z
bcra_reserve_requirement_ars,2006-09,monthly,15.180000,percent,official,bcra_average_reserve_requirements,https://www.bcra.gob.ar/archivos/Pdfs/PublicacionesEstadisticas/din1_ser.txt,66eeb0fa88aec93dc2450f27d6b6a407b09e286cc3bfbd8a2653e2196994ae80,2026-08-11T00:06:15Z
bcra_reserve_requirement_ars,2006-10,monthly,15.130000,percent,official,bcra_average_reserve_requirements,https://www.bcra.gob.ar/archivos/Pdfs/PublicacionesEstadisticas/din1_ser.txt,66eeb0fa88aec93dc2450f27d6b6a407b09e286cc3bfbd8a2653e2196994ae80,2026-08-11T00:06:15Z
bcra_reserve_requirement_ars,2006-11,monthly,15.220000,percent,official,bcra_average_reserve_requirements,https://www.bcra.gob.ar/archivos/Pdfs/PublicacionesEstadisticas/din1_ser.txt,66eeb0fa88aec93dc2450f27d6b6a407b09e286cc3bfbd8a2653e2196994ae80,2026-08-11T00:06:15Z
bcra_reserve_requirement_ars,2006-12,monthly,15.460000,percent,official,bcra_average_reserve_requirements,https://www.bcra.gob.ar/archivos/Pdfs/PublicacionesEstadisticas/din1_ser.txt,66eeb0fa88aec93dc2450f27d6b6a407b09e286cc3bfbd8a2653e2196994ae80,2026-08-11T00:06:15Z
bcra_reserve_requirement_ars,2007-01,monthly,15.420000,percent,official,bcra_average_reserve_requirements,https://www.bcra.gob.ar/archivos/Pdfs/PublicacionesEstadisticas/din1_ser.txt,66eeb0fa88aec93dc2450f27d6b6a407b09e286cc3bfbd8a2653e2196994ae80,2026-08-11T00:06:15Z
bcra_reserve_requirement_ars,2007-02,monthly,15.340000,percent,official,bcra_average_reserve_requirements,https://www.bcra.gob.ar/archivos/Pdfs/PublicacionesEstadisticas/din1_ser.txt,66eeb0fa88aec93dc2450f27d6b6a407b09e286cc3bfbd8a2653e2196994ae80,2026-08-11T00:06:15Z
bcra_reserve_requirement_ars,2007-03,monthly,14.820000,percent,official,bcra_average_reserve_requirements,https://www.bcra.gob.ar/archivos/Pdfs/PublicacionesEstadisticas/din1_ser.txt,66eeb0fa88aec93dc2450f27d6b6a407b09e286cc3bfbd8a2653e2196994ae80,2026-08-11T00:06:15Z
bcra_reserve_requirement_ars,2007-04,monthly,14.950000,percent,official,bcra_average_reserve_requirements,https://www.bcra.gob.ar/archivos/Pdfs/PublicacionesEstadisticas/din1_ser.txt,66eeb0fa88aec93dc2450f27d6b6a407b09e286cc3bfbd8a2653e2196994ae80,2026-08-11T00:06:15Z
bcra_reserve_requirement_ars,2007-05,monthly,14.930000,percent,official,bcra_average_reserve_requirements,https://www.bcra.gob.ar/archivos/Pdfs/PublicacionesEstadisticas/din1_ser.txt,66eeb0fa88aec93dc2450f27d6b6a407b09e286cc3bfbd8a2653e2196994ae80,2026-08-11T00:06:15Z
bcra_reserve_requirement_ars,2007-06,monthly,15.070000,percent,official,bcra_average_reserve_requirements,https://www.bcra.gob.ar/archivos/Pdfs/PublicacionesEstadisticas/din1_ser.txt,66eeb0fa88aec93dc2450f27d6b6a407b09e286cc3bfbd8a2653e2196994ae80,2026-08-11T00:06:15Z
bcra_reserve_requirement_ars,2007-07,monthly,15.270000,percent,official,bcra_average_reserve_requirements,https://www.bcra.gob.ar/archivos/Pdfs/PublicacionesEstadisticas/din1_ser.txt,66eeb0fa88aec93dc2450f27d6b6a407b09e286cc3bfbd8a2653e2196994ae80,2026-08-11T00:06:15Z
bcra_reserve_requirement_ars,2007-08,monthly,15.220000,percent,official,bcra_average_reserve_requirements,https://www.bcra.gob.ar/archivos/Pdfs/PublicacionesEstadisticas/din1_ser.txt,66eeb0fa88aec93dc2450f27d6b6a407b09e286cc3bfbd8a2653e2196994ae80,2026-08-11T00:06:15Z
bcra_reserve_requirement_ars,2007-09,monthly,14.920000,percent,official,bcra_average_reserve_requirements,https://www.bcra.gob.ar/archivos/Pdfs/PublicacionesEstadisticas/din1_ser.txt,66eeb0fa88aec93dc2450f27d6b6a407b09e286cc3bfbd8a2653e2196994ae80,2026-08-11T00:06:15Z
bcra_reserve_requirement_ars,2007-10,monthly,14.960000,percent,official,bcra_average_reserve_requirements,https://www.bcra.gob.ar/archivos/Pdfs/PublicacionesEstadisticas/din1_ser.txt,66eeb0fa88aec93dc2450f27d6b6a407b09e286cc3bfbd8a2653e2196994ae80,2026-08-11T00:06:15Z
bcra_reserve_requirement_ars,2007-11,monthly,15.180000,percent,official,bcra_average_reserve_requirements,https://www.bcra.gob.ar/archivos/Pdfs/PublicacionesEstadisticas/din1_ser.txt,66eeb0fa88aec93dc2450f27d6b6a407b09e286cc3bfbd8a2653e2196994ae80,2026-08-11T00:06:15Z
bcra_reserve_requirement_ars,2007-12,monthly,15.480000,percent,official,bcra_average_reserve_requirements,https://www.bcra.gob.ar/archivos/Pdfs/PublicacionesEstadisticas/din1_ser.txt,66eeb0fa88aec93dc2450f27d6b6a407b09e286cc3bfbd8a2653e2196994ae80,2026-08-11T00:06:15Z
bcra_reserve_requirement_ars,2008-01,monthly,15.660000,percent,official,bcra_average_reserve_requirements,https://www.bcra.gob.ar/archivos/Pdfs/PublicacionesEstadisticas/din1_ser.txt,66eeb0fa88aec93dc2450f27d6b6a407b09e286cc3bfbd8a2653e2196994ae80,2026-08-11T00:06:15Z
bcra_reserve_requirement_ars,2008-02,monthly,15.560000,percent,official,bcra_average_reserve_requirements,https://www.bcra.gob.ar/archivos/Pdfs/PublicacionesEstadisticas/din1_ser.txt,66eeb0fa88aec93dc2450f27d6b6a407b09e286cc3bfbd8a2653e2196994ae80,2026-08-11T00:06:15Z
bcra_reserve_requirement_ars,2008-03,monthly,15.360000,percent,official,bcra_average_reserve_requirements,https://www.bcra.gob.ar/archivos/Pdfs/PublicacionesEstadisticas/din1_ser.txt,66eeb0fa88aec93dc2450f27d6b6a407b09e286cc3bfbd8a2653e2196994ae80,2026-08-11T00:06:15Z
bcra_reserve_requirement_ars,2008-04,monthly,15.160000,percent,official,bcra_average_reserve_requirements,https://www.bcra.gob.ar/archivos/Pdfs/PublicacionesEstadisticas/din1_ser.txt,66eeb0fa88aec93dc2450f27d6b6a407b09e286cc3bfbd8a2653e2196994ae80,2026-08-11T00:06:15Z
bcra_reserve_requirement_ars,2008-05,monthly,15.110000,percent,official,bcra_average_reserve_requirements,https://www.bcra.gob.ar/archivos/Pdfs/PublicacionesEstadisticas/din1_ser.txt,66eeb0fa88aec93dc2450f27d6b6a407b09e286cc3bfbd8a2653e2196994ae80,2026-08-11T00:06:15Z
bcra_reserve_requirement_ars,2008-06,monthly,15.190000,percent,official,bcra_average_reserve_requirements,https://www.bcra.gob.ar/archivos/Pdfs/PublicacionesEstadisticas/din1_ser.txt,66eeb0fa88aec93dc2450f27d6b6a407b09e286cc3bfbd8a2653e2196994ae80,2026-08-11T00:06:15Z
bcra_reserve_requirement_ars,2008-07,monthly,15.300000,percent,official,bcra_average_reserve_requirements,https://www.bcra.gob.ar/archivos/Pdfs/PublicacionesEstadisticas/din1_ser.txt,66eeb0fa88aec93dc2450f27d6b6a407b09e286cc3bfbd8a2653e2196994ae80,2026-08-11T00:06:15Z
bcra_reserve_requirement_ars,2008-08,monthly,14.810000,percent,official,bcra_average_reserve_requirements,https://www.bcra.gob.ar/archivos/Pdfs/PublicacionesEstadisticas/din1_ser.txt,66eeb0fa88aec93dc2450f27d6b6a407b09e286cc3bfbd8a2653e2196994ae80,2026-08-11T00:06:15Z
bcra_reserve_requirement_ars,2008-09,monthly,15.120000,percent,official,bcra_average_reserve_requirements,https://www.bcra.gob.ar/archivos/Pdfs/PublicacionesEstadisticas/din1_ser.txt,66eeb0fa88aec93dc2450f27d6b6a407b09e286cc3bfbd8a2653e2196994ae80,2026-08-11T00:06:15Z
bcra_reserve_requirement_ars,2008-10,monthly,15.230000,percent,official,bcra_average_reserve_requirements,https://www.bcra.gob.ar/archivos/Pdfs/PublicacionesEstadisticas/din1_ser.txt,66eeb0fa88aec93dc2450f27d6b6a407b09e286cc3bfbd8a2653e2196994ae80,2026-08-11T00:06:15Z
bcra_reserve_requirement_ars,2008-11,monthly,15.250000,percent,official,bcra_average_reserve_requirements,https://www.bcra.gob.ar/archivos/Pdfs/PublicacionesEstadisticas/din1_ser.txt,66eeb0fa88aec93dc2450f27d6b6a407b09e286cc3bfbd8a2653e2196994ae80,2026-08-11T00:06:15Z
bcra_reserve_requirement_ars,2008-12,monthly,15.910000,percent,official,bcra_average_reserve_requirements,https://www.bcra.gob.ar/archivos/Pdfs/PublicacionesEstadisticas/din1_ser.txt,66eeb0fa88aec93dc2450f27d6b6a407b09e286cc3bfbd8a2653e2196994ae80,2026-08-11T00:06:15Z
bcra_reserve_requirement_ars,2009-01,monthly,15.930000,percent,official,bcra_average_reserve_requirements,https://www.bcra.gob.ar/archivos/Pdfs/PublicacionesEstadisticas/din1_ser.txt,66eeb0fa88aec93dc2450f27d6b6a407b09e286cc3bfbd8a2653e2196994ae80,2026-08-11T00:06:15Z
bcra_reserve_requirement_ars,2009-02,monthly,15.740000,percent,official,bcra_average_reserve_requirements,https://www.bcra.gob.ar/archivos/Pdfs/PublicacionesEstadisticas/din1_ser.txt,66eeb0fa88aec93dc2450f27d6b6a407b09e286cc3bfbd8a2653e2196994ae80,2026-08-11T00:06:15Z
bcra_reserve_requirement_ars,2009-03,monthly,15.400000,percent,official,bcra_average_reserve_requirements,https://www.bcra.gob.ar/archivos/Pdfs/PublicacionesEstadisticas/din1_ser.txt,66eeb0fa88aec93dc2450f27d6b6a407b09e286cc3bfbd8a2653e2196994ae80,2026-08-11T00:06:15Z
bcra_reserve_requirement_ars,2009-04,monthly,15.290000,percent,official,bcra_average_reserve_requirements,https://www.bcra.gob.ar/archivos/Pdfs/PublicacionesEstadisticas/din1_ser.txt,66eeb0fa88aec93dc2450f27d6b6a407b09e286cc3bfbd8a2653e2196994ae80,2026-08-11T00:06:15Z
bcra_reserve_requirement_ars,2009-05,monthly,15.240000,percent,official,bcra_average_reserve_requirements,https://www.bcra.gob.ar/archivos/Pdfs/PublicacionesEstadisticas/din1_ser.txt,66eeb0fa88aec93dc2450f27d6b6a407b09e286cc3bfbd8a2653e2196994ae80,2026-08-11T00:06:15Z
bcra_reserve_requirement_ars,2009-06,monthly,15.420000,percent,official,bcra_average_reserve_requirements,https://www.bcra.gob.ar/archivos/Pdfs/PublicacionesEstadisticas/din1_ser.txt,66eeb0fa88aec93dc2450f27d6b6a407b09e286cc3bfbd8a2653e2196994ae80,2026-08-11T00:06:15Z
bcra_reserve_requirement_ars,2009-07,monthly,15.310000,percent,official,bcra_average_reserve_requirements,https://www.bcra.gob.ar/archivos/Pdfs/PublicacionesEstadisticas/din1_ser.txt,66eeb0fa88aec93dc2450f27d6b6a407b09e286cc3bfbd8a2653e2196994ae80,2026-08-11T00:06:15Z
bcra_reserve_requirement_ars,2009-08,monthly,15.140000,percent,official,bcra_average_reserve_requirements,https://www.bcra.gob.ar/archivos/Pdfs/PublicacionesEstadisticas/din1_ser.txt,66eeb0fa88aec93dc2450f27d6b6a407b09e286cc3bfbd8a2653e2196994ae80,2026-08-11T00:06:15Z
bcra_reserve_requirement_ars,2009-09,monthly,15.170000,percent,official,bcra_average_reserve_requirements,https://www.bcra.gob.ar/archivos/Pdfs/PublicacionesEstadisticas/din1_ser.txt,66eeb0fa88aec93dc2450f27d6b6a407b09e286cc3bfbd8a2653e2196994ae80,2026-08-11T00:06:15Z
bcra_reserve_requirement_ars,2009-10,monthly,15.230000,percent,official,bcra_average_reserve_requirements,https://www.bcra.gob.ar/archivos/Pdfs/PublicacionesEstadisticas/din1_ser.txt,66eeb0fa88aec93dc2450f27d6b6a407b09e286cc3bfbd8a2653e2196994ae80,2026-08-11T00:06:15Z
bcra_reserve_requirement_ars,2009-11,monthly,15.380000,percent,official,bcra_average_reserve_requirements,https://www.bcra.gob.ar/archivos/Pdfs/PublicacionesEstadisticas/din1_ser.txt,66eeb0fa88aec93dc2450f27d6b6a407b09e286cc3bfbd8a2653e2196994ae80,2026-08-11T00:06:15Z
bcra_reserve_requirement_ars,2009-12,monthly,15.610000,percent,official,bcra_average_reserve_requirements,https://www.bcra.gob.ar/archivos/Pdfs/PublicacionesEstadisticas/din1_ser.txt,66eeb0fa88aec93dc2450f27d6b6a407b09e286cc3bfbd8a2653e2196994ae80,2026-08-11T00:06:15Z
bcra_reserve_requirement_ars,2010-01,monthly,15.650000,percent,official,bcra_average_reserve_requirements,https://www.bcra.gob.ar/archivos/Pdfs/PublicacionesEstadisticas/din1_ser.txt,66eeb0fa88aec93dc2450f27d6b6a407b09e286cc3bfbd8a2653e2196994ae80,2026-08-11T00:06:15Z
bcra_reserve_requirement_ars,2010-02,monthly,15.620000,percent,official,bcra_average_reserve_requirements,https://www.bcra.gob.ar/archivos/Pdfs/PublicacionesEstadisticas/din1_ser.txt,66eeb0fa88aec93dc2450f27d6b6a407b09e286cc3bfbd8a2653e2196994ae80,2026-08-11T00:06:15Z
bcra_reserve_requirement_ars,2010-03,monthly,15.520000,percent,official,bcra_average_reserve_requirements,https://www.bcra.gob.ar/archivos/Pdfs/PublicacionesEstadisticas/din1_ser.txt,66eeb0fa88aec93dc2450f27d6b6a407b09e286cc3bfbd8a2653e2196994ae80,2026-08-11T00:06:15Z
bcra_reserve_requirement_ars,2010-04,monthly,15.490000,percent,official,bcra_average_reserve_requirements,https://www.bcra.gob.ar/archivos/Pdfs/PublicacionesEstadisticas/din1_ser.txt,66eeb0fa88aec93dc2450f27d6b6a407b09e286cc3bfbd8a2653e2196994ae80,2026-08-11T00:06:15Z
bcra_reserve_requirement_ars,2010-05,monthly,15.390000,percent,official,bcra_average_reserve_requirements,https://www.bcra.gob.ar/archivos/Pdfs/PublicacionesEstadisticas/din1_ser.txt,66eeb0fa88aec93dc2450f27d6b6a407b09e286cc3bfbd8a2653e2196994ae80,2026-08-11T00:06:15Z
bcra_reserve_requirement_ars,2010-06,monthly,15.210000,percent,official,bcra_average_reserve_requirements,https://www.bcra.gob.ar/archivos/Pdfs/PublicacionesEstadisticas/din1_ser.txt,66eeb0fa88aec93dc2450f27d6b6a407b09e286cc3bfbd8a2653e2196994ae80,2026-08-11T00:06:15Z
bcra_reserve_requirement_ars,2010-07,monthly,15.290000,percent,official,bcra_average_reserve_requirements,https://www.bcra.gob.ar/archivos/Pdfs/PublicacionesEstadisticas/din1_ser.txt,66eeb0fa88aec93dc2450f27d6b6a407b09e286cc3bfbd8a2653e2196994ae80,2026-08-11T00:06:15Z
bcra_reserve_requirement_ars,2010-08,monthly,15.170000,percent,official,bcra_average_reserve_requirements,https://www.bcra.gob.ar/archivos/Pdfs/PublicacionesEstadisticas/din1_ser.txt,66eeb0fa88aec93dc2450f27d6b6a407b09e286cc3bfbd8a2653e2196994ae80,2026-08-11T00:06:15Z
bcra_reserve_requirement_ars,2010-09,monthly,15.000000,percent,official,bcra_average_reserve_requirements,https://www.bcra.gob.ar/archivos/Pdfs/PublicacionesEstadisticas/din1_ser.txt,66eeb0fa88aec93dc2450f27d6b6a407b09e286cc3bfbd8a2653e2196994ae80,2026-08-11T00:06:15Z
bcra_reserve_requirement_ars,2010-10,monthly,14.950000,percent,official,bcra_average_reserve_requirements,https://www.bcra.gob.ar/archivos/Pdfs/PublicacionesEstadisticas/din1_ser.txt,66eeb0fa88aec93dc2450f27d6b6a407b09e286cc3bfbd8a2653e2196994ae80,2026-08-11T00:06:15Z
bcra_reserve_requirement_ars,2010-11,monthly,15.040000,percent,official,bcra_average_reserve_requirements,https://www.bcra.gob.ar/archivos/Pdfs/PublicacionesEstadisticas/din1_ser.txt,66eeb0fa88aec93dc2450f27d6b6a407b09e286cc3bfbd8a2653e2196994ae80,2026-08-11T00:06:15Z
bcra_reserve_requirement_ars,2010-12,monthly,15.460000,percent,official,bcra_average_reserve_requirements,https://www.bcra.gob.ar/archivos/Pdfs/PublicacionesEstadisticas/din1_ser.txt,66eeb0fa88aec93dc2450f27d6b6a407b09e286cc3bfbd8a2653e2196994ae80,2026-08-11T00:06:15Z
bcra_reserve_requirement_ars,2011-01,monthly,15.530000,percent,official,bcra_average_reserve_requirements,https://www.bcra.gob.ar/archivos/Pdfs/PublicacionesEstadisticas/din1_ser.txt,66eeb0fa88aec93dc2450f27d6b6a407b09e286cc3bfbd8a2653e2196994ae80,2026-08-11T00:06:15Z
bcra_reserve_requirement_ars,2011-02,monthly,15.250000,percent,official,bcra_average_reserve_requirements,https://www.bcra.gob.ar/archivos/Pdfs/PublicacionesEstadisticas/din1_ser.txt,66eeb0fa88aec93dc2450f27d6b6a407b09e286cc3bfbd8a2653e2196994ae80,2026-08-11T00:06:15Z
bcra_reserve_requirement_ars,2011-03,monthly,15.110000,percent,official,bcra_average_reserve_requirements,https://www.bcra.gob.ar/archivos/Pdfs/PublicacionesEstadisticas/din1_ser.txt,66eeb0fa88aec93dc2450f27d6b6a407b09e286cc3bfbd8a2653e2196994ae80,2026-08-11T00:06:15Z
bcra_reserve_requirement_ars,2011-04,monthly,15.300000,percent,official,bcra_average_reserve_requirements,https://www.bcra.gob.ar/archivos/Pdfs/PublicacionesEstadisticas/din1_ser.txt,66eeb0fa88aec93dc2450f27d6b6a407b09e286cc3bfbd8a2653e2196994ae80,2026-08-11T00:06:15Z
bcra_reserve_requirement_ars,2011-05,monthly,15.280000,percent,official,bcra_average_reserve_requirements,https://www.bcra.gob.ar/archivos/Pdfs/PublicacionesEstadisticas/din1_ser.txt,66eeb0fa88aec93dc2450f27d6b6a407b09e286cc3bfbd8a2653e2196994ae80,2026-08-11T00:06:15Z
bcra_reserve_requirement_ars,2011-06,monthly,15.240000,percent,official,bcra_average_reserve_requirements,https://www.bcra.gob.ar/archivos/Pdfs/PublicacionesEstadisticas/din1_ser.txt,66eeb0fa88aec93dc2450f27d6b6a407b09e286cc3bfbd8a2653e2196994ae80,2026-08-11T00:06:15Z
bcra_reserve_requirement_ars,2011-07,monthly,15.250000,percent,official,bcra_average_reserve_requirements,https://www.bcra.gob.ar/archivos/Pdfs/PublicacionesEstadisticas/din1_ser.txt,66eeb0fa88aec93dc2450f27d6b6a407b09e286cc3bfbd8a2653e2196994ae80,2026-08-11T00:06:15Z
bcra_reserve_requirement_ars,2011-08,monthly,15.190000,percent,official,bcra_average_reserve_requirements,https://www.bcra.gob.ar/archivos/Pdfs/PublicacionesEstadisticas/din1_ser.txt,66eeb0fa88aec93dc2450f27d6b6a407b09e286cc3bfbd8a2653e2196994ae80,2026-08-11T00:06:15Z
bcra_reserve_requirement_ars,2011-09,monthly,15.160000,percent,official,bcra_average_reserve_requirements,https://www.bcra.gob.ar/archivos/Pdfs/PublicacionesEstadisticas/din1_ser.txt,66eeb0fa88aec93dc2450f27d6b6a407b09e286cc3bfbd8a2653e2196994ae80,2026-08-11T00:06:15Z
bcra_reserve_requirement_ars,2011-10,monthly,15.090000,percent,official,bcra_average_reserve_requirements,https://www.bcra.gob.ar/archivos/Pdfs/PublicacionesEstadisticas/din1_ser.txt,66eeb0fa88aec93dc2450f27d6b6a407b09e286cc3bfbd8a2653e2196994ae80,2026-08-11T00:06:15Z
bcra_reserve_requirement_ars,2011-11,monthly,15.050000,percent,official,bcra_average_reserve_requirements,https://www.bcra.gob.ar/archivos/Pdfs/PublicacionesEstadisticas/din1_ser.txt,66eeb0fa88aec93dc2450f27d6b6a407b09e286cc3bfbd8a2653e2196994ae80,2026-08-11T00:06:15Z
bcra_reserve_requirement_ars,2011-12,monthly,15.410000,percent,official,bcra_average_reserve_requirements,https://www.bcra.gob.ar/archivos/Pdfs/PublicacionesEstadisticas/din1_ser.txt,66eeb0fa88aec93dc2450f27d6b6a407b09e286cc3bfbd8a2653e2196994ae80,2026-08-11T00:06:15Z
bcra_reserve_requirement_ars,2012-01,monthly,15.430000,percent,official,bcra_average_reserve_requirements,https://www.bcra.gob.ar/archivos/Pdfs/PublicacionesEstadisticas/din1_ser.txt,66eeb0fa88aec93dc2450f27d6b6a407b09e286cc3bfbd8a2653e2196994ae80,2026-08-11T00:06:15Z
bcra_reserve_requirement_ars,2012-02,monthly,15.250000,percent,official,bcra_average_reserve_requirements,https://www.bcra.gob.ar/archivos/Pdfs/PublicacionesEstadisticas/din1_ser.txt,66eeb0fa88aec93dc2450f27d6b6a407b09e286cc3bfbd8a2653e2196994ae80,2026-08-11T00:06:15Z
bcra_reserve_requirement_ars,2012-03,monthly,15.110000,percent,official,bcra_average_reserve_requirements,https://www.bcra.gob.ar/archivos/Pdfs/PublicacionesEstadisticas/din1_ser.txt,66eeb0fa88aec93dc2450f27d6b6a407b09e286cc3bfbd8a2653e2196994ae80,2026-08-11T00:06:15Z
bcra_reserve_requirement_ars,2012-04,monthly,15.130000,percent,official,bcra_average_reserve_requirements,https://www.bcra.gob.ar/archivos/Pdfs/PublicacionesEstadisticas/din1_ser.txt,66eeb0fa88aec93dc2450f27d6b6a407b09e286cc3bfbd8a2653e2196994ae80,2026-08-11T00:06:15Z
bcra_reserve_requirement_ars,2012-05,monthly,15.120000,percent,official,bcra_average_reserve_requirements,https://www.bcra.gob.ar/archivos/Pdfs/PublicacionesEstadisticas/din1_ser.txt,66eeb0fa88aec93dc2450f27d6b6a407b09e286cc3bfbd8a2653e2196994ae80,2026-08-11T00:06:15Z
bcra_reserve_requirement_ars,2012-06,monthly,15.320000,percent,official,bcra_average_reserve_requirements,https://www.bcra.gob.ar/archivos/Pdfs/PublicacionesEstadisticas/din1_ser.txt,66eeb0fa88aec93dc2450f27d6b6a407b09e286cc3bfbd8a2653e2196994ae80,2026-08-11T00:06:15Z
bcra_reserve_requirement_ars,2012-07,monthly,15.520000,percent,official,bcra_average_reserve_requirements,https://www.bcra.gob.ar/archivos/Pdfs/PublicacionesEstadisticas/din1_ser.txt,66eeb0fa88aec93dc2450f27d6b6a407b09e286cc3bfbd8a2653e2196994ae80,2026-08-11T00:06:15Z
bcra_reserve_requirement_ars,2012-08,monthly,15.450000,percent,official,bcra_average_reserve_requirements,https://www.bcra.gob.ar/archivos/Pdfs/PublicacionesEstadisticas/din1_ser.txt,66eeb0fa88aec93dc2450f27d6b6a407b09e286cc3bfbd8a2653e2196994ae80,2026-08-11T00:06:15Z
bcra_reserve_requirement_ars,2012-09,monthly,15.350000,percent,official,bcra_average_reserve_requirements,https://www.bcra.gob.ar/archivos/Pdfs/PublicacionesEstadisticas/din1_ser.txt,66eeb0fa88aec93dc2450f27d6b6a407b09e286cc3bfbd8a2653e2196994ae80,2026-08-11T00:06:15Z
bcra_reserve_requirement_ars,2012-10,monthly,14.430000,percent,official,bcra_average_reserve_requirements,https://www.bcra.gob.ar/archivos/Pdfs/PublicacionesEstadisticas/din1_ser.txt,66eeb0fa88aec93dc2450f27d6b6a407b09e286cc3bfbd8a2653e2196994ae80,2026-08-11T00:06:15Z
bcra_reserve_requirement_ars,2012-11,monthly,14.590000,percent,official,bcra_average_reserve_requirements,https://www.bcra.gob.ar/archivos/Pdfs/PublicacionesEstadisticas/din1_ser.txt,66eeb0fa88aec93dc2450f27d6b6a407b09e286cc3bfbd8a2653e2196994ae80,2026-08-11T00:06:15Z
bcra_reserve_requirement_ars,2012-12,monthly,14.380000,percent,official,bcra_average_reserve_requirements,https://www.bcra.gob.ar/archivos/Pdfs/PublicacionesEstadisticas/din1_ser.txt,66eeb0fa88aec93dc2450f27d6b6a407b09e286cc3bfbd8a2653e2196994ae80,2026-08-11T00:06:15Z
bcra_reserve_requirement_ars,2013-01,monthly,14.380000,percent,official,bcra_average_reserve_requirements,https://www.bcra.gob.ar/archivos/Pdfs/PublicacionesEstadisticas/din1_ser.txt,66eeb0fa88aec93dc2450f27d6b6a407b09e286cc3bfbd8a2653e2196994ae80,2026-08-11T00:06:15Z
bcra_reserve_requirement_ars,2013-02,monthly,14.210000,percent,official,bcra_average_reserve_requirements,https://www.bcra.gob.ar/archivos/Pdfs/PublicacionesEstadisticas/din1_ser.txt,66eeb0fa88aec93dc2450f27d6b6a407b09e286cc3bfbd8a2653e2196994ae80,2026-08-11T00:06:15Z
bcra_reserve_requirement_ars,2013-03,monthly,13.530000,percent,official,bcra_average_reserve_requirements,https://www.bcra.gob.ar/archivos/Pdfs/PublicacionesEstadisticas/din1_ser.txt,66eeb0fa88aec93dc2450f27d6b6a407b09e286cc3bfbd8a2653e2196994ae80,2026-08-11T00:06:15Z
bcra_reserve_requirement_ars,2013-04,monthly,13.660000,percent,official,bcra_average_reserve_requirements,https://www.bcra.gob.ar/archivos/Pdfs/PublicacionesEstadisticas/din1_ser.txt,66eeb0fa88aec93dc2450f27d6b6a407b09e286cc3bfbd8a2653e2196994ae80,2026-08-11T00:06:15Z
bcra_reserve_requirement_ars,2013-05,monthly,13.630000,percent,official,bcra_average_reserve_requirements,https://www.bcra.gob.ar/archivos/Pdfs/PublicacionesEstadisticas/din1_ser.txt,66eeb0fa88aec93dc2450f27d6b6a407b09e286cc3bfbd8a2653e2196994ae80,2026-08-11T00:06:15Z
bcra_reserve_requirement_ars,2013-06,monthly,13.730000,percent,official,bcra_average_reserve_requirements,https://www.bcra.gob.ar/archivos/Pdfs/PublicacionesEstadisticas/din1_ser.txt,66eeb0fa88aec93dc2450f27d6b6a407b09e286cc3bfbd8a2653e2196994ae80,2026-08-11T00:06:15Z
bcra_reserve_requirement_ars,2013-07,monthly,13.740000,percent,official,bcra_average_reserve_requirements,https://www.bcra.gob.ar/archivos/Pdfs/PublicacionesEstadisticas/din1_ser.txt,66eeb0fa88aec93dc2450f27d6b6a407b09e286cc3bfbd8a2653e2196994ae80,2026-08-11T00:06:15Z
bcra_reserve_requirement_ars,2013-08,monthly,13.710000,percent,official,bcra_average_reserve_requirements,https://www.bcra.gob.ar/archivos/Pdfs/PublicacionesEstadisticas/din1_ser.txt,66eeb0fa88aec93dc2450f27d6b6a407b09e286cc3bfbd8a2653e2196994ae80,2026-08-11T00:06:15Z
bcra_reserve_requirement_ars,2013-09,monthly,13.690000,percent,official,bcra_average_reserve_requirements,https://www.bcra.gob.ar/archivos/Pdfs/PublicacionesEstadisticas/din1_ser.txt,66eeb0fa88aec93dc2450f27d6b6a407b09e286cc3bfbd8a2653e2196994ae80,2026-08-11T00:06:15Z
bcra_reserve_requirement_ars,2013-10,monthly,13.670000,percent,official,bcra_average_reserve_requirements,https://www.bcra.gob.ar/archivos/Pdfs/PublicacionesEstadisticas/din1_ser.txt,66eeb0fa88aec93dc2450f27d6b6a407b09e286cc3bfbd8a2653e2196994ae80,2026-08-11T00:06:15Z
bcra_reserve_requirement_ars,2013-11,monthly,13.660000,percent,official,bcra_average_reserve_requirements,https://www.bcra.gob.ar/archivos/Pdfs/PublicacionesEstadisticas/din1_ser.txt,66eeb0fa88aec93dc2450f27d6b6a407b09e286cc3bfbd8a2653e2196994ae80,2026-08-11T00:06:15Z
bcra_reserve_requirement_ars,2013-12,monthly,13.920000,percent,official,bcra_average_reserve_requirements,https://www.bcra.gob.ar/archivos/Pdfs/PublicacionesEstadisticas/din1_ser.txt,66eeb0fa88aec93dc2450f27d6b6a407b09e286cc3bfbd8a2653e2196994ae80,2026-08-11T00:06:15Z
bcra_reserve_requirement_ars,2014-01,monthly,14.110000,percent,official,bcra_average_reserve_requirements,https://www.bcra.gob.ar/archivos/Pdfs/PublicacionesEstadisticas/din1_ser.txt,66eeb0fa88aec93dc2450f27d6b6a407b09e286cc3bfbd8a2653e2196994ae80,2026-08-11T00:06:15Z
bcra_reserve_requirement_ars,2014-02,monthly,13.890000,percent,official,bcra_average_reserve_requirements,https://www.bcra.gob.ar/archivos/Pdfs/PublicacionesEstadisticas/din1_ser.txt,66eeb0fa88aec93dc2450f27d6b6a407b09e286cc3bfbd8a2653e2196994ae80,2026-08-11T00:06:15Z
bcra_reserve_requirement_ars,2014-03,monthly,13.810000,percent,official,bcra_average_reserve_requirements,https://www.bcra.gob.ar/archivos/Pdfs/PublicacionesEstadisticas/din1_ser.txt,66eeb0fa88aec93dc2450f27d6b6a407b09e286cc3bfbd8a2653e2196994ae80,2026-08-11T00:06:15Z
bcra_reserve_requirement_ars,2014-04,monthly,13.790000,percent,official,bcra_average_reserve_requirements,https://www.bcra.gob.ar/archivos/Pdfs/PublicacionesEstadisticas/din1_ser.txt,66eeb0fa88aec93dc2450f27d6b6a407b09e286cc3bfbd8a2653e2196994ae80,2026-08-11T00:06:15Z
bcra_reserve_requirement_ars,2014-05,monthly,13.800000,percent,official,bcra_average_reserve_requirements,https://www.bcra.gob.ar/archivos/Pdfs/PublicacionesEstadisticas/din1_ser.txt,66eeb0fa88aec93dc2450f27d6b6a407b09e286cc3bfbd8a2653e2196994ae80,2026-08-11T00:06:15Z
bcra_reserve_requirement_ars,2014-06,monthly,13.870000,percent,official,bcra_average_reserve_requirements,https://www.bcra.gob.ar/archivos/Pdfs/PublicacionesEstadisticas/din1_ser.txt,66eeb0fa88aec93dc2450f27d6b6a407b09e286cc3bfbd8a2653e2196994ae80,2026-08-11T00:06:15Z
bcra_reserve_requirement_ars,2014-07,monthly,13.870000,percent,official,bcra_average_reserve_requirements,https://www.bcra.gob.ar/archivos/Pdfs/PublicacionesEstadisticas/din1_ser.txt,66eeb0fa88aec93dc2450f27d6b6a407b09e286cc3bfbd8a2653e2196994ae80,2026-08-11T00:06:15Z
bcra_reserve_requirement_ars,2014-08,monthly,13.870000,percent,official,bcra_average_reserve_requirements,https://www.bcra.gob.ar/archivos/Pdfs/PublicacionesEstadisticas/din1_ser.txt,66eeb0fa88aec93dc2450f27d6b6a407b09e286cc3bfbd8a2653e2196994ae80,2026-08-11T00:06:15Z
bcra_reserve_requirement_ars,2014-09,monthly,13.950000,percent,official,bcra_average_reserve_requirements,https://www.bcra.gob.ar/archivos/Pdfs/PublicacionesEstadisticas/din1_ser.txt,66eeb0fa88aec93dc2450f27d6b6a407b09e286cc3bfbd8a2653e2196994ae80,2026-08-11T00:06:15Z
bcra_reserve_requirement_ars,2014-10,monthly,14.050000,percent,official,bcra_average_reserve_requirements,https://www.bcra.gob.ar/archivos/Pdfs/PublicacionesEstadisticas/din1_ser.txt,66eeb0fa88aec93dc2450f27d6b6a407b09e286cc3bfbd8a2653e2196994ae80,2026-08-11T00:06:15Z
bcra_reserve_requirement_ars,2014-11,monthly,14.160000,percent,official,bcra_average_reserve_requirements,https://www.bcra.gob.ar/archivos/Pdfs/PublicacionesEstadisticas/din1_ser.txt,66eeb0fa88aec93dc2450f27d6b6a407b09e286cc3bfbd8a2653e2196994ae80,2026-08-11T00:06:15Z
bcra_reserve_requirement_ars,2014-12,monthly,14.290000,percent,official,bcra_average_reserve_requirements,https://www.bcra.gob.ar/archivos/Pdfs/PublicacionesEstadisticas/din1_ser.txt,66eeb0fa88aec93dc2450f27d6b6a407b09e286cc3bfbd8a2653e2196994ae80,2026-08-11T00:06:15Z
bcra_reserve_requirement_ars,2015-01,monthly,14.280000,percent,official,bcra_average_reserve_requirements,https://www.bcra.gob.ar/archivos/Pdfs/PublicacionesEstadisticas/din1_ser.txt,66eeb0fa88aec93dc2450f27d6b6a407b09e286cc3bfbd8a2653e2196994ae80,2026-08-11T00:06:15Z
bcra_reserve_requirement_ars,2015-02,monthly,14.000000,percent,official,bcra_average_reserve_requirements,https://www.bcra.gob.ar/archivos/Pdfs/PublicacionesEstadisticas/din1_ser.txt,66eeb0fa88aec93dc2450f27d6b6a407b09e286cc3bfbd8a2653e2196994ae80,2026-08-11T00:06:15Z
bcra_reserve_requirement_ars,2015-03,monthly,14.000000,percent,official,bcra_average_reserve_requirements,https://www.bcra.gob.ar/archivos/Pdfs/PublicacionesEstadisticas/din1_ser.txt,66eeb0fa88aec93dc2450f27d6b6a407b09e286cc3bfbd8a2653e2196994ae80,2026-08-11T00:06:15Z
bcra_reserve_requirement_ars,2015-04,monthly,13.990000,percent,official,bcra_average_reserve_requirements,https://www.bcra.gob.ar/archivos/Pdfs/PublicacionesEstadisticas/din1_ser.txt,66eeb0fa88aec93dc2450f27d6b6a407b09e286cc3bfbd8a2653e2196994ae80,2026-08-11T00:06:15Z
bcra_reserve_requirement_ars,2015-05,monthly,13.900000,percent,official,bcra_average_reserve_requirements,https://www.bcra.gob.ar/archivos/Pdfs/PublicacionesEstadisticas/din1_ser.txt,66eeb0fa88aec93dc2450f27d6b6a407b09e286cc3bfbd8a2653e2196994ae80,2026-08-11T00:06:15Z
bcra_reserve_requirement_ars,2015-06,monthly,13.930000,percent,official,bcra_average_reserve_requirements,https://www.bcra.gob.ar/archivos/Pdfs/PublicacionesEstadisticas/din1_ser.txt,66eeb0fa88aec93dc2450f27d6b6a407b09e286cc3bfbd8a2653e2196994ae80,2026-08-11T00:06:15Z
bcra_reserve_requirement_ars,2015-07,monthly,13.950000,percent,official,bcra_average_reserve_requirements,https://www.bcra.gob.ar/archivos/Pdfs/PublicacionesEstadisticas/din1_ser.txt,66eeb0fa88aec93dc2450f27d6b6a407b09e286cc3bfbd8a2653e2196994ae80,2026-08-11T00:06:15Z
bcra_reserve_requirement_ars,2015-08,monthly,13.880000,percent,official,bcra_average_reserve_requirements,https://www.bcra.gob.ar/archivos/Pdfs/PublicacionesEstadisticas/din1_ser.txt,66eeb0fa88aec93dc2450f27d6b6a407b09e286cc3bfbd8a2653e2196994ae80,2026-08-11T00:06:15Z
bcra_reserve_requirement_ars,2015-09,monthly,13.880000,percent,official,bcra_average_reserve_requirements,https://www.bcra.gob.ar/archivos/Pdfs/PublicacionesEstadisticas/din1_ser.txt,66eeb0fa88aec93dc2450f27d6b6a407b09e286cc3bfbd8a2653e2196994ae80,2026-08-11T00:06:15Z
bcra_reserve_requirement_ars,2015-10,monthly,13.870000,percent,official,bcra_average_reserve_requirements,https://www.bcra.gob.ar/archivos/Pdfs/PublicacionesEstadisticas/din1_ser.txt,66eeb0fa88aec93dc2450f27d6b6a407b09e286cc3bfbd8a2653e2196994ae80,2026-08-11T00:06:15Z
bcra_reserve_requirement_ars,2015-11,monthly,13.930000,percent,official,bcra_average_reserve_requirements,https://www.bcra.gob.ar/archivos/Pdfs/PublicacionesEstadisticas/din1_ser.txt,66eeb0fa88aec93dc2450f27d6b6a407b09e286cc3bfbd8a2653e2196994ae80,2026-08-11T00:06:15Z
bcra_reserve_requirement_ars,2015-12,monthly,14.200000,percent,official,bcra_average_reserve_requirements,https://www.bcra.gob.ar/archivos/Pdfs/PublicacionesEstadisticas/din1_ser.txt,66eeb0fa88aec93dc2450f27d6b6a407b09e286cc3bfbd8a2653e2196994ae80,2026-08-11T00:06:15Z
bcra_reserve_requirement_ars,2016-01,monthly,14.050000,percent,official,bcra_average_reserve_requirements,https://www.bcra.gob.ar/archivos/Pdfs/PublicacionesEstadisticas/din1_ser.txt,66eeb0fa88aec93dc2450f27d6b6a407b09e286cc3bfbd8a2653e2196994ae80,2026-08-11T00:06:15Z
bcra_reserve_requirement_ars,2016-02,monthly,13.940000,percent,official,bcra_average_reserve_requirements,https://www.bcra.gob.ar/archivos/Pdfs/PublicacionesEstadisticas/din1_ser.txt,66eeb0fa88aec93dc2450f27d6b6a407b09e286cc3bfbd8a2653e2196994ae80,2026-08-11T00:06:15Z
bcra_reserve_requirement_ars,2016-03,monthly,13.780000,percent,official,bcra_average_reserve_requirements,https://www.bcra.gob.ar/archivos/Pdfs/PublicacionesEstadisticas/din1_ser.txt,66eeb0fa88aec93dc2450f27d6b6a407b09e286cc3bfbd8a2653e2196994ae80,2026-08-11T00:06:15Z
bcra_reserve_requirement_ars,2016-04,monthly,13.720000,percent,official,bcra_average_reserve_requirements,https://www.bcra.gob.ar/archivos/Pdfs/PublicacionesEstadisticas/din1_ser.txt,66eeb0fa88aec93dc2450f27d6b6a407b09e286cc3bfbd8a2653e2196994ae80,2026-08-11T00:06:15Z
bcra_reserve_requirement_ars,2016-05,monthly,13.770000,percent,official,bcra_average_reserve_requirements,https://www.bcra.gob.ar/archivos/Pdfs/PublicacionesEstadisticas/din1_ser.txt,66eeb0fa88aec93dc2450f27d6b6a407b09e286cc3bfbd8a2653e2196994ae80,2026-08-11T00:06:15Z
bcra_reserve_requirement_ars,2016-06,monthly,15.650000,percent,official,bcra_average_reserve_requirements,https://www.bcra.gob.ar/archivos/Pdfs/PublicacionesEstadisticas/din1_ser.txt,66eeb0fa88aec93dc2450f27d6b6a407b09e286cc3bfbd8a2653e2196994ae80,2026-08-11T00:06:15Z
bcra_reserve_requirement_ars,2016-07,monthly,17.530000,percent,official,bcra_average_reserve_requirements,https://www.bcra.gob.ar/archivos/Pdfs/PublicacionesEstadisticas/din1_ser.txt,66eeb0fa88aec93dc2450f27d6b6a407b09e286cc3bfbd8a2653e2196994ae80,2026-08-11T00:06:15Z
bcra_reserve_requirement_ars,2016-08,monthly,17.450000,percent,official,bcra_average_reserve_requirements,https://www.bcra.gob.ar/archivos/Pdfs/PublicacionesEstadisticas/din1_ser.txt,66eeb0fa88aec93dc2450f27d6b6a407b09e286cc3bfbd8a2653e2196994ae80,2026-08-11T00:06:15Z
bcra_reserve_requirement_ars,2016-09,monthly,17.440000,percent,official,bcra_average_reserve_requirements,https://www.bcra.gob.ar/archivos/Pdfs/PublicacionesEstadisticas/din1_ser.txt,66eeb0fa88aec93dc2450f27d6b6a407b09e286cc3bfbd8a2653e2196994ae80,2026-08-11T00:06:15Z
bcra_reserve_requirement_ars,2016-10,monthly,17.440000,percent,official,bcra_average_reserve_requirements,https://www.bcra.gob.ar/archivos/Pdfs/PublicacionesEstadisticas/din1_ser.txt,66eeb0fa88aec93dc2450f27d6b6a407b09e286cc3bfbd8a2653e2196994ae80,2026-08-11T00:06:15Z
bcra_reserve_requirement_ars,2016-11,monthly,17.390000,percent,official,bcra_average_reserve_requirements,https://www.bcra.gob.ar/archivos/Pdfs/PublicacionesEstadisticas/din1_ser.txt,66eeb0fa88aec93dc2450f27d6b6a407b09e286cc3bfbd8a2653e2196994ae80,2026-08-11T00:06:15Z
bcra_reserve_requirement_ars,2016-12,monthly,17.280000,percent,official,bcra_average_reserve_requirements,https://www.bcra.gob.ar/archivos/Pdfs/PublicacionesEstadisticas/din1_ser.txt,66eeb0fa88aec93dc2450f27d6b6a407b09e286cc3bfbd8a2653e2196994ae80,2026-08-11T00:06:15Z
bcra_reserve_requirement_ars,2017-01,monthly,17.160000,percent,official,bcra_average_reserve_requirements,https://www.bcra.gob.ar/archivos/Pdfs/PublicacionesEstadisticas/din1_ser.txt,66eeb0fa88aec93dc2450f27d6b6a407b09e286cc3bfbd8a2653e2196994ae80,2026-08-11T00:06:15Z
bcra_reserve_requirement_ars,2017-02,monthly,16.800000,percent,official,bcra_average_reserve_requirements,https://www.bcra.gob.ar/archivos/Pdfs/PublicacionesEstadisticas/din1_ser.txt,66eeb0fa88aec93dc2450f27d6b6a407b09e286cc3bfbd8a2653e2196994ae80,2026-08-11T00:06:15Z
bcra_reserve_requirement_ars,2017-03,monthly,14.990000,percent,official,bcra_average_reserve_requirements,https://www.bcra.gob.ar/archivos/Pdfs/PublicacionesEstadisticas/din1_ser.txt,66eeb0fa88aec93dc2450f27d6b6a407b09e286cc3bfbd8a2653e2196994ae80,2026-08-11T00:06:15Z
bcra_reserve_requirement_ars,2017-04,monthly,15.010000,percent,official,bcra_average_reserve_requirements,https://www.bcra.gob.ar/archivos/Pdfs/PublicacionesEstadisticas/din1_ser.txt,66eeb0fa88aec93dc2450f27d6b6a407b09e286cc3bfbd8a2653e2196994ae80,2026-08-11T00:06:15Z
bcra_reserve_requirement_ars,2017-05,monthly,15.020000,percent,official,bcra_average_reserve_requirements,https://www.bcra.gob.ar/archivos/Pdfs/PublicacionesEstadisticas/din1_ser.txt,66eeb0fa88aec93dc2450f27d6b6a407b09e286cc3bfbd8a2653e2196994ae80,2026-08-11T00:06:15Z
bcra_reserve_requirement_ars,2017-06,monthly,15.500000,percent,official,bcra_average_reserve_requirements,https://www.bcra.gob.ar/archivos/Pdfs/PublicacionesEstadisticas/din1_ser.txt,66eeb0fa88aec93dc2450f27d6b6a407b09e286cc3bfbd8a2653e2196994ae80,2026-08-11T00:06:15Z
bcra_reserve_requirement_ars,2017-07,monthly,15.540000,percent,official,bcra_average_reserve_requirements,https://www.bcra.gob.ar/archivos/Pdfs/PublicacionesEstadisticas/din1_ser.txt,66eeb0fa88aec93dc2450f27d6b6a407b09e286cc3bfbd8a2653e2196994ae80,2026-08-11T00:06:15Z
bcra_reserve_requirement_ars,2017-08,monthly,15.480000,percent,official,bcra_average_reserve_requirements,https://www.bcra.gob.ar/archivos/Pdfs/PublicacionesEstadisticas/din1_ser.txt,66eeb0fa88aec93dc2450f27d6b6a407b09e286cc3bfbd8a2653e2196994ae80,2026-08-11T00:06:15Z
bcra_reserve_requirement_ars,2017-09,monthly,15.520000,percent,official,bcra_average_reserve_requirements,https://www.bcra.gob.ar/archivos/Pdfs/PublicacionesEstadisticas/din1_ser.txt,66eeb0fa88aec93dc2450f27d6b6a407b09e286cc3bfbd8a2653e2196994ae80,2026-08-11T00:06:15Z
bcra_reserve_requirement_ars,2017-10,monthly,15.450000,percent,official,bcra_average_reserve_requirements,https://www.bcra.gob.ar/archivos/Pdfs/PublicacionesEstadisticas/din1_ser.txt,66eeb0fa88aec93dc2450f27d6b6a407b09e286cc3bfbd8a2653e2196994ae80,2026-08-11T00:06:15Z
bcra_reserve_requirement_ars,2017-11,monthly,15.340000,percent,official,bcra_average_reserve_requirements,https://www.bcra.gob.ar/archivos/Pdfs/PublicacionesEstadisticas/din1_ser.txt,66eeb0fa88aec93dc2450f27d6b6a407b09e286cc3bfbd8a2653e2196994ae80,2026-08-11T00:06:15Z
bcra_reserve_requirement_ars,2017-12,monthly,15.540000,percent,official,bcra_average_reserve_requirements,https://www.bcra.gob.ar/archivos/Pdfs/PublicacionesEstadisticas/din1_ser.txt,66eeb0fa88aec93dc2450f27d6b6a407b09e286cc3bfbd8a2653e2196994ae80,2026-08-11T00:06:15Z
bcra_reserve_requirement_ars,2018-01,monthly,15.390000,percent,official,bcra_average_reserve_requirements,https://www.bcra.gob.ar/archivos/Pdfs/PublicacionesEstadisticas/din1_ser.txt,66eeb0fa88aec93dc2450f27d6b6a407b09e286cc3bfbd8a2653e2196994ae80,2026-08-11T00:06:15Z
bcra_reserve_requirement_ars,2018-02,monthly,14.860000,percent,official,bcra_average_reserve_requirements,https://www.bcra.gob.ar/archivos/Pdfs/PublicacionesEstadisticas/din1_ser.txt,66eeb0fa88aec93dc2450f27d6b6a407b09e286cc3bfbd8a2653e2196994ae80,2026-08-11T00:06:15Z
bcra_reserve_requirement_ars,2018-03,monthly,14.790000,percent,official,bcra_average_reserve_requirements,https://www.bcra.gob.ar/archivos/Pdfs/PublicacionesEstadisticas/din1_ser.txt,66eeb0fa88aec93dc2450f27d6b6a407b09e286cc3bfbd8a2653e2196994ae80,2026-08-11T00:06:15Z
bcra_reserve_requirement_ars,2018-04,monthly,14.880000,percent,official,bcra_average_reserve_requirements,https://www.bcra.gob.ar/archivos/Pdfs/PublicacionesEstadisticas/din1_ser.txt,66eeb0fa88aec93dc2450f27d6b6a407b09e286cc3bfbd8a2653e2196994ae80,2026-08-11T00:06:15Z
bcra_reserve_requirement_ars,2018-05,monthly,14.870000,percent,official,bcra_average_reserve_requirements,https://www.bcra.gob.ar/archivos/Pdfs/PublicacionesEstadisticas/din1_ser.txt,66eeb0fa88aec93dc2450f27d6b6a407b09e286cc3bfbd8a2653e2196994ae80,2026-08-11T00:06:15Z
bcra_reserve_requirement_ars,2018-06,monthly,16.120000,percent,official,bcra_average_reserve_requirements,https://www.bcra.gob.ar/archivos/Pdfs/PublicacionesEstadisticas/din1_ser.txt,66eeb0fa88aec93dc2450f27d6b6a407b09e286cc3bfbd8a2653e2196994ae80,2026-08-11T00:06:15Z
bcra_reserve_requirement_ars,2018-07,monthly,21.350000,percent,official,bcra_average_reserve_requirements,https://www.bcra.gob.ar/archivos/Pdfs/PublicacionesEstadisticas/din1_ser.txt,66eeb0fa88aec93dc2450f27d6b6a407b09e286cc3bfbd8a2653e2196994ae80,2026-08-11T00:06:15Z
bcra_reserve_requirement_ars,2018-08,monthly,23.480000,percent,official,bcra_average_reserve_requirements,https://www.bcra.gob.ar/archivos/Pdfs/PublicacionesEstadisticas/din1_ser.txt,66eeb0fa88aec93dc2450f27d6b6a407b09e286cc3bfbd8a2653e2196994ae80,2026-08-11T00:06:15Z
bcra_reserve_requirement_ars,2018-09,monthly,30.940000,percent,official,bcra_average_reserve_requirements,https://www.bcra.gob.ar/archivos/Pdfs/PublicacionesEstadisticas/din1_ser.txt,66eeb0fa88aec93dc2450f27d6b6a407b09e286cc3bfbd8a2653e2196994ae80,2026-08-11T00:06:15Z
bcra_reserve_requirement_ars,2018-10,monthly,35.110000,percent,official,bcra_average_reserve_requirements,https://www.bcra.gob.ar/archivos/Pdfs/PublicacionesEstadisticas/din1_ser.txt,66eeb0fa88aec93dc2450f27d6b6a407b09e286cc3bfbd8a2653e2196994ae80,2026-08-11T00:06:15Z
bcra_reserve_requirement_ars,2018-11,monthly,34.810000,percent,official,bcra_average_reserve_requirements,https://www.bcra.gob.ar/archivos/Pdfs/PublicacionesEstadisticas/din1_ser.txt,66eeb0fa88aec93dc2450f27d6b6a407b09e286cc3bfbd8a2653e2196994ae80,2026-08-11T00:06:15Z
bcra_reserve_requirement_ars,2018-12,monthly,35.180000,percent,official,bcra_average_reserve_requirements,https://www.bcra.gob.ar/archivos/Pdfs/PublicacionesEstadisticas/din1_ser.txt,66eeb0fa88aec93dc2450f27d6b6a407b09e286cc3bfbd8a2653e2196994ae80,2026-08-11T00:06:15Z
bcra_reserve_requirement_ars,2019-01,monthly,34.080000,percent,official,bcra_average_reserve_requirements,https://www.bcra.gob.ar/archivos/Pdfs/PublicacionesEstadisticas/din1_ser.txt,66eeb0fa88aec93dc2450f27d6b6a407b09e286cc3bfbd8a2653e2196994ae80,2026-08-11T00:06:15Z
bcra_reserve_requirement_ars,2019-02,monthly,31.970000,percent,official,bcra_average_reserve_requirements,https://www.bcra.gob.ar/archivos/Pdfs/PublicacionesEstadisticas/din1_ser.txt,66eeb0fa88aec93dc2450f27d6b6a407b09e286cc3bfbd8a2653e2196994ae80,2026-08-11T00:06:15Z
bcra_reserve_requirement_ars,2019-03,monthly,31.640000,percent,official,bcra_average_reserve_requirements,https://www.bcra.gob.ar/archivos/Pdfs/PublicacionesEstadisticas/din1_ser.txt,66eeb0fa88aec93dc2450f27d6b6a407b09e286cc3bfbd8a2653e2196994ae80,2026-08-11T00:06:15Z
bcra_reserve_requirement_ars,2019-04,monthly,31.840000,percent,official,bcra_average_reserve_requirements,https://www.bcra.gob.ar/archivos/Pdfs/PublicacionesEstadisticas/din1_ser.txt,66eeb0fa88aec93dc2450f27d6b6a407b09e286cc3bfbd8a2653e2196994ae80,2026-08-11T00:06:15Z
bcra_reserve_requirement_ars,2019-05,monthly,32.000000,percent,official,bcra_average_reserve_requirements,https://www.bcra.gob.ar/archivos/Pdfs/PublicacionesEstadisticas/din1_ser.txt,66eeb0fa88aec93dc2450f27d6b6a407b09e286cc3bfbd8a2653e2196994ae80,2026-08-11T00:06:15Z
bcra_reserve_requirement_ars,2019-06,monthly,31.870000,percent,official,bcra_average_reserve_requirements,https://www.bcra.gob.ar/archivos/Pdfs/PublicacionesEstadisticas/din1_ser.txt,66eeb0fa88aec93dc2450f27d6b6a407b09e286cc3bfbd8a2653e2196994ae80,2026-08-11T00:06:15Z
bcra_reserve_requirement_ars,2019-07,monthly,30.440000,percent,official,bcra_average_reserve_requirements,https://www.bcra.gob.ar/archivos/Pdfs/PublicacionesEstadisticas/din1_ser.txt,66eeb0fa88aec93dc2450f27d6b6a407b09e286cc3bfbd8a2653e2196994ae80,2026-08-11T00:06:15Z
bcra_reserve_requirement_ars,2019-08,monthly,30.050000,percent,official,bcra_average_reserve_requirements,https://www.bcra.gob.ar/archivos/Pdfs/PublicacionesEstadisticas/din1_ser.txt,66eeb0fa88aec93dc2450f27d6b6a407b09e286cc3bfbd8a2653e2196994ae80,2026-08-11T00:06:15Z
bcra_reserve_requirement_ars,2019-09,monthly,30.640000,percent,official,bcra_average_reserve_requirements,https://www.bcra.gob.ar/archivos/Pdfs/PublicacionesEstadisticas/din1_ser.txt,66eeb0fa88aec93dc2450f27d6b6a407b09e286cc3bfbd8a2653e2196994ae80,2026-08-11T00:06:15Z
bcra_reserve_requirement_ars,2019-10,monthly,32.010000,percent,official,bcra_average_reserve_requirements,https://www.bcra.gob.ar/archivos/Pdfs/PublicacionesEstadisticas/din1_ser.txt,66eeb0fa88aec93dc2450f27d6b6a407b09e286cc3bfbd8a2653e2196994ae80,2026-08-11T00:06:15Z
bcra_reserve_requirement_ars,2019-11,monthly,32.560000,percent,official,bcra_average_reserve_requirements,https://www.bcra.gob.ar/archivos/Pdfs/PublicacionesEstadisticas/din1_ser.txt,66eeb0fa88aec93dc2450f27d6b6a407b09e286cc3bfbd8a2653e2196994ae80,2026-08-11T00:06:15Z
bcra_reserve_requirement_ars,2019-12,monthly,32.320000,percent,official,bcra_average_reserve_requirements,https://www.bcra.gob.ar/archivos/Pdfs/PublicacionesEstadisticas/din1_ser.txt,66eeb0fa88aec93dc2450f27d6b6a407b09e286cc3bfbd8a2653e2196994ae80,2026-08-11T00:06:15Z
bcra_reserve_requirement_ars,2020-01,monthly,30.270000,percent,official,bcra_average_reserve_requirements,https://www.bcra.gob.ar/archivos/Pdfs/PublicacionesEstadisticas/din1_ser.txt,66eeb0fa88aec93dc2450f27d6b6a407b09e286cc3bfbd8a2653e2196994ae80,2026-08-11T00:06:15Z
bcra_reserve_requirement_ars,2020-02,monthly,31.440000,percent,official,bcra_average_reserve_requirements,https://www.bcra.gob.ar/archivos/Pdfs/PublicacionesEstadisticas/din1_ser.txt,66eeb0fa88aec93dc2450f27d6b6a407b09e286cc3bfbd8a2653e2196994ae80,2026-08-11T00:06:15Z
bcra_reserve_requirement_ars,2020-03,monthly,32.450000,percent,official,bcra_average_reserve_requirements,https://www.bcra.gob.ar/archivos/Pdfs/PublicacionesEstadisticas/din1_ser.txt,66eeb0fa88aec93dc2450f27d6b6a407b09e286cc3bfbd8a2653e2196994ae80,2026-08-11T00:06:15Z
bcra_reserve_requirement_ars,2020-04,monthly,32.350000,percent,official,bcra_average_reserve_requirements,https://www.bcra.gob.ar/archivos/Pdfs/PublicacionesEstadisticas/din1_ser.txt,66eeb0fa88aec93dc2450f27d6b6a407b09e286cc3bfbd8a2653e2196994ae80,2026-08-11T00:06:15Z
bcra_reserve_requirement_ars,2020-05,monthly,31.800000,percent,official,bcra_average_reserve_requirements,https://www.bcra.gob.ar/archivos/Pdfs/PublicacionesEstadisticas/din1_ser.txt,66eeb0fa88aec93dc2450f27d6b6a407b09e286cc3bfbd8a2653e2196994ae80,2026-08-11T00:06:15Z
bcra_reserve_requirement_ars,2020-06,monthly,30.890000,percent,official,bcra_average_reserve_requirements,https://www.bcra.gob.ar/archivos/Pdfs/PublicacionesEstadisticas/din1_ser.txt,66eeb0fa88aec93dc2450f27d6b6a407b09e286cc3bfbd8a2653e2196994ae80,2026-08-11T00:06:15Z
bcra_reserve_requirement_ars,2020-07,monthly,30.960000,percent,official,bcra_average_reserve_requirements,https://www.bcra.gob.ar/archivos/Pdfs/PublicacionesEstadisticas/din1_ser.txt,66eeb0fa88aec93dc2450f27d6b6a407b09e286cc3bfbd8a2653e2196994ae80,2026-08-11T00:06:15Z
bcra_reserve_requirement_ars,2020-08,monthly,31.150000,percent,official,bcra_average_reserve_requirements,https://www.bcra.gob.ar/archivos/Pdfs/PublicacionesEstadisticas/din1_ser.txt,66eeb0fa88aec93dc2450f27d6b6a407b09e286cc3bfbd8a2653e2196994ae80,2026-08-11T00:06:15Z
bcra_reserve_requirement_ars,2020-09,monthly,31.130000,percent,official,bcra_average_reserve_requirements,https://www.bcra.gob.ar/archivos/Pdfs/PublicacionesEstadisticas/din1_ser.txt,66eeb0fa88aec93dc2450f27d6b6a407b09e286cc3bfbd8a2653e2196994ae80,2026-08-11T00:06:15Z
bcra_reserve_requirement_ars,2020-10,monthly,31.320000,percent,official,bcra_average_reserve_requirements,https://www.bcra.gob.ar/archivos/Pdfs/PublicacionesEstadisticas/din1_ser.txt,66eeb0fa88aec93dc2450f27d6b6a407b09e286cc3bfbd8a2653e2196994ae80,2026-08-11T00:06:15Z
bcra_reserve_requirement_ars,2020-11,monthly,31.090000,percent,official,bcra_average_reserve_requirements,https://www.bcra.gob.ar/archivos/Pdfs/PublicacionesEstadisticas/din1_ser.txt,66eeb0fa88aec93dc2450f27d6b6a407b09e286cc3bfbd8a2653e2196994ae80,2026-08-11T00:06:15Z
bcra_reserve_requirement_ars,2020-12,monthly,30.520000,percent,official,bcra_average_reserve_requirements,https://www.bcra.gob.ar/archivos/Pdfs/PublicacionesEstadisticas/din1_ser.txt,66eeb0fa88aec93dc2450f27d6b6a407b09e286cc3bfbd8a2653e2196994ae80,2026-08-11T00:06:15Z
bcra_reserve_requirement_ars,2021-01,monthly,31.110000,percent,official,bcra_average_reserve_requirements,https://www.bcra.gob.ar/archivos/Pdfs/PublicacionesEstadisticas/din1_ser.txt,66eeb0fa88aec93dc2450f27d6b6a407b09e286cc3bfbd8a2653e2196994ae80,2026-08-11T00:06:15Z
bcra_reserve_requirement_ars,2021-02,monthly,30.940000,percent,official,bcra_average_reserve_requirements,https://www.bcra.gob.ar/archivos/Pdfs/PublicacionesEstadisticas/din1_ser.txt,66eeb0fa88aec93dc2450f27d6b6a407b09e286cc3bfbd8a2653e2196994ae80,2026-08-11T00:06:15Z
bcra_reserve_requirement_ars,2021-03,monthly,30.590000,percent,official,bcra_average_reserve_requirements,https://www.bcra.gob.ar/archivos/Pdfs/PublicacionesEstadisticas/din1_ser.txt,66eeb0fa88aec93dc2450f27d6b6a407b09e286cc3bfbd8a2653e2196994ae80,2026-08-11T00:06:15Z
bcra_reserve_requirement_ars,2021-04,monthly,30.160000,percent,official,bcra_average_reserve_requirements,https://www.bcra.gob.ar/archivos/Pdfs/PublicacionesEstadisticas/din1_ser.txt,66eeb0fa88aec93dc2450f27d6b6a407b09e286cc3bfbd8a2653e2196994ae80,2026-08-11T00:06:15Z
bcra_reserve_requirement_ars,2021-05,monthly,30.230000,percent,official,bcra_average_reserve_requirements,https://www.bcra.gob.ar/archivos/Pdfs/PublicacionesEstadisticas/din1_ser.txt,66eeb0fa88aec93dc2450f27d6b6a407b09e286cc3bfbd8a2653e2196994ae80,2026-08-11T00:06:15Z
bcra_reserve_requirement_ars,2021-06,monthly,30.380000,percent,official,bcra_average_reserve_requirements,https://www.bcra.gob.ar/archivos/Pdfs/PublicacionesEstadisticas/din1_ser.txt,66eeb0fa88aec93dc2450f27d6b6a407b09e286cc3bfbd8a2653e2196994ae80,2026-08-11T00:06:15Z
bcra_reserve_requirement_ars,2021-07,monthly,30.270000,percent,official,bcra_average_reserve_requirements,https://www.bcra.gob.ar/archivos/Pdfs/PublicacionesEstadisticas/din1_ser.txt,66eeb0fa88aec93dc2450f27d6b6a407b09e286cc3bfbd8a2653e2196994ae80,2026-08-11T00:06:15Z
bcra_reserve_requirement_ars,2021-08,monthly,30.260000,percent,official,bcra_average_reserve_requirements,https://www.bcra.gob.ar/archivos/Pdfs/PublicacionesEstadisticas/din1_ser.txt,66eeb0fa88aec93dc2450f27d6b6a407b09e286cc3bfbd8a2653e2196994ae80,2026-08-11T00:06:15Z
bcra_reserve_requirement_ars,2021-09,monthly,29.990000,percent,official,bcra_average_reserve_requirements,https://www.bcra.gob.ar/archivos/Pdfs/PublicacionesEstadisticas/din1_ser.txt,66eeb0fa88aec93dc2450f27d6b6a407b09e286cc3bfbd8a2653e2196994ae80,2026-08-11T00:06:15Z
bcra_reserve_requirement_ars,2021-10,monthly,29.730000,percent,official,bcra_average_reserve_requirements,https://www.bcra.gob.ar/archivos/Pdfs/PublicacionesEstadisticas/din1_ser.txt,66eeb0fa88aec93dc2450f27d6b6a407b09e286cc3bfbd8a2653e2196994ae80,2026-08-11T00:06:15Z
bcra_reserve_requirement_ars,2021-11,monthly,29.850000,percent,official,bcra_average_reserve_requirements,https://www.bcra.gob.ar/archivos/Pdfs/PublicacionesEstadisticas/din1_ser.txt,66eeb0fa88aec93dc2450f27d6b6a407b09e286cc3bfbd8a2653e2196994ae80,2026-08-11T00:06:15Z
bcra_reserve_requirement_ars,2021-12,monthly,29.920000,percent,official,bcra_average_reserve_requirements,https://www.bcra.gob.ar/archivos/Pdfs/PublicacionesEstadisticas/din1_ser.txt,66eeb0fa88aec93dc2450f27d6b6a407b09e286cc3bfbd8a2653e2196994ae80,2026-08-11T00:06:15Z
bcra_reserve_requirement_ars,2022-01,monthly,30.750000,percent,official,bcra_average_reserve_requirements,https://www.bcra.gob.ar/archivos/Pdfs/PublicacionesEstadisticas/din1_ser.txt,66eeb0fa88aec93dc2450f27d6b6a407b09e286cc3bfbd8a2653e2196994ae80,2026-08-11T00:06:15Z
bcra_reserve_requirement_ars,2022-02,monthly,30.810000,percent,official,bcra_average_reserve_requirements,https://www.bcra.gob.ar/archivos/Pdfs/PublicacionesEstadisticas/din1_ser.txt,66eeb0fa88aec93dc2450f27d6b6a407b09e286cc3bfbd8a2653e2196994ae80,2026-08-11T00:06:15Z
bcra_reserve_requirement_ars,2022-03,monthly,30.680000,percent,official,bcra_average_reserve_requirements,https://www.bcra.gob.ar/archivos/Pdfs/PublicacionesEstadisticas/din1_ser.txt,66eeb0fa88aec93dc2450f27d6b6a407b09e286cc3bfbd8a2653e2196994ae80,2026-08-11T00:06:15Z
bcra_reserve_requirement_ars,2022-04,monthly,30.630000,percent,official,bcra_average_reserve_requirements,https://www.bcra.gob.ar/archivos/Pdfs/PublicacionesEstadisticas/din1_ser.txt,66eeb0fa88aec93dc2450f27d6b6a407b09e286cc3bfbd8a2653e2196994ae80,2026-08-11T00:06:15Z
bcra_reserve_requirement_ars,2022-05,monthly,30.540000,percent,official,bcra_average_reserve_requirements,https://www.bcra.gob.ar/archivos/Pdfs/PublicacionesEstadisticas/din1_ser.txt,66eeb0fa88aec93dc2450f27d6b6a407b09e286cc3bfbd8a2653e2196994ae80,2026-08-11T00:06:15Z
bcra_reserve_requirement_ars,2022-06,monthly,30.140000,percent,official,bcra_average_reserve_requirements,https://www.bcra.gob.ar/archivos/Pdfs/PublicacionesEstadisticas/din1_ser.txt,66eeb0fa88aec93dc2450f27d6b6a407b09e286cc3bfbd8a2653e2196994ae80,2026-08-11T00:06:15Z
bcra_reserve_requirement_ars,2022-07,monthly,30.280000,percent,official,bcra_average_reserve_requirements,https://www.bcra.gob.ar/archivos/Pdfs/PublicacionesEstadisticas/din1_ser.txt,66eeb0fa88aec93dc2450f27d6b6a407b09e286cc3bfbd8a2653e2196994ae80,2026-08-11T00:06:15Z
bcra_reserve_requirement_ars,2022-08,monthly,30.020000,percent,official,bcra_average_reserve_requirements,https://www.bcra.gob.ar/archivos/Pdfs/PublicacionesEstadisticas/din1_ser.txt,66eeb0fa88aec93dc2450f27d6b6a407b09e286cc3bfbd8a2653e2196994ae80,2026-08-11T00:06:15Z
bcra_reserve_requirement_ars,2022-09,monthly,29.640000,percent,official,bcra_average_reserve_requirements,https://www.bcra.gob.ar/archivos/Pdfs/PublicacionesEstadisticas/din1_ser.txt,66eeb0fa88aec93dc2450f27d6b6a407b09e286cc3bfbd8a2653e2196994ae80,2026-08-11T00:06:15Z
bcra_reserve_requirement_ars,2022-10,monthly,26.820000,percent,official,bcra_average_reserve_requirements,https://www.bcra.gob.ar/archivos/Pdfs/PublicacionesEstadisticas/din1_ser.txt,66eeb0fa88aec93dc2450f27d6b6a407b09e286cc3bfbd8a2653e2196994ae80,2026-08-11T00:06:15Z
bcra_reserve_requirement_ars,2022-11,monthly,26.920000,percent,official,bcra_average_reserve_requirements,https://www.bcra.gob.ar/archivos/Pdfs/PublicacionesEstadisticas/din1_ser.txt,66eeb0fa88aec93dc2450f27d6b6a407b09e286cc3bfbd8a2653e2196994ae80,2026-08-11T00:06:15Z
bcra_reserve_requirement_ars,2022-12,monthly,26.730000,percent,official,bcra_average_reserve_requirements,https://www.bcra.gob.ar/archivos/Pdfs/PublicacionesEstadisticas/din1_ser.txt,66eeb0fa88aec93dc2450f27d6b6a407b09e286cc3bfbd8a2653e2196994ae80,2026-08-11T00:06:15Z
bcra_reserve_requirement_ars,2023-01,monthly,27.140000,percent,official,bcra_average_reserve_requirements,https://www.bcra.gob.ar/archivos/Pdfs/PublicacionesEstadisticas/din1_ser.txt,66eeb0fa88aec93dc2450f27d6b6a407b09e286cc3bfbd8a2653e2196994ae80,2026-08-11T00:06:15Z
bcra_reserve_requirement_ars,2023-02,monthly,24.350000,percent,official,bcra_average_reserve_requirements,https://www.bcra.gob.ar/archivos/Pdfs/PublicacionesEstadisticas/din1_ser.txt,66eeb0fa88aec93dc2450f27d6b6a407b09e286cc3bfbd8a2653e2196994ae80,2026-08-11T00:06:15Z
bcra_reserve_requirement_ars,2023-03,monthly,22.870000,percent,official,bcra_average_reserve_requirements,https://www.bcra.gob.ar/archivos/Pdfs/PublicacionesEstadisticas/din1_ser.txt,66eeb0fa88aec93dc2450f27d6b6a407b09e286cc3bfbd8a2653e2196994ae80,2026-08-11T00:06:15Z
bcra_reserve_requirement_ars,2023-04,monthly,22.570000,percent,official,bcra_average_reserve_requirements,https://www.bcra.gob.ar/archivos/Pdfs/PublicacionesEstadisticas/din1_ser.txt,66eeb0fa88aec93dc2450f27d6b6a407b09e286cc3bfbd8a2653e2196994ae80,2026-08-11T00:06:15Z
bcra_reserve_requirement_ars,2023-05,monthly,23.050000,percent,official,bcra_average_reserve_requirements,https://www.bcra.gob.ar/archivos/Pdfs/PublicacionesEstadisticas/din1_ser.txt,66eeb0fa88aec93dc2450f27d6b6a407b09e286cc3bfbd8a2653e2196994ae80,2026-08-11T00:06:15Z
bcra_reserve_requirement_ars,2023-06,monthly,22.860000,percent,official,bcra_average_reserve_requirements,https://www.bcra.gob.ar/archivos/Pdfs/PublicacionesEstadisticas/din1_ser.txt,66eeb0fa88aec93dc2450f27d6b6a407b09e286cc3bfbd8a2653e2196994ae80,2026-08-11T00:06:15Z
bcra_reserve_requirement_ars,2023-07,monthly,23.000000,percent,official,bcra_average_reserve_requirements,https://www.bcra.gob.ar/archivos/Pdfs/PublicacionesEstadisticas/din1_ser.txt,66eeb0fa88aec93dc2450f27d6b6a407b09e286cc3bfbd8a2653e2196994ae80,2026-08-11T00:06:15Z
bcra_reserve_requirement_ars,2023-08,monthly,23.070000,percent,official,bcra_average_reserve_requirements,https://www.bcra.gob.ar/archivos/Pdfs/PublicacionesEstadisticas/din1_ser.txt,66eeb0fa88aec93dc2450f27d6b6a407b09e286cc3bfbd8a2653e2196994ae80,2026-08-11T00:06:15Z
bcra_reserve_requirement_ars,2023-09,monthly,22.120000,percent,official,bcra_average_reserve_requirements,https://www.bcra.gob.ar/archivos/Pdfs/PublicacionesEstadisticas/din1_ser.txt,66eeb0fa88aec93dc2450f27d6b6a407b09e286cc3bfbd8a2653e2196994ae80,2026-08-11T00:06:15Z
bcra_reserve_requirement_ars,2023-10,monthly,21.910000,percent,official,bcra_average_reserve_requirements,https://www.bcra.gob.ar/archivos/Pdfs/PublicacionesEstadisticas/din1_ser.txt,66eeb0fa88aec93dc2450f27d6b6a407b09e286cc3bfbd8a2653e2196994ae80,2026-08-11T00:06:15Z
bcra_reserve_requirement_ars,2023-11,monthly,21.880000,percent,official,bcra_average_reserve_requirements,https://www.bcra.gob.ar/archivos/Pdfs/PublicacionesEstadisticas/din1_ser.txt,66eeb0fa88aec93dc2450f27d6b6a407b09e286cc3bfbd8a2653e2196994ae80,2026-08-11T00:06:15Z
bcra_reserve_requirement_ars,2023-12,monthly,22.760000,percent,official,bcra_average_reserve_requirements,https://www.bcra.gob.ar/archivos/Pdfs/PublicacionesEstadisticas/din1_ser.txt,66eeb0fa88aec93dc2450f27d6b6a407b09e286cc3bfbd8a2653e2196994ae80,2026-08-11T00:06:15Z
bcra_reserve_requirement_ars,2024-01,monthly,22.940000,percent,official,bcra_average_reserve_requirements,https://www.bcra.gob.ar/archivos/Pdfs/PublicacionesEstadisticas/din1_ser.txt,66eeb0fa88aec93dc2450f27d6b6a407b09e286cc3bfbd8a2653e2196994ae80,2026-08-11T00:06:15Z
bcra_reserve_requirement_ars,2024-02,monthly,23.950000,percent,official,bcra_average_reserve_requirements,https://www.bcra.gob.ar/archivos/Pdfs/PublicacionesEstadisticas/din1_ser.txt,66eeb0fa88aec93dc2450f27d6b6a407b09e286cc3bfbd8a2653e2196994ae80,2026-08-11T00:06:15Z
bcra_reserve_requirement_ars,2024-03,monthly,25.020000,percent,official,bcra_average_reserve_requirements,https://www.bcra.gob.ar/archivos/Pdfs/PublicacionesEstadisticas/din1_ser.txt,66eeb0fa88aec93dc2450f27d6b6a407b09e286cc3bfbd8a2653e2196994ae80,2026-08-11T00:06:15Z
bcra_reserve_requirement_ars,2024-04,monthly,26.250000,percent,official,bcra_average_reserve_requirements,https://www.bcra.gob.ar/archivos/Pdfs/PublicacionesEstadisticas/din1_ser.txt,66eeb0fa88aec93dc2450f27d6b6a407b09e286cc3bfbd8a2653e2196994ae80,2026-08-11T00:06:15Z
bcra_reserve_requirement_ars,2024-05,monthly,26.640000,percent,official,bcra_average_reserve_requirements,https://www.bcra.gob.ar/archivos/Pdfs/PublicacionesEstadisticas/din1_ser.txt,66eeb0fa88aec93dc2450f27d6b6a407b09e286cc3bfbd8a2653e2196994ae80,2026-08-11T00:06:15Z
bcra_reserve_requirement_ars,2024-06,monthly,27.540000,percent,official,bcra_average_reserve_requirements,https://www.bcra.gob.ar/archivos/Pdfs/PublicacionesEstadisticas/din1_ser.txt,66eeb0fa88aec93dc2450f27d6b6a407b09e286cc3bfbd8a2653e2196994ae80,2026-08-11T00:06:15Z
bcra_reserve_requirement_ars,2024-07,monthly,28.600000,percent,official,bcra_average_reserve_requirements,https://www.bcra.gob.ar/archivos/Pdfs/PublicacionesEstadisticas/din1_ser.txt,66eeb0fa88aec93dc2450f27d6b6a407b09e286cc3bfbd8a2653e2196994ae80,2026-08-11T00:06:15Z
bcra_reserve_requirement_ars,2024-08,monthly,28.410000,percent,official,bcra_average_reserve_requirements,https://www.bcra.gob.ar/archivos/Pdfs/PublicacionesEstadisticas/din1_ser.txt,66eeb0fa88aec93dc2450f27d6b6a407b09e286cc3bfbd8a2653e2196994ae80,2026-08-11T00:06:15Z
bcra_reserve_requirement_ars,2024-09,monthly,28.300000,percent,official,bcra_average_reserve_requirements,https://www.bcra.gob.ar/archivos/Pdfs/PublicacionesEstadisticas/din1_ser.txt,66eeb0fa88aec93dc2450f27d6b6a407b09e286cc3bfbd8a2653e2196994ae80,2026-08-11T00:06:15Z
bcra_reserve_requirement_ars,2024-10,monthly,28.340000,percent,official,bcra_average_reserve_requirements,https://www.bcra.gob.ar/archivos/Pdfs/PublicacionesEstadisticas/din1_ser.txt,66eeb0fa88aec93dc2450f27d6b6a407b09e286cc3bfbd8a2653e2196994ae80,2026-08-11T00:06:15Z
bcra_reserve_requirement_ars,2024-11,monthly,29.060000,percent,official,bcra_average_reserve_requirements,https://www.bcra.gob.ar/archivos/Pdfs/PublicacionesEstadisticas/din1_ser.txt,66eeb0fa88aec93dc2450f27d6b6a407b09e286cc3bfbd8a2653e2196994ae80,2026-08-11T00:06:15Z
bcra_reserve_requirement_ars,2024-12,monthly,29.290000,percent,official,bcra_average_reserve_requirements,https://www.bcra.gob.ar/archivos/Pdfs/PublicacionesEstadisticas/din1_ser.txt,66eeb0fa88aec93dc2450f27d6b6a407b09e286cc3bfbd8a2653e2196994ae80,2026-08-11T00:06:15Z
bcra_reserve_requirement_ars,2025-02,monthly,29.620000,percent,official,bcra_average_reserve_requirements,https://www.bcra.gob.ar/archivos/Pdfs/PublicacionesEstadisticas/din1_ser.txt,66eeb0fa88aec93dc2450f27d6b6a407b09e286cc3bfbd8a2653e2196994ae80,2026-08-11T00:06:15Z
bcra_reserve_requirement_ars,2025-03,monthly,29.300000,percent,official,bcra_average_reserve_requirements,https://www.bcra.gob.ar/archivos/Pdfs/PublicacionesEstadisticas/din1_ser.txt,66eeb0fa88aec93dc2450f27d6b6a407b09e286cc3bfbd8a2653e2196994ae80,2026-08-11T00:06:15Z
bcra_reserve_requirement_ars,2025-04,monthly,28.830000,percent,official,bcra_average_reserve_requirements,https://www.bcra.gob.ar/archivos/Pdfs/PublicacionesEstadisticas/din1_ser.txt,66eeb0fa88aec93dc2450f27d6b6a407b09e286cc3bfbd8a2653e2196994ae80,2026-08-11T00:06:15Z
bcra_reserve_requirement_ars,2025-05,monthly,28.830000,percent,official,bcra_average_reserve_requirements,https://www.bcra.gob.ar/archivos/Pdfs/PublicacionesEstadisticas/din1_ser.txt,66eeb0fa88aec93dc2450f27d6b6a407b09e286cc3bfbd8a2653e2196994ae80,2026-08-11T00:06:15Z
bcra_reserve_requirement_ars,2025-06,monthly,28.750000,percent,official,bcra_average_reserve_requirements,https://www.bcra.gob.ar/archivos/Pdfs/PublicacionesEstadisticas/din1_ser.txt,66eeb0fa88aec93dc2450f27d6b6a407b09e286cc3bfbd8a2653e2196994ae80,2026-08-11T00:06:15Z
bcra_reserve_requirement_ars,2025-07,monthly,28.610000,percent,official,bcra_average_reserve_requirements,https://www.bcra.gob.ar/archivos/Pdfs/PublicacionesEstadisticas/din1_ser.txt,66eeb0fa88aec93dc2450f27d6b6a407b09e286cc3bfbd8a2653e2196994ae80,2026-08-11T00:06:15Z
bcra_reserve_requirement_ars,2025-08,monthly,28.490000,percent,official,bcra_average_reserve_requirements,https://www.bcra.gob.ar/archivos/Pdfs/PublicacionesEstadisticas/din1_ser.txt,66eeb0fa88aec93dc2450f27d6b6a407b09e286cc3bfbd8a2653e2196994ae80,2026-08-11T00:06:15Z
bcra_reserve_requirement_ars,2025-09,monthly,31.420000,percent,official,bcra_average_reserve_requirements,https://www.bcra.gob.ar/archivos/Pdfs/PublicacionesEstadisticas/din1_ser.txt,66eeb0fa88aec93dc2450f27d6b6a407b09e286cc3bfbd8a2653e2196994ae80,2026-08-11T00:06:15Z
bcra_reserve_requirement_ars,2025-10,monthly,35.970000,percent,official,bcra_average_reserve_requirements,https://www.bcra.gob.ar/archivos/Pdfs/PublicacionesEstadisticas/din1_ser.txt,66eeb0fa88aec93dc2450f27d6b6a407b09e286cc3bfbd8a2653e2196994ae80,2026-08-11T00:06:15Z
bcra_reserve_requirement_ars,2025-11,monthly,35.380000,percent,official,bcra_average_reserve_requirements,https://www.bcra.gob.ar/archivos/Pdfs/PublicacionesEstadisticas/din1_ser.txt,66eeb0fa88aec93dc2450f27d6b6a407b09e286cc3bfbd8a2653e2196994ae80,2026-08-11T00:06:15Z
bcra_reserve_requirement_ars,2025-12,monthly,35.510000,percent,official,bcra_average_reserve_requirements,https://www.bcra.gob.ar/archivos/Pdfs/PublicacionesEstadisticas/din1_ser.txt,66eeb0fa88aec93dc2450f27d6b6a407b09e286cc3bfbd8a2653e2196994ae80,2026-08-11T00:06:15Z
bcra_reserve_requirement_ars,2026-02,monthly,34.740000,percent,official,bcra_average_reserve_requirements,https://www.bcra.gob.ar/archivos/Pdfs/PublicacionesEstadisticas/din1_ser.txt,66eeb0fa88aec93dc2450f27d6b6a407b09e286cc3bfbd8a2653e2196994ae80,2026-08-11T00:06:15Z
bcra_reserve_requirement_ars,2026-03,monthly,34.600000,percent,official,bcra_average_reserve_requirements,https://www.bcra.gob.ar/archivos/Pdfs/PublicacionesEstadisticas/din1_ser.txt,66eeb0fa88aec93dc2450f27d6b6a407b09e286cc3bfbd8a2653e2196994ae80,2026-08-11T00:06:15Z
bcra_reserve_requirement_ars,2026-04,monthly,34.420000,percent,official,bcra_average_reserve_requirements,https://www.bcra.gob.ar/archivos/Pdfs/PublicacionesEstadisticas/din1_ser.txt,66eeb0fa88aec93dc2450f27d6b6a407b09e286cc3bfbd8a2653e2196994ae80,2026-08-11T00:06:15Z
bcra_reserve_requirement_fx,1985-04,monthly,0.000000,percent,official,bcra_average_reserve_requirements,https://www.bcra.gob.ar/archivos/Pdfs/PublicacionesEstadisticas/din1_ser.txt,66eeb0fa88aec93dc2450f27d6b6a407b09e286cc3bfbd8a2653e2196994ae80,2026-08-11T00:06:15Z
bcra_reserve_requirement_fx,1985-05,monthly,100.000000,percent,official,bcra_average_reserve_requirements,https://www.bcra.gob.ar/archivos/Pdfs/PublicacionesEstadisticas/din1_ser.txt,66eeb0fa88aec93dc2450f27d6b6a407b09e286cc3bfbd8a2653e2196994ae80,2026-08-11T00:06:15Z
bcra_reserve_requirement_fx,1985-06,monthly,100.000000,percent,official,bcra_average_reserve_requirements,https://www.bcra.gob.ar/archivos/Pdfs/PublicacionesEstadisticas/din1_ser.txt,66eeb0fa88aec93dc2450f27d6b6a407b09e286cc3bfbd8a2653e2196994ae80,2026-08-11T00:06:15Z
bcra_reserve_requirement_fx,1985-07,monthly,100.000000,percent,official,bcra_average_reserve_requirements,https://www.bcra.gob.ar/archivos/Pdfs/PublicacionesEstadisticas/din1_ser.txt,66eeb0fa88aec93dc2450f27d6b6a407b09e286cc3bfbd8a2653e2196994ae80,2026-08-11T00:06:15Z
bcra_reserve_requirement_fx,1985-08,monthly,100.000000,percent,official,bcra_average_reserve_requirements,https://www.bcra.gob.ar/archivos/Pdfs/PublicacionesEstadisticas/din1_ser.txt,66eeb0fa88aec93dc2450f27d6b6a407b09e286cc3bfbd8a2653e2196994ae80,2026-08-11T00:06:15Z
bcra_reserve_requirement_fx,1985-09,monthly,100.000000,percent,official,bcra_average_reserve_requirements,https://www.bcra.gob.ar/archivos/Pdfs/PublicacionesEstadisticas/din1_ser.txt,66eeb0fa88aec93dc2450f27d6b6a407b09e286cc3bfbd8a2653e2196994ae80,2026-08-11T00:06:15Z
bcra_reserve_requirement_fx,1985-10,monthly,100.000000,percent,official,bcra_average_reserve_requirements,https://www.bcra.gob.ar/archivos/Pdfs/PublicacionesEstadisticas/din1_ser.txt,66eeb0fa88aec93dc2450f27d6b6a407b09e286cc3bfbd8a2653e2196994ae80,2026-08-11T00:06:15Z
bcra_reserve_requirement_fx,1985-11,monthly,100.000000,percent,official,bcra_average_reserve_requirements,https://www.bcra.gob.ar/archivos/Pdfs/PublicacionesEstadisticas/din1_ser.txt,66eeb0fa88aec93dc2450f27d6b6a407b09e286cc3bfbd8a2653e2196994ae80,2026-08-11T00:06:15Z
bcra_reserve_requirement_fx,1985-12,monthly,100.000000,percent,official,bcra_average_reserve_requirements,https://www.bcra.gob.ar/archivos/Pdfs/PublicacionesEstadisticas/din1_ser.txt,66eeb0fa88aec93dc2450f27d6b6a407b09e286cc3bfbd8a2653e2196994ae80,2026-08-11T00:06:15Z
bcra_reserve_requirement_fx,1986-01,monthly,100.000000,percent,official,bcra_average_reserve_requirements,https://www.bcra.gob.ar/archivos/Pdfs/PublicacionesEstadisticas/din1_ser.txt,66eeb0fa88aec93dc2450f27d6b6a407b09e286cc3bfbd8a2653e2196994ae80,2026-08-11T00:06:15Z
bcra_reserve_requirement_fx,1986-02,monthly,100.000000,percent,official,bcra_average_reserve_requirements,https://www.bcra.gob.ar/archivos/Pdfs/PublicacionesEstadisticas/din1_ser.txt,66eeb0fa88aec93dc2450f27d6b6a407b09e286cc3bfbd8a2653e2196994ae80,2026-08-11T00:06:15Z
bcra_reserve_requirement_fx,1986-03,monthly,100.000000,percent,official,bcra_average_reserve_requirements,https://www.bcra.gob.ar/archivos/Pdfs/PublicacionesEstadisticas/din1_ser.txt,66eeb0fa88aec93dc2450f27d6b6a407b09e286cc3bfbd8a2653e2196994ae80,2026-08-11T00:06:15Z
bcra_reserve_requirement_fx,1986-04,monthly,100.000000,percent,official,bcra_average_reserve_requirements,https://www.bcra.gob.ar/archivos/Pdfs/PublicacionesEstadisticas/din1_ser.txt,66eeb0fa88aec93dc2450f27d6b6a407b09e286cc3bfbd8a2653e2196994ae80,2026-08-11T00:06:15Z
bcra_reserve_requirement_fx,1986-05,monthly,100.000000,percent,official,bcra_average_reserve_requirements,https://www.bcra.gob.ar/archivos/Pdfs/PublicacionesEstadisticas/din1_ser.txt,66eeb0fa88aec93dc2450f27d6b6a407b09e286cc3bfbd8a2653e2196994ae80,2026-08-11T00:06:15Z
bcra_reserve_requirement_fx,1986-06,monthly,100.000000,percent,official,bcra_average_reserve_requirements,https://www.bcra.gob.ar/archivos/Pdfs/PublicacionesEstadisticas/din1_ser.txt,66eeb0fa88aec93dc2450f27d6b6a407b09e286cc3bfbd8a2653e2196994ae80,2026-08-11T00:06:15Z
bcra_reserve_requirement_fx,1986-07,monthly,100.000000,percent,official,bcra_average_reserve_requirements,https://www.bcra.gob.ar/archivos/Pdfs/PublicacionesEstadisticas/din1_ser.txt,66eeb0fa88aec93dc2450f27d6b6a407b09e286cc3bfbd8a2653e2196994ae80,2026-08-11T00:06:15Z
bcra_reserve_requirement_fx,1986-08,monthly,100.000000,percent,official,bcra_average_reserve_requirements,https://www.bcra.gob.ar/archivos/Pdfs/PublicacionesEstadisticas/din1_ser.txt,66eeb0fa88aec93dc2450f27d6b6a407b09e286cc3bfbd8a2653e2196994ae80,2026-08-11T00:06:15Z
bcra_reserve_requirement_fx,1986-09,monthly,100.000000,percent,official,bcra_average_reserve_requirements,https://www.bcra.gob.ar/archivos/Pdfs/PublicacionesEstadisticas/din1_ser.txt,66eeb0fa88aec93dc2450f27d6b6a407b09e286cc3bfbd8a2653e2196994ae80,2026-08-11T00:06:15Z
bcra_reserve_requirement_fx,1986-10,monthly,100.000000,percent,official,bcra_average_reserve_requirements,https://www.bcra.gob.ar/archivos/Pdfs/PublicacionesEstadisticas/din1_ser.txt,66eeb0fa88aec93dc2450f27d6b6a407b09e286cc3bfbd8a2653e2196994ae80,2026-08-11T00:06:15Z
bcra_reserve_requirement_fx,1986-11,monthly,100.000000,percent,official,bcra_average_reserve_requirements,https://www.bcra.gob.ar/archivos/Pdfs/PublicacionesEstadisticas/din1_ser.txt,66eeb0fa88aec93dc2450f27d6b6a407b09e286cc3bfbd8a2653e2196994ae80,2026-08-11T00:06:15Z
bcra_reserve_requirement_fx,1986-12,monthly,100.000000,percent,official,bcra_average_reserve_requirements,https://www.bcra.gob.ar/archivos/Pdfs/PublicacionesEstadisticas/din1_ser.txt,66eeb0fa88aec93dc2450f27d6b6a407b09e286cc3bfbd8a2653e2196994ae80,2026-08-11T00:06:15Z
bcra_reserve_requirement_fx,1987-01,monthly,100.000000,percent,official,bcra_average_reserve_requirements,https://www.bcra.gob.ar/archivos/Pdfs/PublicacionesEstadisticas/din1_ser.txt,66eeb0fa88aec93dc2450f27d6b6a407b09e286cc3bfbd8a2653e2196994ae80,2026-08-11T00:06:15Z
bcra_reserve_requirement_fx,1987-02,monthly,100.000000,percent,official,bcra_average_reserve_requirements,https://www.bcra.gob.ar/archivos/Pdfs/PublicacionesEstadisticas/din1_ser.txt,66eeb0fa88aec93dc2450f27d6b6a407b09e286cc3bfbd8a2653e2196994ae80,2026-08-11T00:06:15Z
bcra_reserve_requirement_fx,1987-03,monthly,100.000000,percent,official,bcra_average_reserve_requirements,https://www.bcra.gob.ar/archivos/Pdfs/PublicacionesEstadisticas/din1_ser.txt,66eeb0fa88aec93dc2450f27d6b6a407b09e286cc3bfbd8a2653e2196994ae80,2026-08-11T00:06:15Z
bcra_reserve_requirement_fx,1987-04,monthly,100.000000,percent,official,bcra_average_reserve_requirements,https://www.bcra.gob.ar/archivos/Pdfs/PublicacionesEstadisticas/din1_ser.txt,66eeb0fa88aec93dc2450f27d6b6a407b09e286cc3bfbd8a2653e2196994ae80,2026-08-11T00:06:15Z
bcra_reserve_requirement_fx,1987-05,monthly,100.000000,percent,official,bcra_average_reserve_requirements,https://www.bcra.gob.ar/archivos/Pdfs/PublicacionesEstadisticas/din1_ser.txt,66eeb0fa88aec93dc2450f27d6b6a407b09e286cc3bfbd8a2653e2196994ae80,2026-08-11T00:06:15Z
bcra_reserve_requirement_fx,1987-06,monthly,100.000000,percent,official,bcra_average_reserve_requirements,https://www.bcra.gob.ar/archivos/Pdfs/PublicacionesEstadisticas/din1_ser.txt,66eeb0fa88aec93dc2450f27d6b6a407b09e286cc3bfbd8a2653e2196994ae80,2026-08-11T00:06:15Z
bcra_reserve_requirement_fx,1987-07,monthly,100.000000,percent,official,bcra_average_reserve_requirements,https://www.bcra.gob.ar/archivos/Pdfs/PublicacionesEstadisticas/din1_ser.txt,66eeb0fa88aec93dc2450f27d6b6a407b09e286cc3bfbd8a2653e2196994ae80,2026-08-11T00:06:15Z
bcra_reserve_requirement_fx,1987-08,monthly,100.000000,percent,official,bcra_average_reserve_requirements,https://www.bcra.gob.ar/archivos/Pdfs/PublicacionesEstadisticas/din1_ser.txt,66eeb0fa88aec93dc2450f27d6b6a407b09e286cc3bfbd8a2653e2196994ae80,2026-08-11T00:06:15Z
bcra_reserve_requirement_fx,1987-09,monthly,100.000000,percent,official,bcra_average_reserve_requirements,https://www.bcra.gob.ar/archivos/Pdfs/PublicacionesEstadisticas/din1_ser.txt,66eeb0fa88aec93dc2450f27d6b6a407b09e286cc3bfbd8a2653e2196994ae80,2026-08-11T00:06:15Z
bcra_reserve_requirement_fx,1987-10,monthly,100.000000,percent,official,bcra_average_reserve_requirements,https://www.bcra.gob.ar/archivos/Pdfs/PublicacionesEstadisticas/din1_ser.txt,66eeb0fa88aec93dc2450f27d6b6a407b09e286cc3bfbd8a2653e2196994ae80,2026-08-11T00:06:15Z
bcra_reserve_requirement_fx,1987-11,monthly,100.000000,percent,official,bcra_average_reserve_requirements,https://www.bcra.gob.ar/archivos/Pdfs/PublicacionesEstadisticas/din1_ser.txt,66eeb0fa88aec93dc2450f27d6b6a407b09e286cc3bfbd8a2653e2196994ae80,2026-08-11T00:06:15Z
bcra_reserve_requirement_fx,1987-12,monthly,100.000000,percent,official,bcra_average_reserve_requirements,https://www.bcra.gob.ar/archivos/Pdfs/PublicacionesEstadisticas/din1_ser.txt,66eeb0fa88aec93dc2450f27d6b6a407b09e286cc3bfbd8a2653e2196994ae80,2026-08-11T00:06:15Z
bcra_reserve_requirement_fx,1988-01,monthly,100.000000,percent,official,bcra_average_reserve_requirements,https://www.bcra.gob.ar/archivos/Pdfs/PublicacionesEstadisticas/din1_ser.txt,66eeb0fa88aec93dc2450f27d6b6a407b09e286cc3bfbd8a2653e2196994ae80,2026-08-11T00:06:15Z
bcra_reserve_requirement_fx,1988-02,monthly,100.000000,percent,official,bcra_average_reserve_requirements,https://www.bcra.gob.ar/archivos/Pdfs/PublicacionesEstadisticas/din1_ser.txt,66eeb0fa88aec93dc2450f27d6b6a407b09e286cc3bfbd8a2653e2196994ae80,2026-08-11T00:06:15Z
bcra_reserve_requirement_fx,1988-03,monthly,100.000000,percent,official,bcra_average_reserve_requirements,https://www.bcra.gob.ar/archivos/Pdfs/PublicacionesEstadisticas/din1_ser.txt,66eeb0fa88aec93dc2450f27d6b6a407b09e286cc3bfbd8a2653e2196994ae80,2026-08-11T00:06:15Z
bcra_reserve_requirement_fx,1988-04,monthly,100.000000,percent,official,bcra_average_reserve_requirements,https://www.bcra.gob.ar/archivos/Pdfs/PublicacionesEstadisticas/din1_ser.txt,66eeb0fa88aec93dc2450f27d6b6a407b09e286cc3bfbd8a2653e2196994ae80,2026-08-11T00:06:15Z
bcra_reserve_requirement_fx,1988-05,monthly,100.000000,percent,official,bcra_average_reserve_requirements,https://www.bcra.gob.ar/archivos/Pdfs/PublicacionesEstadisticas/din1_ser.txt,66eeb0fa88aec93dc2450f27d6b6a407b09e286cc3bfbd8a2653e2196994ae80,2026-08-11T00:06:15Z
bcra_reserve_requirement_fx,1988-06,monthly,100.000000,percent,official,bcra_average_reserve_requirements,https://www.bcra.gob.ar/archivos/Pdfs/PublicacionesEstadisticas/din1_ser.txt,66eeb0fa88aec93dc2450f27d6b6a407b09e286cc3bfbd8a2653e2196994ae80,2026-08-11T00:06:15Z
bcra_reserve_requirement_fx,1988-07,monthly,100.000000,percent,official,bcra_average_reserve_requirements,https://www.bcra.gob.ar/archivos/Pdfs/PublicacionesEstadisticas/din1_ser.txt,66eeb0fa88aec93dc2450f27d6b6a407b09e286cc3bfbd8a2653e2196994ae80,2026-08-11T00:06:15Z
bcra_reserve_requirement_fx,1988-08,monthly,100.000000,percent,official,bcra_average_reserve_requirements,https://www.bcra.gob.ar/archivos/Pdfs/PublicacionesEstadisticas/din1_ser.txt,66eeb0fa88aec93dc2450f27d6b6a407b09e286cc3bfbd8a2653e2196994ae80,2026-08-11T00:06:15Z
bcra_reserve_requirement_fx,1988-09,monthly,100.000000,percent,official,bcra_average_reserve_requirements,https://www.bcra.gob.ar/archivos/Pdfs/PublicacionesEstadisticas/din1_ser.txt,66eeb0fa88aec93dc2450f27d6b6a407b09e286cc3bfbd8a2653e2196994ae80,2026-08-11T00:06:15Z
bcra_reserve_requirement_fx,1988-10,monthly,100.000000,percent,official,bcra_average_reserve_requirements,https://www.bcra.gob.ar/archivos/Pdfs/PublicacionesEstadisticas/din1_ser.txt,66eeb0fa88aec93dc2450f27d6b6a407b09e286cc3bfbd8a2653e2196994ae80,2026-08-11T00:06:15Z
bcra_reserve_requirement_fx,1988-11,monthly,100.000000,percent,official,bcra_average_reserve_requirements,https://www.bcra.gob.ar/archivos/Pdfs/PublicacionesEstadisticas/din1_ser.txt,66eeb0fa88aec93dc2450f27d6b6a407b09e286cc3bfbd8a2653e2196994ae80,2026-08-11T00:06:15Z
bcra_reserve_requirement_fx,1988-12,monthly,100.000000,percent,official,bcra_average_reserve_requirements,https://www.bcra.gob.ar/archivos/Pdfs/PublicacionesEstadisticas/din1_ser.txt,66eeb0fa88aec93dc2450f27d6b6a407b09e286cc3bfbd8a2653e2196994ae80,2026-08-11T00:06:15Z
bcra_reserve_requirement_fx,1989-01,monthly,100.000000,percent,official,bcra_average_reserve_requirements,https://www.bcra.gob.ar/archivos/Pdfs/PublicacionesEstadisticas/din1_ser.txt,66eeb0fa88aec93dc2450f27d6b6a407b09e286cc3bfbd8a2653e2196994ae80,2026-08-11T00:06:15Z
bcra_reserve_requirement_fx,1989-02,monthly,100.000000,percent,official,bcra_average_reserve_requirements,https://www.bcra.gob.ar/archivos/Pdfs/PublicacionesEstadisticas/din1_ser.txt,66eeb0fa88aec93dc2450f27d6b6a407b09e286cc3bfbd8a2653e2196994ae80,2026-08-11T00:06:15Z
bcra_reserve_requirement_fx,1989-03,monthly,100.000000,percent,official,bcra_average_reserve_requirements,https://www.bcra.gob.ar/archivos/Pdfs/PublicacionesEstadisticas/din1_ser.txt,66eeb0fa88aec93dc2450f27d6b6a407b09e286cc3bfbd8a2653e2196994ae80,2026-08-11T00:06:15Z
bcra_reserve_requirement_fx,1989-04,monthly,100.000000,percent,official,bcra_average_reserve_requirements,https://www.bcra.gob.ar/archivos/Pdfs/PublicacionesEstadisticas/din1_ser.txt,66eeb0fa88aec93dc2450f27d6b6a407b09e286cc3bfbd8a2653e2196994ae80,2026-08-11T00:06:15Z
bcra_reserve_requirement_fx,1989-05,monthly,100.000000,percent,official,bcra_average_reserve_requirements,https://www.bcra.gob.ar/archivos/Pdfs/PublicacionesEstadisticas/din1_ser.txt,66eeb0fa88aec93dc2450f27d6b6a407b09e286cc3bfbd8a2653e2196994ae80,2026-08-11T00:06:15Z
bcra_reserve_requirement_fx,1989-06,monthly,100.000000,percent,official,bcra_average_reserve_requirements,https://www.bcra.gob.ar/archivos/Pdfs/PublicacionesEstadisticas/din1_ser.txt,66eeb0fa88aec93dc2450f27d6b6a407b09e286cc3bfbd8a2653e2196994ae80,2026-08-11T00:06:15Z
bcra_reserve_requirement_fx,1989-07,monthly,100.000000,percent,official,bcra_average_reserve_requirements,https://www.bcra.gob.ar/archivos/Pdfs/PublicacionesEstadisticas/din1_ser.txt,66eeb0fa88aec93dc2450f27d6b6a407b09e286cc3bfbd8a2653e2196994ae80,2026-08-11T00:06:15Z
bcra_reserve_requirement_fx,1989-08,monthly,4.680000,percent,official,bcra_average_reserve_requirements,https://www.bcra.gob.ar/archivos/Pdfs/PublicacionesEstadisticas/din1_ser.txt,66eeb0fa88aec93dc2450f27d6b6a407b09e286cc3bfbd8a2653e2196994ae80,2026-08-11T00:06:15Z
bcra_reserve_requirement_fx,1989-09,monthly,4.630000,percent,official,bcra_average_reserve_requirements,https://www.bcra.gob.ar/archivos/Pdfs/PublicacionesEstadisticas/din1_ser.txt,66eeb0fa88aec93dc2450f27d6b6a407b09e286cc3bfbd8a2653e2196994ae80,2026-08-11T00:06:15Z
bcra_reserve_requirement_fx,1989-10,monthly,4.640000,percent,official,bcra_average_reserve_requirements,https://www.bcra.gob.ar/archivos/Pdfs/PublicacionesEstadisticas/din1_ser.txt,66eeb0fa88aec93dc2450f27d6b6a407b09e286cc3bfbd8a2653e2196994ae80,2026-08-11T00:06:15Z
bcra_reserve_requirement_fx,1989-11,monthly,4.650000,percent,official,bcra_average_reserve_requirements,https://www.bcra.gob.ar/archivos/Pdfs/PublicacionesEstadisticas/din1_ser.txt,66eeb0fa88aec93dc2450f27d6b6a407b09e286cc3bfbd8a2653e2196994ae80,2026-08-11T00:06:15Z
bcra_reserve_requirement_fx,1989-12,monthly,3.420000,percent,official,bcra_average_reserve_requirements,https://www.bcra.gob.ar/archivos/Pdfs/PublicacionesEstadisticas/din1_ser.txt,66eeb0fa88aec93dc2450f27d6b6a407b09e286cc3bfbd8a2653e2196994ae80,2026-08-11T00:06:15Z
bcra_reserve_requirement_fx,1990-01,monthly,1.240000,percent,official,bcra_average_reserve_requirements,https://www.bcra.gob.ar/archivos/Pdfs/PublicacionesEstadisticas/din1_ser.txt,66eeb0fa88aec93dc2450f27d6b6a407b09e286cc3bfbd8a2653e2196994ae80,2026-08-11T00:06:15Z
bcra_reserve_requirement_fx,1990-02,monthly,0.820000,percent,official,bcra_average_reserve_requirements,https://www.bcra.gob.ar/archivos/Pdfs/PublicacionesEstadisticas/din1_ser.txt,66eeb0fa88aec93dc2450f27d6b6a407b09e286cc3bfbd8a2653e2196994ae80,2026-08-11T00:06:15Z
bcra_reserve_requirement_fx,1990-03,monthly,0.670000,percent,official,bcra_average_reserve_requirements,https://www.bcra.gob.ar/archivos/Pdfs/PublicacionesEstadisticas/din1_ser.txt,66eeb0fa88aec93dc2450f27d6b6a407b09e286cc3bfbd8a2653e2196994ae80,2026-08-11T00:06:15Z
bcra_reserve_requirement_fx,1990-04,monthly,1.220000,percent,official,bcra_average_reserve_requirements,https://www.bcra.gob.ar/archivos/Pdfs/PublicacionesEstadisticas/din1_ser.txt,66eeb0fa88aec93dc2450f27d6b6a407b09e286cc3bfbd8a2653e2196994ae80,2026-08-11T00:06:15Z
bcra_reserve_requirement_fx,1990-05,monthly,1.040000,percent,official,bcra_average_reserve_requirements,https://www.bcra.gob.ar/archivos/Pdfs/PublicacionesEstadisticas/din1_ser.txt,66eeb0fa88aec93dc2450f27d6b6a407b09e286cc3bfbd8a2653e2196994ae80,2026-08-11T00:06:15Z
bcra_reserve_requirement_fx,1990-06,monthly,1.050000,percent,official,bcra_average_reserve_requirements,https://www.bcra.gob.ar/archivos/Pdfs/PublicacionesEstadisticas/din1_ser.txt,66eeb0fa88aec93dc2450f27d6b6a407b09e286cc3bfbd8a2653e2196994ae80,2026-08-11T00:06:15Z
bcra_reserve_requirement_fx,1990-07,monthly,1.240000,percent,official,bcra_average_reserve_requirements,https://www.bcra.gob.ar/archivos/Pdfs/PublicacionesEstadisticas/din1_ser.txt,66eeb0fa88aec93dc2450f27d6b6a407b09e286cc3bfbd8a2653e2196994ae80,2026-08-11T00:06:15Z
bcra_reserve_requirement_fx,1990-08,monthly,1.580000,percent,official,bcra_average_reserve_requirements,https://www.bcra.gob.ar/archivos/Pdfs/PublicacionesEstadisticas/din1_ser.txt,66eeb0fa88aec93dc2450f27d6b6a407b09e286cc3bfbd8a2653e2196994ae80,2026-08-11T00:06:15Z
bcra_reserve_requirement_fx,1990-09,monthly,1.850000,percent,official,bcra_average_reserve_requirements,https://www.bcra.gob.ar/archivos/Pdfs/PublicacionesEstadisticas/din1_ser.txt,66eeb0fa88aec93dc2450f27d6b6a407b09e286cc3bfbd8a2653e2196994ae80,2026-08-11T00:06:15Z
bcra_reserve_requirement_fx,1990-10,monthly,1.830000,percent,official,bcra_average_reserve_requirements,https://www.bcra.gob.ar/archivos/Pdfs/PublicacionesEstadisticas/din1_ser.txt,66eeb0fa88aec93dc2450f27d6b6a407b09e286cc3bfbd8a2653e2196994ae80,2026-08-11T00:06:15Z
bcra_reserve_requirement_fx,1990-11,monthly,2.080000,percent,official,bcra_average_reserve_requirements,https://www.bcra.gob.ar/archivos/Pdfs/PublicacionesEstadisticas/din1_ser.txt,66eeb0fa88aec93dc2450f27d6b6a407b09e286cc3bfbd8a2653e2196994ae80,2026-08-11T00:06:15Z
bcra_reserve_requirement_fx,1990-12,monthly,2.210000,percent,official,bcra_average_reserve_requirements,https://www.bcra.gob.ar/archivos/Pdfs/PublicacionesEstadisticas/din1_ser.txt,66eeb0fa88aec93dc2450f27d6b6a407b09e286cc3bfbd8a2653e2196994ae80,2026-08-11T00:06:15Z
bcra_reserve_requirement_fx,1991-01,monthly,2.280000,percent,official,bcra_average_reserve_requirements,https://www.bcra.gob.ar/archivos/Pdfs/PublicacionesEstadisticas/din1_ser.txt,66eeb0fa88aec93dc2450f27d6b6a407b09e286cc3bfbd8a2653e2196994ae80,2026-08-11T00:06:15Z
bcra_reserve_requirement_fx,1991-02,monthly,2.430000,percent,official,bcra_average_reserve_requirements,https://www.bcra.gob.ar/archivos/Pdfs/PublicacionesEstadisticas/din1_ser.txt,66eeb0fa88aec93dc2450f27d6b6a407b09e286cc3bfbd8a2653e2196994ae80,2026-08-11T00:06:15Z
bcra_reserve_requirement_fx,1991-03,monthly,2.560000,percent,official,bcra_average_reserve_requirements,https://www.bcra.gob.ar/archivos/Pdfs/PublicacionesEstadisticas/din1_ser.txt,66eeb0fa88aec93dc2450f27d6b6a407b09e286cc3bfbd8a2653e2196994ae80,2026-08-11T00:06:15Z
bcra_reserve_requirement_fx,1991-04,monthly,8.910000,percent,official,bcra_average_reserve_requirements,https://www.bcra.gob.ar/archivos/Pdfs/PublicacionesEstadisticas/din1_ser.txt,66eeb0fa88aec93dc2450f27d6b6a407b09e286cc3bfbd8a2653e2196994ae80,2026-08-11T00:06:15Z
bcra_reserve_requirement_fx,1991-05,monthly,9.190000,percent,official,bcra_average_reserve_requirements,https://www.bcra.gob.ar/archivos/Pdfs/PublicacionesEstadisticas/din1_ser.txt,66eeb0fa88aec93dc2450f27d6b6a407b09e286cc3bfbd8a2653e2196994ae80,2026-08-11T00:06:15Z
bcra_reserve_requirement_fx,1991-06,monthly,9.210000,percent,official,bcra_average_reserve_requirements,https://www.bcra.gob.ar/archivos/Pdfs/PublicacionesEstadisticas/din1_ser.txt,66eeb0fa88aec93dc2450f27d6b6a407b09e286cc3bfbd8a2653e2196994ae80,2026-08-11T00:06:15Z
bcra_reserve_requirement_fx,1991-07,monthly,9.230000,percent,official,bcra_average_reserve_requirements,https://www.bcra.gob.ar/archivos/Pdfs/PublicacionesEstadisticas/din1_ser.txt,66eeb0fa88aec93dc2450f27d6b6a407b09e286cc3bfbd8a2653e2196994ae80,2026-08-11T00:06:15Z
bcra_reserve_requirement_fx,1991-08,monthly,9.460000,percent,official,bcra_average_reserve_requirements,https://www.bcra.gob.ar/archivos/Pdfs/PublicacionesEstadisticas/din1_ser.txt,66eeb0fa88aec93dc2450f27d6b6a407b09e286cc3bfbd8a2653e2196994ae80,2026-08-11T00:06:15Z
bcra_reserve_requirement_fx,1991-09,monthly,9.900000,percent,official,bcra_average_reserve_requirements,https://www.bcra.gob.ar/archivos/Pdfs/PublicacionesEstadisticas/din1_ser.txt,66eeb0fa88aec93dc2450f27d6b6a407b09e286cc3bfbd8a2653e2196994ae80,2026-08-11T00:06:15Z
bcra_reserve_requirement_fx,1991-10,monthly,9.730000,percent,official,bcra_average_reserve_requirements,https://www.bcra.gob.ar/archivos/Pdfs/PublicacionesEstadisticas/din1_ser.txt,66eeb0fa88aec93dc2450f27d6b6a407b09e286cc3bfbd8a2653e2196994ae80,2026-08-11T00:06:15Z
bcra_reserve_requirement_fx,1991-11,monthly,9.850000,percent,official,bcra_average_reserve_requirements,https://www.bcra.gob.ar/archivos/Pdfs/PublicacionesEstadisticas/din1_ser.txt,66eeb0fa88aec93dc2450f27d6b6a407b09e286cc3bfbd8a2653e2196994ae80,2026-08-11T00:06:15Z
bcra_reserve_requirement_fx,1991-12,monthly,10.420000,percent,official,bcra_average_reserve_requirements,https://www.bcra.gob.ar/archivos/Pdfs/PublicacionesEstadisticas/din1_ser.txt,66eeb0fa88aec93dc2450f27d6b6a407b09e286cc3bfbd8a2653e2196994ae80,2026-08-11T00:06:15Z
bcra_reserve_requirement_fx,1992-01,monthly,10.200000,percent,official,bcra_average_reserve_requirements,https://www.bcra.gob.ar/archivos/Pdfs/PublicacionesEstadisticas/din1_ser.txt,66eeb0fa88aec93dc2450f27d6b6a407b09e286cc3bfbd8a2653e2196994ae80,2026-08-11T00:06:15Z
bcra_reserve_requirement_fx,1992-02,monthly,10.300000,percent,official,bcra_average_reserve_requirements,https://www.bcra.gob.ar/archivos/Pdfs/PublicacionesEstadisticas/din1_ser.txt,66eeb0fa88aec93dc2450f27d6b6a407b09e286cc3bfbd8a2653e2196994ae80,2026-08-11T00:06:15Z
bcra_reserve_requirement_fx,1992-03,monthly,10.870000,percent,official,bcra_average_reserve_requirements,https://www.bcra.gob.ar/archivos/Pdfs/PublicacionesEstadisticas/din1_ser.txt,66eeb0fa88aec93dc2450f27d6b6a407b09e286cc3bfbd8a2653e2196994ae80,2026-08-11T00:06:15Z
bcra_reserve_requirement_fx,1992-04,monthly,10.320000,percent,official,bcra_average_reserve_requirements,https://www.bcra.gob.ar/archivos/Pdfs/PublicacionesEstadisticas/din1_ser.txt,66eeb0fa88aec93dc2450f27d6b6a407b09e286cc3bfbd8a2653e2196994ae80,2026-08-11T00:06:15Z
bcra_reserve_requirement_fx,1992-05,monthly,10.250000,percent,official,bcra_average_reserve_requirements,https://www.bcra.gob.ar/archivos/Pdfs/PublicacionesEstadisticas/din1_ser.txt,66eeb0fa88aec93dc2450f27d6b6a407b09e286cc3bfbd8a2653e2196994ae80,2026-08-11T00:06:15Z
bcra_reserve_requirement_fx,1992-06,monthly,9.980000,percent,official,bcra_average_reserve_requirements,https://www.bcra.gob.ar/archivos/Pdfs/PublicacionesEstadisticas/din1_ser.txt,66eeb0fa88aec93dc2450f27d6b6a407b09e286cc3bfbd8a2653e2196994ae80,2026-08-11T00:06:15Z
bcra_reserve_requirement_fx,1992-07,monthly,9.940000,percent,official,bcra_average_reserve_requirements,https://www.bcra.gob.ar/archivos/Pdfs/PublicacionesEstadisticas/din1_ser.txt,66eeb0fa88aec93dc2450f27d6b6a407b09e286cc3bfbd8a2653e2196994ae80,2026-08-11T00:06:15Z
bcra_reserve_requirement_fx,1992-08,monthly,9.600000,percent,official,bcra_average_reserve_requirements,https://www.bcra.gob.ar/archivos/Pdfs/PublicacionesEstadisticas/din1_ser.txt,66eeb0fa88aec93dc2450f27d6b6a407b09e286cc3bfbd8a2653e2196994ae80,2026-08-11T00:06:15Z
bcra_reserve_requirement_fx,1992-09,monthly,9.460000,percent,official,bcra_average_reserve_requirements,https://www.bcra.gob.ar/archivos/Pdfs/PublicacionesEstadisticas/din1_ser.txt,66eeb0fa88aec93dc2450f27d6b6a407b09e286cc3bfbd8a2653e2196994ae80,2026-08-11T00:06:15Z
bcra_reserve_requirement_fx,1992-10,monthly,9.200000,percent,official,bcra_average_reserve_requirements,https://www.bcra.gob.ar/archivos/Pdfs/PublicacionesEstadisticas/din1_ser.txt,66eeb0fa88aec93dc2450f27d6b6a407b09e286cc3bfbd8a2653e2196994ae80,2026-08-11T00:06:15Z
bcra_reserve_requirement_fx,1992-11,monthly,9.330000,percent,official,bcra_average_reserve_requirements,https://www.bcra.gob.ar/archivos/Pdfs/PublicacionesEstadisticas/din1_ser.txt,66eeb0fa88aec93dc2450f27d6b6a407b09e286cc3bfbd8a2653e2196994ae80,2026-08-11T00:06:15Z
bcra_reserve_requirement_fx,1992-12,monthly,9.520000,percent,official,bcra_average_reserve_requirements,https://www.bcra.gob.ar/archivos/Pdfs/PublicacionesEstadisticas/din1_ser.txt,66eeb0fa88aec93dc2450f27d6b6a407b09e286cc3bfbd8a2653e2196994ae80,2026-08-11T00:06:15Z
bcra_reserve_requirement_fx,1993-01,monthly,9.610000,percent,official,bcra_average_reserve_requirements,https://www.bcra.gob.ar/archivos/Pdfs/PublicacionesEstadisticas/din1_ser.txt,66eeb0fa88aec93dc2450f27d6b6a407b09e286cc3bfbd8a2653e2196994ae80,2026-08-11T00:06:15Z
bcra_reserve_requirement_fx,1993-02,monthly,7.810000,percent,official,bcra_average_reserve_requirements,https://www.bcra.gob.ar/archivos/Pdfs/PublicacionesEstadisticas/din1_ser.txt,66eeb0fa88aec93dc2450f27d6b6a407b09e286cc3bfbd8a2653e2196994ae80,2026-08-11T00:06:15Z
bcra_reserve_requirement_fx,1993-03,monthly,7.590000,percent,official,bcra_average_reserve_requirements,https://www.bcra.gob.ar/archivos/Pdfs/PublicacionesEstadisticas/din1_ser.txt,66eeb0fa88aec93dc2450f27d6b6a407b09e286cc3bfbd8a2653e2196994ae80,2026-08-11T00:06:15Z
bcra_reserve_requirement_fx,1993-04,monthly,7.460000,percent,official,bcra_average_reserve_requirements,https://www.bcra.gob.ar/archivos/Pdfs/PublicacionesEstadisticas/din1_ser.txt,66eeb0fa88aec93dc2450f27d6b6a407b09e286cc3bfbd8a2653e2196994ae80,2026-08-11T00:06:15Z
bcra_reserve_requirement_fx,1993-05,monthly,7.240000,percent,official,bcra_average_reserve_requirements,https://www.bcra.gob.ar/archivos/Pdfs/PublicacionesEstadisticas/din1_ser.txt,66eeb0fa88aec93dc2450f27d6b6a407b09e286cc3bfbd8a2653e2196994ae80,2026-08-11T00:06:15Z
bcra_reserve_requirement_fx,1993-06,monthly,7.260000,percent,official,bcra_average_reserve_requirements,https://www.bcra.gob.ar/archivos/Pdfs/PublicacionesEstadisticas/din1_ser.txt,66eeb0fa88aec93dc2450f27d6b6a407b09e286cc3bfbd8a2653e2196994ae80,2026-08-11T00:06:15Z
bcra_reserve_requirement_fx,1993-07,monthly,7.440000,percent,official,bcra_average_reserve_requirements,https://www.bcra.gob.ar/archivos/Pdfs/PublicacionesEstadisticas/din1_ser.txt,66eeb0fa88aec93dc2450f27d6b6a407b09e286cc3bfbd8a2653e2196994ae80,2026-08-11T00:06:15Z
bcra_reserve_requirement_fx,1993-08,monthly,8.770000,percent,official,bcra_average_reserve_requirements,https://www.bcra.gob.ar/archivos/Pdfs/PublicacionesEstadisticas/din1_ser.txt,66eeb0fa88aec93dc2450f27d6b6a407b09e286cc3bfbd8a2653e2196994ae80,2026-08-11T00:06:15Z
bcra_reserve_requirement_fx,1993-09,monthly,9.620000,percent,official,bcra_average_reserve_requirements,https://www.bcra.gob.ar/archivos/Pdfs/PublicacionesEstadisticas/din1_ser.txt,66eeb0fa88aec93dc2450f27d6b6a407b09e286cc3bfbd8a2653e2196994ae80,2026-08-11T00:06:15Z
bcra_reserve_requirement_fx,1993-10,monthly,9.720000,percent,official,bcra_average_reserve_requirements,https://www.bcra.gob.ar/archivos/Pdfs/PublicacionesEstadisticas/din1_ser.txt,66eeb0fa88aec93dc2450f27d6b6a407b09e286cc3bfbd8a2653e2196994ae80,2026-08-11T00:06:15Z
bcra_reserve_requirement_fx,1993-11,monthly,9.550000,percent,official,bcra_average_reserve_requirements,https://www.bcra.gob.ar/archivos/Pdfs/PublicacionesEstadisticas/din1_ser.txt,66eeb0fa88aec93dc2450f27d6b6a407b09e286cc3bfbd8a2653e2196994ae80,2026-08-11T00:06:15Z
bcra_reserve_requirement_fx,1993-12,monthly,9.450000,percent,official,bcra_average_reserve_requirements,https://www.bcra.gob.ar/archivos/Pdfs/PublicacionesEstadisticas/din1_ser.txt,66eeb0fa88aec93dc2450f27d6b6a407b09e286cc3bfbd8a2653e2196994ae80,2026-08-11T00:06:15Z
bcra_reserve_requirement_fx,1994-01,monthly,8.700000,percent,official,bcra_average_reserve_requirements,https://www.bcra.gob.ar/archivos/Pdfs/PublicacionesEstadisticas/din1_ser.txt,66eeb0fa88aec93dc2450f27d6b6a407b09e286cc3bfbd8a2653e2196994ae80,2026-08-11T00:06:15Z
bcra_reserve_requirement_fx,1994-02,monthly,8.720000,percent,official,bcra_average_reserve_requirements,https://www.bcra.gob.ar/archivos/Pdfs/PublicacionesEstadisticas/din1_ser.txt,66eeb0fa88aec93dc2450f27d6b6a407b09e286cc3bfbd8a2653e2196994ae80,2026-08-11T00:06:15Z
bcra_reserve_requirement_fx,1994-03,monthly,8.820000,percent,official,bcra_average_reserve_requirements,https://www.bcra.gob.ar/archivos/Pdfs/PublicacionesEstadisticas/din1_ser.txt,66eeb0fa88aec93dc2450f27d6b6a407b09e286cc3bfbd8a2653e2196994ae80,2026-08-11T00:06:15Z
bcra_reserve_requirement_fx,1994-04,monthly,8.830000,percent,official,bcra_average_reserve_requirements,https://www.bcra.gob.ar/archivos/Pdfs/PublicacionesEstadisticas/din1_ser.txt,66eeb0fa88aec93dc2450f27d6b6a407b09e286cc3bfbd8a2653e2196994ae80,2026-08-11T00:06:15Z
bcra_reserve_requirement_fx,1994-05,monthly,8.790000,percent,official,bcra_average_reserve_requirements,https://www.bcra.gob.ar/archivos/Pdfs/PublicacionesEstadisticas/din1_ser.txt,66eeb0fa88aec93dc2450f27d6b6a407b09e286cc3bfbd8a2653e2196994ae80,2026-08-11T00:06:15Z
bcra_reserve_requirement_fx,1994-06,monthly,8.810000,percent,official,bcra_average_reserve_requirements,https://www.bcra.gob.ar/archivos/Pdfs/PublicacionesEstadisticas/din1_ser.txt,66eeb0fa88aec93dc2450f27d6b6a407b09e286cc3bfbd8a2653e2196994ae80,2026-08-11T00:06:15Z
bcra_reserve_requirement_fx,1994-07,monthly,8.710000,percent,official,bcra_average_reserve_requirements,https://www.bcra.gob.ar/archivos/Pdfs/PublicacionesEstadisticas/din1_ser.txt,66eeb0fa88aec93dc2450f27d6b6a407b09e286cc3bfbd8a2653e2196994ae80,2026-08-11T00:06:15Z
bcra_reserve_requirement_fx,1994-08,monthly,8.340000,percent,official,bcra_average_reserve_requirements,https://www.bcra.gob.ar/archivos/Pdfs/PublicacionesEstadisticas/din1_ser.txt,66eeb0fa88aec93dc2450f27d6b6a407b09e286cc3bfbd8a2653e2196994ae80,2026-08-11T00:06:15Z
bcra_reserve_requirement_fx,1994-09,monthly,8.230000,percent,official,bcra_average_reserve_requirements,https://www.bcra.gob.ar/archivos/Pdfs/PublicacionesEstadisticas/din1_ser.txt,66eeb0fa88aec93dc2450f27d6b6a407b09e286cc3bfbd8a2653e2196994ae80,2026-08-11T00:06:15Z
bcra_reserve_requirement_fx,1994-10,monthly,8.070000,percent,official,bcra_average_reserve_requirements,https://www.bcra.gob.ar/archivos/Pdfs/PublicacionesEstadisticas/din1_ser.txt,66eeb0fa88aec93dc2450f27d6b6a407b09e286cc3bfbd8a2653e2196994ae80,2026-08-11T00:06:15Z
bcra_reserve_requirement_fx,1994-11,monthly,8.060000,percent,official,bcra_average_reserve_requirements,https://www.bcra.gob.ar/archivos/Pdfs/PublicacionesEstadisticas/din1_ser.txt,66eeb0fa88aec93dc2450f27d6b6a407b09e286cc3bfbd8a2653e2196994ae80,2026-08-11T00:06:15Z
bcra_reserve_requirement_fx,1994-12,monthly,7.150000,percent,official,bcra_average_reserve_requirements,https://www.bcra.gob.ar/archivos/Pdfs/PublicacionesEstadisticas/din1_ser.txt,66eeb0fa88aec93dc2450f27d6b6a407b09e286cc3bfbd8a2653e2196994ae80,2026-08-11T00:06:15Z
bcra_reserve_requirement_fx,1995-01,monthly,6.330000,percent,official,bcra_average_reserve_requirements,https://www.bcra.gob.ar/archivos/Pdfs/PublicacionesEstadisticas/din1_ser.txt,66eeb0fa88aec93dc2450f27d6b6a407b09e286cc3bfbd8a2653e2196994ae80,2026-08-11T00:06:15Z
bcra_reserve_requirement_fx,1995-02,monthly,6.520000,percent,official,bcra_average_reserve_requirements,https://www.bcra.gob.ar/archivos/Pdfs/PublicacionesEstadisticas/din1_ser.txt,66eeb0fa88aec93dc2450f27d6b6a407b09e286cc3bfbd8a2653e2196994ae80,2026-08-11T00:06:15Z
bcra_reserve_requirement_fx,1995-03,monthly,7.210000,percent,official,bcra_average_reserve_requirements,https://www.bcra.gob.ar/archivos/Pdfs/PublicacionesEstadisticas/din1_ser.txt,66eeb0fa88aec93dc2450f27d6b6a407b09e286cc3bfbd8a2653e2196994ae80,2026-08-11T00:06:15Z
bcra_reserve_requirement_fx,1995-04,monthly,7.330000,percent,official,bcra_average_reserve_requirements,https://www.bcra.gob.ar/archivos/Pdfs/PublicacionesEstadisticas/din1_ser.txt,66eeb0fa88aec93dc2450f27d6b6a407b09e286cc3bfbd8a2653e2196994ae80,2026-08-11T00:06:15Z
bcra_reserve_requirement_fx,1995-05,monthly,7.150000,percent,official,bcra_average_reserve_requirements,https://www.bcra.gob.ar/archivos/Pdfs/PublicacionesEstadisticas/din1_ser.txt,66eeb0fa88aec93dc2450f27d6b6a407b09e286cc3bfbd8a2653e2196994ae80,2026-08-11T00:06:15Z
bcra_reserve_requirement_fx,1995-06,monthly,6.710000,percent,official,bcra_average_reserve_requirements,https://www.bcra.gob.ar/archivos/Pdfs/PublicacionesEstadisticas/din1_ser.txt,66eeb0fa88aec93dc2450f27d6b6a407b09e286cc3bfbd8a2653e2196994ae80,2026-08-11T00:06:15Z
bcra_reserve_requirement_fx,1995-07,monthly,6.550000,percent,official,bcra_average_reserve_requirements,https://www.bcra.gob.ar/archivos/Pdfs/PublicacionesEstadisticas/din1_ser.txt,66eeb0fa88aec93dc2450f27d6b6a407b09e286cc3bfbd8a2653e2196994ae80,2026-08-11T00:06:15Z
bcra_reserve_requirement_fx,1995-08,monthly,8.080000,percent,official,bcra_average_reserve_requirements,https://www.bcra.gob.ar/archivos/Pdfs/PublicacionesEstadisticas/din1_ser.txt,66eeb0fa88aec93dc2450f27d6b6a407b09e286cc3bfbd8a2653e2196994ae80,2026-08-11T00:06:15Z
bcra_reserve_requirement_fx,1995-09,monthly,6.850000,percent,official,bcra_average_reserve_requirements,https://www.bcra.gob.ar/archivos/Pdfs/PublicacionesEstadisticas/din1_ser.txt,66eeb0fa88aec93dc2450f27d6b6a407b09e286cc3bfbd8a2653e2196994ae80,2026-08-11T00:06:15Z
bcra_reserve_requirement_fx,1995-10,monthly,6.740000,percent,official,bcra_average_reserve_requirements,https://www.bcra.gob.ar/archivos/Pdfs/PublicacionesEstadisticas/din1_ser.txt,66eeb0fa88aec93dc2450f27d6b6a407b09e286cc3bfbd8a2653e2196994ae80,2026-08-11T00:06:15Z
bcra_reserve_requirement_fx,1995-11,monthly,6.520000,percent,official,bcra_average_reserve_requirements,https://www.bcra.gob.ar/archivos/Pdfs/PublicacionesEstadisticas/din1_ser.txt,66eeb0fa88aec93dc2450f27d6b6a407b09e286cc3bfbd8a2653e2196994ae80,2026-08-11T00:06:15Z
bcra_reserve_requirement_fx,1995-12,monthly,6.970000,percent,official,bcra_average_reserve_requirements,https://www.bcra.gob.ar/archivos/Pdfs/PublicacionesEstadisticas/din1_ser.txt,66eeb0fa88aec93dc2450f27d6b6a407b09e286cc3bfbd8a2653e2196994ae80,2026-08-11T00:06:15Z
bcra_reserve_requirement_fx,1996-01,monthly,7.890000,percent,official,bcra_average_reserve_requirements,https://www.bcra.gob.ar/archivos/Pdfs/PublicacionesEstadisticas/din1_ser.txt,66eeb0fa88aec93dc2450f27d6b6a407b09e286cc3bfbd8a2653e2196994ae80,2026-08-11T00:06:15Z
bcra_reserve_requirement_fx,1996-02,monthly,7.970000,percent,official,bcra_average_reserve_requirements,https://www.bcra.gob.ar/archivos/Pdfs/PublicacionesEstadisticas/din1_ser.txt,66eeb0fa88aec93dc2450f27d6b6a407b09e286cc3bfbd8a2653e2196994ae80,2026-08-11T00:06:15Z
bcra_reserve_requirement_fx,1996-03,monthly,7.380000,percent,official,bcra_average_reserve_requirements,https://www.bcra.gob.ar/archivos/Pdfs/PublicacionesEstadisticas/din1_ser.txt,66eeb0fa88aec93dc2450f27d6b6a407b09e286cc3bfbd8a2653e2196994ae80,2026-08-11T00:06:15Z
bcra_reserve_requirement_fx,1996-04,monthly,7.230000,percent,official,bcra_average_reserve_requirements,https://www.bcra.gob.ar/archivos/Pdfs/PublicacionesEstadisticas/din1_ser.txt,66eeb0fa88aec93dc2450f27d6b6a407b09e286cc3bfbd8a2653e2196994ae80,2026-08-11T00:06:15Z
bcra_reserve_requirement_fx,1996-05,monthly,7.120000,percent,official,bcra_average_reserve_requirements,https://www.bcra.gob.ar/archivos/Pdfs/PublicacionesEstadisticas/din1_ser.txt,66eeb0fa88aec93dc2450f27d6b6a407b09e286cc3bfbd8a2653e2196994ae80,2026-08-11T00:06:15Z
bcra_reserve_requirement_fx,1996-06,monthly,7.320000,percent,official,bcra_average_reserve_requirements,https://www.bcra.gob.ar/archivos/Pdfs/PublicacionesEstadisticas/din1_ser.txt,66eeb0fa88aec93dc2450f27d6b6a407b09e286cc3bfbd8a2653e2196994ae80,2026-08-11T00:06:15Z
bcra_reserve_requirement_fx,1996-07,monthly,6.570000,percent,official,bcra_average_reserve_requirements,https://www.bcra.gob.ar/archivos/Pdfs/PublicacionesEstadisticas/din1_ser.txt,66eeb0fa88aec93dc2450f27d6b6a407b09e286cc3bfbd8a2653e2196994ae80,2026-08-11T00:06:15Z
bcra_reserve_requirement_fx,1996-08,monthly,6.510000,percent,official,bcra_average_reserve_requirements,https://www.bcra.gob.ar/archivos/Pdfs/PublicacionesEstadisticas/din1_ser.txt,66eeb0fa88aec93dc2450f27d6b6a407b09e286cc3bfbd8a2653e2196994ae80,2026-08-11T00:06:15Z
bcra_reserve_requirement_fx,1996-09,monthly,6.720000,percent,official,bcra_average_reserve_requirements,https://www.bcra.gob.ar/archivos/Pdfs/PublicacionesEstadisticas/din1_ser.txt,66eeb0fa88aec93dc2450f27d6b6a407b09e286cc3bfbd8a2653e2196994ae80,2026-08-11T00:06:15Z
bcra_reserve_requirement_fx,1996-10,monthly,6.830000,percent,official,bcra_average_reserve_requirements,https://www.bcra.gob.ar/archivos/Pdfs/PublicacionesEstadisticas/din1_ser.txt,66eeb0fa88aec93dc2450f27d6b6a407b09e286cc3bfbd8a2653e2196994ae80,2026-08-11T00:06:15Z
bcra_reserve_requirement_fx,1996-11,monthly,6.610000,percent,official,bcra_average_reserve_requirements,https://www.bcra.gob.ar/archivos/Pdfs/PublicacionesEstadisticas/din1_ser.txt,66eeb0fa88aec93dc2450f27d6b6a407b09e286cc3bfbd8a2653e2196994ae80,2026-08-11T00:06:15Z
bcra_reserve_requirement_fx,1996-12,monthly,6.290000,percent,official,bcra_average_reserve_requirements,https://www.bcra.gob.ar/archivos/Pdfs/PublicacionesEstadisticas/din1_ser.txt,66eeb0fa88aec93dc2450f27d6b6a407b09e286cc3bfbd8a2653e2196994ae80,2026-08-11T00:06:15Z
bcra_reserve_requirement_fx,1997-01,monthly,6.480000,percent,official,bcra_average_reserve_requirements,https://www.bcra.gob.ar/archivos/Pdfs/PublicacionesEstadisticas/din1_ser.txt,66eeb0fa88aec93dc2450f27d6b6a407b09e286cc3bfbd8a2653e2196994ae80,2026-08-11T00:06:15Z
bcra_reserve_requirement_fx,1997-02,monthly,6.850000,percent,official,bcra_average_reserve_requirements,https://www.bcra.gob.ar/archivos/Pdfs/PublicacionesEstadisticas/din1_ser.txt,66eeb0fa88aec93dc2450f27d6b6a407b09e286cc3bfbd8a2653e2196994ae80,2026-08-11T00:06:15Z
bcra_reserve_requirement_fx,1997-03,monthly,6.910000,percent,official,bcra_average_reserve_requirements,https://www.bcra.gob.ar/archivos/Pdfs/PublicacionesEstadisticas/din1_ser.txt,66eeb0fa88aec93dc2450f27d6b6a407b09e286cc3bfbd8a2653e2196994ae80,2026-08-11T00:06:15Z
bcra_reserve_requirement_fx,1997-04,monthly,7.760000,percent,official,bcra_average_reserve_requirements,https://www.bcra.gob.ar/archivos/Pdfs/PublicacionesEstadisticas/din1_ser.txt,66eeb0fa88aec93dc2450f27d6b6a407b09e286cc3bfbd8a2653e2196994ae80,2026-08-11T00:06:15Z
bcra_reserve_requirement_fx,1997-05,monthly,6.990000,percent,official,bcra_average_reserve_requirements,https://www.bcra.gob.ar/archivos/Pdfs/PublicacionesEstadisticas/din1_ser.txt,66eeb0fa88aec93dc2450f27d6b6a407b09e286cc3bfbd8a2653e2196994ae80,2026-08-11T00:06:15Z
bcra_reserve_requirement_fx,1997-06,monthly,6.790000,percent,official,bcra_average_reserve_requirements,https://www.bcra.gob.ar/archivos/Pdfs/PublicacionesEstadisticas/din1_ser.txt,66eeb0fa88aec93dc2450f27d6b6a407b09e286cc3bfbd8a2653e2196994ae80,2026-08-11T00:06:15Z
bcra_reserve_requirement_fx,1997-07,monthly,6.710000,percent,official,bcra_average_reserve_requirements,https://www.bcra.gob.ar/archivos/Pdfs/PublicacionesEstadisticas/din1_ser.txt,66eeb0fa88aec93dc2450f27d6b6a407b09e286cc3bfbd8a2653e2196994ae80,2026-08-11T00:06:15Z
bcra_reserve_requirement_fx,1997-08,monthly,7.080000,percent,official,bcra_average_reserve_requirements,https://www.bcra.gob.ar/archivos/Pdfs/PublicacionesEstadisticas/din1_ser.txt,66eeb0fa88aec93dc2450f27d6b6a407b09e286cc3bfbd8a2653e2196994ae80,2026-08-11T00:06:15Z
bcra_reserve_requirement_fx,1997-09,monthly,7.410000,percent,official,bcra_average_reserve_requirements,https://www.bcra.gob.ar/archivos/Pdfs/PublicacionesEstadisticas/din1_ser.txt,66eeb0fa88aec93dc2450f27d6b6a407b09e286cc3bfbd8a2653e2196994ae80,2026-08-11T00:06:15Z
bcra_reserve_requirement_fx,1997-10,monthly,7.170000,percent,official,bcra_average_reserve_requirements,https://www.bcra.gob.ar/archivos/Pdfs/PublicacionesEstadisticas/din1_ser.txt,66eeb0fa88aec93dc2450f27d6b6a407b09e286cc3bfbd8a2653e2196994ae80,2026-08-11T00:06:15Z
bcra_reserve_requirement_fx,1997-11,monthly,7.490000,percent,official,bcra_average_reserve_requirements,https://www.bcra.gob.ar/archivos/Pdfs/PublicacionesEstadisticas/din1_ser.txt,66eeb0fa88aec93dc2450f27d6b6a407b09e286cc3bfbd8a2653e2196994ae80,2026-08-11T00:06:15Z
bcra_reserve_requirement_fx,1997-12,monthly,7.280000,percent,official,bcra_average_reserve_requirements,https://www.bcra.gob.ar/archivos/Pdfs/PublicacionesEstadisticas/din1_ser.txt,66eeb0fa88aec93dc2450f27d6b6a407b09e286cc3bfbd8a2653e2196994ae80,2026-08-11T00:06:15Z
bcra_reserve_requirement_fx,1998-01,monthly,6.920000,percent,official,bcra_average_reserve_requirements,https://www.bcra.gob.ar/archivos/Pdfs/PublicacionesEstadisticas/din1_ser.txt,66eeb0fa88aec93dc2450f27d6b6a407b09e286cc3bfbd8a2653e2196994ae80,2026-08-11T00:06:15Z
bcra_reserve_requirement_fx,1998-02,monthly,7.910000,percent,official,bcra_average_reserve_requirements,https://www.bcra.gob.ar/archivos/Pdfs/PublicacionesEstadisticas/din1_ser.txt,66eeb0fa88aec93dc2450f27d6b6a407b09e286cc3bfbd8a2653e2196994ae80,2026-08-11T00:06:15Z
bcra_reserve_requirement_fx,1998-03,monthly,7.340000,percent,official,bcra_average_reserve_requirements,https://www.bcra.gob.ar/archivos/Pdfs/PublicacionesEstadisticas/din1_ser.txt,66eeb0fa88aec93dc2450f27d6b6a407b09e286cc3bfbd8a2653e2196994ae80,2026-08-11T00:06:15Z
bcra_reserve_requirement_fx,1998-04,monthly,7.300000,percent,official,bcra_average_reserve_requirements,https://www.bcra.gob.ar/archivos/Pdfs/PublicacionesEstadisticas/din1_ser.txt,66eeb0fa88aec93dc2450f27d6b6a407b09e286cc3bfbd8a2653e2196994ae80,2026-08-11T00:06:15Z
bcra_reserve_requirement_fx,1998-05,monthly,7.400000,percent,official,bcra_average_reserve_requirements,https://www.bcra.gob.ar/archivos/Pdfs/PublicacionesEstadisticas/din1_ser.txt,66eeb0fa88aec93dc2450f27d6b6a407b09e286cc3bfbd8a2653e2196994ae80,2026-08-11T00:06:15Z
bcra_reserve_requirement_fx,1998-06,monthly,7.330000,percent,official,bcra_average_reserve_requirements,https://www.bcra.gob.ar/archivos/Pdfs/PublicacionesEstadisticas/din1_ser.txt,66eeb0fa88aec93dc2450f27d6b6a407b09e286cc3bfbd8a2653e2196994ae80,2026-08-11T00:06:15Z
bcra_reserve_requirement_fx,1998-07,monthly,7.480000,percent,official,bcra_average_reserve_requirements,https://www.bcra.gob.ar/archivos/Pdfs/PublicacionesEstadisticas/din1_ser.txt,66eeb0fa88aec93dc2450f27d6b6a407b09e286cc3bfbd8a2653e2196994ae80,2026-08-11T00:06:15Z
bcra_reserve_requirement_fx,1998-08,monthly,7.460000,percent,official,bcra_average_reserve_requirements,https://www.bcra.gob.ar/archivos/Pdfs/PublicacionesEstadisticas/din1_ser.txt,66eeb0fa88aec93dc2450f27d6b6a407b09e286cc3bfbd8a2653e2196994ae80,2026-08-11T00:06:15Z
bcra_reserve_requirement_fx,1998-09,monthly,7.210000,percent,official,bcra_average_reserve_requirements,https://www.bcra.gob.ar/archivos/Pdfs/PublicacionesEstadisticas/din1_ser.txt,66eeb0fa88aec93dc2450f27d6b6a407b09e286cc3bfbd8a2653e2196994ae80,2026-08-11T00:06:15Z
bcra_reserve_requirement_fx,1998-10,monthly,7.150000,percent,official,bcra_average_reserve_requirements,https://www.bcra.gob.ar/archivos/Pdfs/PublicacionesEstadisticas/din1_ser.txt,66eeb0fa88aec93dc2450f27d6b6a407b09e286cc3bfbd8a2653e2196994ae80,2026-08-11T00:06:15Z
bcra_reserve_requirement_fx,1998-11,monthly,7.220000,percent,official,bcra_average_reserve_requirements,https://www.bcra.gob.ar/archivos/Pdfs/PublicacionesEstadisticas/din1_ser.txt,66eeb0fa88aec93dc2450f27d6b6a407b09e286cc3bfbd8a2653e2196994ae80,2026-08-11T00:06:15Z
bcra_reserve_requirement_fx,1998-12,monthly,7.490000,percent,official,bcra_average_reserve_requirements,https://www.bcra.gob.ar/archivos/Pdfs/PublicacionesEstadisticas/din1_ser.txt,66eeb0fa88aec93dc2450f27d6b6a407b09e286cc3bfbd8a2653e2196994ae80,2026-08-11T00:06:15Z
bcra_reserve_requirement_fx,1999-01,monthly,0.000000,percent,official,bcra_average_reserve_requirements,https://www.bcra.gob.ar/archivos/Pdfs/PublicacionesEstadisticas/din1_ser.txt,66eeb0fa88aec93dc2450f27d6b6a407b09e286cc3bfbd8a2653e2196994ae80,2026-08-11T00:06:15Z
bcra_reserve_requirement_fx,1999-02,monthly,0.000000,percent,official,bcra_average_reserve_requirements,https://www.bcra.gob.ar/archivos/Pdfs/PublicacionesEstadisticas/din1_ser.txt,66eeb0fa88aec93dc2450f27d6b6a407b09e286cc3bfbd8a2653e2196994ae80,2026-08-11T00:06:15Z
bcra_reserve_requirement_fx,1999-03,monthly,0.000000,percent,official,bcra_average_reserve_requirements,https://www.bcra.gob.ar/archivos/Pdfs/PublicacionesEstadisticas/din1_ser.txt,66eeb0fa88aec93dc2450f27d6b6a407b09e286cc3bfbd8a2653e2196994ae80,2026-08-11T00:06:15Z
bcra_reserve_requirement_fx,1999-04,monthly,0.000000,percent,official,bcra_average_reserve_requirements,https://www.bcra.gob.ar/archivos/Pdfs/PublicacionesEstadisticas/din1_ser.txt,66eeb0fa88aec93dc2450f27d6b6a407b09e286cc3bfbd8a2653e2196994ae80,2026-08-11T00:06:15Z
bcra_reserve_requirement_fx,1999-05,monthly,0.000000,percent,official,bcra_average_reserve_requirements,https://www.bcra.gob.ar/archivos/Pdfs/PublicacionesEstadisticas/din1_ser.txt,66eeb0fa88aec93dc2450f27d6b6a407b09e286cc3bfbd8a2653e2196994ae80,2026-08-11T00:06:15Z
bcra_reserve_requirement_fx,1999-06,monthly,0.000000,percent,official,bcra_average_reserve_requirements,https://www.bcra.gob.ar/archivos/Pdfs/PublicacionesEstadisticas/din1_ser.txt,66eeb0fa88aec93dc2450f27d6b6a407b09e286cc3bfbd8a2653e2196994ae80,2026-08-11T00:06:15Z
bcra_reserve_requirement_fx,1999-07,monthly,0.000000,percent,official,bcra_average_reserve_requirements,https://www.bcra.gob.ar/archivos/Pdfs/PublicacionesEstadisticas/din1_ser.txt,66eeb0fa88aec93dc2450f27d6b6a407b09e286cc3bfbd8a2653e2196994ae80,2026-08-11T00:06:15Z
bcra_reserve_requirement_fx,1999-08,monthly,0.000000,percent,official,bcra_average_reserve_requirements,https://www.bcra.gob.ar/archivos/Pdfs/PublicacionesEstadisticas/din1_ser.txt,66eeb0fa88aec93dc2450f27d6b6a407b09e286cc3bfbd8a2653e2196994ae80,2026-08-11T00:06:15Z
bcra_reserve_requirement_fx,1999-09,monthly,0.000000,percent,official,bcra_average_reserve_requirements,https://www.bcra.gob.ar/archivos/Pdfs/PublicacionesEstadisticas/din1_ser.txt,66eeb0fa88aec93dc2450f27d6b6a407b09e286cc3bfbd8a2653e2196994ae80,2026-08-11T00:06:15Z
bcra_reserve_requirement_fx,1999-10,monthly,0.000000,percent,official,bcra_average_reserve_requirements,https://www.bcra.gob.ar/archivos/Pdfs/PublicacionesEstadisticas/din1_ser.txt,66eeb0fa88aec93dc2450f27d6b6a407b09e286cc3bfbd8a2653e2196994ae80,2026-08-11T00:06:15Z
bcra_reserve_requirement_fx,1999-11,monthly,0.000000,percent,official,bcra_average_reserve_requirements,https://www.bcra.gob.ar/archivos/Pdfs/PublicacionesEstadisticas/din1_ser.txt,66eeb0fa88aec93dc2450f27d6b6a407b09e286cc3bfbd8a2653e2196994ae80,2026-08-11T00:06:15Z
bcra_reserve_requirement_fx,1999-12,monthly,0.000000,percent,official,bcra_average_reserve_requirements,https://www.bcra.gob.ar/archivos/Pdfs/PublicacionesEstadisticas/din1_ser.txt,66eeb0fa88aec93dc2450f27d6b6a407b09e286cc3bfbd8a2653e2196994ae80,2026-08-11T00:06:15Z
bcra_reserve_requirement_fx,2000-01,monthly,0.000000,percent,official,bcra_average_reserve_requirements,https://www.bcra.gob.ar/archivos/Pdfs/PublicacionesEstadisticas/din1_ser.txt,66eeb0fa88aec93dc2450f27d6b6a407b09e286cc3bfbd8a2653e2196994ae80,2026-08-11T00:06:15Z
bcra_reserve_requirement_fx,2000-02,monthly,0.000000,percent,official,bcra_average_reserve_requirements,https://www.bcra.gob.ar/archivos/Pdfs/PublicacionesEstadisticas/din1_ser.txt,66eeb0fa88aec93dc2450f27d6b6a407b09e286cc3bfbd8a2653e2196994ae80,2026-08-11T00:06:15Z
bcra_reserve_requirement_fx,2000-03,monthly,0.000000,percent,official,bcra_average_reserve_requirements,https://www.bcra.gob.ar/archivos/Pdfs/PublicacionesEstadisticas/din1_ser.txt,66eeb0fa88aec93dc2450f27d6b6a407b09e286cc3bfbd8a2653e2196994ae80,2026-08-11T00:06:15Z
bcra_reserve_requirement_fx,2000-04,monthly,0.000000,percent,official,bcra_average_reserve_requirements,https://www.bcra.gob.ar/archivos/Pdfs/PublicacionesEstadisticas/din1_ser.txt,66eeb0fa88aec93dc2450f27d6b6a407b09e286cc3bfbd8a2653e2196994ae80,2026-08-11T00:06:15Z
bcra_reserve_requirement_fx,2000-05,monthly,0.000000,percent,official,bcra_average_reserve_requirements,https://www.bcra.gob.ar/archivos/Pdfs/PublicacionesEstadisticas/din1_ser.txt,66eeb0fa88aec93dc2450f27d6b6a407b09e286cc3bfbd8a2653e2196994ae80,2026-08-11T00:06:15Z
bcra_reserve_requirement_fx,2000-06,monthly,0.000000,percent,official,bcra_average_reserve_requirements,https://www.bcra.gob.ar/archivos/Pdfs/PublicacionesEstadisticas/din1_ser.txt,66eeb0fa88aec93dc2450f27d6b6a407b09e286cc3bfbd8a2653e2196994ae80,2026-08-11T00:06:15Z
bcra_reserve_requirement_fx,2000-07,monthly,0.000000,percent,official,bcra_average_reserve_requirements,https://www.bcra.gob.ar/archivos/Pdfs/PublicacionesEstadisticas/din1_ser.txt,66eeb0fa88aec93dc2450f27d6b6a407b09e286cc3bfbd8a2653e2196994ae80,2026-08-11T00:06:15Z
bcra_reserve_requirement_fx,2000-08,monthly,0.000000,percent,official,bcra_average_reserve_requirements,https://www.bcra.gob.ar/archivos/Pdfs/PublicacionesEstadisticas/din1_ser.txt,66eeb0fa88aec93dc2450f27d6b6a407b09e286cc3bfbd8a2653e2196994ae80,2026-08-11T00:06:15Z
bcra_reserve_requirement_fx,2000-09,monthly,0.000000,percent,official,bcra_average_reserve_requirements,https://www.bcra.gob.ar/archivos/Pdfs/PublicacionesEstadisticas/din1_ser.txt,66eeb0fa88aec93dc2450f27d6b6a407b09e286cc3bfbd8a2653e2196994ae80,2026-08-11T00:06:15Z
bcra_reserve_requirement_fx,2000-10,monthly,0.000000,percent,official,bcra_average_reserve_requirements,https://www.bcra.gob.ar/archivos/Pdfs/PublicacionesEstadisticas/din1_ser.txt,66eeb0fa88aec93dc2450f27d6b6a407b09e286cc3bfbd8a2653e2196994ae80,2026-08-11T00:06:15Z
bcra_reserve_requirement_fx,2000-11,monthly,0.000000,percent,official,bcra_average_reserve_requirements,https://www.bcra.gob.ar/archivos/Pdfs/PublicacionesEstadisticas/din1_ser.txt,66eeb0fa88aec93dc2450f27d6b6a407b09e286cc3bfbd8a2653e2196994ae80,2026-08-11T00:06:15Z
bcra_reserve_requirement_fx,2000-12,monthly,0.000000,percent,official,bcra_average_reserve_requirements,https://www.bcra.gob.ar/archivos/Pdfs/PublicacionesEstadisticas/din1_ser.txt,66eeb0fa88aec93dc2450f27d6b6a407b09e286cc3bfbd8a2653e2196994ae80,2026-08-11T00:06:15Z
bcra_reserve_requirement_fx,2001-01,monthly,0.000000,percent,official,bcra_average_reserve_requirements,https://www.bcra.gob.ar/archivos/Pdfs/PublicacionesEstadisticas/din1_ser.txt,66eeb0fa88aec93dc2450f27d6b6a407b09e286cc3bfbd8a2653e2196994ae80,2026-08-11T00:06:15Z
bcra_reserve_requirement_fx,2001-02,monthly,0.000000,percent,official,bcra_average_reserve_requirements,https://www.bcra.gob.ar/archivos/Pdfs/PublicacionesEstadisticas/din1_ser.txt,66eeb0fa88aec93dc2450f27d6b6a407b09e286cc3bfbd8a2653e2196994ae80,2026-08-11T00:06:15Z
bcra_reserve_requirement_fx,2001-03,monthly,0.000000,percent,official,bcra_average_reserve_requirements,https://www.bcra.gob.ar/archivos/Pdfs/PublicacionesEstadisticas/din1_ser.txt,66eeb0fa88aec93dc2450f27d6b6a407b09e286cc3bfbd8a2653e2196994ae80,2026-08-11T00:06:15Z
bcra_reserve_requirement_fx,2001-04,monthly,0.000000,percent,official,bcra_average_reserve_requirements,https://www.bcra.gob.ar/archivos/Pdfs/PublicacionesEstadisticas/din1_ser.txt,66eeb0fa88aec93dc2450f27d6b6a407b09e286cc3bfbd8a2653e2196994ae80,2026-08-11T00:06:15Z
bcra_reserve_requirement_fx,2001-05,monthly,0.000000,percent,official,bcra_average_reserve_requirements,https://www.bcra.gob.ar/archivos/Pdfs/PublicacionesEstadisticas/din1_ser.txt,66eeb0fa88aec93dc2450f27d6b6a407b09e286cc3bfbd8a2653e2196994ae80,2026-08-11T00:06:15Z
bcra_reserve_requirement_fx,2001-06,monthly,0.000000,percent,official,bcra_average_reserve_requirements,https://www.bcra.gob.ar/archivos/Pdfs/PublicacionesEstadisticas/din1_ser.txt,66eeb0fa88aec93dc2450f27d6b6a407b09e286cc3bfbd8a2653e2196994ae80,2026-08-11T00:06:15Z
bcra_reserve_requirement_fx,2001-07,monthly,0.000000,percent,official,bcra_average_reserve_requirements,https://www.bcra.gob.ar/archivos/Pdfs/PublicacionesEstadisticas/din1_ser.txt,66eeb0fa88aec93dc2450f27d6b6a407b09e286cc3bfbd8a2653e2196994ae80,2026-08-11T00:06:15Z
bcra_reserve_requirement_fx,2001-08,monthly,0.000000,percent,official,bcra_average_reserve_requirements,https://www.bcra.gob.ar/archivos/Pdfs/PublicacionesEstadisticas/din1_ser.txt,66eeb0fa88aec93dc2450f27d6b6a407b09e286cc3bfbd8a2653e2196994ae80,2026-08-11T00:06:15Z
bcra_reserve_requirement_fx,2001-09,monthly,0.000000,percent,official,bcra_average_reserve_requirements,https://www.bcra.gob.ar/archivos/Pdfs/PublicacionesEstadisticas/din1_ser.txt,66eeb0fa88aec93dc2450f27d6b6a407b09e286cc3bfbd8a2653e2196994ae80,2026-08-11T00:06:15Z
bcra_reserve_requirement_fx,2001-10,monthly,0.000000,percent,official,bcra_average_reserve_requirements,https://www.bcra.gob.ar/archivos/Pdfs/PublicacionesEstadisticas/din1_ser.txt,66eeb0fa88aec93dc2450f27d6b6a407b09e286cc3bfbd8a2653e2196994ae80,2026-08-11T00:06:15Z
bcra_reserve_requirement_fx,2001-11,monthly,0.000000,percent,official,bcra_average_reserve_requirements,https://www.bcra.gob.ar/archivos/Pdfs/PublicacionesEstadisticas/din1_ser.txt,66eeb0fa88aec93dc2450f27d6b6a407b09e286cc3bfbd8a2653e2196994ae80,2026-08-11T00:06:15Z
bcra_reserve_requirement_fx,2001-12,monthly,0.000000,percent,official,bcra_average_reserve_requirements,https://www.bcra.gob.ar/archivos/Pdfs/PublicacionesEstadisticas/din1_ser.txt,66eeb0fa88aec93dc2450f27d6b6a407b09e286cc3bfbd8a2653e2196994ae80,2026-08-11T00:06:15Z
bcra_reserve_requirement_fx,2002-01,monthly,0.000000,percent,official,bcra_average_reserve_requirements,https://www.bcra.gob.ar/archivos/Pdfs/PublicacionesEstadisticas/din1_ser.txt,66eeb0fa88aec93dc2450f27d6b6a407b09e286cc3bfbd8a2653e2196994ae80,2026-08-11T00:06:15Z
bcra_reserve_requirement_fx,2002-02,monthly,0.000000,percent,official,bcra_average_reserve_requirements,https://www.bcra.gob.ar/archivos/Pdfs/PublicacionesEstadisticas/din1_ser.txt,66eeb0fa88aec93dc2450f27d6b6a407b09e286cc3bfbd8a2653e2196994ae80,2026-08-11T00:06:15Z
bcra_reserve_requirement_fx,2002-03,monthly,6.070000,percent,official,bcra_average_reserve_requirements,https://www.bcra.gob.ar/archivos/Pdfs/PublicacionesEstadisticas/din1_ser.txt,66eeb0fa88aec93dc2450f27d6b6a407b09e286cc3bfbd8a2653e2196994ae80,2026-08-11T00:06:15Z
bcra_reserve_requirement_fx,2002-04,monthly,5.110000,percent,official,bcra_average_reserve_requirements,https://www.bcra.gob.ar/archivos/Pdfs/PublicacionesEstadisticas/din1_ser.txt,66eeb0fa88aec93dc2450f27d6b6a407b09e286cc3bfbd8a2653e2196994ae80,2026-08-11T00:06:15Z
bcra_reserve_requirement_fx,2002-05,monthly,7.610000,percent,official,bcra_average_reserve_requirements,https://www.bcra.gob.ar/archivos/Pdfs/PublicacionesEstadisticas/din1_ser.txt,66eeb0fa88aec93dc2450f27d6b6a407b09e286cc3bfbd8a2653e2196994ae80,2026-08-11T00:06:15Z
bcra_reserve_requirement_fx,2002-06,monthly,6.650000,percent,official,bcra_average_reserve_requirements,https://www.bcra.gob.ar/archivos/Pdfs/PublicacionesEstadisticas/din1_ser.txt,66eeb0fa88aec93dc2450f27d6b6a407b09e286cc3bfbd8a2653e2196994ae80,2026-08-11T00:06:15Z
bcra_reserve_requirement_fx,2002-07,monthly,6.370000,percent,official,bcra_average_reserve_requirements,https://www.bcra.gob.ar/archivos/Pdfs/PublicacionesEstadisticas/din1_ser.txt,66eeb0fa88aec93dc2450f27d6b6a407b09e286cc3bfbd8a2653e2196994ae80,2026-08-11T00:06:15Z
bcra_reserve_requirement_fx,2002-08,monthly,6.070000,percent,official,bcra_average_reserve_requirements,https://www.bcra.gob.ar/archivos/Pdfs/PublicacionesEstadisticas/din1_ser.txt,66eeb0fa88aec93dc2450f27d6b6a407b09e286cc3bfbd8a2653e2196994ae80,2026-08-11T00:06:15Z
bcra_reserve_requirement_fx,2002-09,monthly,6.620000,percent,official,bcra_average_reserve_requirements,https://www.bcra.gob.ar/archivos/Pdfs/PublicacionesEstadisticas/din1_ser.txt,66eeb0fa88aec93dc2450f27d6b6a407b09e286cc3bfbd8a2653e2196994ae80,2026-08-11T00:06:15Z
bcra_reserve_requirement_fx,2002-10,monthly,6.830000,percent,official,bcra_average_reserve_requirements,https://www.bcra.gob.ar/archivos/Pdfs/PublicacionesEstadisticas/din1_ser.txt,66eeb0fa88aec93dc2450f27d6b6a407b09e286cc3bfbd8a2653e2196994ae80,2026-08-11T00:06:15Z
bcra_reserve_requirement_fx,2002-11,monthly,7.050000,percent,official,bcra_average_reserve_requirements,https://www.bcra.gob.ar/archivos/Pdfs/PublicacionesEstadisticas/din1_ser.txt,66eeb0fa88aec93dc2450f27d6b6a407b09e286cc3bfbd8a2653e2196994ae80,2026-08-11T00:06:15Z
bcra_reserve_requirement_fx,2002-12,monthly,7.080000,percent,official,bcra_average_reserve_requirements,https://www.bcra.gob.ar/archivos/Pdfs/PublicacionesEstadisticas/din1_ser.txt,66eeb0fa88aec93dc2450f27d6b6a407b09e286cc3bfbd8a2653e2196994ae80,2026-08-11T00:06:15Z
bcra_reserve_requirement_fx,2003-01,monthly,7.580000,percent,official,bcra_average_reserve_requirements,https://www.bcra.gob.ar/archivos/Pdfs/PublicacionesEstadisticas/din1_ser.txt,66eeb0fa88aec93dc2450f27d6b6a407b09e286cc3bfbd8a2653e2196994ae80,2026-08-11T00:06:15Z
bcra_reserve_requirement_fx,2003-02,monthly,4.460000,percent,official,bcra_average_reserve_requirements,https://www.bcra.gob.ar/archivos/Pdfs/PublicacionesEstadisticas/din1_ser.txt,66eeb0fa88aec93dc2450f27d6b6a407b09e286cc3bfbd8a2653e2196994ae80,2026-08-11T00:06:15Z
bcra_reserve_requirement_fx,2003-03,monthly,8.510000,percent,official,bcra_average_reserve_requirements,https://www.bcra.gob.ar/archivos/Pdfs/PublicacionesEstadisticas/din1_ser.txt,66eeb0fa88aec93dc2450f27d6b6a407b09e286cc3bfbd8a2653e2196994ae80,2026-08-11T00:06:15Z
bcra_reserve_requirement_fx,2003-04,monthly,7.660000,percent,official,bcra_average_reserve_requirements,https://www.bcra.gob.ar/archivos/Pdfs/PublicacionesEstadisticas/din1_ser.txt,66eeb0fa88aec93dc2450f27d6b6a407b09e286cc3bfbd8a2653e2196994ae80,2026-08-11T00:06:15Z
bcra_reserve_requirement_fx,2003-05,monthly,8.320000,percent,official,bcra_average_reserve_requirements,https://www.bcra.gob.ar/archivos/Pdfs/PublicacionesEstadisticas/din1_ser.txt,66eeb0fa88aec93dc2450f27d6b6a407b09e286cc3bfbd8a2653e2196994ae80,2026-08-11T00:06:15Z
bcra_reserve_requirement_fx,2003-06,monthly,8.320000,percent,official,bcra_average_reserve_requirements,https://www.bcra.gob.ar/archivos/Pdfs/PublicacionesEstadisticas/din1_ser.txt,66eeb0fa88aec93dc2450f27d6b6a407b09e286cc3bfbd8a2653e2196994ae80,2026-08-11T00:06:15Z
bcra_reserve_requirement_fx,2003-07,monthly,6.850000,percent,official,bcra_average_reserve_requirements,https://www.bcra.gob.ar/archivos/Pdfs/PublicacionesEstadisticas/din1_ser.txt,66eeb0fa88aec93dc2450f27d6b6a407b09e286cc3bfbd8a2653e2196994ae80,2026-08-11T00:06:15Z
bcra_reserve_requirement_fx,2003-08,monthly,7.080000,percent,official,bcra_average_reserve_requirements,https://www.bcra.gob.ar/archivos/Pdfs/PublicacionesEstadisticas/din1_ser.txt,66eeb0fa88aec93dc2450f27d6b6a407b09e286cc3bfbd8a2653e2196994ae80,2026-08-11T00:06:15Z
bcra_reserve_requirement_fx,2003-09,monthly,6.580000,percent,official,bcra_average_reserve_requirements,https://www.bcra.gob.ar/archivos/Pdfs/PublicacionesEstadisticas/din1_ser.txt,66eeb0fa88aec93dc2450f27d6b6a407b09e286cc3bfbd8a2653e2196994ae80,2026-08-11T00:06:15Z
bcra_reserve_requirement_fx,2003-10,monthly,7.220000,percent,official,bcra_average_reserve_requirements,https://www.bcra.gob.ar/archivos/Pdfs/PublicacionesEstadisticas/din1_ser.txt,66eeb0fa88aec93dc2450f27d6b6a407b09e286cc3bfbd8a2653e2196994ae80,2026-08-11T00:06:15Z
bcra_reserve_requirement_fx,2003-11,monthly,10.320000,percent,official,bcra_average_reserve_requirements,https://www.bcra.gob.ar/archivos/Pdfs/PublicacionesEstadisticas/din1_ser.txt,66eeb0fa88aec93dc2450f27d6b6a407b09e286cc3bfbd8a2653e2196994ae80,2026-08-11T00:06:15Z
bcra_reserve_requirement_fx,2003-12,monthly,10.110000,percent,official,bcra_average_reserve_requirements,https://www.bcra.gob.ar/archivos/Pdfs/PublicacionesEstadisticas/din1_ser.txt,66eeb0fa88aec93dc2450f27d6b6a407b09e286cc3bfbd8a2653e2196994ae80,2026-08-11T00:06:15Z
bcra_reserve_requirement_fx,2004-01,monthly,10.080000,percent,official,bcra_average_reserve_requirements,https://www.bcra.gob.ar/archivos/Pdfs/PublicacionesEstadisticas/din1_ser.txt,66eeb0fa88aec93dc2450f27d6b6a407b09e286cc3bfbd8a2653e2196994ae80,2026-08-11T00:06:15Z
bcra_reserve_requirement_fx,2004-02,monthly,10.160000,percent,official,bcra_average_reserve_requirements,https://www.bcra.gob.ar/archivos/Pdfs/PublicacionesEstadisticas/din1_ser.txt,66eeb0fa88aec93dc2450f27d6b6a407b09e286cc3bfbd8a2653e2196994ae80,2026-08-11T00:06:15Z
bcra_reserve_requirement_fx,2004-03,monthly,10.660000,percent,official,bcra_average_reserve_requirements,https://www.bcra.gob.ar/archivos/Pdfs/PublicacionesEstadisticas/din1_ser.txt,66eeb0fa88aec93dc2450f27d6b6a407b09e286cc3bfbd8a2653e2196994ae80,2026-08-11T00:06:15Z
bcra_reserve_requirement_fx,2004-04,monthly,12.250000,percent,official,bcra_average_reserve_requirements,https://www.bcra.gob.ar/archivos/Pdfs/PublicacionesEstadisticas/din1_ser.txt,66eeb0fa88aec93dc2450f27d6b6a407b09e286cc3bfbd8a2653e2196994ae80,2026-08-11T00:06:15Z
bcra_reserve_requirement_fx,2004-05,monthly,14.420000,percent,official,bcra_average_reserve_requirements,https://www.bcra.gob.ar/archivos/Pdfs/PublicacionesEstadisticas/din1_ser.txt,66eeb0fa88aec93dc2450f27d6b6a407b09e286cc3bfbd8a2653e2196994ae80,2026-08-11T00:06:15Z
bcra_reserve_requirement_fx,2004-06,monthly,17.550000,percent,official,bcra_average_reserve_requirements,https://www.bcra.gob.ar/archivos/Pdfs/PublicacionesEstadisticas/din1_ser.txt,66eeb0fa88aec93dc2450f27d6b6a407b09e286cc3bfbd8a2653e2196994ae80,2026-08-11T00:06:15Z
bcra_reserve_requirement_fx,2004-07,monthly,11.380000,percent,official,bcra_average_reserve_requirements,https://www.bcra.gob.ar/archivos/Pdfs/PublicacionesEstadisticas/din1_ser.txt,66eeb0fa88aec93dc2450f27d6b6a407b09e286cc3bfbd8a2653e2196994ae80,2026-08-11T00:06:15Z
bcra_reserve_requirement_fx,2004-08,monthly,17.700000,percent,official,bcra_average_reserve_requirements,https://www.bcra.gob.ar/archivos/Pdfs/PublicacionesEstadisticas/din1_ser.txt,66eeb0fa88aec93dc2450f27d6b6a407b09e286cc3bfbd8a2653e2196994ae80,2026-08-11T00:06:15Z
bcra_reserve_requirement_fx,2004-09,monthly,17.560000,percent,official,bcra_average_reserve_requirements,https://www.bcra.gob.ar/archivos/Pdfs/PublicacionesEstadisticas/din1_ser.txt,66eeb0fa88aec93dc2450f27d6b6a407b09e286cc3bfbd8a2653e2196994ae80,2026-08-11T00:06:15Z
bcra_reserve_requirement_fx,2004-10,monthly,17.420000,percent,official,bcra_average_reserve_requirements,https://www.bcra.gob.ar/archivos/Pdfs/PublicacionesEstadisticas/din1_ser.txt,66eeb0fa88aec93dc2450f27d6b6a407b09e286cc3bfbd8a2653e2196994ae80,2026-08-11T00:06:15Z
bcra_reserve_requirement_fx,2004-11,monthly,17.650000,percent,official,bcra_average_reserve_requirements,https://www.bcra.gob.ar/archivos/Pdfs/PublicacionesEstadisticas/din1_ser.txt,66eeb0fa88aec93dc2450f27d6b6a407b09e286cc3bfbd8a2653e2196994ae80,2026-08-11T00:06:15Z
bcra_reserve_requirement_fx,2004-12,monthly,17.970000,percent,official,bcra_average_reserve_requirements,https://www.bcra.gob.ar/archivos/Pdfs/PublicacionesEstadisticas/din1_ser.txt,66eeb0fa88aec93dc2450f27d6b6a407b09e286cc3bfbd8a2653e2196994ae80,2026-08-11T00:06:15Z
bcra_reserve_requirement_fx,2005-01,monthly,18.130000,percent,official,bcra_average_reserve_requirements,https://www.bcra.gob.ar/archivos/Pdfs/PublicacionesEstadisticas/din1_ser.txt,66eeb0fa88aec93dc2450f27d6b6a407b09e286cc3bfbd8a2653e2196994ae80,2026-08-11T00:06:15Z
bcra_reserve_requirement_fx,2005-02,monthly,18.470000,percent,official,bcra_average_reserve_requirements,https://www.bcra.gob.ar/archivos/Pdfs/PublicacionesEstadisticas/din1_ser.txt,66eeb0fa88aec93dc2450f27d6b6a407b09e286cc3bfbd8a2653e2196994ae80,2026-08-11T00:06:15Z
bcra_reserve_requirement_fx,2005-03,monthly,19.000000,percent,official,bcra_average_reserve_requirements,https://www.bcra.gob.ar/archivos/Pdfs/PublicacionesEstadisticas/din1_ser.txt,66eeb0fa88aec93dc2450f27d6b6a407b09e286cc3bfbd8a2653e2196994ae80,2026-08-11T00:06:15Z
bcra_reserve_requirement_fx,2005-04,monthly,18.970000,percent,official,bcra_average_reserve_requirements,https://www.bcra.gob.ar/archivos/Pdfs/PublicacionesEstadisticas/din1_ser.txt,66eeb0fa88aec93dc2450f27d6b6a407b09e286cc3bfbd8a2653e2196994ae80,2026-08-11T00:06:15Z
bcra_reserve_requirement_fx,2005-05,monthly,19.720000,percent,official,bcra_average_reserve_requirements,https://www.bcra.gob.ar/archivos/Pdfs/PublicacionesEstadisticas/din1_ser.txt,66eeb0fa88aec93dc2450f27d6b6a407b09e286cc3bfbd8a2653e2196994ae80,2026-08-11T00:06:15Z
bcra_reserve_requirement_fx,2005-06,monthly,19.600000,percent,official,bcra_average_reserve_requirements,https://www.bcra.gob.ar/archivos/Pdfs/PublicacionesEstadisticas/din1_ser.txt,66eeb0fa88aec93dc2450f27d6b6a407b09e286cc3bfbd8a2653e2196994ae80,2026-08-11T00:06:15Z
bcra_reserve_requirement_fx,2005-07,monthly,20.130000,percent,official,bcra_average_reserve_requirements,https://www.bcra.gob.ar/archivos/Pdfs/PublicacionesEstadisticas/din1_ser.txt,66eeb0fa88aec93dc2450f27d6b6a407b09e286cc3bfbd8a2653e2196994ae80,2026-08-11T00:06:15Z
bcra_reserve_requirement_fx,2005-08,monthly,20.410000,percent,official,bcra_average_reserve_requirements,https://www.bcra.gob.ar/archivos/Pdfs/PublicacionesEstadisticas/din1_ser.txt,66eeb0fa88aec93dc2450f27d6b6a407b09e286cc3bfbd8a2653e2196994ae80,2026-08-11T00:06:15Z
bcra_reserve_requirement_fx,2005-09,monthly,19.810000,percent,official,bcra_average_reserve_requirements,https://www.bcra.gob.ar/archivos/Pdfs/PublicacionesEstadisticas/din1_ser.txt,66eeb0fa88aec93dc2450f27d6b6a407b09e286cc3bfbd8a2653e2196994ae80,2026-08-11T00:06:15Z
bcra_reserve_requirement_fx,2005-10,monthly,19.480000,percent,official,bcra_average_reserve_requirements,https://www.bcra.gob.ar/archivos/Pdfs/PublicacionesEstadisticas/din1_ser.txt,66eeb0fa88aec93dc2450f27d6b6a407b09e286cc3bfbd8a2653e2196994ae80,2026-08-11T00:06:15Z
bcra_reserve_requirement_fx,2005-11,monthly,19.190000,percent,official,bcra_average_reserve_requirements,https://www.bcra.gob.ar/archivos/Pdfs/PublicacionesEstadisticas/din1_ser.txt,66eeb0fa88aec93dc2450f27d6b6a407b09e286cc3bfbd8a2653e2196994ae80,2026-08-11T00:06:15Z
bcra_reserve_requirement_fx,2005-12,monthly,19.430000,percent,official,bcra_average_reserve_requirements,https://www.bcra.gob.ar/archivos/Pdfs/PublicacionesEstadisticas/din1_ser.txt,66eeb0fa88aec93dc2450f27d6b6a407b09e286cc3bfbd8a2653e2196994ae80,2026-08-11T00:06:15Z
bcra_reserve_requirement_fx,2006-01,monthly,19.750000,percent,official,bcra_average_reserve_requirements,https://www.bcra.gob.ar/archivos/Pdfs/PublicacionesEstadisticas/din1_ser.txt,66eeb0fa88aec93dc2450f27d6b6a407b09e286cc3bfbd8a2653e2196994ae80,2026-08-11T00:06:15Z
bcra_reserve_requirement_fx,2006-02,monthly,20.280000,percent,official,bcra_average_reserve_requirements,https://www.bcra.gob.ar/archivos/Pdfs/PublicacionesEstadisticas/din1_ser.txt,66eeb0fa88aec93dc2450f27d6b6a407b09e286cc3bfbd8a2653e2196994ae80,2026-08-11T00:06:15Z
bcra_reserve_requirement_fx,2006-03,monthly,20.550000,percent,official,bcra_average_reserve_requirements,https://www.bcra.gob.ar/archivos/Pdfs/PublicacionesEstadisticas/din1_ser.txt,66eeb0fa88aec93dc2450f27d6b6a407b09e286cc3bfbd8a2653e2196994ae80,2026-08-11T00:06:15Z
bcra_reserve_requirement_fx,2006-04,monthly,20.400000,percent,official,bcra_average_reserve_requirements,https://www.bcra.gob.ar/archivos/Pdfs/PublicacionesEstadisticas/din1_ser.txt,66eeb0fa88aec93dc2450f27d6b6a407b09e286cc3bfbd8a2653e2196994ae80,2026-08-11T00:06:15Z
bcra_reserve_requirement_fx,2006-05,monthly,20.820000,percent,official,bcra_average_reserve_requirements,https://www.bcra.gob.ar/archivos/Pdfs/PublicacionesEstadisticas/din1_ser.txt,66eeb0fa88aec93dc2450f27d6b6a407b09e286cc3bfbd8a2653e2196994ae80,2026-08-11T00:06:15Z
bcra_reserve_requirement_fx,2006-06,monthly,21.060000,percent,official,bcra_average_reserve_requirements,https://www.bcra.gob.ar/archivos/Pdfs/PublicacionesEstadisticas/din1_ser.txt,66eeb0fa88aec93dc2450f27d6b6a407b09e286cc3bfbd8a2653e2196994ae80,2026-08-11T00:06:15Z
bcra_reserve_requirement_fx,2006-07,monthly,21.620000,percent,official,bcra_average_reserve_requirements,https://www.bcra.gob.ar/archivos/Pdfs/PublicacionesEstadisticas/din1_ser.txt,66eeb0fa88aec93dc2450f27d6b6a407b09e286cc3bfbd8a2653e2196994ae80,2026-08-11T00:06:15Z
bcra_reserve_requirement_fx,2006-08,monthly,21.570000,percent,official,bcra_average_reserve_requirements,https://www.bcra.gob.ar/archivos/Pdfs/PublicacionesEstadisticas/din1_ser.txt,66eeb0fa88aec93dc2450f27d6b6a407b09e286cc3bfbd8a2653e2196994ae80,2026-08-11T00:06:15Z
bcra_reserve_requirement_fx,2006-09,monthly,21.250000,percent,official,bcra_average_reserve_requirements,https://www.bcra.gob.ar/archivos/Pdfs/PublicacionesEstadisticas/din1_ser.txt,66eeb0fa88aec93dc2450f27d6b6a407b09e286cc3bfbd8a2653e2196994ae80,2026-08-11T00:06:15Z
bcra_reserve_requirement_fx,2006-10,monthly,21.490000,percent,official,bcra_average_reserve_requirements,https://www.bcra.gob.ar/archivos/Pdfs/PublicacionesEstadisticas/din1_ser.txt,66eeb0fa88aec93dc2450f27d6b6a407b09e286cc3bfbd8a2653e2196994ae80,2026-08-11T00:06:15Z
bcra_reserve_requirement_fx,2006-11,monthly,22.140000,percent,official,bcra_average_reserve_requirements,https://www.bcra.gob.ar/archivos/Pdfs/PublicacionesEstadisticas/din1_ser.txt,66eeb0fa88aec93dc2450f27d6b6a407b09e286cc3bfbd8a2653e2196994ae80,2026-08-11T00:06:15Z
bcra_reserve_requirement_fx,2006-12,monthly,20.600000,percent,official,bcra_average_reserve_requirements,https://www.bcra.gob.ar/archivos/Pdfs/PublicacionesEstadisticas/din1_ser.txt,66eeb0fa88aec93dc2450f27d6b6a407b09e286cc3bfbd8a2653e2196994ae80,2026-08-11T00:06:15Z
bcra_reserve_requirement_fx,2007-01,monthly,19.830000,percent,official,bcra_average_reserve_requirements,https://www.bcra.gob.ar/archivos/Pdfs/PublicacionesEstadisticas/din1_ser.txt,66eeb0fa88aec93dc2450f27d6b6a407b09e286cc3bfbd8a2653e2196994ae80,2026-08-11T00:06:15Z
bcra_reserve_requirement_fx,2007-02,monthly,19.810000,percent,official,bcra_average_reserve_requirements,https://www.bcra.gob.ar/archivos/Pdfs/PublicacionesEstadisticas/din1_ser.txt,66eeb0fa88aec93dc2450f27d6b6a407b09e286cc3bfbd8a2653e2196994ae80,2026-08-11T00:06:15Z
bcra_reserve_requirement_fx,2007-03,monthly,20.200000,percent,official,bcra_average_reserve_requirements,https://www.bcra.gob.ar/archivos/Pdfs/PublicacionesEstadisticas/din1_ser.txt,66eeb0fa88aec93dc2450f27d6b6a407b09e286cc3bfbd8a2653e2196994ae80,2026-08-11T00:06:15Z
bcra_reserve_requirement_fx,2007-04,monthly,20.550000,percent,official,bcra_average_reserve_requirements,https://www.bcra.gob.ar/archivos/Pdfs/PublicacionesEstadisticas/din1_ser.txt,66eeb0fa88aec93dc2450f27d6b6a407b09e286cc3bfbd8a2653e2196994ae80,2026-08-11T00:06:15Z
bcra_reserve_requirement_fx,2007-05,monthly,20.630000,percent,official,bcra_average_reserve_requirements,https://www.bcra.gob.ar/archivos/Pdfs/PublicacionesEstadisticas/din1_ser.txt,66eeb0fa88aec93dc2450f27d6b6a407b09e286cc3bfbd8a2653e2196994ae80,2026-08-11T00:06:15Z
bcra_reserve_requirement_fx,2007-06,monthly,20.710000,percent,official,bcra_average_reserve_requirements,https://www.bcra.gob.ar/archivos/Pdfs/PublicacionesEstadisticas/din1_ser.txt,66eeb0fa88aec93dc2450f27d6b6a407b09e286cc3bfbd8a2653e2196994ae80,2026-08-11T00:06:15Z
bcra_reserve_requirement_fx,2007-07,monthly,20.840000,percent,official,bcra_average_reserve_requirements,https://www.bcra.gob.ar/archivos/Pdfs/PublicacionesEstadisticas/din1_ser.txt,66eeb0fa88aec93dc2450f27d6b6a407b09e286cc3bfbd8a2653e2196994ae80,2026-08-11T00:06:15Z
bcra_reserve_requirement_fx,2007-08,monthly,21.680000,percent,official,bcra_average_reserve_requirements,https://www.bcra.gob.ar/archivos/Pdfs/PublicacionesEstadisticas/din1_ser.txt,66eeb0fa88aec93dc2450f27d6b6a407b09e286cc3bfbd8a2653e2196994ae80,2026-08-11T00:06:15Z
bcra_reserve_requirement_fx,2007-09,monthly,21.940000,percent,official,bcra_average_reserve_requirements,https://www.bcra.gob.ar/archivos/Pdfs/PublicacionesEstadisticas/din1_ser.txt,66eeb0fa88aec93dc2450f27d6b6a407b09e286cc3bfbd8a2653e2196994ae80,2026-08-11T00:06:15Z
bcra_reserve_requirement_fx,2007-10,monthly,21.980000,percent,official,bcra_average_reserve_requirements,https://www.bcra.gob.ar/archivos/Pdfs/PublicacionesEstadisticas/din1_ser.txt,66eeb0fa88aec93dc2450f27d6b6a407b09e286cc3bfbd8a2653e2196994ae80,2026-08-11T00:06:15Z
bcra_reserve_requirement_fx,2007-11,monthly,22.220000,percent,official,bcra_average_reserve_requirements,https://www.bcra.gob.ar/archivos/Pdfs/PublicacionesEstadisticas/din1_ser.txt,66eeb0fa88aec93dc2450f27d6b6a407b09e286cc3bfbd8a2653e2196994ae80,2026-08-11T00:06:15Z
bcra_reserve_requirement_fx,2007-12,monthly,22.530000,percent,official,bcra_average_reserve_requirements,https://www.bcra.gob.ar/archivos/Pdfs/PublicacionesEstadisticas/din1_ser.txt,66eeb0fa88aec93dc2450f27d6b6a407b09e286cc3bfbd8a2653e2196994ae80,2026-08-11T00:06:15Z
bcra_reserve_requirement_fx,2008-01,monthly,22.370000,percent,official,bcra_average_reserve_requirements,https://www.bcra.gob.ar/archivos/Pdfs/PublicacionesEstadisticas/din1_ser.txt,66eeb0fa88aec93dc2450f27d6b6a407b09e286cc3bfbd8a2653e2196994ae80,2026-08-11T00:06:15Z
bcra_reserve_requirement_fx,2008-02,monthly,22.410000,percent,official,bcra_average_reserve_requirements,https://www.bcra.gob.ar/archivos/Pdfs/PublicacionesEstadisticas/din1_ser.txt,66eeb0fa88aec93dc2450f27d6b6a407b09e286cc3bfbd8a2653e2196994ae80,2026-08-11T00:06:15Z
bcra_reserve_requirement_fx,2008-03,monthly,22.600000,percent,official,bcra_average_reserve_requirements,https://www.bcra.gob.ar/archivos/Pdfs/PublicacionesEstadisticas/din1_ser.txt,66eeb0fa88aec93dc2450f27d6b6a407b09e286cc3bfbd8a2653e2196994ae80,2026-08-11T00:06:15Z
bcra_reserve_requirement_fx,2008-04,monthly,22.900000,percent,official,bcra_average_reserve_requirements,https://www.bcra.gob.ar/archivos/Pdfs/PublicacionesEstadisticas/din1_ser.txt,66eeb0fa88aec93dc2450f27d6b6a407b09e286cc3bfbd8a2653e2196994ae80,2026-08-11T00:06:15Z
bcra_reserve_requirement_fx,2008-05,monthly,23.180000,percent,official,bcra_average_reserve_requirements,https://www.bcra.gob.ar/archivos/Pdfs/PublicacionesEstadisticas/din1_ser.txt,66eeb0fa88aec93dc2450f27d6b6a407b09e286cc3bfbd8a2653e2196994ae80,2026-08-11T00:06:15Z
bcra_reserve_requirement_fx,2008-06,monthly,23.520000,percent,official,bcra_average_reserve_requirements,https://www.bcra.gob.ar/archivos/Pdfs/PublicacionesEstadisticas/din1_ser.txt,66eeb0fa88aec93dc2450f27d6b6a407b09e286cc3bfbd8a2653e2196994ae80,2026-08-11T00:06:15Z
bcra_reserve_requirement_fx,2008-07,monthly,24.970000,percent,official,bcra_average_reserve_requirements,https://www.bcra.gob.ar/archivos/Pdfs/PublicacionesEstadisticas/din1_ser.txt,66eeb0fa88aec93dc2450f27d6b6a407b09e286cc3bfbd8a2653e2196994ae80,2026-08-11T00:06:15Z
bcra_reserve_requirement_fx,2008-08,monthly,25.220000,percent,official,bcra_average_reserve_requirements,https://www.bcra.gob.ar/archivos/Pdfs/PublicacionesEstadisticas/din1_ser.txt,66eeb0fa88aec93dc2450f27d6b6a407b09e286cc3bfbd8a2653e2196994ae80,2026-08-11T00:06:15Z
bcra_reserve_requirement_fx,2008-09,monthly,25.340000,percent,official,bcra_average_reserve_requirements,https://www.bcra.gob.ar/archivos/Pdfs/PublicacionesEstadisticas/din1_ser.txt,66eeb0fa88aec93dc2450f27d6b6a407b09e286cc3bfbd8a2653e2196994ae80,2026-08-11T00:06:15Z
bcra_reserve_requirement_fx,2008-10,monthly,25.780000,percent,official,bcra_average_reserve_requirements,https://www.bcra.gob.ar/archivos/Pdfs/PublicacionesEstadisticas/din1_ser.txt,66eeb0fa88aec93dc2450f27d6b6a407b09e286cc3bfbd8a2653e2196994ae80,2026-08-11T00:06:15Z
bcra_reserve_requirement_fx,2008-11,monthly,17.100000,percent,official,bcra_average_reserve_requirements,https://www.bcra.gob.ar/archivos/Pdfs/PublicacionesEstadisticas/din1_ser.txt,66eeb0fa88aec93dc2450f27d6b6a407b09e286cc3bfbd8a2653e2196994ae80,2026-08-11T00:06:15Z
bcra_reserve_requirement_fx,2008-12,monthly,17.640000,percent,official,bcra_average_reserve_requirements,https://www.bcra.gob.ar/archivos/Pdfs/PublicacionesEstadisticas/din1_ser.txt,66eeb0fa88aec93dc2450f27d6b6a407b09e286cc3bfbd8a2653e2196994ae80,2026-08-11T00:06:15Z
bcra_reserve_requirement_fx,2009-01,monthly,17.390000,percent,official,bcra_average_reserve_requirements,https://www.bcra.gob.ar/archivos/Pdfs/PublicacionesEstadisticas/din1_ser.txt,66eeb0fa88aec93dc2450f27d6b6a407b09e286cc3bfbd8a2653e2196994ae80,2026-08-11T00:06:15Z
bcra_reserve_requirement_fx,2009-02,monthly,17.380000,percent,official,bcra_average_reserve_requirements,https://www.bcra.gob.ar/archivos/Pdfs/PublicacionesEstadisticas/din1_ser.txt,66eeb0fa88aec93dc2450f27d6b6a407b09e286cc3bfbd8a2653e2196994ae80,2026-08-11T00:06:15Z
bcra_reserve_requirement_fx,2009-03,monthly,17.410000,percent,official,bcra_average_reserve_requirements,https://www.bcra.gob.ar/archivos/Pdfs/PublicacionesEstadisticas/din1_ser.txt,66eeb0fa88aec93dc2450f27d6b6a407b09e286cc3bfbd8a2653e2196994ae80,2026-08-11T00:06:15Z
bcra_reserve_requirement_fx,2009-04,monthly,17.160000,percent,official,bcra_average_reserve_requirements,https://www.bcra.gob.ar/archivos/Pdfs/PublicacionesEstadisticas/din1_ser.txt,66eeb0fa88aec93dc2450f27d6b6a407b09e286cc3bfbd8a2653e2196994ae80,2026-08-11T00:06:15Z
bcra_reserve_requirement_fx,2009-05,monthly,17.610000,percent,official,bcra_average_reserve_requirements,https://www.bcra.gob.ar/archivos/Pdfs/PublicacionesEstadisticas/din1_ser.txt,66eeb0fa88aec93dc2450f27d6b6a407b09e286cc3bfbd8a2653e2196994ae80,2026-08-11T00:06:15Z
bcra_reserve_requirement_fx,2009-06,monthly,17.690000,percent,official,bcra_average_reserve_requirements,https://www.bcra.gob.ar/archivos/Pdfs/PublicacionesEstadisticas/din1_ser.txt,66eeb0fa88aec93dc2450f27d6b6a407b09e286cc3bfbd8a2653e2196994ae80,2026-08-11T00:06:15Z
bcra_reserve_requirement_fx,2009-07,monthly,17.900000,percent,official,bcra_average_reserve_requirements,https://www.bcra.gob.ar/archivos/Pdfs/PublicacionesEstadisticas/din1_ser.txt,66eeb0fa88aec93dc2450f27d6b6a407b09e286cc3bfbd8a2653e2196994ae80,2026-08-11T00:06:15Z
bcra_reserve_requirement_fx,2009-08,monthly,17.920000,percent,official,bcra_average_reserve_requirements,https://www.bcra.gob.ar/archivos/Pdfs/PublicacionesEstadisticas/din1_ser.txt,66eeb0fa88aec93dc2450f27d6b6a407b09e286cc3bfbd8a2653e2196994ae80,2026-08-11T00:06:15Z
bcra_reserve_requirement_fx,2009-09,monthly,18.210000,percent,official,bcra_average_reserve_requirements,https://www.bcra.gob.ar/archivos/Pdfs/PublicacionesEstadisticas/din1_ser.txt,66eeb0fa88aec93dc2450f27d6b6a407b09e286cc3bfbd8a2653e2196994ae80,2026-08-11T00:06:15Z
bcra_reserve_requirement_fx,2009-10,monthly,18.170000,percent,official,bcra_average_reserve_requirements,https://www.bcra.gob.ar/archivos/Pdfs/PublicacionesEstadisticas/din1_ser.txt,66eeb0fa88aec93dc2450f27d6b6a407b09e286cc3bfbd8a2653e2196994ae80,2026-08-11T00:06:15Z
bcra_reserve_requirement_fx,2009-11,monthly,18.480000,percent,official,bcra_average_reserve_requirements,https://www.bcra.gob.ar/archivos/Pdfs/PublicacionesEstadisticas/din1_ser.txt,66eeb0fa88aec93dc2450f27d6b6a407b09e286cc3bfbd8a2653e2196994ae80,2026-08-11T00:06:15Z
bcra_reserve_requirement_fx,2009-12,monthly,18.510000,percent,official,bcra_average_reserve_requirements,https://www.bcra.gob.ar/archivos/Pdfs/PublicacionesEstadisticas/din1_ser.txt,66eeb0fa88aec93dc2450f27d6b6a407b09e286cc3bfbd8a2653e2196994ae80,2026-08-11T00:06:15Z
bcra_reserve_requirement_fx,2010-01,monthly,18.300000,percent,official,bcra_average_reserve_requirements,https://www.bcra.gob.ar/archivos/Pdfs/PublicacionesEstadisticas/din1_ser.txt,66eeb0fa88aec93dc2450f27d6b6a407b09e286cc3bfbd8a2653e2196994ae80,2026-08-11T00:06:15Z
bcra_reserve_requirement_fx,2010-02,monthly,18.460000,percent,official,bcra_average_reserve_requirements,https://www.bcra.gob.ar/archivos/Pdfs/PublicacionesEstadisticas/din1_ser.txt,66eeb0fa88aec93dc2450f27d6b6a407b09e286cc3bfbd8a2653e2196994ae80,2026-08-11T00:06:15Z
bcra_reserve_requirement_fx,2010-03,monthly,18.470000,percent,official,bcra_average_reserve_requirements,https://www.bcra.gob.ar/archivos/Pdfs/PublicacionesEstadisticas/din1_ser.txt,66eeb0fa88aec93dc2450f27d6b6a407b09e286cc3bfbd8a2653e2196994ae80,2026-08-11T00:06:15Z
bcra_reserve_requirement_fx,2010-04,monthly,19.160000,percent,official,bcra_average_reserve_requirements,https://www.bcra.gob.ar/archivos/Pdfs/PublicacionesEstadisticas/din1_ser.txt,66eeb0fa88aec93dc2450f27d6b6a407b09e286cc3bfbd8a2653e2196994ae80,2026-08-11T00:06:15Z
bcra_reserve_requirement_fx,2010-05,monthly,18.970000,percent,official,bcra_average_reserve_requirements,https://www.bcra.gob.ar/archivos/Pdfs/PublicacionesEstadisticas/din1_ser.txt,66eeb0fa88aec93dc2450f27d6b6a407b09e286cc3bfbd8a2653e2196994ae80,2026-08-11T00:06:15Z
bcra_reserve_requirement_fx,2010-06,monthly,18.860000,percent,official,bcra_average_reserve_requirements,https://www.bcra.gob.ar/archivos/Pdfs/PublicacionesEstadisticas/din1_ser.txt,66eeb0fa88aec93dc2450f27d6b6a407b09e286cc3bfbd8a2653e2196994ae80,2026-08-11T00:06:15Z
bcra_reserve_requirement_fx,2010-07,monthly,18.680000,percent,official,bcra_average_reserve_requirements,https://www.bcra.gob.ar/archivos/Pdfs/PublicacionesEstadisticas/din1_ser.txt,66eeb0fa88aec93dc2450f27d6b6a407b09e286cc3bfbd8a2653e2196994ae80,2026-08-11T00:06:15Z
bcra_reserve_requirement_fx,2010-08,monthly,18.900000,percent,official,bcra_average_reserve_requirements,https://www.bcra.gob.ar/archivos/Pdfs/PublicacionesEstadisticas/din1_ser.txt,66eeb0fa88aec93dc2450f27d6b6a407b09e286cc3bfbd8a2653e2196994ae80,2026-08-11T00:06:15Z
bcra_reserve_requirement_fx,2010-09,monthly,18.800000,percent,official,bcra_average_reserve_requirements,https://www.bcra.gob.ar/archivos/Pdfs/PublicacionesEstadisticas/din1_ser.txt,66eeb0fa88aec93dc2450f27d6b6a407b09e286cc3bfbd8a2653e2196994ae80,2026-08-11T00:06:15Z
bcra_reserve_requirement_fx,2010-10,monthly,19.130000,percent,official,bcra_average_reserve_requirements,https://www.bcra.gob.ar/archivos/Pdfs/PublicacionesEstadisticas/din1_ser.txt,66eeb0fa88aec93dc2450f27d6b6a407b09e286cc3bfbd8a2653e2196994ae80,2026-08-11T00:06:15Z
bcra_reserve_requirement_fx,2010-11,monthly,19.450000,percent,official,bcra_average_reserve_requirements,https://www.bcra.gob.ar/archivos/Pdfs/PublicacionesEstadisticas/din1_ser.txt,66eeb0fa88aec93dc2450f27d6b6a407b09e286cc3bfbd8a2653e2196994ae80,2026-08-11T00:06:15Z
bcra_reserve_requirement_fx,2010-12,monthly,19.020000,percent,official,bcra_average_reserve_requirements,https://www.bcra.gob.ar/archivos/Pdfs/PublicacionesEstadisticas/din1_ser.txt,66eeb0fa88aec93dc2450f27d6b6a407b09e286cc3bfbd8a2653e2196994ae80,2026-08-11T00:06:15Z
bcra_reserve_requirement_fx,2011-01,monthly,18.880000,percent,official,bcra_average_reserve_requirements,https://www.bcra.gob.ar/archivos/Pdfs/PublicacionesEstadisticas/din1_ser.txt,66eeb0fa88aec93dc2450f27d6b6a407b09e286cc3bfbd8a2653e2196994ae80,2026-08-11T00:06:15Z
bcra_reserve_requirement_fx,2011-02,monthly,19.560000,percent,official,bcra_average_reserve_requirements,https://www.bcra.gob.ar/archivos/Pdfs/PublicacionesEstadisticas/din1_ser.txt,66eeb0fa88aec93dc2450f27d6b6a407b09e286cc3bfbd8a2653e2196994ae80,2026-08-11T00:06:15Z
bcra_reserve_requirement_fx,2011-03,monthly,19.350000,percent,official,bcra_average_reserve_requirements,https://www.bcra.gob.ar/archivos/Pdfs/PublicacionesEstadisticas/din1_ser.txt,66eeb0fa88aec93dc2450f27d6b6a407b09e286cc3bfbd8a2653e2196994ae80,2026-08-11T00:06:15Z
bcra_reserve_requirement_fx,2011-04,monthly,19.160000,percent,official,bcra_average_reserve_requirements,https://www.bcra.gob.ar/archivos/Pdfs/PublicacionesEstadisticas/din1_ser.txt,66eeb0fa88aec93dc2450f27d6b6a407b09e286cc3bfbd8a2653e2196994ae80,2026-08-11T00:06:15Z
bcra_reserve_requirement_fx,2011-05,monthly,18.770000,percent,official,bcra_average_reserve_requirements,https://www.bcra.gob.ar/archivos/Pdfs/PublicacionesEstadisticas/din1_ser.txt,66eeb0fa88aec93dc2450f27d6b6a407b09e286cc3bfbd8a2653e2196994ae80,2026-08-11T00:06:15Z
bcra_reserve_requirement_fx,2011-06,monthly,18.500000,percent,official,bcra_average_reserve_requirements,https://www.bcra.gob.ar/archivos/Pdfs/PublicacionesEstadisticas/din1_ser.txt,66eeb0fa88aec93dc2450f27d6b6a407b09e286cc3bfbd8a2653e2196994ae80,2026-08-11T00:06:15Z
bcra_reserve_requirement_fx,2011-07,monthly,18.520000,percent,official,bcra_average_reserve_requirements,https://www.bcra.gob.ar/archivos/Pdfs/PublicacionesEstadisticas/din1_ser.txt,66eeb0fa88aec93dc2450f27d6b6a407b09e286cc3bfbd8a2653e2196994ae80,2026-08-11T00:06:15Z
bcra_reserve_requirement_fx,2011-08,monthly,18.440000,percent,official,bcra_average_reserve_requirements,https://www.bcra.gob.ar/archivos/Pdfs/PublicacionesEstadisticas/din1_ser.txt,66eeb0fa88aec93dc2450f27d6b6a407b09e286cc3bfbd8a2653e2196994ae80,2026-08-11T00:06:15Z
bcra_reserve_requirement_fx,2011-09,monthly,18.410000,percent,official,bcra_average_reserve_requirements,https://www.bcra.gob.ar/archivos/Pdfs/PublicacionesEstadisticas/din1_ser.txt,66eeb0fa88aec93dc2450f27d6b6a407b09e286cc3bfbd8a2653e2196994ae80,2026-08-11T00:06:15Z
bcra_reserve_requirement_fx,2011-10,monthly,18.380000,percent,official,bcra_average_reserve_requirements,https://www.bcra.gob.ar/archivos/Pdfs/PublicacionesEstadisticas/din1_ser.txt,66eeb0fa88aec93dc2450f27d6b6a407b09e286cc3bfbd8a2653e2196994ae80,2026-08-11T00:06:15Z
bcra_reserve_requirement_fx,2011-11,monthly,18.510000,percent,official,bcra_average_reserve_requirements,https://www.bcra.gob.ar/archivos/Pdfs/PublicacionesEstadisticas/din1_ser.txt,66eeb0fa88aec93dc2450f27d6b6a407b09e286cc3bfbd8a2653e2196994ae80,2026-08-11T00:06:15Z
bcra_reserve_requirement_fx,2011-12,monthly,18.720000,percent,official,bcra_average_reserve_requirements,https://www.bcra.gob.ar/archivos/Pdfs/PublicacionesEstadisticas/din1_ser.txt,66eeb0fa88aec93dc2450f27d6b6a407b09e286cc3bfbd8a2653e2196994ae80,2026-08-11T00:06:15Z
bcra_reserve_requirement_fx,2012-01,monthly,18.650000,percent,official,bcra_average_reserve_requirements,https://www.bcra.gob.ar/archivos/Pdfs/PublicacionesEstadisticas/din1_ser.txt,66eeb0fa88aec93dc2450f27d6b6a407b09e286cc3bfbd8a2653e2196994ae80,2026-08-11T00:06:15Z
bcra_reserve_requirement_fx,2012-02,monthly,18.610000,percent,official,bcra_average_reserve_requirements,https://www.bcra.gob.ar/archivos/Pdfs/PublicacionesEstadisticas/din1_ser.txt,66eeb0fa88aec93dc2450f27d6b6a407b09e286cc3bfbd8a2653e2196994ae80,2026-08-11T00:06:15Z
bcra_reserve_requirement_fx,2012-03,monthly,19.040000,percent,official,bcra_average_reserve_requirements,https://www.bcra.gob.ar/archivos/Pdfs/PublicacionesEstadisticas/din1_ser.txt,66eeb0fa88aec93dc2450f27d6b6a407b09e286cc3bfbd8a2653e2196994ae80,2026-08-11T00:06:15Z
bcra_reserve_requirement_fx,2012-04,monthly,18.820000,percent,official,bcra_average_reserve_requirements,https://www.bcra.gob.ar/archivos/Pdfs/PublicacionesEstadisticas/din1_ser.txt,66eeb0fa88aec93dc2450f27d6b6a407b09e286cc3bfbd8a2653e2196994ae80,2026-08-11T00:06:15Z
bcra_reserve_requirement_fx,2012-05,monthly,18.110000,percent,official,bcra_average_reserve_requirements,https://www.bcra.gob.ar/archivos/Pdfs/PublicacionesEstadisticas/din1_ser.txt,66eeb0fa88aec93dc2450f27d6b6a407b09e286cc3bfbd8a2653e2196994ae80,2026-08-11T00:06:15Z
bcra_reserve_requirement_fx,2012-06,monthly,17.240000,percent,official,bcra_average_reserve_requirements,https://www.bcra.gob.ar/archivos/Pdfs/PublicacionesEstadisticas/din1_ser.txt,66eeb0fa88aec93dc2450f27d6b6a407b09e286cc3bfbd8a2653e2196994ae80,2026-08-11T00:06:15Z
bcra_reserve_requirement_fx,2012-07,monthly,17.240000,percent,official,bcra_average_reserve_requirements,https://www.bcra.gob.ar/archivos/Pdfs/PublicacionesEstadisticas/din1_ser.txt,66eeb0fa88aec93dc2450f27d6b6a407b09e286cc3bfbd8a2653e2196994ae80,2026-08-11T00:06:15Z
bcra_reserve_requirement_fx,2012-08,monthly,17.180000,percent,official,bcra_average_reserve_requirements,https://www.bcra.gob.ar/archivos/Pdfs/PublicacionesEstadisticas/din1_ser.txt,66eeb0fa88aec93dc2450f27d6b6a407b09e286cc3bfbd8a2653e2196994ae80,2026-08-11T00:06:15Z
bcra_reserve_requirement_fx,2012-09,monthly,17.000000,percent,official,bcra_average_reserve_requirements,https://www.bcra.gob.ar/archivos/Pdfs/PublicacionesEstadisticas/din1_ser.txt,66eeb0fa88aec93dc2450f27d6b6a407b09e286cc3bfbd8a2653e2196994ae80,2026-08-11T00:06:15Z
bcra_reserve_requirement_fx,2012-10,monthly,17.010000,percent,official,bcra_average_reserve_requirements,https://www.bcra.gob.ar/archivos/Pdfs/PublicacionesEstadisticas/din1_ser.txt,66eeb0fa88aec93dc2450f27d6b6a407b09e286cc3bfbd8a2653e2196994ae80,2026-08-11T00:06:15Z
bcra_reserve_requirement_fx,2012-11,monthly,17.070000,percent,official,bcra_average_reserve_requirements,https://www.bcra.gob.ar/archivos/Pdfs/PublicacionesEstadisticas/din1_ser.txt,66eeb0fa88aec93dc2450f27d6b6a407b09e286cc3bfbd8a2653e2196994ae80,2026-08-11T00:06:15Z
bcra_reserve_requirement_fx,2012-12,monthly,17.230000,percent,official,bcra_average_reserve_requirements,https://www.bcra.gob.ar/archivos/Pdfs/PublicacionesEstadisticas/din1_ser.txt,66eeb0fa88aec93dc2450f27d6b6a407b09e286cc3bfbd8a2653e2196994ae80,2026-08-11T00:06:15Z
bcra_reserve_requirement_fx,2013-01,monthly,16.890000,percent,official,bcra_average_reserve_requirements,https://www.bcra.gob.ar/archivos/Pdfs/PublicacionesEstadisticas/din1_ser.txt,66eeb0fa88aec93dc2450f27d6b6a407b09e286cc3bfbd8a2653e2196994ae80,2026-08-11T00:06:15Z
bcra_reserve_requirement_fx,2013-02,monthly,16.700000,percent,official,bcra_average_reserve_requirements,https://www.bcra.gob.ar/archivos/Pdfs/PublicacionesEstadisticas/din1_ser.txt,66eeb0fa88aec93dc2450f27d6b6a407b09e286cc3bfbd8a2653e2196994ae80,2026-08-11T00:06:15Z
bcra_reserve_requirement_fx,2013-03,monthly,16.560000,percent,official,bcra_average_reserve_requirements,https://www.bcra.gob.ar/archivos/Pdfs/PublicacionesEstadisticas/din1_ser.txt,66eeb0fa88aec93dc2450f27d6b6a407b09e286cc3bfbd8a2653e2196994ae80,2026-08-11T00:06:15Z
bcra_reserve_requirement_fx,2013-04,monthly,16.500000,percent,official,bcra_average_reserve_requirements,https://www.bcra.gob.ar/archivos/Pdfs/PublicacionesEstadisticas/din1_ser.txt,66eeb0fa88aec93dc2450f27d6b6a407b09e286cc3bfbd8a2653e2196994ae80,2026-08-11T00:06:15Z
bcra_reserve_requirement_fx,2013-05,monthly,16.330000,percent,official,bcra_average_reserve_requirements,https://www.bcra.gob.ar/archivos/Pdfs/PublicacionesEstadisticas/din1_ser.txt,66eeb0fa88aec93dc2450f27d6b6a407b09e286cc3bfbd8a2653e2196994ae80,2026-08-11T00:06:15Z
bcra_reserve_requirement_fx,2013-06,monthly,16.470000,percent,official,bcra_average_reserve_requirements,https://www.bcra.gob.ar/archivos/Pdfs/PublicacionesEstadisticas/din1_ser.txt,66eeb0fa88aec93dc2450f27d6b6a407b09e286cc3bfbd8a2653e2196994ae80,2026-08-11T00:06:15Z
bcra_reserve_requirement_fx,2013-07,monthly,16.500000,percent,official,bcra_average_reserve_requirements,https://www.bcra.gob.ar/archivos/Pdfs/PublicacionesEstadisticas/din1_ser.txt,66eeb0fa88aec93dc2450f27d6b6a407b09e286cc3bfbd8a2653e2196994ae80,2026-08-11T00:06:15Z
bcra_reserve_requirement_fx,2013-08,monthly,16.100000,percent,official,bcra_average_reserve_requirements,https://www.bcra.gob.ar/archivos/Pdfs/PublicacionesEstadisticas/din1_ser.txt,66eeb0fa88aec93dc2450f27d6b6a407b09e286cc3bfbd8a2653e2196994ae80,2026-08-11T00:06:15Z
bcra_reserve_requirement_fx,2013-09,monthly,16.200000,percent,official,bcra_average_reserve_requirements,https://www.bcra.gob.ar/archivos/Pdfs/PublicacionesEstadisticas/din1_ser.txt,66eeb0fa88aec93dc2450f27d6b6a407b09e286cc3bfbd8a2653e2196994ae80,2026-08-11T00:06:15Z
bcra_reserve_requirement_fx,2013-10,monthly,16.390000,percent,official,bcra_average_reserve_requirements,https://www.bcra.gob.ar/archivos/Pdfs/PublicacionesEstadisticas/din1_ser.txt,66eeb0fa88aec93dc2450f27d6b6a407b09e286cc3bfbd8a2653e2196994ae80,2026-08-11T00:06:15Z
bcra_reserve_requirement_fx,2013-11,monthly,16.250000,percent,official,bcra_average_reserve_requirements,https://www.bcra.gob.ar/archivos/Pdfs/PublicacionesEstadisticas/din1_ser.txt,66eeb0fa88aec93dc2450f27d6b6a407b09e286cc3bfbd8a2653e2196994ae80,2026-08-11T00:06:15Z
bcra_reserve_requirement_fx,2013-12,monthly,17.020000,percent,official,bcra_average_reserve_requirements,https://www.bcra.gob.ar/archivos/Pdfs/PublicacionesEstadisticas/din1_ser.txt,66eeb0fa88aec93dc2450f27d6b6a407b09e286cc3bfbd8a2653e2196994ae80,2026-08-11T00:06:15Z
bcra_reserve_requirement_fx,2014-01,monthly,17.930000,percent,official,bcra_average_reserve_requirements,https://www.bcra.gob.ar/archivos/Pdfs/PublicacionesEstadisticas/din1_ser.txt,66eeb0fa88aec93dc2450f27d6b6a407b09e286cc3bfbd8a2653e2196994ae80,2026-08-11T00:06:15Z
bcra_reserve_requirement_fx,2014-02,monthly,25.250000,percent,official,bcra_average_reserve_requirements,https://www.bcra.gob.ar/archivos/Pdfs/PublicacionesEstadisticas/din1_ser.txt,66eeb0fa88aec93dc2450f27d6b6a407b09e286cc3bfbd8a2653e2196994ae80,2026-08-11T00:06:15Z
bcra_reserve_requirement_fx,2014-03,monthly,32.440000,percent,official,bcra_average_reserve_requirements,https://www.bcra.gob.ar/archivos/Pdfs/PublicacionesEstadisticas/din1_ser.txt,66eeb0fa88aec93dc2450f27d6b6a407b09e286cc3bfbd8a2653e2196994ae80,2026-08-11T00:06:15Z
bcra_reserve_requirement_fx,2014-04,monthly,42.520000,percent,official,bcra_average_reserve_requirements,https://www.bcra.gob.ar/archivos/Pdfs/PublicacionesEstadisticas/din1_ser.txt,66eeb0fa88aec93dc2450f27d6b6a407b09e286cc3bfbd8a2653e2196994ae80,2026-08-11T00:06:15Z
bcra_reserve_requirement_fx,2014-05,monthly,38.670000,percent,official,bcra_average_reserve_requirements,https://www.bcra.gob.ar/archivos/Pdfs/PublicacionesEstadisticas/din1_ser.txt,66eeb0fa88aec93dc2450f27d6b6a407b09e286cc3bfbd8a2653e2196994ae80,2026-08-11T00:06:15Z
bcra_reserve_requirement_fx,2014-06,monthly,37.970000,percent,official,bcra_average_reserve_requirements,https://www.bcra.gob.ar/archivos/Pdfs/PublicacionesEstadisticas/din1_ser.txt,66eeb0fa88aec93dc2450f27d6b6a407b09e286cc3bfbd8a2653e2196994ae80,2026-08-11T00:06:15Z
bcra_reserve_requirement_fx,2014-07,monthly,37.670000,percent,official,bcra_average_reserve_requirements,https://www.bcra.gob.ar/archivos/Pdfs/PublicacionesEstadisticas/din1_ser.txt,66eeb0fa88aec93dc2450f27d6b6a407b09e286cc3bfbd8a2653e2196994ae80,2026-08-11T00:06:15Z
bcra_reserve_requirement_fx,2014-08,monthly,37.280000,percent,official,bcra_average_reserve_requirements,https://www.bcra.gob.ar/archivos/Pdfs/PublicacionesEstadisticas/din1_ser.txt,66eeb0fa88aec93dc2450f27d6b6a407b09e286cc3bfbd8a2653e2196994ae80,2026-08-11T00:06:15Z
bcra_reserve_requirement_fx,2014-09,monthly,37.420000,percent,official,bcra_average_reserve_requirements,https://www.bcra.gob.ar/archivos/Pdfs/PublicacionesEstadisticas/din1_ser.txt,66eeb0fa88aec93dc2450f27d6b6a407b09e286cc3bfbd8a2653e2196994ae80,2026-08-11T00:06:15Z
bcra_reserve_requirement_fx,2014-10,monthly,37.620000,percent,official,bcra_average_reserve_requirements,https://www.bcra.gob.ar/archivos/Pdfs/PublicacionesEstadisticas/din1_ser.txt,66eeb0fa88aec93dc2450f27d6b6a407b09e286cc3bfbd8a2653e2196994ae80,2026-08-11T00:06:15Z
bcra_reserve_requirement_fx,2014-11,monthly,37.940000,percent,official,bcra_average_reserve_requirements,https://www.bcra.gob.ar/archivos/Pdfs/PublicacionesEstadisticas/din1_ser.txt,66eeb0fa88aec93dc2450f27d6b6a407b09e286cc3bfbd8a2653e2196994ae80,2026-08-11T00:06:15Z
bcra_reserve_requirement_fx,2014-12,monthly,39.360000,percent,official,bcra_average_reserve_requirements,https://www.bcra.gob.ar/archivos/Pdfs/PublicacionesEstadisticas/din1_ser.txt,66eeb0fa88aec93dc2450f27d6b6a407b09e286cc3bfbd8a2653e2196994ae80,2026-08-11T00:06:15Z
bcra_reserve_requirement_fx,2015-01,monthly,39.840000,percent,official,bcra_average_reserve_requirements,https://www.bcra.gob.ar/archivos/Pdfs/PublicacionesEstadisticas/din1_ser.txt,66eeb0fa88aec93dc2450f27d6b6a407b09e286cc3bfbd8a2653e2196994ae80,2026-08-11T00:06:15Z
bcra_reserve_requirement_fx,2015-02,monthly,39.570000,percent,official,bcra_average_reserve_requirements,https://www.bcra.gob.ar/archivos/Pdfs/PublicacionesEstadisticas/din1_ser.txt,66eeb0fa88aec93dc2450f27d6b6a407b09e286cc3bfbd8a2653e2196994ae80,2026-08-11T00:06:15Z
bcra_reserve_requirement_fx,2015-03,monthly,39.620000,percent,official,bcra_average_reserve_requirements,https://www.bcra.gob.ar/archivos/Pdfs/PublicacionesEstadisticas/din1_ser.txt,66eeb0fa88aec93dc2450f27d6b6a407b09e286cc3bfbd8a2653e2196994ae80,2026-08-11T00:06:15Z
bcra_reserve_requirement_fx,2015-04,monthly,35.690000,percent,official,bcra_average_reserve_requirements,https://www.bcra.gob.ar/archivos/Pdfs/PublicacionesEstadisticas/din1_ser.txt,66eeb0fa88aec93dc2450f27d6b6a407b09e286cc3bfbd8a2653e2196994ae80,2026-08-11T00:06:15Z
bcra_reserve_requirement_fx,2015-05,monthly,35.380000,percent,official,bcra_average_reserve_requirements,https://www.bcra.gob.ar/archivos/Pdfs/PublicacionesEstadisticas/din1_ser.txt,66eeb0fa88aec93dc2450f27d6b6a407b09e286cc3bfbd8a2653e2196994ae80,2026-08-11T00:06:15Z
bcra_reserve_requirement_fx,2015-06,monthly,36.480000,percent,official,bcra_average_reserve_requirements,https://www.bcra.gob.ar/archivos/Pdfs/PublicacionesEstadisticas/din1_ser.txt,66eeb0fa88aec93dc2450f27d6b6a407b09e286cc3bfbd8a2653e2196994ae80,2026-08-11T00:06:15Z
bcra_reserve_requirement_fx,2015-07,monthly,36.500000,percent,official,bcra_average_reserve_requirements,https://www.bcra.gob.ar/archivos/Pdfs/PublicacionesEstadisticas/din1_ser.txt,66eeb0fa88aec93dc2450f27d6b6a407b09e286cc3bfbd8a2653e2196994ae80,2026-08-11T00:06:15Z
bcra_reserve_requirement_fx,2015-08,monthly,36.020000,percent,official,bcra_average_reserve_requirements,https://www.bcra.gob.ar/archivos/Pdfs/PublicacionesEstadisticas/din1_ser.txt,66eeb0fa88aec93dc2450f27d6b6a407b09e286cc3bfbd8a2653e2196994ae80,2026-08-11T00:06:15Z
bcra_reserve_requirement_fx,2015-09,monthly,35.290000,percent,official,bcra_average_reserve_requirements,https://www.bcra.gob.ar/archivos/Pdfs/PublicacionesEstadisticas/din1_ser.txt,66eeb0fa88aec93dc2450f27d6b6a407b09e286cc3bfbd8a2653e2196994ae80,2026-08-11T00:06:15Z
bcra_reserve_requirement_fx,2015-10,monthly,35.470000,percent,official,bcra_average_reserve_requirements,https://www.bcra.gob.ar/archivos/Pdfs/PublicacionesEstadisticas/din1_ser.txt,66eeb0fa88aec93dc2450f27d6b6a407b09e286cc3bfbd8a2653e2196994ae80,2026-08-11T00:06:15Z
bcra_reserve_requirement_fx,2015-11,monthly,35.920000,percent,official,bcra_average_reserve_requirements,https://www.bcra.gob.ar/archivos/Pdfs/PublicacionesEstadisticas/din1_ser.txt,66eeb0fa88aec93dc2450f27d6b6a407b09e286cc3bfbd8a2653e2196994ae80,2026-08-11T00:06:15Z
bcra_reserve_requirement_fx,2015-12,monthly,36.450000,percent,official,bcra_average_reserve_requirements,https://www.bcra.gob.ar/archivos/Pdfs/PublicacionesEstadisticas/din1_ser.txt,66eeb0fa88aec93dc2450f27d6b6a407b09e286cc3bfbd8a2653e2196994ae80,2026-08-11T00:06:15Z
bcra_reserve_requirement_fx,2016-01,monthly,22.020000,percent,official,bcra_average_reserve_requirements,https://www.bcra.gob.ar/archivos/Pdfs/PublicacionesEstadisticas/din1_ser.txt,66eeb0fa88aec93dc2450f27d6b6a407b09e286cc3bfbd8a2653e2196994ae80,2026-08-11T00:06:15Z
bcra_reserve_requirement_fx,2016-02,monthly,14.880000,percent,official,bcra_average_reserve_requirements,https://www.bcra.gob.ar/archivos/Pdfs/PublicacionesEstadisticas/din1_ser.txt,66eeb0fa88aec93dc2450f27d6b6a407b09e286cc3bfbd8a2653e2196994ae80,2026-08-11T00:06:15Z
bcra_reserve_requirement_fx,2016-03,monthly,16.350000,percent,official,bcra_average_reserve_requirements,https://www.bcra.gob.ar/archivos/Pdfs/PublicacionesEstadisticas/din1_ser.txt,66eeb0fa88aec93dc2450f27d6b6a407b09e286cc3bfbd8a2653e2196994ae80,2026-08-11T00:06:15Z
bcra_reserve_requirement_fx,2016-04,monthly,18.220000,percent,official,bcra_average_reserve_requirements,https://www.bcra.gob.ar/archivos/Pdfs/PublicacionesEstadisticas/din1_ser.txt,66eeb0fa88aec93dc2450f27d6b6a407b09e286cc3bfbd8a2653e2196994ae80,2026-08-11T00:06:15Z
bcra_reserve_requirement_fx,2016-05,monthly,18.280000,percent,official,bcra_average_reserve_requirements,https://www.bcra.gob.ar/archivos/Pdfs/PublicacionesEstadisticas/din1_ser.txt,66eeb0fa88aec93dc2450f27d6b6a407b09e286cc3bfbd8a2653e2196994ae80,2026-08-11T00:06:15Z
bcra_reserve_requirement_fx,2016-06,monthly,19.900000,percent,official,bcra_average_reserve_requirements,https://www.bcra.gob.ar/archivos/Pdfs/PublicacionesEstadisticas/din1_ser.txt,66eeb0fa88aec93dc2450f27d6b6a407b09e286cc3bfbd8a2653e2196994ae80,2026-08-11T00:06:15Z
bcra_reserve_requirement_fx,2016-07,monthly,21.360000,percent,official,bcra_average_reserve_requirements,https://www.bcra.gob.ar/archivos/Pdfs/PublicacionesEstadisticas/din1_ser.txt,66eeb0fa88aec93dc2450f27d6b6a407b09e286cc3bfbd8a2653e2196994ae80,2026-08-11T00:06:15Z
bcra_reserve_requirement_fx,2016-08,monthly,21.110000,percent,official,bcra_average_reserve_requirements,https://www.bcra.gob.ar/archivos/Pdfs/PublicacionesEstadisticas/din1_ser.txt,66eeb0fa88aec93dc2450f27d6b6a407b09e286cc3bfbd8a2653e2196994ae80,2026-08-11T00:06:15Z
bcra_reserve_requirement_fx,2016-09,monthly,21.310000,percent,official,bcra_average_reserve_requirements,https://www.bcra.gob.ar/archivos/Pdfs/PublicacionesEstadisticas/din1_ser.txt,66eeb0fa88aec93dc2450f27d6b6a407b09e286cc3bfbd8a2653e2196994ae80,2026-08-11T00:06:15Z
bcra_reserve_requirement_fx,2016-10,monthly,21.990000,percent,official,bcra_average_reserve_requirements,https://www.bcra.gob.ar/archivos/Pdfs/PublicacionesEstadisticas/din1_ser.txt,66eeb0fa88aec93dc2450f27d6b6a407b09e286cc3bfbd8a2653e2196994ae80,2026-08-11T00:06:15Z
bcra_reserve_requirement_fx,2016-11,monthly,22.460000,percent,official,bcra_average_reserve_requirements,https://www.bcra.gob.ar/archivos/Pdfs/PublicacionesEstadisticas/din1_ser.txt,66eeb0fa88aec93dc2450f27d6b6a407b09e286cc3bfbd8a2653e2196994ae80,2026-08-11T00:06:15Z
bcra_reserve_requirement_fx,2016-12,monthly,22.380000,percent,official,bcra_average_reserve_requirements,https://www.bcra.gob.ar/archivos/Pdfs/PublicacionesEstadisticas/din1_ser.txt,66eeb0fa88aec93dc2450f27d6b6a407b09e286cc3bfbd8a2653e2196994ae80,2026-08-11T00:06:15Z
bcra_reserve_requirement_fx,2017-01,monthly,22.290000,percent,official,bcra_average_reserve_requirements,https://www.bcra.gob.ar/archivos/Pdfs/PublicacionesEstadisticas/din1_ser.txt,66eeb0fa88aec93dc2450f27d6b6a407b09e286cc3bfbd8a2653e2196994ae80,2026-08-11T00:06:15Z
bcra_reserve_requirement_fx,2017-02,monthly,22.850000,percent,official,bcra_average_reserve_requirements,https://www.bcra.gob.ar/archivos/Pdfs/PublicacionesEstadisticas/din1_ser.txt,66eeb0fa88aec93dc2450f27d6b6a407b09e286cc3bfbd8a2653e2196994ae80,2026-08-11T00:06:15Z
bcra_reserve_requirement_fx,2017-03,monthly,23.020000,percent,official,bcra_average_reserve_requirements,https://www.bcra.gob.ar/archivos/Pdfs/PublicacionesEstadisticas/din1_ser.txt,66eeb0fa88aec93dc2450f27d6b6a407b09e286cc3bfbd8a2653e2196994ae80,2026-08-11T00:06:15Z
bcra_reserve_requirement_fx,2017-04,monthly,22.780000,percent,official,bcra_average_reserve_requirements,https://www.bcra.gob.ar/archivos/Pdfs/PublicacionesEstadisticas/din1_ser.txt,66eeb0fa88aec93dc2450f27d6b6a407b09e286cc3bfbd8a2653e2196994ae80,2026-08-11T00:06:15Z
bcra_reserve_requirement_fx,2017-05,monthly,22.690000,percent,official,bcra_average_reserve_requirements,https://www.bcra.gob.ar/archivos/Pdfs/PublicacionesEstadisticas/din1_ser.txt,66eeb0fa88aec93dc2450f27d6b6a407b09e286cc3bfbd8a2653e2196994ae80,2026-08-11T00:06:15Z
bcra_reserve_requirement_fx,2017-06,monthly,22.620000,percent,official,bcra_average_reserve_requirements,https://www.bcra.gob.ar/archivos/Pdfs/PublicacionesEstadisticas/din1_ser.txt,66eeb0fa88aec93dc2450f27d6b6a407b09e286cc3bfbd8a2653e2196994ae80,2026-08-11T00:06:15Z
bcra_reserve_requirement_fx,2017-07,monthly,22.640000,percent,official,bcra_average_reserve_requirements,https://www.bcra.gob.ar/archivos/Pdfs/PublicacionesEstadisticas/din1_ser.txt,66eeb0fa88aec93dc2450f27d6b6a407b09e286cc3bfbd8a2653e2196994ae80,2026-08-11T00:06:15Z
bcra_reserve_requirement_fx,2017-08,monthly,22.600000,percent,official,bcra_average_reserve_requirements,https://www.bcra.gob.ar/archivos/Pdfs/PublicacionesEstadisticas/din1_ser.txt,66eeb0fa88aec93dc2450f27d6b6a407b09e286cc3bfbd8a2653e2196994ae80,2026-08-11T00:06:15Z
bcra_reserve_requirement_fx,2017-09,monthly,22.570000,percent,official,bcra_average_reserve_requirements,https://www.bcra.gob.ar/archivos/Pdfs/PublicacionesEstadisticas/din1_ser.txt,66eeb0fa88aec93dc2450f27d6b6a407b09e286cc3bfbd8a2653e2196994ae80,2026-08-11T00:06:15Z
bcra_reserve_requirement_fx,2017-10,monthly,22.190000,percent,official,bcra_average_reserve_requirements,https://www.bcra.gob.ar/archivos/Pdfs/PublicacionesEstadisticas/din1_ser.txt,66eeb0fa88aec93dc2450f27d6b6a407b09e286cc3bfbd8a2653e2196994ae80,2026-08-11T00:06:15Z
bcra_reserve_requirement_fx,2017-11,monthly,22.240000,percent,official,bcra_average_reserve_requirements,https://www.bcra.gob.ar/archivos/Pdfs/PublicacionesEstadisticas/din1_ser.txt,66eeb0fa88aec93dc2450f27d6b6a407b09e286cc3bfbd8a2653e2196994ae80,2026-08-11T00:06:15Z
bcra_reserve_requirement_fx,2017-12,monthly,22.230000,percent,official,bcra_average_reserve_requirements,https://www.bcra.gob.ar/archivos/Pdfs/PublicacionesEstadisticas/din1_ser.txt,66eeb0fa88aec93dc2450f27d6b6a407b09e286cc3bfbd8a2653e2196994ae80,2026-08-11T00:06:15Z
bcra_reserve_requirement_fx,2018-01,monthly,22.670000,percent,official,bcra_average_reserve_requirements,https://www.bcra.gob.ar/archivos/Pdfs/PublicacionesEstadisticas/din1_ser.txt,66eeb0fa88aec93dc2450f27d6b6a407b09e286cc3bfbd8a2653e2196994ae80,2026-08-11T00:06:15Z
bcra_reserve_requirement_fx,2018-02,monthly,22.820000,percent,official,bcra_average_reserve_requirements,https://www.bcra.gob.ar/archivos/Pdfs/PublicacionesEstadisticas/din1_ser.txt,66eeb0fa88aec93dc2450f27d6b6a407b09e286cc3bfbd8a2653e2196994ae80,2026-08-11T00:06:15Z
bcra_reserve_requirement_fx,2018-03,monthly,22.370000,percent,official,bcra_average_reserve_requirements,https://www.bcra.gob.ar/archivos/Pdfs/PublicacionesEstadisticas/din1_ser.txt,66eeb0fa88aec93dc2450f27d6b6a407b09e286cc3bfbd8a2653e2196994ae80,2026-08-11T00:06:15Z
bcra_reserve_requirement_fx,2018-04,monthly,22.370000,percent,official,bcra_average_reserve_requirements,https://www.bcra.gob.ar/archivos/Pdfs/PublicacionesEstadisticas/din1_ser.txt,66eeb0fa88aec93dc2450f27d6b6a407b09e286cc3bfbd8a2653e2196994ae80,2026-08-11T00:06:15Z
bcra_reserve_requirement_fx,2018-05,monthly,22.320000,percent,official,bcra_average_reserve_requirements,https://www.bcra.gob.ar/archivos/Pdfs/PublicacionesEstadisticas/din1_ser.txt,66eeb0fa88aec93dc2450f27d6b6a407b09e286cc3bfbd8a2653e2196994ae80,2026-08-11T00:06:15Z
bcra_reserve_requirement_fx,2018-06,monthly,22.280000,percent,official,bcra_average_reserve_requirements,https://www.bcra.gob.ar/archivos/Pdfs/PublicacionesEstadisticas/din1_ser.txt,66eeb0fa88aec93dc2450f27d6b6a407b09e286cc3bfbd8a2653e2196994ae80,2026-08-11T00:06:15Z
bcra_reserve_requirement_fx,2018-07,monthly,22.410000,percent,official,bcra_average_reserve_requirements,https://www.bcra.gob.ar/archivos/Pdfs/PublicacionesEstadisticas/din1_ser.txt,66eeb0fa88aec93dc2450f27d6b6a407b09e286cc3bfbd8a2653e2196994ae80,2026-08-11T00:06:15Z
bcra_reserve_requirement_fx,2018-08,monthly,22.490000,percent,official,bcra_average_reserve_requirements,https://www.bcra.gob.ar/archivos/Pdfs/PublicacionesEstadisticas/din1_ser.txt,66eeb0fa88aec93dc2450f27d6b6a407b09e286cc3bfbd8a2653e2196994ae80,2026-08-11T00:06:15Z
bcra_reserve_requirement_fx,2018-09,monthly,22.380000,percent,official,bcra_average_reserve_requirements,https://www.bcra.gob.ar/archivos/Pdfs/PublicacionesEstadisticas/din1_ser.txt,66eeb0fa88aec93dc2450f27d6b6a407b09e286cc3bfbd8a2653e2196994ae80,2026-08-11T00:06:15Z
bcra_reserve_requirement_fx,2018-10,monthly,22.280000,percent,official,bcra_average_reserve_requirements,https://www.bcra.gob.ar/archivos/Pdfs/PublicacionesEstadisticas/din1_ser.txt,66eeb0fa88aec93dc2450f27d6b6a407b09e286cc3bfbd8a2653e2196994ae80,2026-08-11T00:06:15Z
bcra_reserve_requirement_fx,2018-11,monthly,22.270000,percent,official,bcra_average_reserve_requirements,https://www.bcra.gob.ar/archivos/Pdfs/PublicacionesEstadisticas/din1_ser.txt,66eeb0fa88aec93dc2450f27d6b6a407b09e286cc3bfbd8a2653e2196994ae80,2026-08-11T00:06:15Z
bcra_reserve_requirement_fx,2018-12,monthly,22.420000,percent,official,bcra_average_reserve_requirements,https://www.bcra.gob.ar/archivos/Pdfs/PublicacionesEstadisticas/din1_ser.txt,66eeb0fa88aec93dc2450f27d6b6a407b09e286cc3bfbd8a2653e2196994ae80,2026-08-11T00:06:15Z
bcra_reserve_requirement_fx,2019-01,monthly,22.570000,percent,official,bcra_average_reserve_requirements,https://www.bcra.gob.ar/archivos/Pdfs/PublicacionesEstadisticas/din1_ser.txt,66eeb0fa88aec93dc2450f27d6b6a407b09e286cc3bfbd8a2653e2196994ae80,2026-08-11T00:06:15Z
bcra_reserve_requirement_fx,2019-02,monthly,22.630000,percent,official,bcra_average_reserve_requirements,https://www.bcra.gob.ar/archivos/Pdfs/PublicacionesEstadisticas/din1_ser.txt,66eeb0fa88aec93dc2450f27d6b6a407b09e286cc3bfbd8a2653e2196994ae80,2026-08-11T00:06:15Z
bcra_reserve_requirement_fx,2019-03,monthly,22.780000,percent,official,bcra_average_reserve_requirements,https://www.bcra.gob.ar/archivos/Pdfs/PublicacionesEstadisticas/din1_ser.txt,66eeb0fa88aec93dc2450f27d6b6a407b09e286cc3bfbd8a2653e2196994ae80,2026-08-11T00:06:15Z
bcra_reserve_requirement_fx,2019-04,monthly,23.120000,percent,official,bcra_average_reserve_requirements,https://www.bcra.gob.ar/archivos/Pdfs/PublicacionesEstadisticas/din1_ser.txt,66eeb0fa88aec93dc2450f27d6b6a407b09e286cc3bfbd8a2653e2196994ae80,2026-08-11T00:06:15Z
bcra_reserve_requirement_fx,2019-05,monthly,23.040000,percent,official,bcra_average_reserve_requirements,https://www.bcra.gob.ar/archivos/Pdfs/PublicacionesEstadisticas/din1_ser.txt,66eeb0fa88aec93dc2450f27d6b6a407b09e286cc3bfbd8a2653e2196994ae80,2026-08-11T00:06:15Z
bcra_reserve_requirement_fx,2019-06,monthly,22.900000,percent,official,bcra_average_reserve_requirements,https://www.bcra.gob.ar/archivos/Pdfs/PublicacionesEstadisticas/din1_ser.txt,66eeb0fa88aec93dc2450f27d6b6a407b09e286cc3bfbd8a2653e2196994ae80,2026-08-11T00:06:15Z
bcra_reserve_requirement_fx,2019-07,monthly,22.810000,percent,official,bcra_average_reserve_requirements,https://www.bcra.gob.ar/archivos/Pdfs/PublicacionesEstadisticas/din1_ser.txt,66eeb0fa88aec93dc2450f27d6b6a407b09e286cc3bfbd8a2653e2196994ae80,2026-08-11T00:06:15Z
bcra_reserve_requirement_fx,2019-08,monthly,22.660000,percent,official,bcra_average_reserve_requirements,https://www.bcra.gob.ar/archivos/Pdfs/PublicacionesEstadisticas/din1_ser.txt,66eeb0fa88aec93dc2450f27d6b6a407b09e286cc3bfbd8a2653e2196994ae80,2026-08-11T00:06:15Z
bcra_reserve_requirement_fx,2019-09,monthly,22.160000,percent,official,bcra_average_reserve_requirements,https://www.bcra.gob.ar/archivos/Pdfs/PublicacionesEstadisticas/din1_ser.txt,66eeb0fa88aec93dc2450f27d6b6a407b09e286cc3bfbd8a2653e2196994ae80,2026-08-11T00:06:15Z
bcra_reserve_requirement_fx,2019-10,monthly,14.100000,percent,official,bcra_average_reserve_requirements,https://www.bcra.gob.ar/archivos/Pdfs/PublicacionesEstadisticas/din1_ser.txt,66eeb0fa88aec93dc2450f27d6b6a407b09e286cc3bfbd8a2653e2196994ae80,2026-08-11T00:06:15Z
bcra_reserve_requirement_fx,2019-11,monthly,22.070000,percent,official,bcra_average_reserve_requirements,https://www.bcra.gob.ar/archivos/Pdfs/PublicacionesEstadisticas/din1_ser.txt,66eeb0fa88aec93dc2450f27d6b6a407b09e286cc3bfbd8a2653e2196994ae80,2026-08-11T00:06:15Z
bcra_reserve_requirement_fx,2019-12,monthly,22.020000,percent,official,bcra_average_reserve_requirements,https://www.bcra.gob.ar/archivos/Pdfs/PublicacionesEstadisticas/din1_ser.txt,66eeb0fa88aec93dc2450f27d6b6a407b09e286cc3bfbd8a2653e2196994ae80,2026-08-11T00:06:15Z
bcra_reserve_requirement_fx,2020-01,monthly,21.890000,percent,official,bcra_average_reserve_requirements,https://www.bcra.gob.ar/archivos/Pdfs/PublicacionesEstadisticas/din1_ser.txt,66eeb0fa88aec93dc2450f27d6b6a407b09e286cc3bfbd8a2653e2196994ae80,2026-08-11T00:06:15Z
bcra_reserve_requirement_fx,2020-02,monthly,21.770000,percent,official,bcra_average_reserve_requirements,https://www.bcra.gob.ar/archivos/Pdfs/PublicacionesEstadisticas/din1_ser.txt,66eeb0fa88aec93dc2450f27d6b6a407b09e286cc3bfbd8a2653e2196994ae80,2026-08-11T00:06:15Z
bcra_reserve_requirement_fx,2020-03,monthly,21.780000,percent,official,bcra_average_reserve_requirements,https://www.bcra.gob.ar/archivos/Pdfs/PublicacionesEstadisticas/din1_ser.txt,66eeb0fa88aec93dc2450f27d6b6a407b09e286cc3bfbd8a2653e2196994ae80,2026-08-11T00:06:15Z
bcra_reserve_requirement_fx,2020-04,monthly,22.040000,percent,official,bcra_average_reserve_requirements,https://www.bcra.gob.ar/archivos/Pdfs/PublicacionesEstadisticas/din1_ser.txt,66eeb0fa88aec93dc2450f27d6b6a407b09e286cc3bfbd8a2653e2196994ae80,2026-08-11T00:06:15Z
bcra_reserve_requirement_fx,2020-05,monthly,21.840000,percent,official,bcra_average_reserve_requirements,https://www.bcra.gob.ar/archivos/Pdfs/PublicacionesEstadisticas/din1_ser.txt,66eeb0fa88aec93dc2450f27d6b6a407b09e286cc3bfbd8a2653e2196994ae80,2026-08-11T00:06:15Z
bcra_reserve_requirement_fx,2020-06,monthly,21.730000,percent,official,bcra_average_reserve_requirements,https://www.bcra.gob.ar/archivos/Pdfs/PublicacionesEstadisticas/din1_ser.txt,66eeb0fa88aec93dc2450f27d6b6a407b09e286cc3bfbd8a2653e2196994ae80,2026-08-11T00:06:15Z
bcra_reserve_requirement_fx,2020-07,monthly,21.730000,percent,official,bcra_average_reserve_requirements,https://www.bcra.gob.ar/archivos/Pdfs/PublicacionesEstadisticas/din1_ser.txt,66eeb0fa88aec93dc2450f27d6b6a407b09e286cc3bfbd8a2653e2196994ae80,2026-08-11T00:06:15Z
bcra_reserve_requirement_fx,2020-08,monthly,21.760000,percent,official,bcra_average_reserve_requirements,https://www.bcra.gob.ar/archivos/Pdfs/PublicacionesEstadisticas/din1_ser.txt,66eeb0fa88aec93dc2450f27d6b6a407b09e286cc3bfbd8a2653e2196994ae80,2026-08-11T00:06:15Z
bcra_reserve_requirement_fx,2020-09,monthly,21.860000,percent,official,bcra_average_reserve_requirements,https://www.bcra.gob.ar/archivos/Pdfs/PublicacionesEstadisticas/din1_ser.txt,66eeb0fa88aec93dc2450f27d6b6a407b09e286cc3bfbd8a2653e2196994ae80,2026-08-11T00:06:15Z
bcra_reserve_requirement_fx,2020-10,monthly,21.700000,percent,official,bcra_average_reserve_requirements,https://www.bcra.gob.ar/archivos/Pdfs/PublicacionesEstadisticas/din1_ser.txt,66eeb0fa88aec93dc2450f27d6b6a407b09e286cc3bfbd8a2653e2196994ae80,2026-08-11T00:06:15Z
bcra_reserve_requirement_fx,2020-11,monthly,21.780000,percent,official,bcra_average_reserve_requirements,https://www.bcra.gob.ar/archivos/Pdfs/PublicacionesEstadisticas/din1_ser.txt,66eeb0fa88aec93dc2450f27d6b6a407b09e286cc3bfbd8a2653e2196994ae80,2026-08-11T00:06:15Z
bcra_reserve_requirement_fx,2020-12,monthly,21.970000,percent,official,bcra_average_reserve_requirements,https://www.bcra.gob.ar/archivos/Pdfs/PublicacionesEstadisticas/din1_ser.txt,66eeb0fa88aec93dc2450f27d6b6a407b09e286cc3bfbd8a2653e2196994ae80,2026-08-11T00:06:15Z
bcra_reserve_requirement_fx,2021-01,monthly,22.060000,percent,official,bcra_average_reserve_requirements,https://www.bcra.gob.ar/archivos/Pdfs/PublicacionesEstadisticas/din1_ser.txt,66eeb0fa88aec93dc2450f27d6b6a407b09e286cc3bfbd8a2653e2196994ae80,2026-08-11T00:06:15Z
bcra_reserve_requirement_fx,2021-02,monthly,22.060000,percent,official,bcra_average_reserve_requirements,https://www.bcra.gob.ar/archivos/Pdfs/PublicacionesEstadisticas/din1_ser.txt,66eeb0fa88aec93dc2450f27d6b6a407b09e286cc3bfbd8a2653e2196994ae80,2026-08-11T00:06:15Z
bcra_reserve_requirement_fx,2021-03,monthly,22.120000,percent,official,bcra_average_reserve_requirements,https://www.bcra.gob.ar/archivos/Pdfs/PublicacionesEstadisticas/din1_ser.txt,66eeb0fa88aec93dc2450f27d6b6a407b09e286cc3bfbd8a2653e2196994ae80,2026-08-11T00:06:15Z
bcra_reserve_requirement_fx,2021-04,monthly,22.120000,percent,official,bcra_average_reserve_requirements,https://www.bcra.gob.ar/archivos/Pdfs/PublicacionesEstadisticas/din1_ser.txt,66eeb0fa88aec93dc2450f27d6b6a407b09e286cc3bfbd8a2653e2196994ae80,2026-08-11T00:06:15Z
bcra_reserve_requirement_fx,2021-05,monthly,22.110000,percent,official,bcra_average_reserve_requirements,https://www.bcra.gob.ar/archivos/Pdfs/PublicacionesEstadisticas/din1_ser.txt,66eeb0fa88aec93dc2450f27d6b6a407b09e286cc3bfbd8a2653e2196994ae80,2026-08-11T00:06:15Z
bcra_reserve_requirement_fx,2021-06,monthly,22.200000,percent,official,bcra_average_reserve_requirements,https://www.bcra.gob.ar/archivos/Pdfs/PublicacionesEstadisticas/din1_ser.txt,66eeb0fa88aec93dc2450f27d6b6a407b09e286cc3bfbd8a2653e2196994ae80,2026-08-11T00:06:15Z
bcra_reserve_requirement_fx,2021-07,monthly,22.350000,percent,official,bcra_average_reserve_requirements,https://www.bcra.gob.ar/archivos/Pdfs/PublicacionesEstadisticas/din1_ser.txt,66eeb0fa88aec93dc2450f27d6b6a407b09e286cc3bfbd8a2653e2196994ae80,2026-08-11T00:06:15Z
bcra_reserve_requirement_fx,2021-08,monthly,22.340000,percent,official,bcra_average_reserve_requirements,https://www.bcra.gob.ar/archivos/Pdfs/PublicacionesEstadisticas/din1_ser.txt,66eeb0fa88aec93dc2450f27d6b6a407b09e286cc3bfbd8a2653e2196994ae80,2026-08-11T00:06:15Z
bcra_reserve_requirement_fx,2021-09,monthly,22.360000,percent,official,bcra_average_reserve_requirements,https://www.bcra.gob.ar/archivos/Pdfs/PublicacionesEstadisticas/din1_ser.txt,66eeb0fa88aec93dc2450f27d6b6a407b09e286cc3bfbd8a2653e2196994ae80,2026-08-11T00:06:15Z
bcra_reserve_requirement_fx,2021-10,monthly,22.200000,percent,official,bcra_average_reserve_requirements,https://www.bcra.gob.ar/archivos/Pdfs/PublicacionesEstadisticas/din1_ser.txt,66eeb0fa88aec93dc2450f27d6b6a407b09e286cc3bfbd8a2653e2196994ae80,2026-08-11T00:06:15Z
bcra_reserve_requirement_fx,2021-11,monthly,22.270000,percent,official,bcra_average_reserve_requirements,https://www.bcra.gob.ar/archivos/Pdfs/PublicacionesEstadisticas/din1_ser.txt,66eeb0fa88aec93dc2450f27d6b6a407b09e286cc3bfbd8a2653e2196994ae80,2026-08-11T00:06:15Z
bcra_reserve_requirement_fx,2021-12,monthly,22.440000,percent,official,bcra_average_reserve_requirements,https://www.bcra.gob.ar/archivos/Pdfs/PublicacionesEstadisticas/din1_ser.txt,66eeb0fa88aec93dc2450f27d6b6a407b09e286cc3bfbd8a2653e2196994ae80,2026-08-11T00:06:15Z
bcra_reserve_requirement_fx,2022-01,monthly,22.530000,percent,official,bcra_average_reserve_requirements,https://www.bcra.gob.ar/archivos/Pdfs/PublicacionesEstadisticas/din1_ser.txt,66eeb0fa88aec93dc2450f27d6b6a407b09e286cc3bfbd8a2653e2196994ae80,2026-08-11T00:06:15Z
bcra_reserve_requirement_fx,2022-02,monthly,22.490000,percent,official,bcra_average_reserve_requirements,https://www.bcra.gob.ar/archivos/Pdfs/PublicacionesEstadisticas/din1_ser.txt,66eeb0fa88aec93dc2450f27d6b6a407b09e286cc3bfbd8a2653e2196994ae80,2026-08-11T00:06:15Z
bcra_reserve_requirement_fx,2022-03,monthly,22.550000,percent,official,bcra_average_reserve_requirements,https://www.bcra.gob.ar/archivos/Pdfs/PublicacionesEstadisticas/din1_ser.txt,66eeb0fa88aec93dc2450f27d6b6a407b09e286cc3bfbd8a2653e2196994ae80,2026-08-11T00:06:15Z
bcra_reserve_requirement_fx,2022-04,monthly,22.420000,percent,official,bcra_average_reserve_requirements,https://www.bcra.gob.ar/archivos/Pdfs/PublicacionesEstadisticas/din1_ser.txt,66eeb0fa88aec93dc2450f27d6b6a407b09e286cc3bfbd8a2653e2196994ae80,2026-08-11T00:06:15Z
bcra_reserve_requirement_fx,2022-05,monthly,22.460000,percent,official,bcra_average_reserve_requirements,https://www.bcra.gob.ar/archivos/Pdfs/PublicacionesEstadisticas/din1_ser.txt,66eeb0fa88aec93dc2450f27d6b6a407b09e286cc3bfbd8a2653e2196994ae80,2026-08-11T00:06:15Z
bcra_reserve_requirement_fx,2022-06,monthly,22.470000,percent,official,bcra_average_reserve_requirements,https://www.bcra.gob.ar/archivos/Pdfs/PublicacionesEstadisticas/din1_ser.txt,66eeb0fa88aec93dc2450f27d6b6a407b09e286cc3bfbd8a2653e2196994ae80,2026-08-11T00:06:15Z
bcra_reserve_requirement_fx,2022-07,monthly,22.470000,percent,official,bcra_average_reserve_requirements,https://www.bcra.gob.ar/archivos/Pdfs/PublicacionesEstadisticas/din1_ser.txt,66eeb0fa88aec93dc2450f27d6b6a407b09e286cc3bfbd8a2653e2196994ae80,2026-08-11T00:06:15Z
bcra_reserve_requirement_fx,2022-08,monthly,22.690000,percent,official,bcra_average_reserve_requirements,https://www.bcra.gob.ar/archivos/Pdfs/PublicacionesEstadisticas/din1_ser.txt,66eeb0fa88aec93dc2450f27d6b6a407b09e286cc3bfbd8a2653e2196994ae80,2026-08-11T00:06:15Z
bcra_reserve_requirement_fx,2022-09,monthly,22.520000,percent,official,bcra_average_reserve_requirements,https://www.bcra.gob.ar/archivos/Pdfs/PublicacionesEstadisticas/din1_ser.txt,66eeb0fa88aec93dc2450f27d6b6a407b09e286cc3bfbd8a2653e2196994ae80,2026-08-11T00:06:15Z
bcra_reserve_requirement_fx,2022-10,monthly,22.500000,percent,official,bcra_average_reserve_requirements,https://www.bcra.gob.ar/archivos/Pdfs/PublicacionesEstadisticas/din1_ser.txt,66eeb0fa88aec93dc2450f27d6b6a407b09e286cc3bfbd8a2653e2196994ae80,2026-08-11T00:06:15Z
bcra_reserve_requirement_fx,2022-11,monthly,22.620000,percent,official,bcra_average_reserve_requirements,https://www.bcra.gob.ar/archivos/Pdfs/PublicacionesEstadisticas/din1_ser.txt,66eeb0fa88aec93dc2450f27d6b6a407b09e286cc3bfbd8a2653e2196994ae80,2026-08-11T00:06:15Z
bcra_reserve_requirement_fx,2022-12,monthly,22.740000,percent,official,bcra_average_reserve_requirements,https://www.bcra.gob.ar/archivos/Pdfs/PublicacionesEstadisticas/din1_ser.txt,66eeb0fa88aec93dc2450f27d6b6a407b09e286cc3bfbd8a2653e2196994ae80,2026-08-11T00:06:15Z
bcra_reserve_requirement_fx,2023-01,monthly,22.730000,percent,official,bcra_average_reserve_requirements,https://www.bcra.gob.ar/archivos/Pdfs/PublicacionesEstadisticas/din1_ser.txt,66eeb0fa88aec93dc2450f27d6b6a407b09e286cc3bfbd8a2653e2196994ae80,2026-08-11T00:06:15Z
bcra_reserve_requirement_fx,2023-02,monthly,22.710000,percent,official,bcra_average_reserve_requirements,https://www.bcra.gob.ar/archivos/Pdfs/PublicacionesEstadisticas/din1_ser.txt,66eeb0fa88aec93dc2450f27d6b6a407b09e286cc3bfbd8a2653e2196994ae80,2026-08-11T00:06:15Z
bcra_reserve_requirement_fx,2023-03,monthly,22.720000,percent,official,bcra_average_reserve_requirements,https://www.bcra.gob.ar/archivos/Pdfs/PublicacionesEstadisticas/din1_ser.txt,66eeb0fa88aec93dc2450f27d6b6a407b09e286cc3bfbd8a2653e2196994ae80,2026-08-11T00:06:15Z
bcra_reserve_requirement_fx,2023-04,monthly,22.680000,percent,official,bcra_average_reserve_requirements,https://www.bcra.gob.ar/archivos/Pdfs/PublicacionesEstadisticas/din1_ser.txt,66eeb0fa88aec93dc2450f27d6b6a407b09e286cc3bfbd8a2653e2196994ae80,2026-08-11T00:06:15Z
bcra_reserve_requirement_fx,2023-05,monthly,22.580000,percent,official,bcra_average_reserve_requirements,https://www.bcra.gob.ar/archivos/Pdfs/PublicacionesEstadisticas/din1_ser.txt,66eeb0fa88aec93dc2450f27d6b6a407b09e286cc3bfbd8a2653e2196994ae80,2026-08-11T00:06:15Z
bcra_reserve_requirement_fx,2023-06,monthly,22.600000,percent,official,bcra_average_reserve_requirements,https://www.bcra.gob.ar/archivos/Pdfs/PublicacionesEstadisticas/din1_ser.txt,66eeb0fa88aec93dc2450f27d6b6a407b09e286cc3bfbd8a2653e2196994ae80,2026-08-11T00:06:15Z
bcra_reserve_requirement_fx,2023-07,monthly,22.640000,percent,official,bcra_average_reserve_requirements,https://www.bcra.gob.ar/archivos/Pdfs/PublicacionesEstadisticas/din1_ser.txt,66eeb0fa88aec93dc2450f27d6b6a407b09e286cc3bfbd8a2653e2196994ae80,2026-08-11T00:06:15Z
bcra_reserve_requirement_fx,2023-08,monthly,22.570000,percent,official,bcra_average_reserve_requirements,https://www.bcra.gob.ar/archivos/Pdfs/PublicacionesEstadisticas/din1_ser.txt,66eeb0fa88aec93dc2450f27d6b6a407b09e286cc3bfbd8a2653e2196994ae80,2026-08-11T00:06:15Z
bcra_reserve_requirement_fx,2023-09,monthly,22.470000,percent,official,bcra_average_reserve_requirements,https://www.bcra.gob.ar/archivos/Pdfs/PublicacionesEstadisticas/din1_ser.txt,66eeb0fa88aec93dc2450f27d6b6a407b09e286cc3bfbd8a2653e2196994ae80,2026-08-11T00:06:15Z
bcra_reserve_requirement_fx,2023-10,monthly,22.440000,percent,official,bcra_average_reserve_requirements,https://www.bcra.gob.ar/archivos/Pdfs/PublicacionesEstadisticas/din1_ser.txt,66eeb0fa88aec93dc2450f27d6b6a407b09e286cc3bfbd8a2653e2196994ae80,2026-08-11T00:06:15Z
bcra_reserve_requirement_fx,2023-11,monthly,22.290000,percent,official,bcra_average_reserve_requirements,https://www.bcra.gob.ar/archivos/Pdfs/PublicacionesEstadisticas/din1_ser.txt,66eeb0fa88aec93dc2450f27d6b6a407b09e286cc3bfbd8a2653e2196994ae80,2026-08-11T00:06:15Z
bcra_reserve_requirement_fx,2023-12,monthly,21.950000,percent,official,bcra_average_reserve_requirements,https://www.bcra.gob.ar/archivos/Pdfs/PublicacionesEstadisticas/din1_ser.txt,66eeb0fa88aec93dc2450f27d6b6a407b09e286cc3bfbd8a2653e2196994ae80,2026-08-11T00:06:15Z
bcra_reserve_requirement_fx,2024-01,monthly,22.380000,percent,official,bcra_average_reserve_requirements,https://www.bcra.gob.ar/archivos/Pdfs/PublicacionesEstadisticas/din1_ser.txt,66eeb0fa88aec93dc2450f27d6b6a407b09e286cc3bfbd8a2653e2196994ae80,2026-08-11T00:06:15Z
bcra_reserve_requirement_fx,2024-02,monthly,22.480000,percent,official,bcra_average_reserve_requirements,https://www.bcra.gob.ar/archivos/Pdfs/PublicacionesEstadisticas/din1_ser.txt,66eeb0fa88aec93dc2450f27d6b6a407b09e286cc3bfbd8a2653e2196994ae80,2026-08-11T00:06:15Z
bcra_reserve_requirement_fx,2024-03,monthly,22.520000,percent,official,bcra_average_reserve_requirements,https://www.bcra.gob.ar/archivos/Pdfs/PublicacionesEstadisticas/din1_ser.txt,66eeb0fa88aec93dc2450f27d6b6a407b09e286cc3bfbd8a2653e2196994ae80,2026-08-11T00:06:15Z
bcra_reserve_requirement_fx,2024-04,monthly,22.500000,percent,official,bcra_average_reserve_requirements,https://www.bcra.gob.ar/archivos/Pdfs/PublicacionesEstadisticas/din1_ser.txt,66eeb0fa88aec93dc2450f27d6b6a407b09e286cc3bfbd8a2653e2196994ae80,2026-08-11T00:06:15Z
bcra_reserve_requirement_fx,2024-05,monthly,22.550000,percent,official,bcra_average_reserve_requirements,https://www.bcra.gob.ar/archivos/Pdfs/PublicacionesEstadisticas/din1_ser.txt,66eeb0fa88aec93dc2450f27d6b6a407b09e286cc3bfbd8a2653e2196994ae80,2026-08-11T00:06:15Z
bcra_reserve_requirement_fx,2024-06,monthly,22.550000,percent,official,bcra_average_reserve_requirements,https://www.bcra.gob.ar/archivos/Pdfs/PublicacionesEstadisticas/din1_ser.txt,66eeb0fa88aec93dc2450f27d6b6a407b09e286cc3bfbd8a2653e2196994ae80,2026-08-11T00:06:15Z
bcra_reserve_requirement_fx,2024-07,monthly,22.570000,percent,official,bcra_average_reserve_requirements,https://www.bcra.gob.ar/archivos/Pdfs/PublicacionesEstadisticas/din1_ser.txt,66eeb0fa88aec93dc2450f27d6b6a407b09e286cc3bfbd8a2653e2196994ae80,2026-08-11T00:06:15Z
bcra_reserve_requirement_fx,2024-08,monthly,22.460000,percent,official,bcra_average_reserve_requirements,https://www.bcra.gob.ar/archivos/Pdfs/PublicacionesEstadisticas/din1_ser.txt,66eeb0fa88aec93dc2450f27d6b6a407b09e286cc3bfbd8a2653e2196994ae80,2026-08-11T00:06:15Z
bcra_reserve_requirement_fx,2024-09,monthly,22.830000,percent,official,bcra_average_reserve_requirements,https://www.bcra.gob.ar/archivos/Pdfs/PublicacionesEstadisticas/din1_ser.txt,66eeb0fa88aec93dc2450f27d6b6a407b09e286cc3bfbd8a2653e2196994ae80,2026-08-11T00:06:15Z
bcra_reserve_requirement_fx,2024-10,monthly,23.110000,percent,official,bcra_average_reserve_requirements,https://www.bcra.gob.ar/archivos/Pdfs/PublicacionesEstadisticas/din1_ser.txt,66eeb0fa88aec93dc2450f27d6b6a407b09e286cc3bfbd8a2653e2196994ae80,2026-08-11T00:06:15Z
bcra_reserve_requirement_fx,2024-11,monthly,23.040000,percent,official,bcra_average_reserve_requirements,https://www.bcra.gob.ar/archivos/Pdfs/PublicacionesEstadisticas/din1_ser.txt,66eeb0fa88aec93dc2450f27d6b6a407b09e286cc3bfbd8a2653e2196994ae80,2026-08-11T00:06:15Z
bcra_reserve_requirement_fx,2024-12,monthly,22.920000,percent,official,bcra_average_reserve_requirements,https://www.bcra.gob.ar/archivos/Pdfs/PublicacionesEstadisticas/din1_ser.txt,66eeb0fa88aec93dc2450f27d6b6a407b09e286cc3bfbd8a2653e2196994ae80,2026-08-11T00:06:15Z
bcra_reserve_requirement_fx,2025-02,monthly,22.810000,percent,official,bcra_average_reserve_requirements,https://www.bcra.gob.ar/archivos/Pdfs/PublicacionesEstadisticas/din1_ser.txt,66eeb0fa88aec93dc2450f27d6b6a407b09e286cc3bfbd8a2653e2196994ae80,2026-08-11T00:06:15Z
bcra_reserve_requirement_fx,2025-03,monthly,22.480000,percent,official,bcra_average_reserve_requirements,https://www.bcra.gob.ar/archivos/Pdfs/PublicacionesEstadisticas/din1_ser.txt,66eeb0fa88aec93dc2450f27d6b6a407b09e286cc3bfbd8a2653e2196994ae80,2026-08-11T00:06:15Z
bcra_reserve_requirement_fx,2025-04,monthly,22.270000,percent,official,bcra_average_reserve_requirements,https://www.bcra.gob.ar/archivos/Pdfs/PublicacionesEstadisticas/din1_ser.txt,66eeb0fa88aec93dc2450f27d6b6a407b09e286cc3bfbd8a2653e2196994ae80,2026-08-11T00:06:15Z
bcra_reserve_requirement_fx,2025-05,monthly,22.270000,percent,official,bcra_average_reserve_requirements,https://www.bcra.gob.ar/archivos/Pdfs/PublicacionesEstadisticas/din1_ser.txt,66eeb0fa88aec93dc2450f27d6b6a407b09e286cc3bfbd8a2653e2196994ae80,2026-08-11T00:06:15Z
bcra_reserve_requirement_fx,2025-06,monthly,22.200000,percent,official,bcra_average_reserve_requirements,https://www.bcra.gob.ar/archivos/Pdfs/PublicacionesEstadisticas/din1_ser.txt,66eeb0fa88aec93dc2450f27d6b6a407b09e286cc3bfbd8a2653e2196994ae80,2026-08-11T00:06:15Z
bcra_reserve_requirement_fx,2025-07,monthly,21.840000,percent,official,bcra_average_reserve_requirements,https://www.bcra.gob.ar/archivos/Pdfs/PublicacionesEstadisticas/din1_ser.txt,66eeb0fa88aec93dc2450f27d6b6a407b09e286cc3bfbd8a2653e2196994ae80,2026-08-11T00:06:15Z
bcra_reserve_requirement_fx,2025-08,monthly,21.510000,percent,official,bcra_average_reserve_requirements,https://www.bcra.gob.ar/archivos/Pdfs/PublicacionesEstadisticas/din1_ser.txt,66eeb0fa88aec93dc2450f27d6b6a407b09e286cc3bfbd8a2653e2196994ae80,2026-08-11T00:06:15Z
bcra_reserve_requirement_fx,2025-09,monthly,20.880000,percent,official,bcra_average_reserve_requirements,https://www.bcra.gob.ar/archivos/Pdfs/PublicacionesEstadisticas/din1_ser.txt,66eeb0fa88aec93dc2450f27d6b6a407b09e286cc3bfbd8a2653e2196994ae80,2026-08-11T00:06:15Z
bcra_reserve_requirement_fx,2025-10,monthly,20.740000,percent,official,bcra_average_reserve_requirements,https://www.bcra.gob.ar/archivos/Pdfs/PublicacionesEstadisticas/din1_ser.txt,66eeb0fa88aec93dc2450f27d6b6a407b09e286cc3bfbd8a2653e2196994ae80,2026-08-11T00:06:15Z
bcra_reserve_requirement_fx,2025-11,monthly,20.740000,percent,official,bcra_average_reserve_requirements,https://www.bcra.gob.ar/archivos/Pdfs/PublicacionesEstadisticas/din1_ser.txt,66eeb0fa88aec93dc2450f27d6b6a407b09e286cc3bfbd8a2653e2196994ae80,2026-08-11T00:06:15Z
bcra_reserve_requirement_fx,2025-12,monthly,21.010000,percent,official,bcra_average_reserve_requirements,https://www.bcra.gob.ar/archivos/Pdfs/PublicacionesEstadisticas/din1_ser.txt,66eeb0fa88aec93dc2450f27d6b6a407b09e286cc3bfbd8a2653e2196994ae80,2026-08-11T00:06:15Z
bcra_reserve_requirement_fx,2026-02,monthly,20.930000,percent,official,bcra_average_reserve_requirements,https://www.bcra.gob.ar/archivos/Pdfs/PublicacionesEstadisticas/din1_ser.txt,66eeb0fa88aec93dc2450f27d6b6a407b09e286cc3bfbd8a2653e2196994ae80,2026-08-11T00:06:15Z
bcra_reserve_requirement_fx,2026-03,monthly,20.970000,percent,official,bcra_average_reserve_requirements,https://www.bcra.gob.ar/archivos/Pdfs/PublicacionesEstadisticas/din1_ser.txt,66eeb0fa88aec93dc2450f27d6b6a407b09e286cc3bfbd8a2653e2196994ae80,2026-08-11T00:06:15Z
bcra_reserve_requirement_fx,2026-04,monthly,20.970000,percent,official,bcra_average_reserve_requirements,https://www.bcra.gob.ar/archivos/Pdfs/PublicacionesEstadisticas/din1_ser.txt,66eeb0fa88aec93dc2450f27d6b6a407b09e286cc3bfbd8a2653e2196994ae80,2026-08-11T00:06:15Z
bcra_reserve_requirement_total,1985-04,monthly,31.940000,percent,official,bcra_average_reserve_requirements,https://www.bcra.gob.ar/archivos/Pdfs/PublicacionesEstadisticas/din1_ser.txt,66eeb0fa88aec93dc2450f27d6b6a407b09e286cc3bfbd8a2653e2196994ae80,2026-08-11T00:06:15Z
bcra_reserve_requirement_total,1985-05,monthly,45.020000,percent,official,bcra_average_reserve_requirements,https://www.bcra.gob.ar/archivos/Pdfs/PublicacionesEstadisticas/din1_ser.txt,66eeb0fa88aec93dc2450f27d6b6a407b09e286cc3bfbd8a2653e2196994ae80,2026-08-11T00:06:15Z
bcra_reserve_requirement_total,1985-06,monthly,45.730000,percent,official,bcra_average_reserve_requirements,https://www.bcra.gob.ar/archivos/Pdfs/PublicacionesEstadisticas/din1_ser.txt,66eeb0fa88aec93dc2450f27d6b6a407b09e286cc3bfbd8a2653e2196994ae80,2026-08-11T00:06:15Z
bcra_reserve_requirement_total,1985-07,monthly,45.440000,percent,official,bcra_average_reserve_requirements,https://www.bcra.gob.ar/archivos/Pdfs/PublicacionesEstadisticas/din1_ser.txt,66eeb0fa88aec93dc2450f27d6b6a407b09e286cc3bfbd8a2653e2196994ae80,2026-08-11T00:06:15Z
bcra_reserve_requirement_total,1985-08,monthly,43.230000,percent,official,bcra_average_reserve_requirements,https://www.bcra.gob.ar/archivos/Pdfs/PublicacionesEstadisticas/din1_ser.txt,66eeb0fa88aec93dc2450f27d6b6a407b09e286cc3bfbd8a2653e2196994ae80,2026-08-11T00:06:15Z
bcra_reserve_requirement_total,1985-09,monthly,41.190000,percent,official,bcra_average_reserve_requirements,https://www.bcra.gob.ar/archivos/Pdfs/PublicacionesEstadisticas/din1_ser.txt,66eeb0fa88aec93dc2450f27d6b6a407b09e286cc3bfbd8a2653e2196994ae80,2026-08-11T00:06:15Z
bcra_reserve_requirement_total,1985-10,monthly,40.370000,percent,official,bcra_average_reserve_requirements,https://www.bcra.gob.ar/archivos/Pdfs/PublicacionesEstadisticas/din1_ser.txt,66eeb0fa88aec93dc2450f27d6b6a407b09e286cc3bfbd8a2653e2196994ae80,2026-08-11T00:06:15Z
bcra_reserve_requirement_total,1985-11,monthly,40.380000,percent,official,bcra_average_reserve_requirements,https://www.bcra.gob.ar/archivos/Pdfs/PublicacionesEstadisticas/din1_ser.txt,66eeb0fa88aec93dc2450f27d6b6a407b09e286cc3bfbd8a2653e2196994ae80,2026-08-11T00:06:15Z
bcra_reserve_requirement_total,1985-12,monthly,42.160000,percent,official,bcra_average_reserve_requirements,https://www.bcra.gob.ar/archivos/Pdfs/PublicacionesEstadisticas/din1_ser.txt,66eeb0fa88aec93dc2450f27d6b6a407b09e286cc3bfbd8a2653e2196994ae80,2026-08-11T00:06:15Z
bcra_reserve_requirement_total,1986-01,monthly,42.700000,percent,official,bcra_average_reserve_requirements,https://www.bcra.gob.ar/archivos/Pdfs/PublicacionesEstadisticas/din1_ser.txt,66eeb0fa88aec93dc2450f27d6b6a407b09e286cc3bfbd8a2653e2196994ae80,2026-08-11T00:06:15Z
bcra_reserve_requirement_total,1986-02,monthly,39.390000,percent,official,bcra_average_reserve_requirements,https://www.bcra.gob.ar/archivos/Pdfs/PublicacionesEstadisticas/din1_ser.txt,66eeb0fa88aec93dc2450f27d6b6a407b09e286cc3bfbd8a2653e2196994ae80,2026-08-11T00:06:15Z
bcra_reserve_requirement_total,1986-03,monthly,36.850000,percent,official,bcra_average_reserve_requirements,https://www.bcra.gob.ar/archivos/Pdfs/PublicacionesEstadisticas/din1_ser.txt,66eeb0fa88aec93dc2450f27d6b6a407b09e286cc3bfbd8a2653e2196994ae80,2026-08-11T00:06:15Z
bcra_reserve_requirement_total,1986-04,monthly,32.780000,percent,official,bcra_average_reserve_requirements,https://www.bcra.gob.ar/archivos/Pdfs/PublicacionesEstadisticas/din1_ser.txt,66eeb0fa88aec93dc2450f27d6b6a407b09e286cc3bfbd8a2653e2196994ae80,2026-08-11T00:06:15Z
bcra_reserve_requirement_total,1986-05,monthly,33.050000,percent,official,bcra_average_reserve_requirements,https://www.bcra.gob.ar/archivos/Pdfs/PublicacionesEstadisticas/din1_ser.txt,66eeb0fa88aec93dc2450f27d6b6a407b09e286cc3bfbd8a2653e2196994ae80,2026-08-11T00:06:15Z
bcra_reserve_requirement_total,1986-06,monthly,32.500000,percent,official,bcra_average_reserve_requirements,https://www.bcra.gob.ar/archivos/Pdfs/PublicacionesEstadisticas/din1_ser.txt,66eeb0fa88aec93dc2450f27d6b6a407b09e286cc3bfbd8a2653e2196994ae80,2026-08-11T00:06:15Z
bcra_reserve_requirement_total,1986-07,monthly,31.580000,percent,official,bcra_average_reserve_requirements,https://www.bcra.gob.ar/archivos/Pdfs/PublicacionesEstadisticas/din1_ser.txt,66eeb0fa88aec93dc2450f27d6b6a407b09e286cc3bfbd8a2653e2196994ae80,2026-08-11T00:06:15Z
bcra_reserve_requirement_total,1986-08,monthly,31.370000,percent,official,bcra_average_reserve_requirements,https://www.bcra.gob.ar/archivos/Pdfs/PublicacionesEstadisticas/din1_ser.txt,66eeb0fa88aec93dc2450f27d6b6a407b09e286cc3bfbd8a2653e2196994ae80,2026-08-11T00:06:15Z
bcra_reserve_requirement_total,1986-09,monthly,31.390000,percent,official,bcra_average_reserve_requirements,https://www.bcra.gob.ar/archivos/Pdfs/PublicacionesEstadisticas/din1_ser.txt,66eeb0fa88aec93dc2450f27d6b6a407b09e286cc3bfbd8a2653e2196994ae80,2026-08-11T00:06:15Z
bcra_reserve_requirement_total,1986-10,monthly,27.960000,percent,official,bcra_average_reserve_requirements,https://www.bcra.gob.ar/archivos/Pdfs/PublicacionesEstadisticas/din1_ser.txt,66eeb0fa88aec93dc2450f27d6b6a407b09e286cc3bfbd8a2653e2196994ae80,2026-08-11T00:06:15Z
bcra_reserve_requirement_total,1986-11,monthly,26.850000,percent,official,bcra_average_reserve_requirements,https://www.bcra.gob.ar/archivos/Pdfs/PublicacionesEstadisticas/din1_ser.txt,66eeb0fa88aec93dc2450f27d6b6a407b09e286cc3bfbd8a2653e2196994ae80,2026-08-11T00:06:15Z
bcra_reserve_requirement_total,1986-12,monthly,25.470000,percent,official,bcra_average_reserve_requirements,https://www.bcra.gob.ar/archivos/Pdfs/PublicacionesEstadisticas/din1_ser.txt,66eeb0fa88aec93dc2450f27d6b6a407b09e286cc3bfbd8a2653e2196994ae80,2026-08-11T00:06:15Z
bcra_reserve_requirement_total,1987-01,monthly,25.370000,percent,official,bcra_average_reserve_requirements,https://www.bcra.gob.ar/archivos/Pdfs/PublicacionesEstadisticas/din1_ser.txt,66eeb0fa88aec93dc2450f27d6b6a407b09e286cc3bfbd8a2653e2196994ae80,2026-08-11T00:06:15Z
bcra_reserve_requirement_total,1987-02,monthly,25.140000,percent,official,bcra_average_reserve_requirements,https://www.bcra.gob.ar/archivos/Pdfs/PublicacionesEstadisticas/din1_ser.txt,66eeb0fa88aec93dc2450f27d6b6a407b09e286cc3bfbd8a2653e2196994ae80,2026-08-11T00:06:15Z
bcra_reserve_requirement_total,1987-03,monthly,25.410000,percent,official,bcra_average_reserve_requirements,https://www.bcra.gob.ar/archivos/Pdfs/PublicacionesEstadisticas/din1_ser.txt,66eeb0fa88aec93dc2450f27d6b6a407b09e286cc3bfbd8a2653e2196994ae80,2026-08-11T00:06:15Z
bcra_reserve_requirement_total,1987-04,monthly,25.110000,percent,official,bcra_average_reserve_requirements,https://www.bcra.gob.ar/archivos/Pdfs/PublicacionesEstadisticas/din1_ser.txt,66eeb0fa88aec93dc2450f27d6b6a407b09e286cc3bfbd8a2653e2196994ae80,2026-08-11T00:06:15Z
bcra_reserve_requirement_total,1987-05,monthly,25.250000,percent,official,bcra_average_reserve_requirements,https://www.bcra.gob.ar/archivos/Pdfs/PublicacionesEstadisticas/din1_ser.txt,66eeb0fa88aec93dc2450f27d6b6a407b09e286cc3bfbd8a2653e2196994ae80,2026-08-11T00:06:15Z
bcra_reserve_requirement_total,1987-06,monthly,25.170000,percent,official,bcra_average_reserve_requirements,https://www.bcra.gob.ar/archivos/Pdfs/PublicacionesEstadisticas/din1_ser.txt,66eeb0fa88aec93dc2450f27d6b6a407b09e286cc3bfbd8a2653e2196994ae80,2026-08-11T00:06:15Z
bcra_reserve_requirement_total,1987-07,monthly,26.000000,percent,official,bcra_average_reserve_requirements,https://www.bcra.gob.ar/archivos/Pdfs/PublicacionesEstadisticas/din1_ser.txt,66eeb0fa88aec93dc2450f27d6b6a407b09e286cc3bfbd8a2653e2196994ae80,2026-08-11T00:06:15Z
bcra_reserve_requirement_total,1987-08,monthly,25.640000,percent,official,bcra_average_reserve_requirements,https://www.bcra.gob.ar/archivos/Pdfs/PublicacionesEstadisticas/din1_ser.txt,66eeb0fa88aec93dc2450f27d6b6a407b09e286cc3bfbd8a2653e2196994ae80,2026-08-11T00:06:15Z
bcra_reserve_requirement_total,1987-09,monthly,25.150000,percent,official,bcra_average_reserve_requirements,https://www.bcra.gob.ar/archivos/Pdfs/PublicacionesEstadisticas/din1_ser.txt,66eeb0fa88aec93dc2450f27d6b6a407b09e286cc3bfbd8a2653e2196994ae80,2026-08-11T00:06:15Z
bcra_reserve_requirement_total,1987-10,monthly,26.050000,percent,official,bcra_average_reserve_requirements,https://www.bcra.gob.ar/archivos/Pdfs/PublicacionesEstadisticas/din1_ser.txt,66eeb0fa88aec93dc2450f27d6b6a407b09e286cc3bfbd8a2653e2196994ae80,2026-08-11T00:06:15Z
bcra_reserve_requirement_total,1987-11,monthly,28.110000,percent,official,bcra_average_reserve_requirements,https://www.bcra.gob.ar/archivos/Pdfs/PublicacionesEstadisticas/din1_ser.txt,66eeb0fa88aec93dc2450f27d6b6a407b09e286cc3bfbd8a2653e2196994ae80,2026-08-11T00:06:15Z
bcra_reserve_requirement_total,1987-12,monthly,29.810000,percent,official,bcra_average_reserve_requirements,https://www.bcra.gob.ar/archivos/Pdfs/PublicacionesEstadisticas/din1_ser.txt,66eeb0fa88aec93dc2450f27d6b6a407b09e286cc3bfbd8a2653e2196994ae80,2026-08-11T00:06:15Z
bcra_reserve_requirement_total,1988-01,monthly,30.640000,percent,official,bcra_average_reserve_requirements,https://www.bcra.gob.ar/archivos/Pdfs/PublicacionesEstadisticas/din1_ser.txt,66eeb0fa88aec93dc2450f27d6b6a407b09e286cc3bfbd8a2653e2196994ae80,2026-08-11T00:06:15Z
bcra_reserve_requirement_total,1988-02,monthly,29.700000,percent,official,bcra_average_reserve_requirements,https://www.bcra.gob.ar/archivos/Pdfs/PublicacionesEstadisticas/din1_ser.txt,66eeb0fa88aec93dc2450f27d6b6a407b09e286cc3bfbd8a2653e2196994ae80,2026-08-11T00:06:15Z
bcra_reserve_requirement_total,1988-03,monthly,28.110000,percent,official,bcra_average_reserve_requirements,https://www.bcra.gob.ar/archivos/Pdfs/PublicacionesEstadisticas/din1_ser.txt,66eeb0fa88aec93dc2450f27d6b6a407b09e286cc3bfbd8a2653e2196994ae80,2026-08-11T00:06:15Z
bcra_reserve_requirement_total,1988-04,monthly,28.650000,percent,official,bcra_average_reserve_requirements,https://www.bcra.gob.ar/archivos/Pdfs/PublicacionesEstadisticas/din1_ser.txt,66eeb0fa88aec93dc2450f27d6b6a407b09e286cc3bfbd8a2653e2196994ae80,2026-08-11T00:06:15Z
bcra_reserve_requirement_total,1988-05,monthly,29.030000,percent,official,bcra_average_reserve_requirements,https://www.bcra.gob.ar/archivos/Pdfs/PublicacionesEstadisticas/din1_ser.txt,66eeb0fa88aec93dc2450f27d6b6a407b09e286cc3bfbd8a2653e2196994ae80,2026-08-11T00:06:15Z
bcra_reserve_requirement_total,1988-06,monthly,29.560000,percent,official,bcra_average_reserve_requirements,https://www.bcra.gob.ar/archivos/Pdfs/PublicacionesEstadisticas/din1_ser.txt,66eeb0fa88aec93dc2450f27d6b6a407b09e286cc3bfbd8a2653e2196994ae80,2026-08-11T00:06:15Z
bcra_reserve_requirement_total,1988-07,monthly,29.530000,percent,official,bcra_average_reserve_requirements,https://www.bcra.gob.ar/archivos/Pdfs/PublicacionesEstadisticas/din1_ser.txt,66eeb0fa88aec93dc2450f27d6b6a407b09e286cc3bfbd8a2653e2196994ae80,2026-08-11T00:06:15Z
bcra_reserve_requirement_total,1988-08,monthly,27.930000,percent,official,bcra_average_reserve_requirements,https://www.bcra.gob.ar/archivos/Pdfs/PublicacionesEstadisticas/din1_ser.txt,66eeb0fa88aec93dc2450f27d6b6a407b09e286cc3bfbd8a2653e2196994ae80,2026-08-11T00:06:15Z
bcra_reserve_requirement_total,1988-09,monthly,26.420000,percent,official,bcra_average_reserve_requirements,https://www.bcra.gob.ar/archivos/Pdfs/PublicacionesEstadisticas/din1_ser.txt,66eeb0fa88aec93dc2450f27d6b6a407b09e286cc3bfbd8a2653e2196994ae80,2026-08-11T00:06:15Z
bcra_reserve_requirement_total,1988-10,monthly,26.050000,percent,official,bcra_average_reserve_requirements,https://www.bcra.gob.ar/archivos/Pdfs/PublicacionesEstadisticas/din1_ser.txt,66eeb0fa88aec93dc2450f27d6b6a407b09e286cc3bfbd8a2653e2196994ae80,2026-08-11T00:06:15Z
bcra_reserve_requirement_total,1988-11,monthly,24.830000,percent,official,bcra_average_reserve_requirements,https://www.bcra.gob.ar/archivos/Pdfs/PublicacionesEstadisticas/din1_ser.txt,66eeb0fa88aec93dc2450f27d6b6a407b09e286cc3bfbd8a2653e2196994ae80,2026-08-11T00:06:15Z
bcra_reserve_requirement_total,1988-12,monthly,24.610000,percent,official,bcra_average_reserve_requirements,https://www.bcra.gob.ar/archivos/Pdfs/PublicacionesEstadisticas/din1_ser.txt,66eeb0fa88aec93dc2450f27d6b6a407b09e286cc3bfbd8a2653e2196994ae80,2026-08-11T00:06:15Z
bcra_reserve_requirement_total,1989-01,monthly,23.030000,percent,official,bcra_average_reserve_requirements,https://www.bcra.gob.ar/archivos/Pdfs/PublicacionesEstadisticas/din1_ser.txt,66eeb0fa88aec93dc2450f27d6b6a407b09e286cc3bfbd8a2653e2196994ae80,2026-08-11T00:06:15Z
bcra_reserve_requirement_total,1989-02,monthly,28.730000,percent,official,bcra_average_reserve_requirements,https://www.bcra.gob.ar/archivos/Pdfs/PublicacionesEstadisticas/din1_ser.txt,66eeb0fa88aec93dc2450f27d6b6a407b09e286cc3bfbd8a2653e2196994ae80,2026-08-11T00:06:15Z
bcra_reserve_requirement_total,1989-03,monthly,36.340000,percent,official,bcra_average_reserve_requirements,https://www.bcra.gob.ar/archivos/Pdfs/PublicacionesEstadisticas/din1_ser.txt,66eeb0fa88aec93dc2450f27d6b6a407b09e286cc3bfbd8a2653e2196994ae80,2026-08-11T00:06:15Z
bcra_reserve_requirement_total,1989-04,monthly,36.570000,percent,official,bcra_average_reserve_requirements,https://www.bcra.gob.ar/archivos/Pdfs/PublicacionesEstadisticas/din1_ser.txt,66eeb0fa88aec93dc2450f27d6b6a407b09e286cc3bfbd8a2653e2196994ae80,2026-08-11T00:06:15Z
bcra_reserve_requirement_total,1989-05,monthly,39.610000,percent,official,bcra_average_reserve_requirements,https://www.bcra.gob.ar/archivos/Pdfs/PublicacionesEstadisticas/din1_ser.txt,66eeb0fa88aec93dc2450f27d6b6a407b09e286cc3bfbd8a2653e2196994ae80,2026-08-11T00:06:15Z
bcra_reserve_requirement_total,1989-06,monthly,27.840000,percent,official,bcra_average_reserve_requirements,https://www.bcra.gob.ar/archivos/Pdfs/PublicacionesEstadisticas/din1_ser.txt,66eeb0fa88aec93dc2450f27d6b6a407b09e286cc3bfbd8a2653e2196994ae80,2026-08-11T00:06:15Z
bcra_reserve_requirement_total,1989-07,monthly,30.840000,percent,official,bcra_average_reserve_requirements,https://www.bcra.gob.ar/archivos/Pdfs/PublicacionesEstadisticas/din1_ser.txt,66eeb0fa88aec93dc2450f27d6b6a407b09e286cc3bfbd8a2653e2196994ae80,2026-08-11T00:06:15Z
bcra_reserve_requirement_total,1989-08,monthly,17.810000,percent,official,bcra_average_reserve_requirements,https://www.bcra.gob.ar/archivos/Pdfs/PublicacionesEstadisticas/din1_ser.txt,66eeb0fa88aec93dc2450f27d6b6a407b09e286cc3bfbd8a2653e2196994ae80,2026-08-11T00:06:15Z
bcra_reserve_requirement_total,1989-09,monthly,17.120000,percent,official,bcra_average_reserve_requirements,https://www.bcra.gob.ar/archivos/Pdfs/PublicacionesEstadisticas/din1_ser.txt,66eeb0fa88aec93dc2450f27d6b6a407b09e286cc3bfbd8a2653e2196994ae80,2026-08-11T00:06:15Z
bcra_reserve_requirement_total,1989-10,monthly,18.680000,percent,official,bcra_average_reserve_requirements,https://www.bcra.gob.ar/archivos/Pdfs/PublicacionesEstadisticas/din1_ser.txt,66eeb0fa88aec93dc2450f27d6b6a407b09e286cc3bfbd8a2653e2196994ae80,2026-08-11T00:06:15Z
bcra_reserve_requirement_total,1989-11,monthly,21.670000,percent,official,bcra_average_reserve_requirements,https://www.bcra.gob.ar/archivos/Pdfs/PublicacionesEstadisticas/din1_ser.txt,66eeb0fa88aec93dc2450f27d6b6a407b09e286cc3bfbd8a2653e2196994ae80,2026-08-11T00:06:15Z
bcra_reserve_requirement_total,1989-12,monthly,22.080000,percent,official,bcra_average_reserve_requirements,https://www.bcra.gob.ar/archivos/Pdfs/PublicacionesEstadisticas/din1_ser.txt,66eeb0fa88aec93dc2450f27d6b6a407b09e286cc3bfbd8a2653e2196994ae80,2026-08-11T00:06:15Z
bcra_reserve_requirement_total,1990-01,monthly,15.880000,percent,official,bcra_average_reserve_requirements,https://www.bcra.gob.ar/archivos/Pdfs/PublicacionesEstadisticas/din1_ser.txt,66eeb0fa88aec93dc2450f27d6b6a407b09e286cc3bfbd8a2653e2196994ae80,2026-08-11T00:06:15Z
bcra_reserve_requirement_total,1990-02,monthly,18.230000,percent,official,bcra_average_reserve_requirements,https://www.bcra.gob.ar/archivos/Pdfs/PublicacionesEstadisticas/din1_ser.txt,66eeb0fa88aec93dc2450f27d6b6a407b09e286cc3bfbd8a2653e2196994ae80,2026-08-11T00:06:15Z
bcra_reserve_requirement_total,1990-03,monthly,22.790000,percent,official,bcra_average_reserve_requirements,https://www.bcra.gob.ar/archivos/Pdfs/PublicacionesEstadisticas/din1_ser.txt,66eeb0fa88aec93dc2450f27d6b6a407b09e286cc3bfbd8a2653e2196994ae80,2026-08-11T00:06:15Z
bcra_reserve_requirement_total,1990-04,monthly,24.750000,percent,official,bcra_average_reserve_requirements,https://www.bcra.gob.ar/archivos/Pdfs/PublicacionesEstadisticas/din1_ser.txt,66eeb0fa88aec93dc2450f27d6b6a407b09e286cc3bfbd8a2653e2196994ae80,2026-08-11T00:06:15Z
bcra_reserve_requirement_total,1990-05,monthly,25.300000,percent,official,bcra_average_reserve_requirements,https://www.bcra.gob.ar/archivos/Pdfs/PublicacionesEstadisticas/din1_ser.txt,66eeb0fa88aec93dc2450f27d6b6a407b09e286cc3bfbd8a2653e2196994ae80,2026-08-11T00:06:15Z
bcra_reserve_requirement_total,1990-06,monthly,25.590000,percent,official,bcra_average_reserve_requirements,https://www.bcra.gob.ar/archivos/Pdfs/PublicacionesEstadisticas/din1_ser.txt,66eeb0fa88aec93dc2450f27d6b6a407b09e286cc3bfbd8a2653e2196994ae80,2026-08-11T00:06:15Z
bcra_reserve_requirement_total,1990-07,monthly,23.480000,percent,official,bcra_average_reserve_requirements,https://www.bcra.gob.ar/archivos/Pdfs/PublicacionesEstadisticas/din1_ser.txt,66eeb0fa88aec93dc2450f27d6b6a407b09e286cc3bfbd8a2653e2196994ae80,2026-08-11T00:06:15Z
bcra_reserve_requirement_total,1990-08,monthly,22.260000,percent,official,bcra_average_reserve_requirements,https://www.bcra.gob.ar/archivos/Pdfs/PublicacionesEstadisticas/din1_ser.txt,66eeb0fa88aec93dc2450f27d6b6a407b09e286cc3bfbd8a2653e2196994ae80,2026-08-11T00:06:15Z
bcra_reserve_requirement_total,1990-09,monthly,21.270000,percent,official,bcra_average_reserve_requirements,https://www.bcra.gob.ar/archivos/Pdfs/PublicacionesEstadisticas/din1_ser.txt,66eeb0fa88aec93dc2450f27d6b6a407b09e286cc3bfbd8a2653e2196994ae80,2026-08-11T00:06:15Z
bcra_reserve_requirement_total,1990-10,monthly,20.980000,percent,official,bcra_average_reserve_requirements,https://www.bcra.gob.ar/archivos/Pdfs/PublicacionesEstadisticas/din1_ser.txt,66eeb0fa88aec93dc2450f27d6b6a407b09e286cc3bfbd8a2653e2196994ae80,2026-08-11T00:06:15Z
bcra_reserve_requirement_total,1990-11,monthly,21.660000,percent,official,bcra_average_reserve_requirements,https://www.bcra.gob.ar/archivos/Pdfs/PublicacionesEstadisticas/din1_ser.txt,66eeb0fa88aec93dc2450f27d6b6a407b09e286cc3bfbd8a2653e2196994ae80,2026-08-11T00:06:15Z
bcra_reserve_requirement_total,1990-12,monthly,22.040000,percent,official,bcra_average_reserve_requirements,https://www.bcra.gob.ar/archivos/Pdfs/PublicacionesEstadisticas/din1_ser.txt,66eeb0fa88aec93dc2450f27d6b6a407b09e286cc3bfbd8a2653e2196994ae80,2026-08-11T00:06:15Z
bcra_reserve_requirement_total,1991-01,monthly,21.420000,percent,official,bcra_average_reserve_requirements,https://www.bcra.gob.ar/archivos/Pdfs/PublicacionesEstadisticas/din1_ser.txt,66eeb0fa88aec93dc2450f27d6b6a407b09e286cc3bfbd8a2653e2196994ae80,2026-08-11T00:06:15Z
bcra_reserve_requirement_total,1991-02,monthly,21.260000,percent,official,bcra_average_reserve_requirements,https://www.bcra.gob.ar/archivos/Pdfs/PublicacionesEstadisticas/din1_ser.txt,66eeb0fa88aec93dc2450f27d6b6a407b09e286cc3bfbd8a2653e2196994ae80,2026-08-11T00:06:15Z
bcra_reserve_requirement_total,1991-03,monthly,23.790000,percent,official,bcra_average_reserve_requirements,https://www.bcra.gob.ar/archivos/Pdfs/PublicacionesEstadisticas/din1_ser.txt,66eeb0fa88aec93dc2450f27d6b6a407b09e286cc3bfbd8a2653e2196994ae80,2026-08-11T00:06:15Z
bcra_reserve_requirement_total,1991-04,monthly,26.620000,percent,official,bcra_average_reserve_requirements,https://www.bcra.gob.ar/archivos/Pdfs/PublicacionesEstadisticas/din1_ser.txt,66eeb0fa88aec93dc2450f27d6b6a407b09e286cc3bfbd8a2653e2196994ae80,2026-08-11T00:06:15Z
bcra_reserve_requirement_total,1991-05,monthly,26.170000,percent,official,bcra_average_reserve_requirements,https://www.bcra.gob.ar/archivos/Pdfs/PublicacionesEstadisticas/din1_ser.txt,66eeb0fa88aec93dc2450f27d6b6a407b09e286cc3bfbd8a2653e2196994ae80,2026-08-11T00:06:15Z
bcra_reserve_requirement_total,1991-06,monthly,25.620000,percent,official,bcra_average_reserve_requirements,https://www.bcra.gob.ar/archivos/Pdfs/PublicacionesEstadisticas/din1_ser.txt,66eeb0fa88aec93dc2450f27d6b6a407b09e286cc3bfbd8a2653e2196994ae80,2026-08-11T00:06:15Z
bcra_reserve_requirement_total,1991-07,monthly,25.460000,percent,official,bcra_average_reserve_requirements,https://www.bcra.gob.ar/archivos/Pdfs/PublicacionesEstadisticas/din1_ser.txt,66eeb0fa88aec93dc2450f27d6b6a407b09e286cc3bfbd8a2653e2196994ae80,2026-08-11T00:06:15Z
bcra_reserve_requirement_total,1991-08,monthly,25.190000,percent,official,bcra_average_reserve_requirements,https://www.bcra.gob.ar/archivos/Pdfs/PublicacionesEstadisticas/din1_ser.txt,66eeb0fa88aec93dc2450f27d6b6a407b09e286cc3bfbd8a2653e2196994ae80,2026-08-11T00:06:15Z
bcra_reserve_requirement_total,1991-09,monthly,24.870000,percent,official,bcra_average_reserve_requirements,https://www.bcra.gob.ar/archivos/Pdfs/PublicacionesEstadisticas/din1_ser.txt,66eeb0fa88aec93dc2450f27d6b6a407b09e286cc3bfbd8a2653e2196994ae80,2026-08-11T00:06:15Z
bcra_reserve_requirement_total,1991-10,monthly,24.920000,percent,official,bcra_average_reserve_requirements,https://www.bcra.gob.ar/archivos/Pdfs/PublicacionesEstadisticas/din1_ser.txt,66eeb0fa88aec93dc2450f27d6b6a407b09e286cc3bfbd8a2653e2196994ae80,2026-08-11T00:06:15Z
bcra_reserve_requirement_total,1991-11,monthly,25.410000,percent,official,bcra_average_reserve_requirements,https://www.bcra.gob.ar/archivos/Pdfs/PublicacionesEstadisticas/din1_ser.txt,66eeb0fa88aec93dc2450f27d6b6a407b09e286cc3bfbd8a2653e2196994ae80,2026-08-11T00:06:15Z
bcra_reserve_requirement_total,1991-12,monthly,26.120000,percent,official,bcra_average_reserve_requirements,https://www.bcra.gob.ar/archivos/Pdfs/PublicacionesEstadisticas/din1_ser.txt,66eeb0fa88aec93dc2450f27d6b6a407b09e286cc3bfbd8a2653e2196994ae80,2026-08-11T00:06:15Z
bcra_reserve_requirement_total,1992-01,monthly,26.360000,percent,official,bcra_average_reserve_requirements,https://www.bcra.gob.ar/archivos/Pdfs/PublicacionesEstadisticas/din1_ser.txt,66eeb0fa88aec93dc2450f27d6b6a407b09e286cc3bfbd8a2653e2196994ae80,2026-08-11T00:06:15Z
bcra_reserve_requirement_total,1992-02,monthly,25.890000,percent,official,bcra_average_reserve_requirements,https://www.bcra.gob.ar/archivos/Pdfs/PublicacionesEstadisticas/din1_ser.txt,66eeb0fa88aec93dc2450f27d6b6a407b09e286cc3bfbd8a2653e2196994ae80,2026-08-11T00:06:15Z
bcra_reserve_requirement_total,1992-03,monthly,25.700000,percent,official,bcra_average_reserve_requirements,https://www.bcra.gob.ar/archivos/Pdfs/PublicacionesEstadisticas/din1_ser.txt,66eeb0fa88aec93dc2450f27d6b6a407b09e286cc3bfbd8a2653e2196994ae80,2026-08-11T00:06:15Z
bcra_reserve_requirement_total,1992-04,monthly,24.620000,percent,official,bcra_average_reserve_requirements,https://www.bcra.gob.ar/archivos/Pdfs/PublicacionesEstadisticas/din1_ser.txt,66eeb0fa88aec93dc2450f27d6b6a407b09e286cc3bfbd8a2653e2196994ae80,2026-08-11T00:06:15Z
bcra_reserve_requirement_total,1992-05,monthly,24.890000,percent,official,bcra_average_reserve_requirements,https://www.bcra.gob.ar/archivos/Pdfs/PublicacionesEstadisticas/din1_ser.txt,66eeb0fa88aec93dc2450f27d6b6a407b09e286cc3bfbd8a2653e2196994ae80,2026-08-11T00:06:15Z
bcra_reserve_requirement_total,1992-06,monthly,24.800000,percent,official,bcra_average_reserve_requirements,https://www.bcra.gob.ar/archivos/Pdfs/PublicacionesEstadisticas/din1_ser.txt,66eeb0fa88aec93dc2450f27d6b6a407b09e286cc3bfbd8a2653e2196994ae80,2026-08-11T00:06:15Z
bcra_reserve_requirement_total,1992-07,monthly,24.780000,percent,official,bcra_average_reserve_requirements,https://www.bcra.gob.ar/archivos/Pdfs/PublicacionesEstadisticas/din1_ser.txt,66eeb0fa88aec93dc2450f27d6b6a407b09e286cc3bfbd8a2653e2196994ae80,2026-08-11T00:06:15Z
bcra_reserve_requirement_total,1992-08,monthly,24.110000,percent,official,bcra_average_reserve_requirements,https://www.bcra.gob.ar/archivos/Pdfs/PublicacionesEstadisticas/din1_ser.txt,66eeb0fa88aec93dc2450f27d6b6a407b09e286cc3bfbd8a2653e2196994ae80,2026-08-11T00:06:15Z
bcra_reserve_requirement_total,1992-09,monthly,23.410000,percent,official,bcra_average_reserve_requirements,https://www.bcra.gob.ar/archivos/Pdfs/PublicacionesEstadisticas/din1_ser.txt,66eeb0fa88aec93dc2450f27d6b6a407b09e286cc3bfbd8a2653e2196994ae80,2026-08-11T00:06:15Z
bcra_reserve_requirement_total,1992-10,monthly,22.610000,percent,official,bcra_average_reserve_requirements,https://www.bcra.gob.ar/archivos/Pdfs/PublicacionesEstadisticas/din1_ser.txt,66eeb0fa88aec93dc2450f27d6b6a407b09e286cc3bfbd8a2653e2196994ae80,2026-08-11T00:06:15Z
bcra_reserve_requirement_total,1992-11,monthly,22.460000,percent,official,bcra_average_reserve_requirements,https://www.bcra.gob.ar/archivos/Pdfs/PublicacionesEstadisticas/din1_ser.txt,66eeb0fa88aec93dc2450f27d6b6a407b09e286cc3bfbd8a2653e2196994ae80,2026-08-11T00:06:15Z
bcra_reserve_requirement_total,1992-12,monthly,23.470000,percent,official,bcra_average_reserve_requirements,https://www.bcra.gob.ar/archivos/Pdfs/PublicacionesEstadisticas/din1_ser.txt,66eeb0fa88aec93dc2450f27d6b6a407b09e286cc3bfbd8a2653e2196994ae80,2026-08-11T00:06:15Z
bcra_reserve_requirement_total,1993-01,monthly,22.790000,percent,official,bcra_average_reserve_requirements,https://www.bcra.gob.ar/archivos/Pdfs/PublicacionesEstadisticas/din1_ser.txt,66eeb0fa88aec93dc2450f27d6b6a407b09e286cc3bfbd8a2653e2196994ae80,2026-08-11T00:06:15Z
bcra_reserve_requirement_total,1993-02,monthly,17.710000,percent,official,bcra_average_reserve_requirements,https://www.bcra.gob.ar/archivos/Pdfs/PublicacionesEstadisticas/din1_ser.txt,66eeb0fa88aec93dc2450f27d6b6a407b09e286cc3bfbd8a2653e2196994ae80,2026-08-11T00:06:15Z
bcra_reserve_requirement_total,1993-03,monthly,15.820000,percent,official,bcra_average_reserve_requirements,https://www.bcra.gob.ar/archivos/Pdfs/PublicacionesEstadisticas/din1_ser.txt,66eeb0fa88aec93dc2450f27d6b6a407b09e286cc3bfbd8a2653e2196994ae80,2026-08-11T00:06:15Z
bcra_reserve_requirement_total,1993-04,monthly,16.290000,percent,official,bcra_average_reserve_requirements,https://www.bcra.gob.ar/archivos/Pdfs/PublicacionesEstadisticas/din1_ser.txt,66eeb0fa88aec93dc2450f27d6b6a407b09e286cc3bfbd8a2653e2196994ae80,2026-08-11T00:06:15Z
bcra_reserve_requirement_total,1993-05,monthly,15.830000,percent,official,bcra_average_reserve_requirements,https://www.bcra.gob.ar/archivos/Pdfs/PublicacionesEstadisticas/din1_ser.txt,66eeb0fa88aec93dc2450f27d6b6a407b09e286cc3bfbd8a2653e2196994ae80,2026-08-11T00:06:15Z
bcra_reserve_requirement_total,1993-06,monthly,16.120000,percent,official,bcra_average_reserve_requirements,https://www.bcra.gob.ar/archivos/Pdfs/PublicacionesEstadisticas/din1_ser.txt,66eeb0fa88aec93dc2450f27d6b6a407b09e286cc3bfbd8a2653e2196994ae80,2026-08-11T00:06:15Z
bcra_reserve_requirement_total,1993-07,monthly,16.180000,percent,official,bcra_average_reserve_requirements,https://www.bcra.gob.ar/archivos/Pdfs/PublicacionesEstadisticas/din1_ser.txt,66eeb0fa88aec93dc2450f27d6b6a407b09e286cc3bfbd8a2653e2196994ae80,2026-08-11T00:06:15Z
bcra_reserve_requirement_total,1993-08,monthly,17.490000,percent,official,bcra_average_reserve_requirements,https://www.bcra.gob.ar/archivos/Pdfs/PublicacionesEstadisticas/din1_ser.txt,66eeb0fa88aec93dc2450f27d6b6a407b09e286cc3bfbd8a2653e2196994ae80,2026-08-11T00:06:15Z
bcra_reserve_requirement_total,1993-09,monthly,18.250000,percent,official,bcra_average_reserve_requirements,https://www.bcra.gob.ar/archivos/Pdfs/PublicacionesEstadisticas/din1_ser.txt,66eeb0fa88aec93dc2450f27d6b6a407b09e286cc3bfbd8a2653e2196994ae80,2026-08-11T00:06:15Z
bcra_reserve_requirement_total,1993-10,monthly,18.080000,percent,official,bcra_average_reserve_requirements,https://www.bcra.gob.ar/archivos/Pdfs/PublicacionesEstadisticas/din1_ser.txt,66eeb0fa88aec93dc2450f27d6b6a407b09e286cc3bfbd8a2653e2196994ae80,2026-08-11T00:06:15Z
bcra_reserve_requirement_total,1993-11,monthly,17.640000,percent,official,bcra_average_reserve_requirements,https://www.bcra.gob.ar/archivos/Pdfs/PublicacionesEstadisticas/din1_ser.txt,66eeb0fa88aec93dc2450f27d6b6a407b09e286cc3bfbd8a2653e2196994ae80,2026-08-11T00:06:15Z
bcra_reserve_requirement_total,1993-12,monthly,18.030000,percent,official,bcra_average_reserve_requirements,https://www.bcra.gob.ar/archivos/Pdfs/PublicacionesEstadisticas/din1_ser.txt,66eeb0fa88aec93dc2450f27d6b6a407b09e286cc3bfbd8a2653e2196994ae80,2026-08-11T00:06:15Z
bcra_reserve_requirement_total,1994-01,monthly,17.010000,percent,official,bcra_average_reserve_requirements,https://www.bcra.gob.ar/archivos/Pdfs/PublicacionesEstadisticas/din1_ser.txt,66eeb0fa88aec93dc2450f27d6b6a407b09e286cc3bfbd8a2653e2196994ae80,2026-08-11T00:06:15Z
bcra_reserve_requirement_total,1994-02,monthly,17.250000,percent,official,bcra_average_reserve_requirements,https://www.bcra.gob.ar/archivos/Pdfs/PublicacionesEstadisticas/din1_ser.txt,66eeb0fa88aec93dc2450f27d6b6a407b09e286cc3bfbd8a2653e2196994ae80,2026-08-11T00:06:15Z
bcra_reserve_requirement_total,1994-03,monthly,17.280000,percent,official,bcra_average_reserve_requirements,https://www.bcra.gob.ar/archivos/Pdfs/PublicacionesEstadisticas/din1_ser.txt,66eeb0fa88aec93dc2450f27d6b6a407b09e286cc3bfbd8a2653e2196994ae80,2026-08-11T00:06:15Z
bcra_reserve_requirement_total,1994-04,monthly,17.440000,percent,official,bcra_average_reserve_requirements,https://www.bcra.gob.ar/archivos/Pdfs/PublicacionesEstadisticas/din1_ser.txt,66eeb0fa88aec93dc2450f27d6b6a407b09e286cc3bfbd8a2653e2196994ae80,2026-08-11T00:06:15Z
bcra_reserve_requirement_total,1994-05,monthly,16.970000,percent,official,bcra_average_reserve_requirements,https://www.bcra.gob.ar/archivos/Pdfs/PublicacionesEstadisticas/din1_ser.txt,66eeb0fa88aec93dc2450f27d6b6a407b09e286cc3bfbd8a2653e2196994ae80,2026-08-11T00:06:15Z
bcra_reserve_requirement_total,1994-06,monthly,17.170000,percent,official,bcra_average_reserve_requirements,https://www.bcra.gob.ar/archivos/Pdfs/PublicacionesEstadisticas/din1_ser.txt,66eeb0fa88aec93dc2450f27d6b6a407b09e286cc3bfbd8a2653e2196994ae80,2026-08-11T00:06:15Z
bcra_reserve_requirement_total,1994-07,monthly,17.040000,percent,official,bcra_average_reserve_requirements,https://www.bcra.gob.ar/archivos/Pdfs/PublicacionesEstadisticas/din1_ser.txt,66eeb0fa88aec93dc2450f27d6b6a407b09e286cc3bfbd8a2653e2196994ae80,2026-08-11T00:06:15Z
bcra_reserve_requirement_total,1994-08,monthly,16.520000,percent,official,bcra_average_reserve_requirements,https://www.bcra.gob.ar/archivos/Pdfs/PublicacionesEstadisticas/din1_ser.txt,66eeb0fa88aec93dc2450f27d6b6a407b09e286cc3bfbd8a2653e2196994ae80,2026-08-11T00:06:15Z
bcra_reserve_requirement_total,1994-09,monthly,16.230000,percent,official,bcra_average_reserve_requirements,https://www.bcra.gob.ar/archivos/Pdfs/PublicacionesEstadisticas/din1_ser.txt,66eeb0fa88aec93dc2450f27d6b6a407b09e286cc3bfbd8a2653e2196994ae80,2026-08-11T00:06:15Z
bcra_reserve_requirement_total,1994-10,monthly,15.900000,percent,official,bcra_average_reserve_requirements,https://www.bcra.gob.ar/archivos/Pdfs/PublicacionesEstadisticas/din1_ser.txt,66eeb0fa88aec93dc2450f27d6b6a407b09e286cc3bfbd8a2653e2196994ae80,2026-08-11T00:06:15Z
bcra_reserve_requirement_total,1994-11,monthly,15.830000,percent,official,bcra_average_reserve_requirements,https://www.bcra.gob.ar/archivos/Pdfs/PublicacionesEstadisticas/din1_ser.txt,66eeb0fa88aec93dc2450f27d6b6a407b09e286cc3bfbd8a2653e2196994ae80,2026-08-11T00:06:15Z
bcra_reserve_requirement_total,1994-12,monthly,15.830000,percent,official,bcra_average_reserve_requirements,https://www.bcra.gob.ar/archivos/Pdfs/PublicacionesEstadisticas/din1_ser.txt,66eeb0fa88aec93dc2450f27d6b6a407b09e286cc3bfbd8a2653e2196994ae80,2026-08-11T00:06:15Z
bcra_reserve_requirement_total,1995-01,monthly,14.280000,percent,official,bcra_average_reserve_requirements,https://www.bcra.gob.ar/archivos/Pdfs/PublicacionesEstadisticas/din1_ser.txt,66eeb0fa88aec93dc2450f27d6b6a407b09e286cc3bfbd8a2653e2196994ae80,2026-08-11T00:06:15Z
bcra_reserve_requirement_total,1995-02,monthly,13.780000,percent,official,bcra_average_reserve_requirements,https://www.bcra.gob.ar/archivos/Pdfs/PublicacionesEstadisticas/din1_ser.txt,66eeb0fa88aec93dc2450f27d6b6a407b09e286cc3bfbd8a2653e2196994ae80,2026-08-11T00:06:15Z
bcra_reserve_requirement_total,1995-03,monthly,14.670000,percent,official,bcra_average_reserve_requirements,https://www.bcra.gob.ar/archivos/Pdfs/PublicacionesEstadisticas/din1_ser.txt,66eeb0fa88aec93dc2450f27d6b6a407b09e286cc3bfbd8a2653e2196994ae80,2026-08-11T00:06:15Z
bcra_reserve_requirement_total,1995-04,monthly,15.400000,percent,official,bcra_average_reserve_requirements,https://www.bcra.gob.ar/archivos/Pdfs/PublicacionesEstadisticas/din1_ser.txt,66eeb0fa88aec93dc2450f27d6b6a407b09e286cc3bfbd8a2653e2196994ae80,2026-08-11T00:06:15Z
bcra_reserve_requirement_total,1995-05,monthly,15.320000,percent,official,bcra_average_reserve_requirements,https://www.bcra.gob.ar/archivos/Pdfs/PublicacionesEstadisticas/din1_ser.txt,66eeb0fa88aec93dc2450f27d6b6a407b09e286cc3bfbd8a2653e2196994ae80,2026-08-11T00:06:15Z
bcra_reserve_requirement_total,1995-06,monthly,14.620000,percent,official,bcra_average_reserve_requirements,https://www.bcra.gob.ar/archivos/Pdfs/PublicacionesEstadisticas/din1_ser.txt,66eeb0fa88aec93dc2450f27d6b6a407b09e286cc3bfbd8a2653e2196994ae80,2026-08-11T00:06:15Z
bcra_reserve_requirement_total,1995-07,monthly,14.500000,percent,official,bcra_average_reserve_requirements,https://www.bcra.gob.ar/archivos/Pdfs/PublicacionesEstadisticas/din1_ser.txt,66eeb0fa88aec93dc2450f27d6b6a407b09e286cc3bfbd8a2653e2196994ae80,2026-08-11T00:06:15Z
bcra_reserve_requirement_total,1995-08,monthly,14.860000,percent,official,bcra_average_reserve_requirements,https://www.bcra.gob.ar/archivos/Pdfs/PublicacionesEstadisticas/din1_ser.txt,66eeb0fa88aec93dc2450f27d6b6a407b09e286cc3bfbd8a2653e2196994ae80,2026-08-11T00:06:15Z
bcra_reserve_requirement_total,1995-09,monthly,14.110000,percent,official,bcra_average_reserve_requirements,https://www.bcra.gob.ar/archivos/Pdfs/PublicacionesEstadisticas/din1_ser.txt,66eeb0fa88aec93dc2450f27d6b6a407b09e286cc3bfbd8a2653e2196994ae80,2026-08-11T00:06:15Z
bcra_reserve_requirement_total,1995-10,monthly,14.210000,percent,official,bcra_average_reserve_requirements,https://www.bcra.gob.ar/archivos/Pdfs/PublicacionesEstadisticas/din1_ser.txt,66eeb0fa88aec93dc2450f27d6b6a407b09e286cc3bfbd8a2653e2196994ae80,2026-08-11T00:06:15Z
bcra_reserve_requirement_total,1995-11,monthly,15.160000,percent,official,bcra_average_reserve_requirements,https://www.bcra.gob.ar/archivos/Pdfs/PublicacionesEstadisticas/din1_ser.txt,66eeb0fa88aec93dc2450f27d6b6a407b09e286cc3bfbd8a2653e2196994ae80,2026-08-11T00:06:15Z
bcra_reserve_requirement_total,1995-12,monthly,15.210000,percent,official,bcra_average_reserve_requirements,https://www.bcra.gob.ar/archivos/Pdfs/PublicacionesEstadisticas/din1_ser.txt,66eeb0fa88aec93dc2450f27d6b6a407b09e286cc3bfbd8a2653e2196994ae80,2026-08-11T00:06:15Z
bcra_reserve_requirement_total,1996-01,monthly,15.520000,percent,official,bcra_average_reserve_requirements,https://www.bcra.gob.ar/archivos/Pdfs/PublicacionesEstadisticas/din1_ser.txt,66eeb0fa88aec93dc2450f27d6b6a407b09e286cc3bfbd8a2653e2196994ae80,2026-08-11T00:06:15Z
bcra_reserve_requirement_total,1996-02,monthly,16.140000,percent,official,bcra_average_reserve_requirements,https://www.bcra.gob.ar/archivos/Pdfs/PublicacionesEstadisticas/din1_ser.txt,66eeb0fa88aec93dc2450f27d6b6a407b09e286cc3bfbd8a2653e2196994ae80,2026-08-11T00:06:15Z
bcra_reserve_requirement_total,1996-03,monthly,15.830000,percent,official,bcra_average_reserve_requirements,https://www.bcra.gob.ar/archivos/Pdfs/PublicacionesEstadisticas/din1_ser.txt,66eeb0fa88aec93dc2450f27d6b6a407b09e286cc3bfbd8a2653e2196994ae80,2026-08-11T00:06:15Z
bcra_reserve_requirement_total,1996-04,monthly,15.250000,percent,official,bcra_average_reserve_requirements,https://www.bcra.gob.ar/archivos/Pdfs/PublicacionesEstadisticas/din1_ser.txt,66eeb0fa88aec93dc2450f27d6b6a407b09e286cc3bfbd8a2653e2196994ae80,2026-08-11T00:06:15Z
bcra_reserve_requirement_total,1996-05,monthly,15.110000,percent,official,bcra_average_reserve_requirements,https://www.bcra.gob.ar/archivos/Pdfs/PublicacionesEstadisticas/din1_ser.txt,66eeb0fa88aec93dc2450f27d6b6a407b09e286cc3bfbd8a2653e2196994ae80,2026-08-11T00:06:15Z
bcra_reserve_requirement_total,1996-06,monthly,14.980000,percent,official,bcra_average_reserve_requirements,https://www.bcra.gob.ar/archivos/Pdfs/PublicacionesEstadisticas/din1_ser.txt,66eeb0fa88aec93dc2450f27d6b6a407b09e286cc3bfbd8a2653e2196994ae80,2026-08-11T00:06:15Z
bcra_reserve_requirement_total,1996-07,monthly,14.730000,percent,official,bcra_average_reserve_requirements,https://www.bcra.gob.ar/archivos/Pdfs/PublicacionesEstadisticas/din1_ser.txt,66eeb0fa88aec93dc2450f27d6b6a407b09e286cc3bfbd8a2653e2196994ae80,2026-08-11T00:06:15Z
bcra_reserve_requirement_total,1996-08,monthly,14.610000,percent,official,bcra_average_reserve_requirements,https://www.bcra.gob.ar/archivos/Pdfs/PublicacionesEstadisticas/din1_ser.txt,66eeb0fa88aec93dc2450f27d6b6a407b09e286cc3bfbd8a2653e2196994ae80,2026-08-11T00:06:15Z
bcra_reserve_requirement_total,1996-09,monthly,14.580000,percent,official,bcra_average_reserve_requirements,https://www.bcra.gob.ar/archivos/Pdfs/PublicacionesEstadisticas/din1_ser.txt,66eeb0fa88aec93dc2450f27d6b6a407b09e286cc3bfbd8a2653e2196994ae80,2026-08-11T00:06:15Z
bcra_reserve_requirement_total,1996-10,monthly,15.460000,percent,official,bcra_average_reserve_requirements,https://www.bcra.gob.ar/archivos/Pdfs/PublicacionesEstadisticas/din1_ser.txt,66eeb0fa88aec93dc2450f27d6b6a407b09e286cc3bfbd8a2653e2196994ae80,2026-08-11T00:06:15Z
bcra_reserve_requirement_total,1996-11,monthly,15.480000,percent,official,bcra_average_reserve_requirements,https://www.bcra.gob.ar/archivos/Pdfs/PublicacionesEstadisticas/din1_ser.txt,66eeb0fa88aec93dc2450f27d6b6a407b09e286cc3bfbd8a2653e2196994ae80,2026-08-11T00:06:15Z
bcra_reserve_requirement_total,1996-12,monthly,15.250000,percent,official,bcra_average_reserve_requirements,https://www.bcra.gob.ar/archivos/Pdfs/PublicacionesEstadisticas/din1_ser.txt,66eeb0fa88aec93dc2450f27d6b6a407b09e286cc3bfbd8a2653e2196994ae80,2026-08-11T00:06:15Z
bcra_reserve_requirement_total,1997-01,monthly,14.950000,percent,official,bcra_average_reserve_requirements,https://www.bcra.gob.ar/archivos/Pdfs/PublicacionesEstadisticas/din1_ser.txt,66eeb0fa88aec93dc2450f27d6b6a407b09e286cc3bfbd8a2653e2196994ae80,2026-08-11T00:06:15Z
bcra_reserve_requirement_total,1997-02,monthly,15.910000,percent,official,bcra_average_reserve_requirements,https://www.bcra.gob.ar/archivos/Pdfs/PublicacionesEstadisticas/din1_ser.txt,66eeb0fa88aec93dc2450f27d6b6a407b09e286cc3bfbd8a2653e2196994ae80,2026-08-11T00:06:15Z
bcra_reserve_requirement_total,1997-03,monthly,16.120000,percent,official,bcra_average_reserve_requirements,https://www.bcra.gob.ar/archivos/Pdfs/PublicacionesEstadisticas/din1_ser.txt,66eeb0fa88aec93dc2450f27d6b6a407b09e286cc3bfbd8a2653e2196994ae80,2026-08-11T00:06:15Z
bcra_reserve_requirement_total,1997-04,monthly,16.080000,percent,official,bcra_average_reserve_requirements,https://www.bcra.gob.ar/archivos/Pdfs/PublicacionesEstadisticas/din1_ser.txt,66eeb0fa88aec93dc2450f27d6b6a407b09e286cc3bfbd8a2653e2196994ae80,2026-08-11T00:06:15Z
bcra_reserve_requirement_total,1997-05,monthly,16.370000,percent,official,bcra_average_reserve_requirements,https://www.bcra.gob.ar/archivos/Pdfs/PublicacionesEstadisticas/din1_ser.txt,66eeb0fa88aec93dc2450f27d6b6a407b09e286cc3bfbd8a2653e2196994ae80,2026-08-11T00:06:15Z
bcra_reserve_requirement_total,1997-06,monthly,16.220000,percent,official,bcra_average_reserve_requirements,https://www.bcra.gob.ar/archivos/Pdfs/PublicacionesEstadisticas/din1_ser.txt,66eeb0fa88aec93dc2450f27d6b6a407b09e286cc3bfbd8a2653e2196994ae80,2026-08-11T00:06:15Z
bcra_reserve_requirement_total,1997-07,monthly,16.390000,percent,official,bcra_average_reserve_requirements,https://www.bcra.gob.ar/archivos/Pdfs/PublicacionesEstadisticas/din1_ser.txt,66eeb0fa88aec93dc2450f27d6b6a407b09e286cc3bfbd8a2653e2196994ae80,2026-08-11T00:06:15Z
bcra_reserve_requirement_total,1997-08,monthly,17.170000,percent,official,bcra_average_reserve_requirements,https://www.bcra.gob.ar/archivos/Pdfs/PublicacionesEstadisticas/din1_ser.txt,66eeb0fa88aec93dc2450f27d6b6a407b09e286cc3bfbd8a2653e2196994ae80,2026-08-11T00:06:15Z
bcra_reserve_requirement_total,1997-09,monthly,17.000000,percent,official,bcra_average_reserve_requirements,https://www.bcra.gob.ar/archivos/Pdfs/PublicacionesEstadisticas/din1_ser.txt,66eeb0fa88aec93dc2450f27d6b6a407b09e286cc3bfbd8a2653e2196994ae80,2026-08-11T00:06:15Z
bcra_reserve_requirement_total,1997-10,monthly,17.040000,percent,official,bcra_average_reserve_requirements,https://www.bcra.gob.ar/archivos/Pdfs/PublicacionesEstadisticas/din1_ser.txt,66eeb0fa88aec93dc2450f27d6b6a407b09e286cc3bfbd8a2653e2196994ae80,2026-08-11T00:06:15Z
bcra_reserve_requirement_total,1997-11,monthly,16.890000,percent,official,bcra_average_reserve_requirements,https://www.bcra.gob.ar/archivos/Pdfs/PublicacionesEstadisticas/din1_ser.txt,66eeb0fa88aec93dc2450f27d6b6a407b09e286cc3bfbd8a2653e2196994ae80,2026-08-11T00:06:15Z
bcra_reserve_requirement_total,1997-12,monthly,18.120000,percent,official,bcra_average_reserve_requirements,https://www.bcra.gob.ar/archivos/Pdfs/PublicacionesEstadisticas/din1_ser.txt,66eeb0fa88aec93dc2450f27d6b6a407b09e286cc3bfbd8a2653e2196994ae80,2026-08-11T00:06:15Z
bcra_reserve_requirement_total,1998-01,monthly,18.680000,percent,official,bcra_average_reserve_requirements,https://www.bcra.gob.ar/archivos/Pdfs/PublicacionesEstadisticas/din1_ser.txt,66eeb0fa88aec93dc2450f27d6b6a407b09e286cc3bfbd8a2653e2196994ae80,2026-08-11T00:06:15Z
bcra_reserve_requirement_total,1998-02,monthly,18.740000,percent,official,bcra_average_reserve_requirements,https://www.bcra.gob.ar/archivos/Pdfs/PublicacionesEstadisticas/din1_ser.txt,66eeb0fa88aec93dc2450f27d6b6a407b09e286cc3bfbd8a2653e2196994ae80,2026-08-11T00:06:15Z
bcra_reserve_requirement_total,1998-03,monthly,18.000000,percent,official,bcra_average_reserve_requirements,https://www.bcra.gob.ar/archivos/Pdfs/PublicacionesEstadisticas/din1_ser.txt,66eeb0fa88aec93dc2450f27d6b6a407b09e286cc3bfbd8a2653e2196994ae80,2026-08-11T00:06:15Z
bcra_reserve_requirement_total,1998-04,monthly,17.900000,percent,official,bcra_average_reserve_requirements,https://www.bcra.gob.ar/archivos/Pdfs/PublicacionesEstadisticas/din1_ser.txt,66eeb0fa88aec93dc2450f27d6b6a407b09e286cc3bfbd8a2653e2196994ae80,2026-08-11T00:06:15Z
bcra_reserve_requirement_total,1998-05,monthly,17.810000,percent,official,bcra_average_reserve_requirements,https://www.bcra.gob.ar/archivos/Pdfs/PublicacionesEstadisticas/din1_ser.txt,66eeb0fa88aec93dc2450f27d6b6a407b09e286cc3bfbd8a2653e2196994ae80,2026-08-11T00:06:15Z
bcra_reserve_requirement_total,1998-06,monthly,17.650000,percent,official,bcra_average_reserve_requirements,https://www.bcra.gob.ar/archivos/Pdfs/PublicacionesEstadisticas/din1_ser.txt,66eeb0fa88aec93dc2450f27d6b6a407b09e286cc3bfbd8a2653e2196994ae80,2026-08-11T00:06:15Z
bcra_reserve_requirement_total,1998-07,monthly,18.060000,percent,official,bcra_average_reserve_requirements,https://www.bcra.gob.ar/archivos/Pdfs/PublicacionesEstadisticas/din1_ser.txt,66eeb0fa88aec93dc2450f27d6b6a407b09e286cc3bfbd8a2653e2196994ae80,2026-08-11T00:06:15Z
bcra_reserve_requirement_total,1998-08,monthly,18.070000,percent,official,bcra_average_reserve_requirements,https://www.bcra.gob.ar/archivos/Pdfs/PublicacionesEstadisticas/din1_ser.txt,66eeb0fa88aec93dc2450f27d6b6a407b09e286cc3bfbd8a2653e2196994ae80,2026-08-11T00:06:15Z
bcra_reserve_requirement_total,1998-09,monthly,18.040000,percent,official,bcra_average_reserve_requirements,https://www.bcra.gob.ar/archivos/Pdfs/PublicacionesEstadisticas/din1_ser.txt,66eeb0fa88aec93dc2450f27d6b6a407b09e286cc3bfbd8a2653e2196994ae80,2026-08-11T00:06:15Z
bcra_reserve_requirement_total,1998-10,monthly,18.280000,percent,official,bcra_average_reserve_requirements,https://www.bcra.gob.ar/archivos/Pdfs/PublicacionesEstadisticas/din1_ser.txt,66eeb0fa88aec93dc2450f27d6b6a407b09e286cc3bfbd8a2653e2196994ae80,2026-08-11T00:06:15Z
bcra_reserve_requirement_total,1998-11,monthly,18.210000,percent,official,bcra_average_reserve_requirements,https://www.bcra.gob.ar/archivos/Pdfs/PublicacionesEstadisticas/din1_ser.txt,66eeb0fa88aec93dc2450f27d6b6a407b09e286cc3bfbd8a2653e2196994ae80,2026-08-11T00:06:15Z
bcra_reserve_requirement_total,1998-12,monthly,18.630000,percent,official,bcra_average_reserve_requirements,https://www.bcra.gob.ar/archivos/Pdfs/PublicacionesEstadisticas/din1_ser.txt,66eeb0fa88aec93dc2450f27d6b6a407b09e286cc3bfbd8a2653e2196994ae80,2026-08-11T00:06:15Z
bcra_reserve_requirement_total,1999-01,monthly,18.650000,percent,official,bcra_average_reserve_requirements,https://www.bcra.gob.ar/archivos/Pdfs/PublicacionesEstadisticas/din1_ser.txt,66eeb0fa88aec93dc2450f27d6b6a407b09e286cc3bfbd8a2653e2196994ae80,2026-08-11T00:06:15Z
bcra_reserve_requirement_total,1999-02,monthly,18.640000,percent,official,bcra_average_reserve_requirements,https://www.bcra.gob.ar/archivos/Pdfs/PublicacionesEstadisticas/din1_ser.txt,66eeb0fa88aec93dc2450f27d6b6a407b09e286cc3bfbd8a2653e2196994ae80,2026-08-11T00:06:15Z
bcra_reserve_requirement_total,1999-03,monthly,18.570000,percent,official,bcra_average_reserve_requirements,https://www.bcra.gob.ar/archivos/Pdfs/PublicacionesEstadisticas/din1_ser.txt,66eeb0fa88aec93dc2450f27d6b6a407b09e286cc3bfbd8a2653e2196994ae80,2026-08-11T00:06:15Z
bcra_reserve_requirement_total,1999-04,monthly,18.720000,percent,official,bcra_average_reserve_requirements,https://www.bcra.gob.ar/archivos/Pdfs/PublicacionesEstadisticas/din1_ser.txt,66eeb0fa88aec93dc2450f27d6b6a407b09e286cc3bfbd8a2653e2196994ae80,2026-08-11T00:06:15Z
bcra_reserve_requirement_total,1999-05,monthly,18.720000,percent,official,bcra_average_reserve_requirements,https://www.bcra.gob.ar/archivos/Pdfs/PublicacionesEstadisticas/din1_ser.txt,66eeb0fa88aec93dc2450f27d6b6a407b09e286cc3bfbd8a2653e2196994ae80,2026-08-11T00:06:15Z
bcra_reserve_requirement_total,1999-06,monthly,18.670000,percent,official,bcra_average_reserve_requirements,https://www.bcra.gob.ar/archivos/Pdfs/PublicacionesEstadisticas/din1_ser.txt,66eeb0fa88aec93dc2450f27d6b6a407b09e286cc3bfbd8a2653e2196994ae80,2026-08-11T00:06:15Z
bcra_reserve_requirement_total,1999-07,monthly,18.590000,percent,official,bcra_average_reserve_requirements,https://www.bcra.gob.ar/archivos/Pdfs/PublicacionesEstadisticas/din1_ser.txt,66eeb0fa88aec93dc2450f27d6b6a407b09e286cc3bfbd8a2653e2196994ae80,2026-08-11T00:06:15Z
bcra_reserve_requirement_total,1999-08,monthly,18.340000,percent,official,bcra_average_reserve_requirements,https://www.bcra.gob.ar/archivos/Pdfs/PublicacionesEstadisticas/din1_ser.txt,66eeb0fa88aec93dc2450f27d6b6a407b09e286cc3bfbd8a2653e2196994ae80,2026-08-11T00:06:15Z
bcra_reserve_requirement_total,1999-09,monthly,18.700000,percent,official,bcra_average_reserve_requirements,https://www.bcra.gob.ar/archivos/Pdfs/PublicacionesEstadisticas/din1_ser.txt,66eeb0fa88aec93dc2450f27d6b6a407b09e286cc3bfbd8a2653e2196994ae80,2026-08-11T00:06:15Z
bcra_reserve_requirement_total,1999-10,monthly,18.880000,percent,official,bcra_average_reserve_requirements,https://www.bcra.gob.ar/archivos/Pdfs/PublicacionesEstadisticas/din1_ser.txt,66eeb0fa88aec93dc2450f27d6b6a407b09e286cc3bfbd8a2653e2196994ae80,2026-08-11T00:06:15Z
bcra_reserve_requirement_total,1999-11,monthly,19.310000,percent,official,bcra_average_reserve_requirements,https://www.bcra.gob.ar/archivos/Pdfs/PublicacionesEstadisticas/din1_ser.txt,66eeb0fa88aec93dc2450f27d6b6a407b09e286cc3bfbd8a2653e2196994ae80,2026-08-11T00:06:15Z
bcra_reserve_requirement_total,1999-12,monthly,18.960000,percent,official,bcra_average_reserve_requirements,https://www.bcra.gob.ar/archivos/Pdfs/PublicacionesEstadisticas/din1_ser.txt,66eeb0fa88aec93dc2450f27d6b6a407b09e286cc3bfbd8a2653e2196994ae80,2026-08-11T00:06:15Z
bcra_reserve_requirement_total,2000-01,monthly,18.650000,percent,official,bcra_average_reserve_requirements,https://www.bcra.gob.ar/archivos/Pdfs/PublicacionesEstadisticas/din1_ser.txt,66eeb0fa88aec93dc2450f27d6b6a407b09e286cc3bfbd8a2653e2196994ae80,2026-08-11T00:06:15Z
bcra_reserve_requirement_total,2000-02,monthly,18.870000,percent,official,bcra_average_reserve_requirements,https://www.bcra.gob.ar/archivos/Pdfs/PublicacionesEstadisticas/din1_ser.txt,66eeb0fa88aec93dc2450f27d6b6a407b09e286cc3bfbd8a2653e2196994ae80,2026-08-11T00:06:15Z
bcra_reserve_requirement_total,2000-03,monthly,18.920000,percent,official,bcra_average_reserve_requirements,https://www.bcra.gob.ar/archivos/Pdfs/PublicacionesEstadisticas/din1_ser.txt,66eeb0fa88aec93dc2450f27d6b6a407b09e286cc3bfbd8a2653e2196994ae80,2026-08-11T00:06:15Z
bcra_reserve_requirement_total,2000-04,monthly,19.160000,percent,official,bcra_average_reserve_requirements,https://www.bcra.gob.ar/archivos/Pdfs/PublicacionesEstadisticas/din1_ser.txt,66eeb0fa88aec93dc2450f27d6b6a407b09e286cc3bfbd8a2653e2196994ae80,2026-08-11T00:06:15Z
bcra_reserve_requirement_total,2000-05,monthly,19.150000,percent,official,bcra_average_reserve_requirements,https://www.bcra.gob.ar/archivos/Pdfs/PublicacionesEstadisticas/din1_ser.txt,66eeb0fa88aec93dc2450f27d6b6a407b09e286cc3bfbd8a2653e2196994ae80,2026-08-11T00:06:15Z
bcra_reserve_requirement_total,2000-06,monthly,19.030000,percent,official,bcra_average_reserve_requirements,https://www.bcra.gob.ar/archivos/Pdfs/PublicacionesEstadisticas/din1_ser.txt,66eeb0fa88aec93dc2450f27d6b6a407b09e286cc3bfbd8a2653e2196994ae80,2026-08-11T00:06:15Z
bcra_reserve_requirement_total,2000-07,monthly,19.110000,percent,official,bcra_average_reserve_requirements,https://www.bcra.gob.ar/archivos/Pdfs/PublicacionesEstadisticas/din1_ser.txt,66eeb0fa88aec93dc2450f27d6b6a407b09e286cc3bfbd8a2653e2196994ae80,2026-08-11T00:06:15Z
bcra_reserve_requirement_total,2000-08,monthly,19.190000,percent,official,bcra_average_reserve_requirements,https://www.bcra.gob.ar/archivos/Pdfs/PublicacionesEstadisticas/din1_ser.txt,66eeb0fa88aec93dc2450f27d6b6a407b09e286cc3bfbd8a2653e2196994ae80,2026-08-11T00:06:15Z
bcra_reserve_requirement_total,2000-09,monthly,19.230000,percent,official,bcra_average_reserve_requirements,https://www.bcra.gob.ar/archivos/Pdfs/PublicacionesEstadisticas/din1_ser.txt,66eeb0fa88aec93dc2450f27d6b6a407b09e286cc3bfbd8a2653e2196994ae80,2026-08-11T00:06:15Z
bcra_reserve_requirement_total,2000-10,monthly,19.390000,percent,official,bcra_average_reserve_requirements,https://www.bcra.gob.ar/archivos/Pdfs/PublicacionesEstadisticas/din1_ser.txt,66eeb0fa88aec93dc2450f27d6b6a407b09e286cc3bfbd8a2653e2196994ae80,2026-08-11T00:06:15Z
bcra_reserve_requirement_total,2000-11,monthly,18.690000,percent,official,bcra_average_reserve_requirements,https://www.bcra.gob.ar/archivos/Pdfs/PublicacionesEstadisticas/din1_ser.txt,66eeb0fa88aec93dc2450f27d6b6a407b09e286cc3bfbd8a2653e2196994ae80,2026-08-11T00:06:15Z
bcra_reserve_requirement_total,2000-12,monthly,18.730000,percent,official,bcra_average_reserve_requirements,https://www.bcra.gob.ar/archivos/Pdfs/PublicacionesEstadisticas/din1_ser.txt,66eeb0fa88aec93dc2450f27d6b6a407b09e286cc3bfbd8a2653e2196994ae80,2026-08-11T00:06:15Z
bcra_reserve_requirement_total,2001-01,monthly,18.830000,percent,official,bcra_average_reserve_requirements,https://www.bcra.gob.ar/archivos/Pdfs/PublicacionesEstadisticas/din1_ser.txt,66eeb0fa88aec93dc2450f27d6b6a407b09e286cc3bfbd8a2653e2196994ae80,2026-08-11T00:06:15Z
bcra_reserve_requirement_total,2001-02,monthly,19.130000,percent,official,bcra_average_reserve_requirements,https://www.bcra.gob.ar/archivos/Pdfs/PublicacionesEstadisticas/din1_ser.txt,66eeb0fa88aec93dc2450f27d6b6a407b09e286cc3bfbd8a2653e2196994ae80,2026-08-11T00:06:15Z
bcra_reserve_requirement_total,2001-03,monthly,19.080000,percent,official,bcra_average_reserve_requirements,https://www.bcra.gob.ar/archivos/Pdfs/PublicacionesEstadisticas/din1_ser.txt,66eeb0fa88aec93dc2450f27d6b6a407b09e286cc3bfbd8a2653e2196994ae80,2026-08-11T00:06:15Z
bcra_reserve_requirement_total,2001-04,monthly,17.270000,percent,official,bcra_average_reserve_requirements,https://www.bcra.gob.ar/archivos/Pdfs/PublicacionesEstadisticas/din1_ser.txt,66eeb0fa88aec93dc2450f27d6b6a407b09e286cc3bfbd8a2653e2196994ae80,2026-08-11T00:06:15Z
bcra_reserve_requirement_total,2001-05,monthly,17.480000,percent,official,bcra_average_reserve_requirements,https://www.bcra.gob.ar/archivos/Pdfs/PublicacionesEstadisticas/din1_ser.txt,66eeb0fa88aec93dc2450f27d6b6a407b09e286cc3bfbd8a2653e2196994ae80,2026-08-11T00:06:15Z
bcra_reserve_requirement_total,2001-06,monthly,19.370000,percent,official,bcra_average_reserve_requirements,https://www.bcra.gob.ar/archivos/Pdfs/PublicacionesEstadisticas/din1_ser.txt,66eeb0fa88aec93dc2450f27d6b6a407b09e286cc3bfbd8a2653e2196994ae80,2026-08-11T00:06:15Z
bcra_reserve_requirement_total,2001-07,monthly,18.570000,percent,official,bcra_average_reserve_requirements,https://www.bcra.gob.ar/archivos/Pdfs/PublicacionesEstadisticas/din1_ser.txt,66eeb0fa88aec93dc2450f27d6b6a407b09e286cc3bfbd8a2653e2196994ae80,2026-08-11T00:06:15Z
bcra_reserve_requirement_total,2001-08,monthly,18.680000,percent,official,bcra_average_reserve_requirements,https://www.bcra.gob.ar/archivos/Pdfs/PublicacionesEstadisticas/din1_ser.txt,66eeb0fa88aec93dc2450f27d6b6a407b09e286cc3bfbd8a2653e2196994ae80,2026-08-11T00:06:15Z
bcra_reserve_requirement_total,2001-09,monthly,18.700000,percent,official,bcra_average_reserve_requirements,https://www.bcra.gob.ar/archivos/Pdfs/PublicacionesEstadisticas/din1_ser.txt,66eeb0fa88aec93dc2450f27d6b6a407b09e286cc3bfbd8a2653e2196994ae80,2026-08-11T00:06:15Z
bcra_reserve_requirement_total,2001-10,monthly,19.400000,percent,official,bcra_average_reserve_requirements,https://www.bcra.gob.ar/archivos/Pdfs/PublicacionesEstadisticas/din1_ser.txt,66eeb0fa88aec93dc2450f27d6b6a407b09e286cc3bfbd8a2653e2196994ae80,2026-08-11T00:06:15Z
bcra_reserve_requirement_total,2001-11,monthly,19.390000,percent,official,bcra_average_reserve_requirements,https://www.bcra.gob.ar/archivos/Pdfs/PublicacionesEstadisticas/din1_ser.txt,66eeb0fa88aec93dc2450f27d6b6a407b09e286cc3bfbd8a2653e2196994ae80,2026-08-11T00:06:15Z
bcra_reserve_requirement_total,2001-12,monthly,20.090000,percent,official,bcra_average_reserve_requirements,https://www.bcra.gob.ar/archivos/Pdfs/PublicacionesEstadisticas/din1_ser.txt,66eeb0fa88aec93dc2450f27d6b6a407b09e286cc3bfbd8a2653e2196994ae80,2026-08-11T00:06:15Z
bcra_reserve_requirement_total,2002-01,monthly,16.320000,percent,official,bcra_average_reserve_requirements,https://www.bcra.gob.ar/archivos/Pdfs/PublicacionesEstadisticas/din1_ser.txt,66eeb0fa88aec93dc2450f27d6b6a407b09e286cc3bfbd8a2653e2196994ae80,2026-08-11T00:06:15Z
bcra_reserve_requirement_total,2002-02,monthly,17.160000,percent,official,bcra_average_reserve_requirements,https://www.bcra.gob.ar/archivos/Pdfs/PublicacionesEstadisticas/din1_ser.txt,66eeb0fa88aec93dc2450f27d6b6a407b09e286cc3bfbd8a2653e2196994ae80,2026-08-11T00:06:15Z
bcra_reserve_requirement_total,2002-03,monthly,19.180000,percent,official,bcra_average_reserve_requirements,https://www.bcra.gob.ar/archivos/Pdfs/PublicacionesEstadisticas/din1_ser.txt,66eeb0fa88aec93dc2450f27d6b6a407b09e286cc3bfbd8a2653e2196994ae80,2026-08-11T00:06:15Z
bcra_reserve_requirement_total,2002-04,monthly,19.360000,percent,official,bcra_average_reserve_requirements,https://www.bcra.gob.ar/archivos/Pdfs/PublicacionesEstadisticas/din1_ser.txt,66eeb0fa88aec93dc2450f27d6b6a407b09e286cc3bfbd8a2653e2196994ae80,2026-08-11T00:06:15Z
bcra_reserve_requirement_total,2002-05,monthly,20.020000,percent,official,bcra_average_reserve_requirements,https://www.bcra.gob.ar/archivos/Pdfs/PublicacionesEstadisticas/din1_ser.txt,66eeb0fa88aec93dc2450f27d6b6a407b09e286cc3bfbd8a2653e2196994ae80,2026-08-11T00:06:15Z
bcra_reserve_requirement_total,2002-06,monthly,19.430000,percent,official,bcra_average_reserve_requirements,https://www.bcra.gob.ar/archivos/Pdfs/PublicacionesEstadisticas/din1_ser.txt,66eeb0fa88aec93dc2450f27d6b6a407b09e286cc3bfbd8a2653e2196994ae80,2026-08-11T00:06:15Z
bcra_reserve_requirement_total,2002-07,monthly,19.070000,percent,official,bcra_average_reserve_requirements,https://www.bcra.gob.ar/archivos/Pdfs/PublicacionesEstadisticas/din1_ser.txt,66eeb0fa88aec93dc2450f27d6b6a407b09e286cc3bfbd8a2653e2196994ae80,2026-08-11T00:06:15Z
bcra_reserve_requirement_total,2002-08,monthly,19.270000,percent,official,bcra_average_reserve_requirements,https://www.bcra.gob.ar/archivos/Pdfs/PublicacionesEstadisticas/din1_ser.txt,66eeb0fa88aec93dc2450f27d6b6a407b09e286cc3bfbd8a2653e2196994ae80,2026-08-11T00:06:15Z
bcra_reserve_requirement_total,2002-09,monthly,19.650000,percent,official,bcra_average_reserve_requirements,https://www.bcra.gob.ar/archivos/Pdfs/PublicacionesEstadisticas/din1_ser.txt,66eeb0fa88aec93dc2450f27d6b6a407b09e286cc3bfbd8a2653e2196994ae80,2026-08-11T00:06:15Z
bcra_reserve_requirement_total,2002-10,monthly,19.120000,percent,official,bcra_average_reserve_requirements,https://www.bcra.gob.ar/archivos/Pdfs/PublicacionesEstadisticas/din1_ser.txt,66eeb0fa88aec93dc2450f27d6b6a407b09e286cc3bfbd8a2653e2196994ae80,2026-08-11T00:06:15Z
bcra_reserve_requirement_total,2002-11,monthly,19.770000,percent,official,bcra_average_reserve_requirements,https://www.bcra.gob.ar/archivos/Pdfs/PublicacionesEstadisticas/din1_ser.txt,66eeb0fa88aec93dc2450f27d6b6a407b09e286cc3bfbd8a2653e2196994ae80,2026-08-11T00:06:15Z
bcra_reserve_requirement_total,2002-12,monthly,21.310000,percent,official,bcra_average_reserve_requirements,https://www.bcra.gob.ar/archivos/Pdfs/PublicacionesEstadisticas/din1_ser.txt,66eeb0fa88aec93dc2450f27d6b6a407b09e286cc3bfbd8a2653e2196994ae80,2026-08-11T00:06:15Z
bcra_reserve_requirement_total,2003-01,monthly,19.270000,percent,official,bcra_average_reserve_requirements,https://www.bcra.gob.ar/archivos/Pdfs/PublicacionesEstadisticas/din1_ser.txt,66eeb0fa88aec93dc2450f27d6b6a407b09e286cc3bfbd8a2653e2196994ae80,2026-08-11T00:06:15Z
bcra_reserve_requirement_total,2003-02,monthly,19.530000,percent,official,bcra_average_reserve_requirements,https://www.bcra.gob.ar/archivos/Pdfs/PublicacionesEstadisticas/din1_ser.txt,66eeb0fa88aec93dc2450f27d6b6a407b09e286cc3bfbd8a2653e2196994ae80,2026-08-11T00:06:15Z
bcra_reserve_requirement_total,2003-03,monthly,16.500000,percent,official,bcra_average_reserve_requirements,https://www.bcra.gob.ar/archivos/Pdfs/PublicacionesEstadisticas/din1_ser.txt,66eeb0fa88aec93dc2450f27d6b6a407b09e286cc3bfbd8a2653e2196994ae80,2026-08-11T00:06:15Z
bcra_reserve_requirement_total,2003-04,monthly,14.810000,percent,official,bcra_average_reserve_requirements,https://www.bcra.gob.ar/archivos/Pdfs/PublicacionesEstadisticas/din1_ser.txt,66eeb0fa88aec93dc2450f27d6b6a407b09e286cc3bfbd8a2653e2196994ae80,2026-08-11T00:06:15Z
bcra_reserve_requirement_total,2003-05,monthly,16.530000,percent,official,bcra_average_reserve_requirements,https://www.bcra.gob.ar/archivos/Pdfs/PublicacionesEstadisticas/din1_ser.txt,66eeb0fa88aec93dc2450f27d6b6a407b09e286cc3bfbd8a2653e2196994ae80,2026-08-11T00:06:15Z
bcra_reserve_requirement_total,2003-06,monthly,18.050000,percent,official,bcra_average_reserve_requirements,https://www.bcra.gob.ar/archivos/Pdfs/PublicacionesEstadisticas/din1_ser.txt,66eeb0fa88aec93dc2450f27d6b6a407b09e286cc3bfbd8a2653e2196994ae80,2026-08-11T00:06:15Z
bcra_reserve_requirement_total,2003-07,monthly,14.450000,percent,official,bcra_average_reserve_requirements,https://www.bcra.gob.ar/archivos/Pdfs/PublicacionesEstadisticas/din1_ser.txt,66eeb0fa88aec93dc2450f27d6b6a407b09e286cc3bfbd8a2653e2196994ae80,2026-08-11T00:06:15Z
bcra_reserve_requirement_total,2003-08,monthly,14.870000,percent,official,bcra_average_reserve_requirements,https://www.bcra.gob.ar/archivos/Pdfs/PublicacionesEstadisticas/din1_ser.txt,66eeb0fa88aec93dc2450f27d6b6a407b09e286cc3bfbd8a2653e2196994ae80,2026-08-11T00:06:15Z
bcra_reserve_requirement_total,2003-09,monthly,14.950000,percent,official,bcra_average_reserve_requirements,https://www.bcra.gob.ar/archivos/Pdfs/PublicacionesEstadisticas/din1_ser.txt,66eeb0fa88aec93dc2450f27d6b6a407b09e286cc3bfbd8a2653e2196994ae80,2026-08-11T00:06:15Z
bcra_reserve_requirement_total,2003-10,monthly,15.570000,percent,official,bcra_average_reserve_requirements,https://www.bcra.gob.ar/archivos/Pdfs/PublicacionesEstadisticas/din1_ser.txt,66eeb0fa88aec93dc2450f27d6b6a407b09e286cc3bfbd8a2653e2196994ae80,2026-08-11T00:06:15Z
bcra_reserve_requirement_total,2003-11,monthly,17.030000,percent,official,bcra_average_reserve_requirements,https://www.bcra.gob.ar/archivos/Pdfs/PublicacionesEstadisticas/din1_ser.txt,66eeb0fa88aec93dc2450f27d6b6a407b09e286cc3bfbd8a2653e2196994ae80,2026-08-11T00:06:15Z
bcra_reserve_requirement_total,2003-12,monthly,16.030000,percent,official,bcra_average_reserve_requirements,https://www.bcra.gob.ar/archivos/Pdfs/PublicacionesEstadisticas/din1_ser.txt,66eeb0fa88aec93dc2450f27d6b6a407b09e286cc3bfbd8a2653e2196994ae80,2026-08-11T00:06:15Z
bcra_reserve_requirement_total,2004-01,monthly,16.410000,percent,official,bcra_average_reserve_requirements,https://www.bcra.gob.ar/archivos/Pdfs/PublicacionesEstadisticas/din1_ser.txt,66eeb0fa88aec93dc2450f27d6b6a407b09e286cc3bfbd8a2653e2196994ae80,2026-08-11T00:06:15Z
bcra_reserve_requirement_total,2004-02,monthly,16.550000,percent,official,bcra_average_reserve_requirements,https://www.bcra.gob.ar/archivos/Pdfs/PublicacionesEstadisticas/din1_ser.txt,66eeb0fa88aec93dc2450f27d6b6a407b09e286cc3bfbd8a2653e2196994ae80,2026-08-11T00:06:15Z
bcra_reserve_requirement_total,2004-03,monthly,16.710000,percent,official,bcra_average_reserve_requirements,https://www.bcra.gob.ar/archivos/Pdfs/PublicacionesEstadisticas/din1_ser.txt,66eeb0fa88aec93dc2450f27d6b6a407b09e286cc3bfbd8a2653e2196994ae80,2026-08-11T00:06:15Z
bcra_reserve_requirement_total,2004-04,monthly,17.040000,percent,official,bcra_average_reserve_requirements,https://www.bcra.gob.ar/archivos/Pdfs/PublicacionesEstadisticas/din1_ser.txt,66eeb0fa88aec93dc2450f27d6b6a407b09e286cc3bfbd8a2653e2196994ae80,2026-08-11T00:06:15Z
bcra_reserve_requirement_total,2004-05,monthly,17.280000,percent,official,bcra_average_reserve_requirements,https://www.bcra.gob.ar/archivos/Pdfs/PublicacionesEstadisticas/din1_ser.txt,66eeb0fa88aec93dc2450f27d6b6a407b09e286cc3bfbd8a2653e2196994ae80,2026-08-11T00:06:15Z
bcra_reserve_requirement_total,2004-06,monthly,17.210000,percent,official,bcra_average_reserve_requirements,https://www.bcra.gob.ar/archivos/Pdfs/PublicacionesEstadisticas/din1_ser.txt,66eeb0fa88aec93dc2450f27d6b6a407b09e286cc3bfbd8a2653e2196994ae80,2026-08-11T00:06:15Z
bcra_reserve_requirement_total,2004-07,monthly,15.820000,percent,official,bcra_average_reserve_requirements,https://www.bcra.gob.ar/archivos/Pdfs/PublicacionesEstadisticas/din1_ser.txt,66eeb0fa88aec93dc2450f27d6b6a407b09e286cc3bfbd8a2653e2196994ae80,2026-08-11T00:06:15Z
bcra_reserve_requirement_total,2004-08,monthly,17.190000,percent,official,bcra_average_reserve_requirements,https://www.bcra.gob.ar/archivos/Pdfs/PublicacionesEstadisticas/din1_ser.txt,66eeb0fa88aec93dc2450f27d6b6a407b09e286cc3bfbd8a2653e2196994ae80,2026-08-11T00:06:15Z
bcra_reserve_requirement_total,2004-09,monthly,17.230000,percent,official,bcra_average_reserve_requirements,https://www.bcra.gob.ar/archivos/Pdfs/PublicacionesEstadisticas/din1_ser.txt,66eeb0fa88aec93dc2450f27d6b6a407b09e286cc3bfbd8a2653e2196994ae80,2026-08-11T00:06:15Z
bcra_reserve_requirement_total,2004-10,monthly,17.190000,percent,official,bcra_average_reserve_requirements,https://www.bcra.gob.ar/archivos/Pdfs/PublicacionesEstadisticas/din1_ser.txt,66eeb0fa88aec93dc2450f27d6b6a407b09e286cc3bfbd8a2653e2196994ae80,2026-08-11T00:06:15Z
bcra_reserve_requirement_total,2004-11,monthly,17.340000,percent,official,bcra_average_reserve_requirements,https://www.bcra.gob.ar/archivos/Pdfs/PublicacionesEstadisticas/din1_ser.txt,66eeb0fa88aec93dc2450f27d6b6a407b09e286cc3bfbd8a2653e2196994ae80,2026-08-11T00:06:15Z
bcra_reserve_requirement_total,2004-12,monthly,17.600000,percent,official,bcra_average_reserve_requirements,https://www.bcra.gob.ar/archivos/Pdfs/PublicacionesEstadisticas/din1_ser.txt,66eeb0fa88aec93dc2450f27d6b6a407b09e286cc3bfbd8a2653e2196994ae80,2026-08-11T00:06:15Z
bcra_reserve_requirement_total,2005-01,monthly,16.240000,percent,official,bcra_average_reserve_requirements,https://www.bcra.gob.ar/archivos/Pdfs/PublicacionesEstadisticas/din1_ser.txt,66eeb0fa88aec93dc2450f27d6b6a407b09e286cc3bfbd8a2653e2196994ae80,2026-08-11T00:06:15Z
bcra_reserve_requirement_total,2005-02,monthly,16.300000,percent,official,bcra_average_reserve_requirements,https://www.bcra.gob.ar/archivos/Pdfs/PublicacionesEstadisticas/din1_ser.txt,66eeb0fa88aec93dc2450f27d6b6a407b09e286cc3bfbd8a2653e2196994ae80,2026-08-11T00:06:15Z
bcra_reserve_requirement_total,2005-03,monthly,16.410000,percent,official,bcra_average_reserve_requirements,https://www.bcra.gob.ar/archivos/Pdfs/PublicacionesEstadisticas/din1_ser.txt,66eeb0fa88aec93dc2450f27d6b6a407b09e286cc3bfbd8a2653e2196994ae80,2026-08-11T00:06:15Z
bcra_reserve_requirement_total,2005-04,monthly,16.340000,percent,official,bcra_average_reserve_requirements,https://www.bcra.gob.ar/archivos/Pdfs/PublicacionesEstadisticas/din1_ser.txt,66eeb0fa88aec93dc2450f27d6b6a407b09e286cc3bfbd8a2653e2196994ae80,2026-08-11T00:06:15Z
bcra_reserve_requirement_total,2005-05,monthly,16.400000,percent,official,bcra_average_reserve_requirements,https://www.bcra.gob.ar/archivos/Pdfs/PublicacionesEstadisticas/din1_ser.txt,66eeb0fa88aec93dc2450f27d6b6a407b09e286cc3bfbd8a2653e2196994ae80,2026-08-11T00:06:15Z
bcra_reserve_requirement_total,2005-06,monthly,16.290000,percent,official,bcra_average_reserve_requirements,https://www.bcra.gob.ar/archivos/Pdfs/PublicacionesEstadisticas/din1_ser.txt,66eeb0fa88aec93dc2450f27d6b6a407b09e286cc3bfbd8a2653e2196994ae80,2026-08-11T00:06:15Z
bcra_reserve_requirement_total,2005-07,monthly,16.110000,percent,official,bcra_average_reserve_requirements,https://www.bcra.gob.ar/archivos/Pdfs/PublicacionesEstadisticas/din1_ser.txt,66eeb0fa88aec93dc2450f27d6b6a407b09e286cc3bfbd8a2653e2196994ae80,2026-08-11T00:06:15Z
bcra_reserve_requirement_total,2005-08,monthly,15.850000,percent,official,bcra_average_reserve_requirements,https://www.bcra.gob.ar/archivos/Pdfs/PublicacionesEstadisticas/din1_ser.txt,66eeb0fa88aec93dc2450f27d6b6a407b09e286cc3bfbd8a2653e2196994ae80,2026-08-11T00:06:15Z
bcra_reserve_requirement_total,2005-09,monthly,15.140000,percent,official,bcra_average_reserve_requirements,https://www.bcra.gob.ar/archivos/Pdfs/PublicacionesEstadisticas/din1_ser.txt,66eeb0fa88aec93dc2450f27d6b6a407b09e286cc3bfbd8a2653e2196994ae80,2026-08-11T00:06:15Z
bcra_reserve_requirement_total,2005-10,monthly,15.110000,percent,official,bcra_average_reserve_requirements,https://www.bcra.gob.ar/archivos/Pdfs/PublicacionesEstadisticas/din1_ser.txt,66eeb0fa88aec93dc2450f27d6b6a407b09e286cc3bfbd8a2653e2196994ae80,2026-08-11T00:06:15Z
bcra_reserve_requirement_total,2005-11,monthly,15.120000,percent,official,bcra_average_reserve_requirements,https://www.bcra.gob.ar/archivos/Pdfs/PublicacionesEstadisticas/din1_ser.txt,66eeb0fa88aec93dc2450f27d6b6a407b09e286cc3bfbd8a2653e2196994ae80,2026-08-11T00:06:15Z
bcra_reserve_requirement_total,2005-12,monthly,14.070000,percent,official,bcra_average_reserve_requirements,https://www.bcra.gob.ar/archivos/Pdfs/PublicacionesEstadisticas/din1_ser.txt,66eeb0fa88aec93dc2450f27d6b6a407b09e286cc3bfbd8a2653e2196994ae80,2026-08-11T00:06:15Z
bcra_reserve_requirement_total,2006-01,monthly,14.110000,percent,official,bcra_average_reserve_requirements,https://www.bcra.gob.ar/archivos/Pdfs/PublicacionesEstadisticas/din1_ser.txt,66eeb0fa88aec93dc2450f27d6b6a407b09e286cc3bfbd8a2653e2196994ae80,2026-08-11T00:06:15Z
bcra_reserve_requirement_total,2006-02,monthly,14.220000,percent,official,bcra_average_reserve_requirements,https://www.bcra.gob.ar/archivos/Pdfs/PublicacionesEstadisticas/din1_ser.txt,66eeb0fa88aec93dc2450f27d6b6a407b09e286cc3bfbd8a2653e2196994ae80,2026-08-11T00:06:15Z
bcra_reserve_requirement_total,2006-03,monthly,14.160000,percent,official,bcra_average_reserve_requirements,https://www.bcra.gob.ar/archivos/Pdfs/PublicacionesEstadisticas/din1_ser.txt,66eeb0fa88aec93dc2450f27d6b6a407b09e286cc3bfbd8a2653e2196994ae80,2026-08-11T00:06:15Z
bcra_reserve_requirement_total,2006-04,monthly,15.060000,percent,official,bcra_average_reserve_requirements,https://www.bcra.gob.ar/archivos/Pdfs/PublicacionesEstadisticas/din1_ser.txt,66eeb0fa88aec93dc2450f27d6b6a407b09e286cc3bfbd8a2653e2196994ae80,2026-08-11T00:06:15Z
bcra_reserve_requirement_total,2006-05,monthly,15.110000,percent,official,bcra_average_reserve_requirements,https://www.bcra.gob.ar/archivos/Pdfs/PublicacionesEstadisticas/din1_ser.txt,66eeb0fa88aec93dc2450f27d6b6a407b09e286cc3bfbd8a2653e2196994ae80,2026-08-11T00:06:15Z
bcra_reserve_requirement_total,2006-06,monthly,15.200000,percent,official,bcra_average_reserve_requirements,https://www.bcra.gob.ar/archivos/Pdfs/PublicacionesEstadisticas/din1_ser.txt,66eeb0fa88aec93dc2450f27d6b6a407b09e286cc3bfbd8a2653e2196994ae80,2026-08-11T00:06:15Z
bcra_reserve_requirement_total,2006-07,monthly,15.290000,percent,official,bcra_average_reserve_requirements,https://www.bcra.gob.ar/archivos/Pdfs/PublicacionesEstadisticas/din1_ser.txt,66eeb0fa88aec93dc2450f27d6b6a407b09e286cc3bfbd8a2653e2196994ae80,2026-08-11T00:06:15Z
bcra_reserve_requirement_total,2006-08,monthly,16.170000,percent,official,bcra_average_reserve_requirements,https://www.bcra.gob.ar/archivos/Pdfs/PublicacionesEstadisticas/din1_ser.txt,66eeb0fa88aec93dc2450f27d6b6a407b09e286cc3bfbd8a2653e2196994ae80,2026-08-11T00:06:15Z
bcra_reserve_requirement_total,2006-09,monthly,16.120000,percent,official,bcra_average_reserve_requirements,https://www.bcra.gob.ar/archivos/Pdfs/PublicacionesEstadisticas/din1_ser.txt,66eeb0fa88aec93dc2450f27d6b6a407b09e286cc3bfbd8a2653e2196994ae80,2026-08-11T00:06:15Z
bcra_reserve_requirement_total,2006-10,monthly,16.100000,percent,official,bcra_average_reserve_requirements,https://www.bcra.gob.ar/archivos/Pdfs/PublicacionesEstadisticas/din1_ser.txt,66eeb0fa88aec93dc2450f27d6b6a407b09e286cc3bfbd8a2653e2196994ae80,2026-08-11T00:06:15Z
bcra_reserve_requirement_total,2006-11,monthly,16.260000,percent,official,bcra_average_reserve_requirements,https://www.bcra.gob.ar/archivos/Pdfs/PublicacionesEstadisticas/din1_ser.txt,66eeb0fa88aec93dc2450f27d6b6a407b09e286cc3bfbd8a2653e2196994ae80,2026-08-11T00:06:15Z
bcra_reserve_requirement_total,2006-12,monthly,16.210000,percent,official,bcra_average_reserve_requirements,https://www.bcra.gob.ar/archivos/Pdfs/PublicacionesEstadisticas/din1_ser.txt,66eeb0fa88aec93dc2450f27d6b6a407b09e286cc3bfbd8a2653e2196994ae80,2026-08-11T00:06:15Z
bcra_reserve_requirement_total,2007-01,monthly,16.070000,percent,official,bcra_average_reserve_requirements,https://www.bcra.gob.ar/archivos/Pdfs/PublicacionesEstadisticas/din1_ser.txt,66eeb0fa88aec93dc2450f27d6b6a407b09e286cc3bfbd8a2653e2196994ae80,2026-08-11T00:06:15Z
bcra_reserve_requirement_total,2007-02,monthly,16.010000,percent,official,bcra_average_reserve_requirements,https://www.bcra.gob.ar/archivos/Pdfs/PublicacionesEstadisticas/din1_ser.txt,66eeb0fa88aec93dc2450f27d6b6a407b09e286cc3bfbd8a2653e2196994ae80,2026-08-11T00:06:15Z
bcra_reserve_requirement_total,2007-03,monthly,15.610000,percent,official,bcra_average_reserve_requirements,https://www.bcra.gob.ar/archivos/Pdfs/PublicacionesEstadisticas/din1_ser.txt,66eeb0fa88aec93dc2450f27d6b6a407b09e286cc3bfbd8a2653e2196994ae80,2026-08-11T00:06:15Z
bcra_reserve_requirement_total,2007-04,monthly,15.760000,percent,official,bcra_average_reserve_requirements,https://www.bcra.gob.ar/archivos/Pdfs/PublicacionesEstadisticas/din1_ser.txt,66eeb0fa88aec93dc2450f27d6b6a407b09e286cc3bfbd8a2653e2196994ae80,2026-08-11T00:06:15Z
bcra_reserve_requirement_total,2007-05,monthly,15.740000,percent,official,bcra_average_reserve_requirements,https://www.bcra.gob.ar/archivos/Pdfs/PublicacionesEstadisticas/din1_ser.txt,66eeb0fa88aec93dc2450f27d6b6a407b09e286cc3bfbd8a2653e2196994ae80,2026-08-11T00:06:15Z
bcra_reserve_requirement_total,2007-06,monthly,15.860000,percent,official,bcra_average_reserve_requirements,https://www.bcra.gob.ar/archivos/Pdfs/PublicacionesEstadisticas/din1_ser.txt,66eeb0fa88aec93dc2450f27d6b6a407b09e286cc3bfbd8a2653e2196994ae80,2026-08-11T00:06:15Z
bcra_reserve_requirement_total,2007-07,monthly,16.050000,percent,official,bcra_average_reserve_requirements,https://www.bcra.gob.ar/archivos/Pdfs/PublicacionesEstadisticas/din1_ser.txt,66eeb0fa88aec93dc2450f27d6b6a407b09e286cc3bfbd8a2653e2196994ae80,2026-08-11T00:06:15Z
bcra_reserve_requirement_total,2007-08,monthly,16.150000,percent,official,bcra_average_reserve_requirements,https://www.bcra.gob.ar/archivos/Pdfs/PublicacionesEstadisticas/din1_ser.txt,66eeb0fa88aec93dc2450f27d6b6a407b09e286cc3bfbd8a2653e2196994ae80,2026-08-11T00:06:15Z
bcra_reserve_requirement_total,2007-09,monthly,15.940000,percent,official,bcra_average_reserve_requirements,https://www.bcra.gob.ar/archivos/Pdfs/PublicacionesEstadisticas/din1_ser.txt,66eeb0fa88aec93dc2450f27d6b6a407b09e286cc3bfbd8a2653e2196994ae80,2026-08-11T00:06:15Z
bcra_reserve_requirement_total,2007-10,monthly,16.000000,percent,official,bcra_average_reserve_requirements,https://www.bcra.gob.ar/archivos/Pdfs/PublicacionesEstadisticas/din1_ser.txt,66eeb0fa88aec93dc2450f27d6b6a407b09e286cc3bfbd8a2653e2196994ae80,2026-08-11T00:06:15Z
bcra_reserve_requirement_total,2007-11,monthly,16.230000,percent,official,bcra_average_reserve_requirements,https://www.bcra.gob.ar/archivos/Pdfs/PublicacionesEstadisticas/din1_ser.txt,66eeb0fa88aec93dc2450f27d6b6a407b09e286cc3bfbd8a2653e2196994ae80,2026-08-11T00:06:15Z
bcra_reserve_requirement_total,2007-12,monthly,16.520000,percent,official,bcra_average_reserve_requirements,https://www.bcra.gob.ar/archivos/Pdfs/PublicacionesEstadisticas/din1_ser.txt,66eeb0fa88aec93dc2450f27d6b6a407b09e286cc3bfbd8a2653e2196994ae80,2026-08-11T00:06:15Z
bcra_reserve_requirement_total,2008-01,monthly,16.640000,percent,official,bcra_average_reserve_requirements,https://www.bcra.gob.ar/archivos/Pdfs/PublicacionesEstadisticas/din1_ser.txt,66eeb0fa88aec93dc2450f27d6b6a407b09e286cc3bfbd8a2653e2196994ae80,2026-08-11T00:06:15Z
bcra_reserve_requirement_total,2008-02,monthly,16.550000,percent,official,bcra_average_reserve_requirements,https://www.bcra.gob.ar/archivos/Pdfs/PublicacionesEstadisticas/din1_ser.txt,66eeb0fa88aec93dc2450f27d6b6a407b09e286cc3bfbd8a2653e2196994ae80,2026-08-11T00:06:15Z
bcra_reserve_requirement_total,2008-03,monthly,16.410000,percent,official,bcra_average_reserve_requirements,https://www.bcra.gob.ar/archivos/Pdfs/PublicacionesEstadisticas/din1_ser.txt,66eeb0fa88aec93dc2450f27d6b6a407b09e286cc3bfbd8a2653e2196994ae80,2026-08-11T00:06:15Z
bcra_reserve_requirement_total,2008-04,monthly,16.310000,percent,official,bcra_average_reserve_requirements,https://www.bcra.gob.ar/archivos/Pdfs/PublicacionesEstadisticas/din1_ser.txt,66eeb0fa88aec93dc2450f27d6b6a407b09e286cc3bfbd8a2653e2196994ae80,2026-08-11T00:06:15Z
bcra_reserve_requirement_total,2008-05,monthly,16.320000,percent,official,bcra_average_reserve_requirements,https://www.bcra.gob.ar/archivos/Pdfs/PublicacionesEstadisticas/din1_ser.txt,66eeb0fa88aec93dc2450f27d6b6a407b09e286cc3bfbd8a2653e2196994ae80,2026-08-11T00:06:15Z
bcra_reserve_requirement_total,2008-06,monthly,16.400000,percent,official,bcra_average_reserve_requirements,https://www.bcra.gob.ar/archivos/Pdfs/PublicacionesEstadisticas/din1_ser.txt,66eeb0fa88aec93dc2450f27d6b6a407b09e286cc3bfbd8a2653e2196994ae80,2026-08-11T00:06:15Z
bcra_reserve_requirement_total,2008-07,monthly,16.680000,percent,official,bcra_average_reserve_requirements,https://www.bcra.gob.ar/archivos/Pdfs/PublicacionesEstadisticas/din1_ser.txt,66eeb0fa88aec93dc2450f27d6b6a407b09e286cc3bfbd8a2653e2196994ae80,2026-08-11T00:06:15Z
bcra_reserve_requirement_total,2008-08,monthly,16.300000,percent,official,bcra_average_reserve_requirements,https://www.bcra.gob.ar/archivos/Pdfs/PublicacionesEstadisticas/din1_ser.txt,66eeb0fa88aec93dc2450f27d6b6a407b09e286cc3bfbd8a2653e2196994ae80,2026-08-11T00:06:15Z
bcra_reserve_requirement_total,2008-09,monthly,16.590000,percent,official,bcra_average_reserve_requirements,https://www.bcra.gob.ar/archivos/Pdfs/PublicacionesEstadisticas/din1_ser.txt,66eeb0fa88aec93dc2450f27d6b6a407b09e286cc3bfbd8a2653e2196994ae80,2026-08-11T00:06:15Z
bcra_reserve_requirement_total,2008-10,monthly,16.830000,percent,official,bcra_average_reserve_requirements,https://www.bcra.gob.ar/archivos/Pdfs/PublicacionesEstadisticas/din1_ser.txt,66eeb0fa88aec93dc2450f27d6b6a407b09e286cc3bfbd8a2653e2196994ae80,2026-08-11T00:06:15Z
bcra_reserve_requirement_total,2008-11,monthly,15.540000,percent,official,bcra_average_reserve_requirements,https://www.bcra.gob.ar/archivos/Pdfs/PublicacionesEstadisticas/din1_ser.txt,66eeb0fa88aec93dc2450f27d6b6a407b09e286cc3bfbd8a2653e2196994ae80,2026-08-11T00:06:15Z
bcra_reserve_requirement_total,2008-12,monthly,16.200000,percent,official,bcra_average_reserve_requirements,https://www.bcra.gob.ar/archivos/Pdfs/PublicacionesEstadisticas/din1_ser.txt,66eeb0fa88aec93dc2450f27d6b6a407b09e286cc3bfbd8a2653e2196994ae80,2026-08-11T00:06:15Z
bcra_reserve_requirement_total,2009-01,monthly,16.180000,percent,official,bcra_average_reserve_requirements,https://www.bcra.gob.ar/archivos/Pdfs/PublicacionesEstadisticas/din1_ser.txt,66eeb0fa88aec93dc2450f27d6b6a407b09e286cc3bfbd8a2653e2196994ae80,2026-08-11T00:06:15Z
bcra_reserve_requirement_total,2009-02,monthly,16.020000,percent,official,bcra_average_reserve_requirements,https://www.bcra.gob.ar/archivos/Pdfs/PublicacionesEstadisticas/din1_ser.txt,66eeb0fa88aec93dc2450f27d6b6a407b09e286cc3bfbd8a2653e2196994ae80,2026-08-11T00:06:15Z
bcra_reserve_requirement_total,2009-03,monthly,15.770000,percent,official,bcra_average_reserve_requirements,https://www.bcra.gob.ar/archivos/Pdfs/PublicacionesEstadisticas/din1_ser.txt,66eeb0fa88aec93dc2450f27d6b6a407b09e286cc3bfbd8a2653e2196994ae80,2026-08-11T00:06:15Z
bcra_reserve_requirement_total,2009-04,monthly,15.660000,percent,official,bcra_average_reserve_requirements,https://www.bcra.gob.ar/archivos/Pdfs/PublicacionesEstadisticas/din1_ser.txt,66eeb0fa88aec93dc2450f27d6b6a407b09e286cc3bfbd8a2653e2196994ae80,2026-08-11T00:06:15Z
bcra_reserve_requirement_total,2009-05,monthly,15.710000,percent,official,bcra_average_reserve_requirements,https://www.bcra.gob.ar/archivos/Pdfs/PublicacionesEstadisticas/din1_ser.txt,66eeb0fa88aec93dc2450f27d6b6a407b09e286cc3bfbd8a2653e2196994ae80,2026-08-11T00:06:15Z
bcra_reserve_requirement_total,2009-06,monthly,15.880000,percent,official,bcra_average_reserve_requirements,https://www.bcra.gob.ar/archivos/Pdfs/PublicacionesEstadisticas/din1_ser.txt,66eeb0fa88aec93dc2450f27d6b6a407b09e286cc3bfbd8a2653e2196994ae80,2026-08-11T00:06:15Z
bcra_reserve_requirement_total,2009-07,monthly,15.840000,percent,official,bcra_average_reserve_requirements,https://www.bcra.gob.ar/archivos/Pdfs/PublicacionesEstadisticas/din1_ser.txt,66eeb0fa88aec93dc2450f27d6b6a407b09e286cc3bfbd8a2653e2196994ae80,2026-08-11T00:06:15Z
bcra_reserve_requirement_total,2009-08,monthly,15.720000,percent,official,bcra_average_reserve_requirements,https://www.bcra.gob.ar/archivos/Pdfs/PublicacionesEstadisticas/din1_ser.txt,66eeb0fa88aec93dc2450f27d6b6a407b09e286cc3bfbd8a2653e2196994ae80,2026-08-11T00:06:15Z
bcra_reserve_requirement_total,2009-09,monthly,15.790000,percent,official,bcra_average_reserve_requirements,https://www.bcra.gob.ar/archivos/Pdfs/PublicacionesEstadisticas/din1_ser.txt,66eeb0fa88aec93dc2450f27d6b6a407b09e286cc3bfbd8a2653e2196994ae80,2026-08-11T00:06:15Z
bcra_reserve_requirement_total,2009-10,monthly,15.800000,percent,official,bcra_average_reserve_requirements,https://www.bcra.gob.ar/archivos/Pdfs/PublicacionesEstadisticas/din1_ser.txt,66eeb0fa88aec93dc2450f27d6b6a407b09e286cc3bfbd8a2653e2196994ae80,2026-08-11T00:06:15Z
bcra_reserve_requirement_total,2009-11,monthly,15.970000,percent,official,bcra_average_reserve_requirements,https://www.bcra.gob.ar/archivos/Pdfs/PublicacionesEstadisticas/din1_ser.txt,66eeb0fa88aec93dc2450f27d6b6a407b09e286cc3bfbd8a2653e2196994ae80,2026-08-11T00:06:15Z
bcra_reserve_requirement_total,2009-12,monthly,16.150000,percent,official,bcra_average_reserve_requirements,https://www.bcra.gob.ar/archivos/Pdfs/PublicacionesEstadisticas/din1_ser.txt,66eeb0fa88aec93dc2450f27d6b6a407b09e286cc3bfbd8a2653e2196994ae80,2026-08-11T00:06:15Z
bcra_reserve_requirement_total,2010-01,monthly,16.130000,percent,official,bcra_average_reserve_requirements,https://www.bcra.gob.ar/archivos/Pdfs/PublicacionesEstadisticas/din1_ser.txt,66eeb0fa88aec93dc2450f27d6b6a407b09e286cc3bfbd8a2653e2196994ae80,2026-08-11T00:06:15Z
bcra_reserve_requirement_total,2010-02,monthly,16.120000,percent,official,bcra_average_reserve_requirements,https://www.bcra.gob.ar/archivos/Pdfs/PublicacionesEstadisticas/din1_ser.txt,66eeb0fa88aec93dc2450f27d6b6a407b09e286cc3bfbd8a2653e2196994ae80,2026-08-11T00:06:15Z
bcra_reserve_requirement_total,2010-03,monthly,16.060000,percent,official,bcra_average_reserve_requirements,https://www.bcra.gob.ar/archivos/Pdfs/PublicacionesEstadisticas/din1_ser.txt,66eeb0fa88aec93dc2450f27d6b6a407b09e286cc3bfbd8a2653e2196994ae80,2026-08-11T00:06:15Z
bcra_reserve_requirement_total,2010-04,monthly,16.280000,percent,official,bcra_average_reserve_requirements,https://www.bcra.gob.ar/archivos/Pdfs/PublicacionesEstadisticas/din1_ser.txt,66eeb0fa88aec93dc2450f27d6b6a407b09e286cc3bfbd8a2653e2196994ae80,2026-08-11T00:06:15Z
bcra_reserve_requirement_total,2010-05,monthly,16.160000,percent,official,bcra_average_reserve_requirements,https://www.bcra.gob.ar/archivos/Pdfs/PublicacionesEstadisticas/din1_ser.txt,66eeb0fa88aec93dc2450f27d6b6a407b09e286cc3bfbd8a2653e2196994ae80,2026-08-11T00:06:15Z
bcra_reserve_requirement_total,2010-06,monthly,15.970000,percent,official,bcra_average_reserve_requirements,https://www.bcra.gob.ar/archivos/Pdfs/PublicacionesEstadisticas/din1_ser.txt,66eeb0fa88aec93dc2450f27d6b6a407b09e286cc3bfbd8a2653e2196994ae80,2026-08-11T00:06:15Z
bcra_reserve_requirement_total,2010-07,monthly,15.970000,percent,official,bcra_average_reserve_requirements,https://www.bcra.gob.ar/archivos/Pdfs/PublicacionesEstadisticas/din1_ser.txt,66eeb0fa88aec93dc2450f27d6b6a407b09e286cc3bfbd8a2653e2196994ae80,2026-08-11T00:06:15Z
bcra_reserve_requirement_total,2010-08,monthly,15.860000,percent,official,bcra_average_reserve_requirements,https://www.bcra.gob.ar/archivos/Pdfs/PublicacionesEstadisticas/din1_ser.txt,66eeb0fa88aec93dc2450f27d6b6a407b09e286cc3bfbd8a2653e2196994ae80,2026-08-11T00:06:15Z
bcra_reserve_requirement_total,2010-09,monthly,15.690000,percent,official,bcra_average_reserve_requirements,https://www.bcra.gob.ar/archivos/Pdfs/PublicacionesEstadisticas/din1_ser.txt,66eeb0fa88aec93dc2450f27d6b6a407b09e286cc3bfbd8a2653e2196994ae80,2026-08-11T00:06:15Z
bcra_reserve_requirement_total,2010-10,monthly,15.720000,percent,official,bcra_average_reserve_requirements,https://www.bcra.gob.ar/archivos/Pdfs/PublicacionesEstadisticas/din1_ser.txt,66eeb0fa88aec93dc2450f27d6b6a407b09e286cc3bfbd8a2653e2196994ae80,2026-08-11T00:06:15Z
bcra_reserve_requirement_total,2010-11,monthly,15.860000,percent,official,bcra_average_reserve_requirements,https://www.bcra.gob.ar/archivos/Pdfs/PublicacionesEstadisticas/din1_ser.txt,66eeb0fa88aec93dc2450f27d6b6a407b09e286cc3bfbd8a2653e2196994ae80,2026-08-11T00:06:15Z
bcra_reserve_requirement_total,2010-12,monthly,16.100000,percent,official,bcra_average_reserve_requirements,https://www.bcra.gob.ar/archivos/Pdfs/PublicacionesEstadisticas/din1_ser.txt,66eeb0fa88aec93dc2450f27d6b6a407b09e286cc3bfbd8a2653e2196994ae80,2026-08-11T00:06:15Z
bcra_reserve_requirement_total,2011-01,monthly,16.120000,percent,official,bcra_average_reserve_requirements,https://www.bcra.gob.ar/archivos/Pdfs/PublicacionesEstadisticas/din1_ser.txt,66eeb0fa88aec93dc2450f27d6b6a407b09e286cc3bfbd8a2653e2196994ae80,2026-08-11T00:06:15Z
bcra_reserve_requirement_total,2011-02,monthly,15.980000,percent,official,bcra_average_reserve_requirements,https://www.bcra.gob.ar/archivos/Pdfs/PublicacionesEstadisticas/din1_ser.txt,66eeb0fa88aec93dc2450f27d6b6a407b09e286cc3bfbd8a2653e2196994ae80,2026-08-11T00:06:15Z
bcra_reserve_requirement_total,2011-03,monthly,15.810000,percent,official,bcra_average_reserve_requirements,https://www.bcra.gob.ar/archivos/Pdfs/PublicacionesEstadisticas/din1_ser.txt,66eeb0fa88aec93dc2450f27d6b6a407b09e286cc3bfbd8a2653e2196994ae80,2026-08-11T00:06:15Z
bcra_reserve_requirement_total,2011-04,monthly,15.930000,percent,official,bcra_average_reserve_requirements,https://www.bcra.gob.ar/archivos/Pdfs/PublicacionesEstadisticas/din1_ser.txt,66eeb0fa88aec93dc2450f27d6b6a407b09e286cc3bfbd8a2653e2196994ae80,2026-08-11T00:06:15Z
bcra_reserve_requirement_total,2011-05,monthly,15.860000,percent,official,bcra_average_reserve_requirements,https://www.bcra.gob.ar/archivos/Pdfs/PublicacionesEstadisticas/din1_ser.txt,66eeb0fa88aec93dc2450f27d6b6a407b09e286cc3bfbd8a2653e2196994ae80,2026-08-11T00:06:15Z
bcra_reserve_requirement_total,2011-06,monthly,15.770000,percent,official,bcra_average_reserve_requirements,https://www.bcra.gob.ar/archivos/Pdfs/PublicacionesEstadisticas/din1_ser.txt,66eeb0fa88aec93dc2450f27d6b6a407b09e286cc3bfbd8a2653e2196994ae80,2026-08-11T00:06:15Z
bcra_reserve_requirement_total,2011-07,monthly,15.780000,percent,official,bcra_average_reserve_requirements,https://www.bcra.gob.ar/archivos/Pdfs/PublicacionesEstadisticas/din1_ser.txt,66eeb0fa88aec93dc2450f27d6b6a407b09e286cc3bfbd8a2653e2196994ae80,2026-08-11T00:06:15Z
bcra_reserve_requirement_total,2011-08,monthly,15.710000,percent,official,bcra_average_reserve_requirements,https://www.bcra.gob.ar/archivos/Pdfs/PublicacionesEstadisticas/din1_ser.txt,66eeb0fa88aec93dc2450f27d6b6a407b09e286cc3bfbd8a2653e2196994ae80,2026-08-11T00:06:15Z
bcra_reserve_requirement_total,2011-09,monthly,15.670000,percent,official,bcra_average_reserve_requirements,https://www.bcra.gob.ar/archivos/Pdfs/PublicacionesEstadisticas/din1_ser.txt,66eeb0fa88aec93dc2450f27d6b6a407b09e286cc3bfbd8a2653e2196994ae80,2026-08-11T00:06:15Z
bcra_reserve_requirement_total,2011-10,monthly,15.610000,percent,official,bcra_average_reserve_requirements,https://www.bcra.gob.ar/archivos/Pdfs/PublicacionesEstadisticas/din1_ser.txt,66eeb0fa88aec93dc2450f27d6b6a407b09e286cc3bfbd8a2653e2196994ae80,2026-08-11T00:06:15Z
bcra_reserve_requirement_total,2011-11,monthly,15.550000,percent,official,bcra_average_reserve_requirements,https://www.bcra.gob.ar/archivos/Pdfs/PublicacionesEstadisticas/din1_ser.txt,66eeb0fa88aec93dc2450f27d6b6a407b09e286cc3bfbd8a2653e2196994ae80,2026-08-11T00:06:15Z
bcra_reserve_requirement_total,2011-12,monthly,15.860000,percent,official,bcra_average_reserve_requirements,https://www.bcra.gob.ar/archivos/Pdfs/PublicacionesEstadisticas/din1_ser.txt,66eeb0fa88aec93dc2450f27d6b6a407b09e286cc3bfbd8a2653e2196994ae80,2026-08-11T00:06:15Z
bcra_reserve_requirement_total,2012-01,monthly,15.860000,percent,official,bcra_average_reserve_requirements,https://www.bcra.gob.ar/archivos/Pdfs/PublicacionesEstadisticas/din1_ser.txt,66eeb0fa88aec93dc2450f27d6b6a407b09e286cc3bfbd8a2653e2196994ae80,2026-08-11T00:06:15Z
bcra_reserve_requirement_total,2012-02,monthly,15.690000,percent,official,bcra_average_reserve_requirements,https://www.bcra.gob.ar/archivos/Pdfs/PublicacionesEstadisticas/din1_ser.txt,66eeb0fa88aec93dc2450f27d6b6a407b09e286cc3bfbd8a2653e2196994ae80,2026-08-11T00:06:15Z
bcra_reserve_requirement_total,2012-03,monthly,15.620000,percent,official,bcra_average_reserve_requirements,https://www.bcra.gob.ar/archivos/Pdfs/PublicacionesEstadisticas/din1_ser.txt,66eeb0fa88aec93dc2450f27d6b6a407b09e286cc3bfbd8a2653e2196994ae80,2026-08-11T00:06:15Z
bcra_reserve_requirement_total,2012-04,monthly,15.600000,percent,official,bcra_average_reserve_requirements,https://www.bcra.gob.ar/archivos/Pdfs/PublicacionesEstadisticas/din1_ser.txt,66eeb0fa88aec93dc2450f27d6b6a407b09e286cc3bfbd8a2653e2196994ae80,2026-08-11T00:06:15Z
bcra_reserve_requirement_total,2012-05,monthly,15.480000,percent,official,bcra_average_reserve_requirements,https://www.bcra.gob.ar/archivos/Pdfs/PublicacionesEstadisticas/din1_ser.txt,66eeb0fa88aec93dc2450f27d6b6a407b09e286cc3bfbd8a2653e2196994ae80,2026-08-11T00:06:15Z
bcra_reserve_requirement_total,2012-06,monthly,15.520000,percent,official,bcra_average_reserve_requirements,https://www.bcra.gob.ar/archivos/Pdfs/PublicacionesEstadisticas/din1_ser.txt,66eeb0fa88aec93dc2450f27d6b6a407b09e286cc3bfbd8a2653e2196994ae80,2026-08-11T00:06:15Z
bcra_reserve_requirement_total,2012-07,monthly,15.680000,percent,official,bcra_average_reserve_requirements,https://www.bcra.gob.ar/archivos/Pdfs/PublicacionesEstadisticas/din1_ser.txt,66eeb0fa88aec93dc2450f27d6b6a407b09e286cc3bfbd8a2653e2196994ae80,2026-08-11T00:06:15Z
bcra_reserve_requirement_total,2012-08,monthly,15.610000,percent,official,bcra_average_reserve_requirements,https://www.bcra.gob.ar/archivos/Pdfs/PublicacionesEstadisticas/din1_ser.txt,66eeb0fa88aec93dc2450f27d6b6a407b09e286cc3bfbd8a2653e2196994ae80,2026-08-11T00:06:15Z
bcra_reserve_requirement_total,2012-09,monthly,15.500000,percent,official,bcra_average_reserve_requirements,https://www.bcra.gob.ar/archivos/Pdfs/PublicacionesEstadisticas/din1_ser.txt,66eeb0fa88aec93dc2450f27d6b6a407b09e286cc3bfbd8a2653e2196994ae80,2026-08-11T00:06:15Z
bcra_reserve_requirement_total,2012-10,monthly,14.660000,percent,official,bcra_average_reserve_requirements,https://www.bcra.gob.ar/archivos/Pdfs/PublicacionesEstadisticas/din1_ser.txt,66eeb0fa88aec93dc2450f27d6b6a407b09e286cc3bfbd8a2653e2196994ae80,2026-08-11T00:06:15Z
bcra_reserve_requirement_total,2012-11,monthly,14.810000,percent,official,bcra_average_reserve_requirements,https://www.bcra.gob.ar/archivos/Pdfs/PublicacionesEstadisticas/din1_ser.txt,66eeb0fa88aec93dc2450f27d6b6a407b09e286cc3bfbd8a2653e2196994ae80,2026-08-11T00:06:15Z
bcra_reserve_requirement_total,2012-12,monthly,14.630000,percent,official,bcra_average_reserve_requirements,https://www.bcra.gob.ar/archivos/Pdfs/PublicacionesEstadisticas/din1_ser.txt,66eeb0fa88aec93dc2450f27d6b6a407b09e286cc3bfbd8a2653e2196994ae80,2026-08-11T00:06:15Z
bcra_reserve_requirement_total,2013-01,monthly,14.600000,percent,official,bcra_average_reserve_requirements,https://www.bcra.gob.ar/archivos/Pdfs/PublicacionesEstadisticas/din1_ser.txt,66eeb0fa88aec93dc2450f27d6b6a407b09e286cc3bfbd8a2653e2196994ae80,2026-08-11T00:06:15Z
bcra_reserve_requirement_total,2013-02,monthly,14.420000,percent,official,bcra_average_reserve_requirements,https://www.bcra.gob.ar/archivos/Pdfs/PublicacionesEstadisticas/din1_ser.txt,66eeb0fa88aec93dc2450f27d6b6a407b09e286cc3bfbd8a2653e2196994ae80,2026-08-11T00:06:15Z
bcra_reserve_requirement_total,2013-03,monthly,13.770000,percent,official,bcra_average_reserve_requirements,https://www.bcra.gob.ar/archivos/Pdfs/PublicacionesEstadisticas/din1_ser.txt,66eeb0fa88aec93dc2450f27d6b6a407b09e286cc3bfbd8a2653e2196994ae80,2026-08-11T00:06:15Z
bcra_reserve_requirement_total,2013-04,monthly,13.890000,percent,official,bcra_average_reserve_requirements,https://www.bcra.gob.ar/archivos/Pdfs/PublicacionesEstadisticas/din1_ser.txt,66eeb0fa88aec93dc2450f27d6b6a407b09e286cc3bfbd8a2653e2196994ae80,2026-08-11T00:06:15Z
bcra_reserve_requirement_total,2013-05,monthly,13.840000,percent,official,bcra_average_reserve_requirements,https://www.bcra.gob.ar/archivos/Pdfs/PublicacionesEstadisticas/din1_ser.txt,66eeb0fa88aec93dc2450f27d6b6a407b09e286cc3bfbd8a2653e2196994ae80,2026-08-11T00:06:15Z
bcra_reserve_requirement_total,2013-06,monthly,13.940000,percent,official,bcra_average_reserve_requirements,https://www.bcra.gob.ar/archivos/Pdfs/PublicacionesEstadisticas/din1_ser.txt,66eeb0fa88aec93dc2450f27d6b6a407b09e286cc3bfbd8a2653e2196994ae80,2026-08-11T00:06:15Z
bcra_reserve_requirement_total,2013-07,monthly,13.960000,percent,official,bcra_average_reserve_requirements,https://www.bcra.gob.ar/archivos/Pdfs/PublicacionesEstadisticas/din1_ser.txt,66eeb0fa88aec93dc2450f27d6b6a407b09e286cc3bfbd8a2653e2196994ae80,2026-08-11T00:06:15Z
bcra_reserve_requirement_total,2013-08,monthly,13.890000,percent,official,bcra_average_reserve_requirements,https://www.bcra.gob.ar/archivos/Pdfs/PublicacionesEstadisticas/din1_ser.txt,66eeb0fa88aec93dc2450f27d6b6a407b09e286cc3bfbd8a2653e2196994ae80,2026-08-11T00:06:15Z
bcra_reserve_requirement_total,2013-09,monthly,13.880000,percent,official,bcra_average_reserve_requirements,https://www.bcra.gob.ar/archivos/Pdfs/PublicacionesEstadisticas/din1_ser.txt,66eeb0fa88aec93dc2450f27d6b6a407b09e286cc3bfbd8a2653e2196994ae80,2026-08-11T00:06:15Z
bcra_reserve_requirement_total,2013-10,monthly,13.890000,percent,official,bcra_average_reserve_requirements,https://www.bcra.gob.ar/archivos/Pdfs/PublicacionesEstadisticas/din1_ser.txt,66eeb0fa88aec93dc2450f27d6b6a407b09e286cc3bfbd8a2653e2196994ae80,2026-08-11T00:06:15Z
bcra_reserve_requirement_total,2013-11,monthly,13.860000,percent,official,bcra_average_reserve_requirements,https://www.bcra.gob.ar/archivos/Pdfs/PublicacionesEstadisticas/din1_ser.txt,66eeb0fa88aec93dc2450f27d6b6a407b09e286cc3bfbd8a2653e2196994ae80,2026-08-11T00:06:15Z
bcra_reserve_requirement_total,2013-12,monthly,14.160000,percent,official,bcra_average_reserve_requirements,https://www.bcra.gob.ar/archivos/Pdfs/PublicacionesEstadisticas/din1_ser.txt,66eeb0fa88aec93dc2450f27d6b6a407b09e286cc3bfbd8a2653e2196994ae80,2026-08-11T00:06:15Z
bcra_reserve_requirement_total,2014-01,monthly,14.450000,percent,official,bcra_average_reserve_requirements,https://www.bcra.gob.ar/archivos/Pdfs/PublicacionesEstadisticas/din1_ser.txt,66eeb0fa88aec93dc2450f27d6b6a407b09e286cc3bfbd8a2653e2196994ae80,2026-08-11T00:06:15Z
bcra_reserve_requirement_total,2014-02,monthly,15.030000,percent,official,bcra_average_reserve_requirements,https://www.bcra.gob.ar/archivos/Pdfs/PublicacionesEstadisticas/din1_ser.txt,66eeb0fa88aec93dc2450f27d6b6a407b09e286cc3bfbd8a2653e2196994ae80,2026-08-11T00:06:15Z
bcra_reserve_requirement_total,2014-03,monthly,15.610000,percent,official,bcra_average_reserve_requirements,https://www.bcra.gob.ar/archivos/Pdfs/PublicacionesEstadisticas/din1_ser.txt,66eeb0fa88aec93dc2450f27d6b6a407b09e286cc3bfbd8a2653e2196994ae80,2026-08-11T00:06:15Z
bcra_reserve_requirement_total,2014-04,monthly,16.500000,percent,official,bcra_average_reserve_requirements,https://www.bcra.gob.ar/archivos/Pdfs/PublicacionesEstadisticas/din1_ser.txt,66eeb0fa88aec93dc2450f27d6b6a407b09e286cc3bfbd8a2653e2196994ae80,2026-08-11T00:06:15Z
bcra_reserve_requirement_total,2014-05,monthly,16.120000,percent,official,bcra_average_reserve_requirements,https://www.bcra.gob.ar/archivos/Pdfs/PublicacionesEstadisticas/din1_ser.txt,66eeb0fa88aec93dc2450f27d6b6a407b09e286cc3bfbd8a2653e2196994ae80,2026-08-11T00:06:15Z
bcra_reserve_requirement_total,2014-06,monthly,16.170000,percent,official,bcra_average_reserve_requirements,https://www.bcra.gob.ar/archivos/Pdfs/PublicacionesEstadisticas/din1_ser.txt,66eeb0fa88aec93dc2450f27d6b6a407b09e286cc3bfbd8a2653e2196994ae80,2026-08-11T00:06:15Z
bcra_reserve_requirement_total,2014-07,monthly,16.130000,percent,official,bcra_average_reserve_requirements,https://www.bcra.gob.ar/archivos/Pdfs/PublicacionesEstadisticas/din1_ser.txt,66eeb0fa88aec93dc2450f27d6b6a407b09e286cc3bfbd8a2653e2196994ae80,2026-08-11T00:06:15Z
bcra_reserve_requirement_total,2014-08,monthly,16.020000,percent,official,bcra_average_reserve_requirements,https://www.bcra.gob.ar/archivos/Pdfs/PublicacionesEstadisticas/din1_ser.txt,66eeb0fa88aec93dc2450f27d6b6a407b09e286cc3bfbd8a2653e2196994ae80,2026-08-11T00:06:15Z
bcra_reserve_requirement_total,2014-09,monthly,16.130000,percent,official,bcra_average_reserve_requirements,https://www.bcra.gob.ar/archivos/Pdfs/PublicacionesEstadisticas/din1_ser.txt,66eeb0fa88aec93dc2450f27d6b6a407b09e286cc3bfbd8a2653e2196994ae80,2026-08-11T00:06:15Z
bcra_reserve_requirement_total,2014-10,monthly,16.180000,percent,official,bcra_average_reserve_requirements,https://www.bcra.gob.ar/archivos/Pdfs/PublicacionesEstadisticas/din1_ser.txt,66eeb0fa88aec93dc2450f27d6b6a407b09e286cc3bfbd8a2653e2196994ae80,2026-08-11T00:06:15Z
bcra_reserve_requirement_total,2014-11,monthly,16.290000,percent,official,bcra_average_reserve_requirements,https://www.bcra.gob.ar/archivos/Pdfs/PublicacionesEstadisticas/din1_ser.txt,66eeb0fa88aec93dc2450f27d6b6a407b09e286cc3bfbd8a2653e2196994ae80,2026-08-11T00:06:15Z
bcra_reserve_requirement_total,2014-12,monthly,16.530000,percent,official,bcra_average_reserve_requirements,https://www.bcra.gob.ar/archivos/Pdfs/PublicacionesEstadisticas/din1_ser.txt,66eeb0fa88aec93dc2450f27d6b6a407b09e286cc3bfbd8a2653e2196994ae80,2026-08-11T00:06:15Z
bcra_reserve_requirement_total,2015-01,monthly,16.540000,percent,official,bcra_average_reserve_requirements,https://www.bcra.gob.ar/archivos/Pdfs/PublicacionesEstadisticas/din1_ser.txt,66eeb0fa88aec93dc2450f27d6b6a407b09e286cc3bfbd8a2653e2196994ae80,2026-08-11T00:06:15Z
bcra_reserve_requirement_total,2015-02,monthly,16.310000,percent,official,bcra_average_reserve_requirements,https://www.bcra.gob.ar/archivos/Pdfs/PublicacionesEstadisticas/din1_ser.txt,66eeb0fa88aec93dc2450f27d6b6a407b09e286cc3bfbd8a2653e2196994ae80,2026-08-11T00:06:15Z
bcra_reserve_requirement_total,2015-03,monthly,16.400000,percent,official,bcra_average_reserve_requirements,https://www.bcra.gob.ar/archivos/Pdfs/PublicacionesEstadisticas/din1_ser.txt,66eeb0fa88aec93dc2450f27d6b6a407b09e286cc3bfbd8a2653e2196994ae80,2026-08-11T00:06:15Z
bcra_reserve_requirement_total,2015-04,monthly,15.970000,percent,official,bcra_average_reserve_requirements,https://www.bcra.gob.ar/archivos/Pdfs/PublicacionesEstadisticas/din1_ser.txt,66eeb0fa88aec93dc2450f27d6b6a407b09e286cc3bfbd8a2653e2196994ae80,2026-08-11T00:06:15Z
bcra_reserve_requirement_total,2015-05,monthly,15.870000,percent,official,bcra_average_reserve_requirements,https://www.bcra.gob.ar/archivos/Pdfs/PublicacionesEstadisticas/din1_ser.txt,66eeb0fa88aec93dc2450f27d6b6a407b09e286cc3bfbd8a2653e2196994ae80,2026-08-11T00:06:15Z
bcra_reserve_requirement_total,2015-06,monthly,16.010000,percent,official,bcra_average_reserve_requirements,https://www.bcra.gob.ar/archivos/Pdfs/PublicacionesEstadisticas/din1_ser.txt,66eeb0fa88aec93dc2450f27d6b6a407b09e286cc3bfbd8a2653e2196994ae80,2026-08-11T00:06:15Z
bcra_reserve_requirement_total,2015-07,monthly,16.060000,percent,official,bcra_average_reserve_requirements,https://www.bcra.gob.ar/archivos/Pdfs/PublicacionesEstadisticas/din1_ser.txt,66eeb0fa88aec93dc2450f27d6b6a407b09e286cc3bfbd8a2653e2196994ae80,2026-08-11T00:06:15Z
bcra_reserve_requirement_total,2015-08,monthly,15.940000,percent,official,bcra_average_reserve_requirements,https://www.bcra.gob.ar/archivos/Pdfs/PublicacionesEstadisticas/din1_ser.txt,66eeb0fa88aec93dc2450f27d6b6a407b09e286cc3bfbd8a2653e2196994ae80,2026-08-11T00:06:15Z
bcra_reserve_requirement_total,2015-09,monthly,15.810000,percent,official,bcra_average_reserve_requirements,https://www.bcra.gob.ar/archivos/Pdfs/PublicacionesEstadisticas/din1_ser.txt,66eeb0fa88aec93dc2450f27d6b6a407b09e286cc3bfbd8a2653e2196994ae80,2026-08-11T00:06:15Z
bcra_reserve_requirement_total,2015-10,monthly,15.850000,percent,official,bcra_average_reserve_requirements,https://www.bcra.gob.ar/archivos/Pdfs/PublicacionesEstadisticas/din1_ser.txt,66eeb0fa88aec93dc2450f27d6b6a407b09e286cc3bfbd8a2653e2196994ae80,2026-08-11T00:06:15Z
bcra_reserve_requirement_total,2015-11,monthly,15.890000,percent,official,bcra_average_reserve_requirements,https://www.bcra.gob.ar/archivos/Pdfs/PublicacionesEstadisticas/din1_ser.txt,66eeb0fa88aec93dc2450f27d6b6a407b09e286cc3bfbd8a2653e2196994ae80,2026-08-11T00:06:15Z
bcra_reserve_requirement_total,2015-12,monthly,16.460000,percent,official,bcra_average_reserve_requirements,https://www.bcra.gob.ar/archivos/Pdfs/PublicacionesEstadisticas/din1_ser.txt,66eeb0fa88aec93dc2450f27d6b6a407b09e286cc3bfbd8a2653e2196994ae80,2026-08-11T00:06:15Z
bcra_reserve_requirement_total,2016-01,monthly,15.120000,percent,official,bcra_average_reserve_requirements,https://www.bcra.gob.ar/archivos/Pdfs/PublicacionesEstadisticas/din1_ser.txt,66eeb0fa88aec93dc2450f27d6b6a407b09e286cc3bfbd8a2653e2196994ae80,2026-08-11T00:06:15Z
bcra_reserve_requirement_total,2016-02,monthly,14.080000,percent,official,bcra_average_reserve_requirements,https://www.bcra.gob.ar/archivos/Pdfs/PublicacionesEstadisticas/din1_ser.txt,66eeb0fa88aec93dc2450f27d6b6a407b09e286cc3bfbd8a2653e2196994ae80,2026-08-11T00:06:15Z
bcra_reserve_requirement_total,2016-03,monthly,14.180000,percent,official,bcra_average_reserve_requirements,https://www.bcra.gob.ar/archivos/Pdfs/PublicacionesEstadisticas/din1_ser.txt,66eeb0fa88aec93dc2450f27d6b6a407b09e286cc3bfbd8a2653e2196994ae80,2026-08-11T00:06:15Z
bcra_reserve_requirement_total,2016-04,monthly,14.430000,percent,official,bcra_average_reserve_requirements,https://www.bcra.gob.ar/archivos/Pdfs/PublicacionesEstadisticas/din1_ser.txt,66eeb0fa88aec93dc2450f27d6b6a407b09e286cc3bfbd8a2653e2196994ae80,2026-08-11T00:06:15Z
bcra_reserve_requirement_total,2016-05,monthly,14.460000,percent,official,bcra_average_reserve_requirements,https://www.bcra.gob.ar/archivos/Pdfs/PublicacionesEstadisticas/din1_ser.txt,66eeb0fa88aec93dc2450f27d6b6a407b09e286cc3bfbd8a2653e2196994ae80,2026-08-11T00:06:15Z
bcra_reserve_requirement_total,2016-06,monthly,16.330000,percent,official,bcra_average_reserve_requirements,https://www.bcra.gob.ar/archivos/Pdfs/PublicacionesEstadisticas/din1_ser.txt,66eeb0fa88aec93dc2450f27d6b6a407b09e286cc3bfbd8a2653e2196994ae80,2026-08-11T00:06:15Z
bcra_reserve_requirement_total,2016-07,monthly,18.160000,percent,official,bcra_average_reserve_requirements,https://www.bcra.gob.ar/archivos/Pdfs/PublicacionesEstadisticas/din1_ser.txt,66eeb0fa88aec93dc2450f27d6b6a407b09e286cc3bfbd8a2653e2196994ae80,2026-08-11T00:06:15Z
bcra_reserve_requirement_total,2016-08,monthly,18.070000,percent,official,bcra_average_reserve_requirements,https://www.bcra.gob.ar/archivos/Pdfs/PublicacionesEstadisticas/din1_ser.txt,66eeb0fa88aec93dc2450f27d6b6a407b09e286cc3bfbd8a2653e2196994ae80,2026-08-11T00:06:15Z
bcra_reserve_requirement_total,2016-09,monthly,18.090000,percent,official,bcra_average_reserve_requirements,https://www.bcra.gob.ar/archivos/Pdfs/PublicacionesEstadisticas/din1_ser.txt,66eeb0fa88aec93dc2450f27d6b6a407b09e286cc3bfbd8a2653e2196994ae80,2026-08-11T00:06:15Z
bcra_reserve_requirement_total,2016-10,monthly,18.310000,percent,official,bcra_average_reserve_requirements,https://www.bcra.gob.ar/archivos/Pdfs/PublicacionesEstadisticas/din1_ser.txt,66eeb0fa88aec93dc2450f27d6b6a407b09e286cc3bfbd8a2653e2196994ae80,2026-08-11T00:06:15Z
bcra_reserve_requirement_total,2016-11,monthly,18.550000,percent,official,bcra_average_reserve_requirements,https://www.bcra.gob.ar/archivos/Pdfs/PublicacionesEstadisticas/din1_ser.txt,66eeb0fa88aec93dc2450f27d6b6a407b09e286cc3bfbd8a2653e2196994ae80,2026-08-11T00:06:15Z
bcra_reserve_requirement_total,2016-12,monthly,18.380000,percent,official,bcra_average_reserve_requirements,https://www.bcra.gob.ar/archivos/Pdfs/PublicacionesEstadisticas/din1_ser.txt,66eeb0fa88aec93dc2450f27d6b6a407b09e286cc3bfbd8a2653e2196994ae80,2026-08-11T00:06:15Z
bcra_reserve_requirement_total,2017-01,monthly,18.270000,percent,official,bcra_average_reserve_requirements,https://www.bcra.gob.ar/archivos/Pdfs/PublicacionesEstadisticas/din1_ser.txt,66eeb0fa88aec93dc2450f27d6b6a407b09e286cc3bfbd8a2653e2196994ae80,2026-08-11T00:06:15Z
bcra_reserve_requirement_total,2017-02,monthly,18.270000,percent,official,bcra_average_reserve_requirements,https://www.bcra.gob.ar/archivos/Pdfs/PublicacionesEstadisticas/din1_ser.txt,66eeb0fa88aec93dc2450f27d6b6a407b09e286cc3bfbd8a2653e2196994ae80,2026-08-11T00:06:15Z
bcra_reserve_requirement_total,2017-03,monthly,17.030000,percent,official,bcra_average_reserve_requirements,https://www.bcra.gob.ar/archivos/Pdfs/PublicacionesEstadisticas/din1_ser.txt,66eeb0fa88aec93dc2450f27d6b6a407b09e286cc3bfbd8a2653e2196994ae80,2026-08-11T00:06:15Z
bcra_reserve_requirement_total,2017-04,monthly,16.830000,percent,official,bcra_average_reserve_requirements,https://www.bcra.gob.ar/archivos/Pdfs/PublicacionesEstadisticas/din1_ser.txt,66eeb0fa88aec93dc2450f27d6b6a407b09e286cc3bfbd8a2653e2196994ae80,2026-08-11T00:06:15Z
bcra_reserve_requirement_total,2017-05,monthly,16.700000,percent,official,bcra_average_reserve_requirements,https://www.bcra.gob.ar/archivos/Pdfs/PublicacionesEstadisticas/din1_ser.txt,66eeb0fa88aec93dc2450f27d6b6a407b09e286cc3bfbd8a2653e2196994ae80,2026-08-11T00:06:15Z
bcra_reserve_requirement_total,2017-06,monthly,17.040000,percent,official,bcra_average_reserve_requirements,https://www.bcra.gob.ar/archivos/Pdfs/PublicacionesEstadisticas/din1_ser.txt,66eeb0fa88aec93dc2450f27d6b6a407b09e286cc3bfbd8a2653e2196994ae80,2026-08-11T00:06:15Z
bcra_reserve_requirement_total,2017-07,monthly,17.250000,percent,official,bcra_average_reserve_requirements,https://www.bcra.gob.ar/archivos/Pdfs/PublicacionesEstadisticas/din1_ser.txt,66eeb0fa88aec93dc2450f27d6b6a407b09e286cc3bfbd8a2653e2196994ae80,2026-08-11T00:06:15Z
bcra_reserve_requirement_total,2017-08,monthly,17.300000,percent,official,bcra_average_reserve_requirements,https://www.bcra.gob.ar/archivos/Pdfs/PublicacionesEstadisticas/din1_ser.txt,66eeb0fa88aec93dc2450f27d6b6a407b09e286cc3bfbd8a2653e2196994ae80,2026-08-11T00:06:15Z
bcra_reserve_requirement_total,2017-09,monthly,17.320000,percent,official,bcra_average_reserve_requirements,https://www.bcra.gob.ar/archivos/Pdfs/PublicacionesEstadisticas/din1_ser.txt,66eeb0fa88aec93dc2450f27d6b6a407b09e286cc3bfbd8a2653e2196994ae80,2026-08-11T00:06:15Z
bcra_reserve_requirement_total,2017-10,monthly,17.080000,percent,official,bcra_average_reserve_requirements,https://www.bcra.gob.ar/archivos/Pdfs/PublicacionesEstadisticas/din1_ser.txt,66eeb0fa88aec93dc2450f27d6b6a407b09e286cc3bfbd8a2653e2196994ae80,2026-08-11T00:06:15Z
bcra_reserve_requirement_total,2017-11,monthly,16.990000,percent,official,bcra_average_reserve_requirements,https://www.bcra.gob.ar/archivos/Pdfs/PublicacionesEstadisticas/din1_ser.txt,66eeb0fa88aec93dc2450f27d6b6a407b09e286cc3bfbd8a2653e2196994ae80,2026-08-11T00:06:15Z
bcra_reserve_requirement_total,2017-12,monthly,17.110000,percent,official,bcra_average_reserve_requirements,https://www.bcra.gob.ar/archivos/Pdfs/PublicacionesEstadisticas/din1_ser.txt,66eeb0fa88aec93dc2450f27d6b6a407b09e286cc3bfbd8a2653e2196994ae80,2026-08-11T00:06:15Z
bcra_reserve_requirement_total,2018-01,monthly,17.190000,percent,official,bcra_average_reserve_requirements,https://www.bcra.gob.ar/archivos/Pdfs/PublicacionesEstadisticas/din1_ser.txt,66eeb0fa88aec93dc2450f27d6b6a407b09e286cc3bfbd8a2653e2196994ae80,2026-08-11T00:06:15Z
bcra_reserve_requirement_total,2018-02,monthly,16.730000,percent,official,bcra_average_reserve_requirements,https://www.bcra.gob.ar/archivos/Pdfs/PublicacionesEstadisticas/din1_ser.txt,66eeb0fa88aec93dc2450f27d6b6a407b09e286cc3bfbd8a2653e2196994ae80,2026-08-11T00:06:15Z
bcra_reserve_requirement_total,2018-03,monthly,16.490000,percent,official,bcra_average_reserve_requirements,https://www.bcra.gob.ar/archivos/Pdfs/PublicacionesEstadisticas/din1_ser.txt,66eeb0fa88aec93dc2450f27d6b6a407b09e286cc3bfbd8a2653e2196994ae80,2026-08-11T00:06:15Z
bcra_reserve_requirement_total,2018-04,monthly,16.560000,percent,official,bcra_average_reserve_requirements,https://www.bcra.gob.ar/archivos/Pdfs/PublicacionesEstadisticas/din1_ser.txt,66eeb0fa88aec93dc2450f27d6b6a407b09e286cc3bfbd8a2653e2196994ae80,2026-08-11T00:06:15Z
bcra_reserve_requirement_total,2018-05,monthly,16.690000,percent,official,bcra_average_reserve_requirements,https://www.bcra.gob.ar/archivos/Pdfs/PublicacionesEstadisticas/din1_ser.txt,66eeb0fa88aec93dc2450f27d6b6a407b09e286cc3bfbd8a2653e2196994ae80,2026-08-11T00:06:15Z
bcra_reserve_requirement_total,2018-06,monthly,17.750000,percent,official,bcra_average_reserve_requirements,https://www.bcra.gob.ar/archivos/Pdfs/PublicacionesEstadisticas/din1_ser.txt,66eeb0fa88aec93dc2450f27d6b6a407b09e286cc3bfbd8a2653e2196994ae80,2026-08-11T00:06:15Z
bcra_reserve_requirement_total,2018-07,monthly,21.610000,percent,official,bcra_average_reserve_requirements,https://www.bcra.gob.ar/archivos/Pdfs/PublicacionesEstadisticas/din1_ser.txt,66eeb0fa88aec93dc2450f27d6b6a407b09e286cc3bfbd8a2653e2196994ae80,2026-08-11T00:06:15Z
bcra_reserve_requirement_total,2018-08,monthly,23.160000,percent,official,bcra_average_reserve_requirements,https://www.bcra.gob.ar/archivos/Pdfs/PublicacionesEstadisticas/din1_ser.txt,66eeb0fa88aec93dc2450f27d6b6a407b09e286cc3bfbd8a2653e2196994ae80,2026-08-11T00:06:15Z
bcra_reserve_requirement_total,2018-09,monthly,28.110000,percent,official,bcra_average_reserve_requirements,https://www.bcra.gob.ar/archivos/Pdfs/PublicacionesEstadisticas/din1_ser.txt,66eeb0fa88aec93dc2450f27d6b6a407b09e286cc3bfbd8a2653e2196994ae80,2026-08-11T00:06:15Z
bcra_reserve_requirement_total,2018-10,monthly,31.090000,percent,official,bcra_average_reserve_requirements,https://www.bcra.gob.ar/archivos/Pdfs/PublicacionesEstadisticas/din1_ser.txt,66eeb0fa88aec93dc2450f27d6b6a407b09e286cc3bfbd8a2653e2196994ae80,2026-08-11T00:06:15Z
bcra_reserve_requirement_total,2018-11,monthly,31.040000,percent,official,bcra_average_reserve_requirements,https://www.bcra.gob.ar/archivos/Pdfs/PublicacionesEstadisticas/din1_ser.txt,66eeb0fa88aec93dc2450f27d6b6a407b09e286cc3bfbd8a2653e2196994ae80,2026-08-11T00:06:15Z
bcra_reserve_requirement_total,2018-12,monthly,31.210000,percent,official,bcra_average_reserve_requirements,https://www.bcra.gob.ar/archivos/Pdfs/PublicacionesEstadisticas/din1_ser.txt,66eeb0fa88aec93dc2450f27d6b6a407b09e286cc3bfbd8a2653e2196994ae80,2026-08-11T00:06:15Z
bcra_reserve_requirement_total,2019-01,monthly,30.510000,percent,official,bcra_average_reserve_requirements,https://www.bcra.gob.ar/archivos/Pdfs/PublicacionesEstadisticas/din1_ser.txt,66eeb0fa88aec93dc2450f27d6b6a407b09e286cc3bfbd8a2653e2196994ae80,2026-08-11T00:06:15Z
bcra_reserve_requirement_total,2019-02,monthly,29.060000,percent,official,bcra_average_reserve_requirements,https://www.bcra.gob.ar/archivos/Pdfs/PublicacionesEstadisticas/din1_ser.txt,66eeb0fa88aec93dc2450f27d6b6a407b09e286cc3bfbd8a2653e2196994ae80,2026-08-11T00:06:15Z
bcra_reserve_requirement_total,2019-03,monthly,28.690000,percent,official,bcra_average_reserve_requirements,https://www.bcra.gob.ar/archivos/Pdfs/PublicacionesEstadisticas/din1_ser.txt,66eeb0fa88aec93dc2450f27d6b6a407b09e286cc3bfbd8a2653e2196994ae80,2026-08-11T00:06:15Z
bcra_reserve_requirement_total,2019-04,monthly,28.810000,percent,official,bcra_average_reserve_requirements,https://www.bcra.gob.ar/archivos/Pdfs/PublicacionesEstadisticas/din1_ser.txt,66eeb0fa88aec93dc2450f27d6b6a407b09e286cc3bfbd8a2653e2196994ae80,2026-08-11T00:06:15Z
bcra_reserve_requirement_total,2019-05,monthly,28.850000,percent,official,bcra_average_reserve_requirements,https://www.bcra.gob.ar/archivos/Pdfs/PublicacionesEstadisticas/din1_ser.txt,66eeb0fa88aec93dc2450f27d6b6a407b09e286cc3bfbd8a2653e2196994ae80,2026-08-11T00:06:15Z
bcra_reserve_requirement_total,2019-06,monthly,28.810000,percent,official,bcra_average_reserve_requirements,https://www.bcra.gob.ar/archivos/Pdfs/PublicacionesEstadisticas/din1_ser.txt,66eeb0fa88aec93dc2450f27d6b6a407b09e286cc3bfbd8a2653e2196994ae80,2026-08-11T00:06:15Z
bcra_reserve_requirement_total,2019-07,monthly,27.900000,percent,official,bcra_average_reserve_requirements,https://www.bcra.gob.ar/archivos/Pdfs/PublicacionesEstadisticas/din1_ser.txt,66eeb0fa88aec93dc2450f27d6b6a407b09e286cc3bfbd8a2653e2196994ae80,2026-08-11T00:06:15Z
bcra_reserve_requirement_total,2019-08,monthly,27.310000,percent,official,bcra_average_reserve_requirements,https://www.bcra.gob.ar/archivos/Pdfs/PublicacionesEstadisticas/din1_ser.txt,66eeb0fa88aec93dc2450f27d6b6a407b09e286cc3bfbd8a2653e2196994ae80,2026-08-11T00:06:15Z
bcra_reserve_requirement_total,2019-09,monthly,27.890000,percent,official,bcra_average_reserve_requirements,https://www.bcra.gob.ar/archivos/Pdfs/PublicacionesEstadisticas/din1_ser.txt,66eeb0fa88aec93dc2450f27d6b6a407b09e286cc3bfbd8a2653e2196994ae80,2026-08-11T00:06:15Z
bcra_reserve_requirement_total,2019-10,monthly,26.350000,percent,official,bcra_average_reserve_requirements,https://www.bcra.gob.ar/archivos/Pdfs/PublicacionesEstadisticas/din1_ser.txt,66eeb0fa88aec93dc2450f27d6b6a407b09e286cc3bfbd8a2653e2196994ae80,2026-08-11T00:06:15Z
bcra_reserve_requirement_total,2019-11,monthly,29.420000,percent,official,bcra_average_reserve_requirements,https://www.bcra.gob.ar/archivos/Pdfs/PublicacionesEstadisticas/din1_ser.txt,66eeb0fa88aec93dc2450f27d6b6a407b09e286cc3bfbd8a2653e2196994ae80,2026-08-11T00:06:15Z
bcra_reserve_requirement_total,2019-12,monthly,29.240000,percent,official,bcra_average_reserve_requirements,https://www.bcra.gob.ar/archivos/Pdfs/PublicacionesEstadisticas/din1_ser.txt,66eeb0fa88aec93dc2450f27d6b6a407b09e286cc3bfbd8a2653e2196994ae80,2026-08-11T00:06:15Z
bcra_reserve_requirement_total,2020-01,monthly,27.820000,percent,official,bcra_average_reserve_requirements,https://www.bcra.gob.ar/archivos/Pdfs/PublicacionesEstadisticas/din1_ser.txt,66eeb0fa88aec93dc2450f27d6b6a407b09e286cc3bfbd8a2653e2196994ae80,2026-08-11T00:06:15Z
bcra_reserve_requirement_total,2020-02,monthly,28.770000,percent,official,bcra_average_reserve_requirements,https://www.bcra.gob.ar/archivos/Pdfs/PublicacionesEstadisticas/din1_ser.txt,66eeb0fa88aec93dc2450f27d6b6a407b09e286cc3bfbd8a2653e2196994ae80,2026-08-11T00:06:15Z
bcra_reserve_requirement_total,2020-03,monthly,29.570000,percent,official,bcra_average_reserve_requirements,https://www.bcra.gob.ar/archivos/Pdfs/PublicacionesEstadisticas/din1_ser.txt,66eeb0fa88aec93dc2450f27d6b6a407b09e286cc3bfbd8a2653e2196994ae80,2026-08-11T00:06:15Z
bcra_reserve_requirement_total,2020-04,monthly,29.640000,percent,official,bcra_average_reserve_requirements,https://www.bcra.gob.ar/archivos/Pdfs/PublicacionesEstadisticas/din1_ser.txt,66eeb0fa88aec93dc2450f27d6b6a407b09e286cc3bfbd8a2653e2196994ae80,2026-08-11T00:06:15Z
bcra_reserve_requirement_total,2020-05,monthly,29.320000,percent,official,bcra_average_reserve_requirements,https://www.bcra.gob.ar/archivos/Pdfs/PublicacionesEstadisticas/din1_ser.txt,66eeb0fa88aec93dc2450f27d6b6a407b09e286cc3bfbd8a2653e2196994ae80,2026-08-11T00:06:15Z
bcra_reserve_requirement_total,2020-06,monthly,28.720000,percent,official,bcra_average_reserve_requirements,https://www.bcra.gob.ar/archivos/Pdfs/PublicacionesEstadisticas/din1_ser.txt,66eeb0fa88aec93dc2450f27d6b6a407b09e286cc3bfbd8a2653e2196994ae80,2026-08-11T00:06:15Z
bcra_reserve_requirement_total,2020-07,monthly,28.850000,percent,official,bcra_average_reserve_requirements,https://www.bcra.gob.ar/archivos/Pdfs/PublicacionesEstadisticas/din1_ser.txt,66eeb0fa88aec93dc2450f27d6b6a407b09e286cc3bfbd8a2653e2196994ae80,2026-08-11T00:06:15Z
bcra_reserve_requirement_total,2020-08,monthly,29.030000,percent,official,bcra_average_reserve_requirements,https://www.bcra.gob.ar/archivos/Pdfs/PublicacionesEstadisticas/din1_ser.txt,66eeb0fa88aec93dc2450f27d6b6a407b09e286cc3bfbd8a2653e2196994ae80,2026-08-11T00:06:15Z
bcra_reserve_requirement_total,2020-09,monthly,29.060000,percent,official,bcra_average_reserve_requirements,https://www.bcra.gob.ar/archivos/Pdfs/PublicacionesEstadisticas/din1_ser.txt,66eeb0fa88aec93dc2450f27d6b6a407b09e286cc3bfbd8a2653e2196994ae80,2026-08-11T00:06:15Z
bcra_reserve_requirement_total,2020-10,monthly,29.310000,percent,official,bcra_average_reserve_requirements,https://www.bcra.gob.ar/archivos/Pdfs/PublicacionesEstadisticas/din1_ser.txt,66eeb0fa88aec93dc2450f27d6b6a407b09e286cc3bfbd8a2653e2196994ae80,2026-08-11T00:06:15Z
bcra_reserve_requirement_total,2020-11,monthly,29.210000,percent,official,bcra_average_reserve_requirements,https://www.bcra.gob.ar/archivos/Pdfs/PublicacionesEstadisticas/din1_ser.txt,66eeb0fa88aec93dc2450f27d6b6a407b09e286cc3bfbd8a2653e2196994ae80,2026-08-11T00:06:15Z
bcra_reserve_requirement_total,2020-12,monthly,28.700000,percent,official,bcra_average_reserve_requirements,https://www.bcra.gob.ar/archivos/Pdfs/PublicacionesEstadisticas/din1_ser.txt,66eeb0fa88aec93dc2450f27d6b6a407b09e286cc3bfbd8a2653e2196994ae80,2026-08-11T00:06:15Z
bcra_reserve_requirement_total,2021-01,monthly,29.160000,percent,official,bcra_average_reserve_requirements,https://www.bcra.gob.ar/archivos/Pdfs/PublicacionesEstadisticas/din1_ser.txt,66eeb0fa88aec93dc2450f27d6b6a407b09e286cc3bfbd8a2653e2196994ae80,2026-08-11T00:06:15Z
bcra_reserve_requirement_total,2021-02,monthly,29.040000,percent,official,bcra_average_reserve_requirements,https://www.bcra.gob.ar/archivos/Pdfs/PublicacionesEstadisticas/din1_ser.txt,66eeb0fa88aec93dc2450f27d6b6a407b09e286cc3bfbd8a2653e2196994ae80,2026-08-11T00:06:15Z
bcra_reserve_requirement_total,2021-03,monthly,28.760000,percent,official,bcra_average_reserve_requirements,https://www.bcra.gob.ar/archivos/Pdfs/PublicacionesEstadisticas/din1_ser.txt,66eeb0fa88aec93dc2450f27d6b6a407b09e286cc3bfbd8a2653e2196994ae80,2026-08-11T00:06:15Z
bcra_reserve_requirement_total,2021-04,monthly,28.450000,percent,official,bcra_average_reserve_requirements,https://www.bcra.gob.ar/archivos/Pdfs/PublicacionesEstadisticas/din1_ser.txt,66eeb0fa88aec93dc2450f27d6b6a407b09e286cc3bfbd8a2653e2196994ae80,2026-08-11T00:06:15Z
bcra_reserve_requirement_total,2021-05,monthly,28.530000,percent,official,bcra_average_reserve_requirements,https://www.bcra.gob.ar/archivos/Pdfs/PublicacionesEstadisticas/din1_ser.txt,66eeb0fa88aec93dc2450f27d6b6a407b09e286cc3bfbd8a2653e2196994ae80,2026-08-11T00:06:15Z
bcra_reserve_requirement_total,2021-06,monthly,28.700000,percent,official,bcra_average_reserve_requirements,https://www.bcra.gob.ar/archivos/Pdfs/PublicacionesEstadisticas/din1_ser.txt,66eeb0fa88aec93dc2450f27d6b6a407b09e286cc3bfbd8a2653e2196994ae80,2026-08-11T00:06:15Z
bcra_reserve_requirement_total,2021-07,monthly,28.680000,percent,official,bcra_average_reserve_requirements,https://www.bcra.gob.ar/archivos/Pdfs/PublicacionesEstadisticas/din1_ser.txt,66eeb0fa88aec93dc2450f27d6b6a407b09e286cc3bfbd8a2653e2196994ae80,2026-08-11T00:06:15Z
bcra_reserve_requirement_total,2021-08,monthly,28.700000,percent,official,bcra_average_reserve_requirements,https://www.bcra.gob.ar/archivos/Pdfs/PublicacionesEstadisticas/din1_ser.txt,66eeb0fa88aec93dc2450f27d6b6a407b09e286cc3bfbd8a2653e2196994ae80,2026-08-11T00:06:15Z
bcra_reserve_requirement_total,2021-09,monthly,28.510000,percent,official,bcra_average_reserve_requirements,https://www.bcra.gob.ar/archivos/Pdfs/PublicacionesEstadisticas/din1_ser.txt,66eeb0fa88aec93dc2450f27d6b6a407b09e286cc3bfbd8a2653e2196994ae80,2026-08-11T00:06:15Z
bcra_reserve_requirement_total,2021-10,monthly,28.290000,percent,official,bcra_average_reserve_requirements,https://www.bcra.gob.ar/archivos/Pdfs/PublicacionesEstadisticas/din1_ser.txt,66eeb0fa88aec93dc2450f27d6b6a407b09e286cc3bfbd8a2653e2196994ae80,2026-08-11T00:06:15Z
bcra_reserve_requirement_total,2021-11,monthly,28.440000,percent,official,bcra_average_reserve_requirements,https://www.bcra.gob.ar/archivos/Pdfs/PublicacionesEstadisticas/din1_ser.txt,66eeb0fa88aec93dc2450f27d6b6a407b09e286cc3bfbd8a2653e2196994ae80,2026-08-11T00:06:15Z
bcra_reserve_requirement_total,2021-12,monthly,28.590000,percent,official,bcra_average_reserve_requirements,https://www.bcra.gob.ar/archivos/Pdfs/PublicacionesEstadisticas/din1_ser.txt,66eeb0fa88aec93dc2450f27d6b6a407b09e286cc3bfbd8a2653e2196994ae80,2026-08-11T00:06:15Z
bcra_reserve_requirement_total,2022-01,monthly,29.310000,percent,official,bcra_average_reserve_requirements,https://www.bcra.gob.ar/archivos/Pdfs/PublicacionesEstadisticas/din1_ser.txt,66eeb0fa88aec93dc2450f27d6b6a407b09e286cc3bfbd8a2653e2196994ae80,2026-08-11T00:06:15Z
bcra_reserve_requirement_total,2022-02,monthly,29.390000,percent,official,bcra_average_reserve_requirements,https://www.bcra.gob.ar/archivos/Pdfs/PublicacionesEstadisticas/din1_ser.txt,66eeb0fa88aec93dc2450f27d6b6a407b09e286cc3bfbd8a2653e2196994ae80,2026-08-11T00:06:15Z
bcra_reserve_requirement_total,2022-03,monthly,29.280000,percent,official,bcra_average_reserve_requirements,https://www.bcra.gob.ar/archivos/Pdfs/PublicacionesEstadisticas/din1_ser.txt,66eeb0fa88aec93dc2450f27d6b6a407b09e286cc3bfbd8a2653e2196994ae80,2026-08-11T00:06:15Z
bcra_reserve_requirement_total,2022-04,monthly,29.220000,percent,official,bcra_average_reserve_requirements,https://www.bcra.gob.ar/archivos/Pdfs/PublicacionesEstadisticas/din1_ser.txt,66eeb0fa88aec93dc2450f27d6b6a407b09e286cc3bfbd8a2653e2196994ae80,2026-08-11T00:06:15Z
bcra_reserve_requirement_total,2022-05,monthly,29.150000,percent,official,bcra_average_reserve_requirements,https://www.bcra.gob.ar/archivos/Pdfs/PublicacionesEstadisticas/din1_ser.txt,66eeb0fa88aec93dc2450f27d6b6a407b09e286cc3bfbd8a2653e2196994ae80,2026-08-11T00:06:15Z
bcra_reserve_requirement_total,2022-06,monthly,28.840000,percent,official,bcra_average_reserve_requirements,https://www.bcra.gob.ar/archivos/Pdfs/PublicacionesEstadisticas/din1_ser.txt,66eeb0fa88aec93dc2450f27d6b6a407b09e286cc3bfbd8a2653e2196994ae80,2026-08-11T00:06:15Z
bcra_reserve_requirement_total,2022-07,monthly,29.000000,percent,official,bcra_average_reserve_requirements,https://www.bcra.gob.ar/archivos/Pdfs/PublicacionesEstadisticas/din1_ser.txt,66eeb0fa88aec93dc2450f27d6b6a407b09e286cc3bfbd8a2653e2196994ae80,2026-08-11T00:06:15Z
bcra_reserve_requirement_total,2022-08,monthly,28.880000,percent,official,bcra_average_reserve_requirements,https://www.bcra.gob.ar/archivos/Pdfs/PublicacionesEstadisticas/din1_ser.txt,66eeb0fa88aec93dc2450f27d6b6a407b09e286cc3bfbd8a2653e2196994ae80,2026-08-11T00:06:15Z
bcra_reserve_requirement_total,2022-09,monthly,28.510000,percent,official,bcra_average_reserve_requirements,https://www.bcra.gob.ar/archivos/Pdfs/PublicacionesEstadisticas/din1_ser.txt,66eeb0fa88aec93dc2450f27d6b6a407b09e286cc3bfbd8a2653e2196994ae80,2026-08-11T00:06:15Z
bcra_reserve_requirement_total,2022-10,monthly,26.140000,percent,official,bcra_average_reserve_requirements,https://www.bcra.gob.ar/archivos/Pdfs/PublicacionesEstadisticas/din1_ser.txt,66eeb0fa88aec93dc2450f27d6b6a407b09e286cc3bfbd8a2653e2196994ae80,2026-08-11T00:06:15Z
bcra_reserve_requirement_total,2022-11,monthly,26.230000,percent,official,bcra_average_reserve_requirements,https://www.bcra.gob.ar/archivos/Pdfs/PublicacionesEstadisticas/din1_ser.txt,66eeb0fa88aec93dc2450f27d6b6a407b09e286cc3bfbd8a2653e2196994ae80,2026-08-11T00:06:15Z
bcra_reserve_requirement_total,2022-12,monthly,26.060000,percent,official,bcra_average_reserve_requirements,https://www.bcra.gob.ar/archivos/Pdfs/PublicacionesEstadisticas/din1_ser.txt,66eeb0fa88aec93dc2450f27d6b6a407b09e286cc3bfbd8a2653e2196994ae80,2026-08-11T00:06:15Z
bcra_reserve_requirement_total,2023-01,monthly,26.390000,percent,official,bcra_average_reserve_requirements,https://www.bcra.gob.ar/archivos/Pdfs/PublicacionesEstadisticas/din1_ser.txt,66eeb0fa88aec93dc2450f27d6b6a407b09e286cc3bfbd8a2653e2196994ae80,2026-08-11T00:06:15Z
bcra_reserve_requirement_total,2023-02,monthly,24.090000,percent,official,bcra_average_reserve_requirements,https://www.bcra.gob.ar/archivos/Pdfs/PublicacionesEstadisticas/din1_ser.txt,66eeb0fa88aec93dc2450f27d6b6a407b09e286cc3bfbd8a2653e2196994ae80,2026-08-11T00:06:15Z
bcra_reserve_requirement_total,2023-03,monthly,22.850000,percent,official,bcra_average_reserve_requirements,https://www.bcra.gob.ar/archivos/Pdfs/PublicacionesEstadisticas/din1_ser.txt,66eeb0fa88aec93dc2450f27d6b6a407b09e286cc3bfbd8a2653e2196994ae80,2026-08-11T00:06:15Z
bcra_reserve_requirement_total,2023-04,monthly,22.590000,percent,official,bcra_average_reserve_requirements,https://www.bcra.gob.ar/archivos/Pdfs/PublicacionesEstadisticas/din1_ser.txt,66eeb0fa88aec93dc2450f27d6b6a407b09e286cc3bfbd8a2653e2196994ae80,2026-08-11T00:06:15Z
bcra_reserve_requirement_total,2023-05,monthly,22.980000,percent,official,bcra_average_reserve_requirements,https://www.bcra.gob.ar/archivos/Pdfs/PublicacionesEstadisticas/din1_ser.txt,66eeb0fa88aec93dc2450f27d6b6a407b09e286cc3bfbd8a2653e2196994ae80,2026-08-11T00:06:15Z
bcra_reserve_requirement_total,2023-06,monthly,22.830000,percent,official,bcra_average_reserve_requirements,https://www.bcra.gob.ar/archivos/Pdfs/PublicacionesEstadisticas/din1_ser.txt,66eeb0fa88aec93dc2450f27d6b6a407b09e286cc3bfbd8a2653e2196994ae80,2026-08-11T00:06:15Z
bcra_reserve_requirement_total,2023-07,monthly,22.940000,percent,official,bcra_average_reserve_requirements,https://www.bcra.gob.ar/archivos/Pdfs/PublicacionesEstadisticas/din1_ser.txt,66eeb0fa88aec93dc2450f27d6b6a407b09e286cc3bfbd8a2653e2196994ae80,2026-08-11T00:06:15Z
bcra_reserve_requirement_total,2023-08,monthly,22.990000,percent,official,bcra_average_reserve_requirements,https://www.bcra.gob.ar/archivos/Pdfs/PublicacionesEstadisticas/din1_ser.txt,66eeb0fa88aec93dc2450f27d6b6a407b09e286cc3bfbd8a2653e2196994ae80,2026-08-11T00:06:15Z
bcra_reserve_requirement_total,2023-09,monthly,22.170000,percent,official,bcra_average_reserve_requirements,https://www.bcra.gob.ar/archivos/Pdfs/PublicacionesEstadisticas/din1_ser.txt,66eeb0fa88aec93dc2450f27d6b6a407b09e286cc3bfbd8a2653e2196994ae80,2026-08-11T00:06:15Z
bcra_reserve_requirement_total,2023-10,monthly,21.980000,percent,official,bcra_average_reserve_requirements,https://www.bcra.gob.ar/archivos/Pdfs/PublicacionesEstadisticas/din1_ser.txt,66eeb0fa88aec93dc2450f27d6b6a407b09e286cc3bfbd8a2653e2196994ae80,2026-08-11T00:06:15Z
bcra_reserve_requirement_total,2023-11,monthly,21.930000,percent,official,bcra_average_reserve_requirements,https://www.bcra.gob.ar/archivos/Pdfs/PublicacionesEstadisticas/din1_ser.txt,66eeb0fa88aec93dc2450f27d6b6a407b09e286cc3bfbd8a2653e2196994ae80,2026-08-11T00:06:15Z
bcra_reserve_requirement_total,2023-12,monthly,22.580000,percent,official,bcra_average_reserve_requirements,https://www.bcra.gob.ar/archivos/Pdfs/PublicacionesEstadisticas/din1_ser.txt,66eeb0fa88aec93dc2450f27d6b6a407b09e286cc3bfbd8a2653e2196994ae80,2026-08-11T00:06:15Z
bcra_reserve_requirement_total,2024-01,monthly,22.790000,percent,official,bcra_average_reserve_requirements,https://www.bcra.gob.ar/archivos/Pdfs/PublicacionesEstadisticas/din1_ser.txt,66eeb0fa88aec93dc2450f27d6b6a407b09e286cc3bfbd8a2653e2196994ae80,2026-08-11T00:06:15Z
bcra_reserve_requirement_total,2024-02,monthly,23.570000,percent,official,bcra_average_reserve_requirements,https://www.bcra.gob.ar/archivos/Pdfs/PublicacionesEstadisticas/din1_ser.txt,66eeb0fa88aec93dc2450f27d6b6a407b09e286cc3bfbd8a2653e2196994ae80,2026-08-11T00:06:15Z
bcra_reserve_requirement_total,2024-03,monthly,24.380000,percent,official,bcra_average_reserve_requirements,https://www.bcra.gob.ar/archivos/Pdfs/PublicacionesEstadisticas/din1_ser.txt,66eeb0fa88aec93dc2450f27d6b6a407b09e286cc3bfbd8a2653e2196994ae80,2026-08-11T00:06:15Z
bcra_reserve_requirement_total,2024-04,monthly,25.340000,percent,official,bcra_average_reserve_requirements,https://www.bcra.gob.ar/archivos/Pdfs/PublicacionesEstadisticas/din1_ser.txt,66eeb0fa88aec93dc2450f27d6b6a407b09e286cc3bfbd8a2653e2196994ae80,2026-08-11T00:06:15Z
bcra_reserve_requirement_total,2024-05,monthly,25.720000,percent,official,bcra_average_reserve_requirements,https://www.bcra.gob.ar/archivos/Pdfs/PublicacionesEstadisticas/din1_ser.txt,66eeb0fa88aec93dc2450f27d6b6a407b09e286cc3bfbd8a2653e2196994ae80,2026-08-11T00:06:15Z
bcra_reserve_requirement_total,2024-06,monthly,26.470000,percent,official,bcra_average_reserve_requirements,https://www.bcra.gob.ar/archivos/Pdfs/PublicacionesEstadisticas/din1_ser.txt,66eeb0fa88aec93dc2450f27d6b6a407b09e286cc3bfbd8a2653e2196994ae80,2026-08-11T00:06:15Z
bcra_reserve_requirement_total,2024-07,monthly,27.300000,percent,official,bcra_average_reserve_requirements,https://www.bcra.gob.ar/archivos/Pdfs/PublicacionesEstadisticas/din1_ser.txt,66eeb0fa88aec93dc2450f27d6b6a407b09e286cc3bfbd8a2653e2196994ae80,2026-08-11T00:06:15Z
bcra_reserve_requirement_total,2024-08,monthly,27.110000,percent,official,bcra_average_reserve_requirements,https://www.bcra.gob.ar/archivos/Pdfs/PublicacionesEstadisticas/din1_ser.txt,66eeb0fa88aec93dc2450f27d6b6a407b09e286cc3bfbd8a2653e2196994ae80,2026-08-11T00:06:15Z
bcra_reserve_requirement_total,2024-09,monthly,26.940000,percent,official,bcra_average_reserve_requirements,https://www.bcra.gob.ar/archivos/Pdfs/PublicacionesEstadisticas/din1_ser.txt,66eeb0fa88aec93dc2450f27d6b6a407b09e286cc3bfbd8a2653e2196994ae80,2026-08-11T00:06:15Z
bcra_reserve_requirement_total,2024-10,monthly,26.750000,percent,official,bcra_average_reserve_requirements,https://www.bcra.gob.ar/archivos/Pdfs/PublicacionesEstadisticas/din1_ser.txt,66eeb0fa88aec93dc2450f27d6b6a407b09e286cc3bfbd8a2653e2196994ae80,2026-08-11T00:06:15Z
bcra_reserve_requirement_total,2024-11,monthly,27.240000,percent,official,bcra_average_reserve_requirements,https://www.bcra.gob.ar/archivos/Pdfs/PublicacionesEstadisticas/din1_ser.txt,66eeb0fa88aec93dc2450f27d6b6a407b09e286cc3bfbd8a2653e2196994ae80,2026-08-11T00:06:15Z
bcra_reserve_requirement_total,2024-12,monthly,27.480000,percent,official,bcra_average_reserve_requirements,https://www.bcra.gob.ar/archivos/Pdfs/PublicacionesEstadisticas/din1_ser.txt,66eeb0fa88aec93dc2450f27d6b6a407b09e286cc3bfbd8a2653e2196994ae80,2026-08-11T00:06:15Z
bcra_reserve_requirement_total,2025-02,monthly,27.730000,percent,official,bcra_average_reserve_requirements,https://www.bcra.gob.ar/archivos/Pdfs/PublicacionesEstadisticas/din1_ser.txt,66eeb0fa88aec93dc2450f27d6b6a407b09e286cc3bfbd8a2653e2196994ae80,2026-08-11T00:06:15Z
bcra_reserve_requirement_total,2025-03,monthly,27.430000,percent,official,bcra_average_reserve_requirements,https://www.bcra.gob.ar/archivos/Pdfs/PublicacionesEstadisticas/din1_ser.txt,66eeb0fa88aec93dc2450f27d6b6a407b09e286cc3bfbd8a2653e2196994ae80,2026-08-11T00:06:15Z
bcra_reserve_requirement_total,2025-04,monthly,27.090000,percent,official,bcra_average_reserve_requirements,https://www.bcra.gob.ar/archivos/Pdfs/PublicacionesEstadisticas/din1_ser.txt,66eeb0fa88aec93dc2450f27d6b6a407b09e286cc3bfbd8a2653e2196994ae80,2026-08-11T00:06:15Z
bcra_reserve_requirement_total,2025-05,monthly,27.060000,percent,official,bcra_average_reserve_requirements,https://www.bcra.gob.ar/archivos/Pdfs/PublicacionesEstadisticas/din1_ser.txt,66eeb0fa88aec93dc2450f27d6b6a407b09e286cc3bfbd8a2653e2196994ae80,2026-08-11T00:06:15Z
bcra_reserve_requirement_total,2025-06,monthly,26.960000,percent,official,bcra_average_reserve_requirements,https://www.bcra.gob.ar/archivos/Pdfs/PublicacionesEstadisticas/din1_ser.txt,66eeb0fa88aec93dc2450f27d6b6a407b09e286cc3bfbd8a2653e2196994ae80,2026-08-11T00:06:15Z
bcra_reserve_requirement_total,2025-07,monthly,26.770000,percent,official,bcra_average_reserve_requirements,https://www.bcra.gob.ar/archivos/Pdfs/PublicacionesEstadisticas/din1_ser.txt,66eeb0fa88aec93dc2450f27d6b6a407b09e286cc3bfbd8a2653e2196994ae80,2026-08-11T00:06:15Z
bcra_reserve_requirement_total,2025-08,monthly,26.460000,percent,official,bcra_average_reserve_requirements,https://www.bcra.gob.ar/archivos/Pdfs/PublicacionesEstadisticas/din1_ser.txt,66eeb0fa88aec93dc2450f27d6b6a407b09e286cc3bfbd8a2653e2196994ae80,2026-08-11T00:06:15Z
bcra_reserve_requirement_total,2025-09,monthly,28.260000,percent,official,bcra_average_reserve_requirements,https://www.bcra.gob.ar/archivos/Pdfs/PublicacionesEstadisticas/din1_ser.txt,66eeb0fa88aec93dc2450f27d6b6a407b09e286cc3bfbd8a2653e2196994ae80,2026-08-11T00:06:15Z
bcra_reserve_requirement_total,2025-10,monthly,31.190000,percent,official,bcra_average_reserve_requirements,https://www.bcra.gob.ar/archivos/Pdfs/PublicacionesEstadisticas/din1_ser.txt,66eeb0fa88aec93dc2450f27d6b6a407b09e286cc3bfbd8a2653e2196994ae80,2026-08-11T00:06:15Z
bcra_reserve_requirement_total,2025-11,monthly,30.570000,percent,official,bcra_average_reserve_requirements,https://www.bcra.gob.ar/archivos/Pdfs/PublicacionesEstadisticas/din1_ser.txt,66eeb0fa88aec93dc2450f27d6b6a407b09e286cc3bfbd8a2653e2196994ae80,2026-08-11T00:06:15Z
bcra_reserve_requirement_total,2025-12,monthly,30.840000,percent,official,bcra_average_reserve_requirements,https://www.bcra.gob.ar/archivos/Pdfs/PublicacionesEstadisticas/din1_ser.txt,66eeb0fa88aec93dc2450f27d6b6a407b09e286cc3bfbd8a2653e2196994ae80,2026-08-11T00:06:15Z
bcra_reserve_requirement_total,2026-02,monthly,30.230000,percent,official,bcra_average_reserve_requirements,https://www.bcra.gob.ar/archivos/Pdfs/PublicacionesEstadisticas/din1_ser.txt,66eeb0fa88aec93dc2450f27d6b6a407b09e286cc3bfbd8a2653e2196994ae80,2026-08-11T00:06:15Z
bcra_reserve_requirement_total,2026-03,monthly,30.180000,percent,official,bcra_average_reserve_requirements,https://www.bcra.gob.ar/archivos/Pdfs/PublicacionesEstadisticas/din1_ser.txt,66eeb0fa88aec93dc2450f27d6b6a407b09e286cc3bfbd8a2653e2196994ae80,2026-08-11T00:06:15Z
bcra_reserve_requirement_total,2026-04,monthly,30.050000,percent,official,bcra_average_reserve_requirements,https://www.bcra.gob.ar/archivos/Pdfs/PublicacionesEstadisticas/din1_ser.txt,66eeb0fa88aec93dc2450f27d6b6a407b09e286cc3bfbd8a2653e2196994ae80,2026-08-11T00:06:15Z
