series_id,period,frequency,value,unit,status,source_id,source_url,source_sha256,retrieved_at
bcra_treasury_deposits_ars,1990-01,monthly,0.000000,million_ars,official,bcra_money_credit_balances,https://www.bcra.gob.ar/archivos/Pdfs/PublicacionesEstadisticas/din1_ser.txt,66eeb0fa88aec93dc2450f27d6b6a407b09e286cc3bfbd8a2653e2196994ae80,2026-08-08T00:02:00Z
bcra_treasury_deposits_ars,1990-02,monthly,0.000000,million_ars,official,bcra_money_credit_balances,https://www.bcra.gob.ar/archivos/Pdfs/PublicacionesEstadisticas/din1_ser.txt,66eeb0fa88aec93dc2450f27d6b6a407b09e286cc3bfbd8a2653e2196994ae80,2026-08-08T00:02:00Z
bcra_treasury_deposits_ars,1990-03,monthly,0.000000,million_ars,official,bcra_money_credit_balances,https://www.bcra.gob.ar/archivos/Pdfs/PublicacionesEstadisticas/din1_ser.txt,66eeb0fa88aec93dc2450f27d6b6a407b09e286cc3bfbd8a2653e2196994ae80,2026-08-08T00:02:00Z
bcra_treasury_deposits_ars,1990-04,monthly,0.000000,million_ars,official,bcra_money_credit_balances,https://www.bcra.gob.ar/archivos/Pdfs/PublicacionesEstadisticas/din1_ser.txt,66eeb0fa88aec93dc2450f27d6b6a407b09e286cc3bfbd8a2653e2196994ae80,2026-08-08T00:02:00Z
bcra_treasury_deposits_ars,1990-05,monthly,0.000000,million_ars,official,bcra_money_credit_balances,https://www.bcra.gob.ar/archivos/Pdfs/PublicacionesEstadisticas/din1_ser.txt,66eeb0fa88aec93dc2450f27d6b6a407b09e286cc3bfbd8a2653e2196994ae80,2026-08-08T00:02:00Z
bcra_treasury_deposits_ars,1990-06,monthly,0.000000,million_ars,official,bcra_money_credit_balances,https://www.bcra.gob.ar/archivos/Pdfs/PublicacionesEstadisticas/din1_ser.txt,66eeb0fa88aec93dc2450f27d6b6a407b09e286cc3bfbd8a2653e2196994ae80,2026-08-08T00:02:00Z
bcra_treasury_deposits_ars,1990-07,monthly,0.000000,million_ars,official,bcra_money_credit_balances,https://www.bcra.gob.ar/archivos/Pdfs/PublicacionesEstadisticas/din1_ser.txt,66eeb0fa88aec93dc2450f27d6b6a407b09e286cc3bfbd8a2653e2196994ae80,2026-08-08T00:02:00Z
bcra_treasury_deposits_ars,1990-08,monthly,0.000000,million_ars,official,bcra_money_credit_balances,https://www.bcra.gob.ar/archivos/Pdfs/PublicacionesEstadisticas/din1_ser.txt,66eeb0fa88aec93dc2450f27d6b6a407b09e286cc3bfbd8a2653e2196994ae80,2026-08-08T00:02:00Z
bcra_treasury_deposits_ars,1990-09,monthly,0.000000,million_ars,official,bcra_money_credit_balances,https://www.bcra.gob.ar/archivos/Pdfs/PublicacionesEstadisticas/din1_ser.txt,66eeb0fa88aec93dc2450f27d6b6a407b09e286cc3bfbd8a2653e2196994ae80,2026-08-08T00:02:00Z
bcra_treasury_deposits_ars,1990-10,monthly,0.000000,million_ars,official,bcra_money_credit_balances,https://www.bcra.gob.ar/archivos/Pdfs/PublicacionesEstadisticas/din1_ser.txt,66eeb0fa88aec93dc2450f27d6b6a407b09e286cc3bfbd8a2653e2196994ae80,2026-08-08T00:02:00Z
bcra_treasury_deposits_ars,1990-11,monthly,0.000000,million_ars,official,bcra_money_credit_balances,https://www.bcra.gob.ar/archivos/Pdfs/PublicacionesEstadisticas/din1_ser.txt,66eeb0fa88aec93dc2450f27d6b6a407b09e286cc3bfbd8a2653e2196994ae80,2026-08-08T00:02:00Z
bcra_treasury_deposits_ars,1990-12,monthly,0.000000,million_ars,official,bcra_money_credit_balances,https://www.bcra.gob.ar/archivos/Pdfs/PublicacionesEstadisticas/din1_ser.txt,66eeb0fa88aec93dc2450f27d6b6a407b09e286cc3bfbd8a2653e2196994ae80,2026-08-08T00:02:00Z
bcra_treasury_deposits_ars,1991-01,monthly,0.000000,million_ars,official,bcra_money_credit_balances,https://www.bcra.gob.ar/archivos/Pdfs/PublicacionesEstadisticas/din1_ser.txt,66eeb0fa88aec93dc2450f27d6b6a407b09e286cc3bfbd8a2653e2196994ae80,2026-08-08T00:02:00Z
bcra_treasury_deposits_ars,1991-02,monthly,6.228000,million_ars,official,bcra_money_credit_balances,https://www.bcra.gob.ar/archivos/Pdfs/PublicacionesEstadisticas/din1_ser.txt,66eeb0fa88aec93dc2450f27d6b6a407b09e286cc3bfbd8a2653e2196994ae80,2026-08-08T00:02:00Z
bcra_treasury_deposits_ars,1991-03,monthly,2.253000,million_ars,official,bcra_money_credit_balances,https://www.bcra.gob.ar/archivos/Pdfs/PublicacionesEstadisticas/din1_ser.txt,66eeb0fa88aec93dc2450f27d6b6a407b09e286cc3bfbd8a2653e2196994ae80,2026-08-08T00:02:00Z
bcra_treasury_deposits_ars,1991-04,monthly,9.407000,million_ars,official,bcra_money_credit_balances,https://www.bcra.gob.ar/archivos/Pdfs/PublicacionesEstadisticas/din1_ser.txt,66eeb0fa88aec93dc2450f27d6b6a407b09e286cc3bfbd8a2653e2196994ae80,2026-08-08T00:02:00Z
bcra_treasury_deposits_ars,1991-05,monthly,0.884000,million_ars,official,bcra_money_credit_balances,https://www.bcra.gob.ar/archivos/Pdfs/PublicacionesEstadisticas/din1_ser.txt,66eeb0fa88aec93dc2450f27d6b6a407b09e286cc3bfbd8a2653e2196994ae80,2026-08-08T00:02:00Z
bcra_treasury_deposits_ars,1991-06,monthly,3.888000,million_ars,official,bcra_money_credit_balances,https://www.bcra.gob.ar/archivos/Pdfs/PublicacionesEstadisticas/din1_ser.txt,66eeb0fa88aec93dc2450f27d6b6a407b09e286cc3bfbd8a2653e2196994ae80,2026-08-08T00:02:00Z
bcra_treasury_deposits_ars,1991-07,monthly,1.134000,million_ars,official,bcra_money_credit_balances,https://www.bcra.gob.ar/archivos/Pdfs/PublicacionesEstadisticas/din1_ser.txt,66eeb0fa88aec93dc2450f27d6b6a407b09e286cc3bfbd8a2653e2196994ae80,2026-08-08T00:02:00Z
bcra_treasury_deposits_ars,1991-08,monthly,1.904000,million_ars,official,bcra_money_credit_balances,https://www.bcra.gob.ar/archivos/Pdfs/PublicacionesEstadisticas/din1_ser.txt,66eeb0fa88aec93dc2450f27d6b6a407b09e286cc3bfbd8a2653e2196994ae80,2026-08-08T00:02:00Z
bcra_treasury_deposits_ars,1991-09,monthly,1.998000,million_ars,official,bcra_money_credit_balances,https://www.bcra.gob.ar/archivos/Pdfs/PublicacionesEstadisticas/din1_ser.txt,66eeb0fa88aec93dc2450f27d6b6a407b09e286cc3bfbd8a2653e2196994ae80,2026-08-08T00:02:00Z
bcra_treasury_deposits_ars,1991-10,monthly,0.928000,million_ars,official,bcra_money_credit_balances,https://www.bcra.gob.ar/archivos/Pdfs/PublicacionesEstadisticas/din1_ser.txt,66eeb0fa88aec93dc2450f27d6b6a407b09e286cc3bfbd8a2653e2196994ae80,2026-08-08T00:02:00Z
bcra_treasury_deposits_ars,1991-11,monthly,0.000000,million_ars,official,bcra_money_credit_balances,https://www.bcra.gob.ar/archivos/Pdfs/PublicacionesEstadisticas/din1_ser.txt,66eeb0fa88aec93dc2450f27d6b6a407b09e286cc3bfbd8a2653e2196994ae80,2026-08-08T00:02:00Z
bcra_treasury_deposits_ars,1991-12,monthly,0.000000,million_ars,official,bcra_money_credit_balances,https://www.bcra.gob.ar/archivos/Pdfs/PublicacionesEstadisticas/din1_ser.txt,66eeb0fa88aec93dc2450f27d6b6a407b09e286cc3bfbd8a2653e2196994ae80,2026-08-08T00:02:00Z
bcra_treasury_deposits_ars,1992-01,monthly,0.000000,million_ars,official,bcra_money_credit_balances,https://www.bcra.gob.ar/archivos/Pdfs/PublicacionesEstadisticas/din1_ser.txt,66eeb0fa88aec93dc2450f27d6b6a407b09e286cc3bfbd8a2653e2196994ae80,2026-08-08T00:02:00Z
bcra_treasury_deposits_ars,1992-02,monthly,0.000000,million_ars,official,bcra_money_credit_balances,https://www.bcra.gob.ar/archivos/Pdfs/PublicacionesEstadisticas/din1_ser.txt,66eeb0fa88aec93dc2450f27d6b6a407b09e286cc3bfbd8a2653e2196994ae80,2026-08-08T00:02:00Z
bcra_treasury_deposits_ars,1992-03,monthly,0.000000,million_ars,official,bcra_money_credit_balances,https://www.bcra.gob.ar/archivos/Pdfs/PublicacionesEstadisticas/din1_ser.txt,66eeb0fa88aec93dc2450f27d6b6a407b09e286cc3bfbd8a2653e2196994ae80,2026-08-08T00:02:00Z
bcra_treasury_deposits_ars,1992-04,monthly,100.000000,million_ars,official,bcra_money_credit_balances,https://www.bcra.gob.ar/archivos/Pdfs/PublicacionesEstadisticas/din1_ser.txt,66eeb0fa88aec93dc2450f27d6b6a407b09e286cc3bfbd8a2653e2196994ae80,2026-08-08T00:02:00Z
bcra_treasury_deposits_ars,1992-05,monthly,100.000000,million_ars,official,bcra_money_credit_balances,https://www.bcra.gob.ar/archivos/Pdfs/PublicacionesEstadisticas/din1_ser.txt,66eeb0fa88aec93dc2450f27d6b6a407b09e286cc3bfbd8a2653e2196994ae80,2026-08-08T00:02:00Z
bcra_treasury_deposits_ars,1992-06,monthly,220.000000,million_ars,official,bcra_money_credit_balances,https://www.bcra.gob.ar/archivos/Pdfs/PublicacionesEstadisticas/din1_ser.txt,66eeb0fa88aec93dc2450f27d6b6a407b09e286cc3bfbd8a2653e2196994ae80,2026-08-08T00:02:00Z
bcra_treasury_deposits_ars,1992-07,monthly,170.450000,million_ars,official,bcra_money_credit_balances,https://www.bcra.gob.ar/archivos/Pdfs/PublicacionesEstadisticas/din1_ser.txt,66eeb0fa88aec93dc2450f27d6b6a407b09e286cc3bfbd8a2653e2196994ae80,2026-08-08T00:02:00Z
bcra_treasury_deposits_ars,1992-08,monthly,170.450000,million_ars,official,bcra_money_credit_balances,https://www.bcra.gob.ar/archivos/Pdfs/PublicacionesEstadisticas/din1_ser.txt,66eeb0fa88aec93dc2450f27d6b6a407b09e286cc3bfbd8a2653e2196994ae80,2026-08-08T00:02:00Z
bcra_treasury_deposits_ars,1992-09,monthly,100.000000,million_ars,official,bcra_money_credit_balances,https://www.bcra.gob.ar/archivos/Pdfs/PublicacionesEstadisticas/din1_ser.txt,66eeb0fa88aec93dc2450f27d6b6a407b09e286cc3bfbd8a2653e2196994ae80,2026-08-08T00:02:00Z
bcra_treasury_deposits_ars,1992-10,monthly,100.000000,million_ars,official,bcra_money_credit_balances,https://www.bcra.gob.ar/archivos/Pdfs/PublicacionesEstadisticas/din1_ser.txt,66eeb0fa88aec93dc2450f27d6b6a407b09e286cc3bfbd8a2653e2196994ae80,2026-08-08T00:02:00Z
bcra_treasury_deposits_ars,1992-11,monthly,100.000000,million_ars,official,bcra_money_credit_balances,https://www.bcra.gob.ar/archivos/Pdfs/PublicacionesEstadisticas/din1_ser.txt,66eeb0fa88aec93dc2450f27d6b6a407b09e286cc3bfbd8a2653e2196994ae80,2026-08-08T00:02:00Z
bcra_treasury_deposits_ars,1992-12,monthly,125.000000,million_ars,official,bcra_money_credit_balances,https://www.bcra.gob.ar/archivos/Pdfs/PublicacionesEstadisticas/din1_ser.txt,66eeb0fa88aec93dc2450f27d6b6a407b09e286cc3bfbd8a2653e2196994ae80,2026-08-08T00:02:00Z
bcra_treasury_deposits_ars,1993-01,monthly,0.000000,million_ars,official,bcra_money_credit_balances,https://www.bcra.gob.ar/archivos/Pdfs/PublicacionesEstadisticas/din1_ser.txt,66eeb0fa88aec93dc2450f27d6b6a407b09e286cc3bfbd8a2653e2196994ae80,2026-08-08T00:02:00Z
bcra_treasury_deposits_ars,1993-02,monthly,0.000000,million_ars,official,bcra_money_credit_balances,https://www.bcra.gob.ar/archivos/Pdfs/PublicacionesEstadisticas/din1_ser.txt,66eeb0fa88aec93dc2450f27d6b6a407b09e286cc3bfbd8a2653e2196994ae80,2026-08-08T00:02:00Z
bcra_treasury_deposits_ars,1993-03,monthly,700.000000,million_ars,official,bcra_money_credit_balances,https://www.bcra.gob.ar/archivos/Pdfs/PublicacionesEstadisticas/din1_ser.txt,66eeb0fa88aec93dc2450f27d6b6a407b09e286cc3bfbd8a2653e2196994ae80,2026-08-08T00:02:00Z
bcra_treasury_deposits_ars,1993-04,monthly,0.000000,million_ars,official,bcra_money_credit_balances,https://www.bcra.gob.ar/archivos/Pdfs/PublicacionesEstadisticas/din1_ser.txt,66eeb0fa88aec93dc2450f27d6b6a407b09e286cc3bfbd8a2653e2196994ae80,2026-08-08T00:02:00Z
bcra_treasury_deposits_ars,1993-05,monthly,30.000000,million_ars,official,bcra_money_credit_balances,https://www.bcra.gob.ar/archivos/Pdfs/PublicacionesEstadisticas/din1_ser.txt,66eeb0fa88aec93dc2450f27d6b6a407b09e286cc3bfbd8a2653e2196994ae80,2026-08-08T00:02:00Z
bcra_treasury_deposits_ars,1993-06,monthly,200.000000,million_ars,official,bcra_money_credit_balances,https://www.bcra.gob.ar/archivos/Pdfs/PublicacionesEstadisticas/din1_ser.txt,66eeb0fa88aec93dc2450f27d6b6a407b09e286cc3bfbd8a2653e2196994ae80,2026-08-08T00:02:00Z
bcra_treasury_deposits_ars,1993-07,monthly,0.000000,million_ars,official,bcra_money_credit_balances,https://www.bcra.gob.ar/archivos/Pdfs/PublicacionesEstadisticas/din1_ser.txt,66eeb0fa88aec93dc2450f27d6b6a407b09e286cc3bfbd8a2653e2196994ae80,2026-08-08T00:02:00Z
bcra_treasury_deposits_ars,1993-08,monthly,0.000000,million_ars,official,bcra_money_credit_balances,https://www.bcra.gob.ar/archivos/Pdfs/PublicacionesEstadisticas/din1_ser.txt,66eeb0fa88aec93dc2450f27d6b6a407b09e286cc3bfbd8a2653e2196994ae80,2026-08-08T00:02:00Z
bcra_treasury_deposits_ars,1993-09,monthly,800.000000,million_ars,official,bcra_money_credit_balances,https://www.bcra.gob.ar/archivos/Pdfs/PublicacionesEstadisticas/din1_ser.txt,66eeb0fa88aec93dc2450f27d6b6a407b09e286cc3bfbd8a2653e2196994ae80,2026-08-08T00:02:00Z
bcra_treasury_deposits_ars,1993-10,monthly,0.000000,million_ars,official,bcra_money_credit_balances,https://www.bcra.gob.ar/archivos/Pdfs/PublicacionesEstadisticas/din1_ser.txt,66eeb0fa88aec93dc2450f27d6b6a407b09e286cc3bfbd8a2653e2196994ae80,2026-08-08T00:02:00Z
bcra_treasury_deposits_ars,1993-11,monthly,0.000000,million_ars,official,bcra_money_credit_balances,https://www.bcra.gob.ar/archivos/Pdfs/PublicacionesEstadisticas/din1_ser.txt,66eeb0fa88aec93dc2450f27d6b6a407b09e286cc3bfbd8a2653e2196994ae80,2026-08-08T00:02:00Z
bcra_treasury_deposits_ars,1993-12,monthly,800.000000,million_ars,official,bcra_money_credit_balances,https://www.bcra.gob.ar/archivos/Pdfs/PublicacionesEstadisticas/din1_ser.txt,66eeb0fa88aec93dc2450f27d6b6a407b09e286cc3bfbd8a2653e2196994ae80,2026-08-08T00:02:00Z
bcra_treasury_deposits_ars,1994-01,monthly,0.000000,million_ars,official,bcra_money_credit_balances,https://www.bcra.gob.ar/archivos/Pdfs/PublicacionesEstadisticas/din1_ser.txt,66eeb0fa88aec93dc2450f27d6b6a407b09e286cc3bfbd8a2653e2196994ae80,2026-08-08T00:02:00Z
bcra_treasury_deposits_ars,1994-02,monthly,0.000000,million_ars,official,bcra_money_credit_balances,https://www.bcra.gob.ar/archivos/Pdfs/PublicacionesEstadisticas/din1_ser.txt,66eeb0fa88aec93dc2450f27d6b6a407b09e286cc3bfbd8a2653e2196994ae80,2026-08-08T00:02:00Z
bcra_treasury_deposits_ars,1994-03,monthly,650.000000,million_ars,official,bcra_money_credit_balances,https://www.bcra.gob.ar/archivos/Pdfs/PublicacionesEstadisticas/din1_ser.txt,66eeb0fa88aec93dc2450f27d6b6a407b09e286cc3bfbd8a2653e2196994ae80,2026-08-08T00:02:00Z
bcra_treasury_deposits_ars,1994-04,monthly,0.000000,million_ars,official,bcra_money_credit_balances,https://www.bcra.gob.ar/archivos/Pdfs/PublicacionesEstadisticas/din1_ser.txt,66eeb0fa88aec93dc2450f27d6b6a407b09e286cc3bfbd8a2653e2196994ae80,2026-08-08T00:02:00Z
bcra_treasury_deposits_ars,1994-05,monthly,0.000000,million_ars,official,bcra_money_credit_balances,https://www.bcra.gob.ar/archivos/Pdfs/PublicacionesEstadisticas/din1_ser.txt,66eeb0fa88aec93dc2450f27d6b6a407b09e286cc3bfbd8a2653e2196994ae80,2026-08-08T00:02:00Z
bcra_treasury_deposits_ars,1994-06,monthly,1350.000000,million_ars,official,bcra_money_credit_balances,https://www.bcra.gob.ar/archivos/Pdfs/PublicacionesEstadisticas/din1_ser.txt,66eeb0fa88aec93dc2450f27d6b6a407b09e286cc3bfbd8a2653e2196994ae80,2026-08-08T00:02:00Z
bcra_treasury_deposits_ars,1994-07,monthly,0.000000,million_ars,official,bcra_money_credit_balances,https://www.bcra.gob.ar/archivos/Pdfs/PublicacionesEstadisticas/din1_ser.txt,66eeb0fa88aec93dc2450f27d6b6a407b09e286cc3bfbd8a2653e2196994ae80,2026-08-08T00:02:00Z
bcra_treasury_deposits_ars,1994-08,monthly,48.810000,million_ars,official,bcra_money_credit_balances,https://www.bcra.gob.ar/archivos/Pdfs/PublicacionesEstadisticas/din1_ser.txt,66eeb0fa88aec93dc2450f27d6b6a407b09e286cc3bfbd8a2653e2196994ae80,2026-08-08T00:02:00Z
bcra_treasury_deposits_ars,1994-09,monthly,1177.658000,million_ars,official,bcra_money_credit_balances,https://www.bcra.gob.ar/archivos/Pdfs/PublicacionesEstadisticas/din1_ser.txt,66eeb0fa88aec93dc2450f27d6b6a407b09e286cc3bfbd8a2653e2196994ae80,2026-08-08T00:02:00Z
bcra_treasury_deposits_ars,1994-10,monthly,0.000000,million_ars,official,bcra_money_credit_balances,https://www.bcra.gob.ar/archivos/Pdfs/PublicacionesEstadisticas/din1_ser.txt,66eeb0fa88aec93dc2450f27d6b6a407b09e286cc3bfbd8a2653e2196994ae80,2026-08-08T00:02:00Z
bcra_treasury_deposits_ars,1994-11,monthly,142.422000,million_ars,official,bcra_money_credit_balances,https://www.bcra.gob.ar/archivos/Pdfs/PublicacionesEstadisticas/din1_ser.txt,66eeb0fa88aec93dc2450f27d6b6a407b09e286cc3bfbd8a2653e2196994ae80,2026-08-08T00:02:00Z
bcra_treasury_deposits_ars,1994-12,monthly,0.000000,million_ars,official,bcra_money_credit_balances,https://www.bcra.gob.ar/archivos/Pdfs/PublicacionesEstadisticas/din1_ser.txt,66eeb0fa88aec93dc2450f27d6b6a407b09e286cc3bfbd8a2653e2196994ae80,2026-08-08T00:02:00Z
bcra_treasury_deposits_ars,1995-01,monthly,0.000000,million_ars,official,bcra_money_credit_balances,https://www.bcra.gob.ar/archivos/Pdfs/PublicacionesEstadisticas/din1_ser.txt,66eeb0fa88aec93dc2450f27d6b6a407b09e286cc3bfbd8a2653e2196994ae80,2026-08-08T00:02:00Z
bcra_treasury_deposits_ars,1995-02,monthly,0.000000,million_ars,official,bcra_money_credit_balances,https://www.bcra.gob.ar/archivos/Pdfs/PublicacionesEstadisticas/din1_ser.txt,66eeb0fa88aec93dc2450f27d6b6a407b09e286cc3bfbd8a2653e2196994ae80,2026-08-08T00:02:00Z
bcra_treasury_deposits_ars,1995-03,monthly,0.000000,million_ars,official,bcra_money_credit_balances,https://www.bcra.gob.ar/archivos/Pdfs/PublicacionesEstadisticas/din1_ser.txt,66eeb0fa88aec93dc2450f27d6b6a407b09e286cc3bfbd8a2653e2196994ae80,2026-08-08T00:02:00Z
bcra_treasury_deposits_ars,1995-04,monthly,0.000000,million_ars,official,bcra_money_credit_balances,https://www.bcra.gob.ar/archivos/Pdfs/PublicacionesEstadisticas/din1_ser.txt,66eeb0fa88aec93dc2450f27d6b6a407b09e286cc3bfbd8a2653e2196994ae80,2026-08-08T00:02:00Z
bcra_treasury_deposits_ars,1995-05,monthly,0.000000,million_ars,official,bcra_money_credit_balances,https://www.bcra.gob.ar/archivos/Pdfs/PublicacionesEstadisticas/din1_ser.txt,66eeb0fa88aec93dc2450f27d6b6a407b09e286cc3bfbd8a2653e2196994ae80,2026-08-08T00:02:00Z
bcra_treasury_deposits_ars,1995-06,monthly,0.000000,million_ars,official,bcra_money_credit_balances,https://www.bcra.gob.ar/archivos/Pdfs/PublicacionesEstadisticas/din1_ser.txt,66eeb0fa88aec93dc2450f27d6b6a407b09e286cc3bfbd8a2653e2196994ae80,2026-08-08T00:02:00Z
bcra_treasury_deposits_ars,1995-07,monthly,0.000000,million_ars,official,bcra_money_credit_balances,https://www.bcra.gob.ar/archivos/Pdfs/PublicacionesEstadisticas/din1_ser.txt,66eeb0fa88aec93dc2450f27d6b6a407b09e286cc3bfbd8a2653e2196994ae80,2026-08-08T00:02:00Z
bcra_treasury_deposits_ars,1995-08,monthly,0.000000,million_ars,official,bcra_money_credit_balances,https://www.bcra.gob.ar/archivos/Pdfs/PublicacionesEstadisticas/din1_ser.txt,66eeb0fa88aec93dc2450f27d6b6a407b09e286cc3bfbd8a2653e2196994ae80,2026-08-08T00:02:00Z
bcra_treasury_deposits_ars,1995-09,monthly,0.000000,million_ars,official,bcra_money_credit_balances,https://www.bcra.gob.ar/archivos/Pdfs/PublicacionesEstadisticas/din1_ser.txt,66eeb0fa88aec93dc2450f27d6b6a407b09e286cc3bfbd8a2653e2196994ae80,2026-08-08T00:02:00Z
bcra_treasury_deposits_ars,1995-10,monthly,0.000000,million_ars,official,bcra_money_credit_balances,https://www.bcra.gob.ar/archivos/Pdfs/PublicacionesEstadisticas/din1_ser.txt,66eeb0fa88aec93dc2450f27d6b6a407b09e286cc3bfbd8a2653e2196994ae80,2026-08-08T00:02:00Z
bcra_treasury_deposits_ars,1995-11,monthly,0.000000,million_ars,official,bcra_money_credit_balances,https://www.bcra.gob.ar/archivos/Pdfs/PublicacionesEstadisticas/din1_ser.txt,66eeb0fa88aec93dc2450f27d6b6a407b09e286cc3bfbd8a2653e2196994ae80,2026-08-08T00:02:00Z
bcra_treasury_deposits_ars,1995-12,monthly,0.000000,million_ars,official,bcra_money_credit_balances,https://www.bcra.gob.ar/archivos/Pdfs/PublicacionesEstadisticas/din1_ser.txt,66eeb0fa88aec93dc2450f27d6b6a407b09e286cc3bfbd8a2653e2196994ae80,2026-08-08T00:02:00Z
bcra_treasury_deposits_ars,1996-01,monthly,0.000000,million_ars,official,bcra_money_credit_balances,https://www.bcra.gob.ar/archivos/Pdfs/PublicacionesEstadisticas/din1_ser.txt,66eeb0fa88aec93dc2450f27d6b6a407b09e286cc3bfbd8a2653e2196994ae80,2026-08-08T00:02:00Z
bcra_treasury_deposits_ars,1996-02,monthly,0.000000,million_ars,official,bcra_money_credit_balances,https://www.bcra.gob.ar/archivos/Pdfs/PublicacionesEstadisticas/din1_ser.txt,66eeb0fa88aec93dc2450f27d6b6a407b09e286cc3bfbd8a2653e2196994ae80,2026-08-08T00:02:00Z
bcra_treasury_deposits_ars,1996-03,monthly,0.000000,million_ars,official,bcra_money_credit_balances,https://www.bcra.gob.ar/archivos/Pdfs/PublicacionesEstadisticas/din1_ser.txt,66eeb0fa88aec93dc2450f27d6b6a407b09e286cc3bfbd8a2653e2196994ae80,2026-08-08T00:02:00Z
bcra_treasury_deposits_ars,1996-04,monthly,0.000000,million_ars,official,bcra_money_credit_balances,https://www.bcra.gob.ar/archivos/Pdfs/PublicacionesEstadisticas/din1_ser.txt,66eeb0fa88aec93dc2450f27d6b6a407b09e286cc3bfbd8a2653e2196994ae80,2026-08-08T00:02:00Z
bcra_treasury_deposits_ars,1996-05,monthly,0.000000,million_ars,official,bcra_money_credit_balances,https://www.bcra.gob.ar/archivos/Pdfs/PublicacionesEstadisticas/din1_ser.txt,66eeb0fa88aec93dc2450f27d6b6a407b09e286cc3bfbd8a2653e2196994ae80,2026-08-08T00:02:00Z
bcra_treasury_deposits_ars,1996-06,monthly,0.000000,million_ars,official,bcra_money_credit_balances,https://www.bcra.gob.ar/archivos/Pdfs/PublicacionesEstadisticas/din1_ser.txt,66eeb0fa88aec93dc2450f27d6b6a407b09e286cc3bfbd8a2653e2196994ae80,2026-08-08T00:02:00Z
bcra_treasury_deposits_ars,1996-07,monthly,0.000000,million_ars,official,bcra_money_credit_balances,https://www.bcra.gob.ar/archivos/Pdfs/PublicacionesEstadisticas/din1_ser.txt,66eeb0fa88aec93dc2450f27d6b6a407b09e286cc3bfbd8a2653e2196994ae80,2026-08-08T00:02:00Z
bcra_treasury_deposits_ars,1996-08,monthly,0.000000,million_ars,official,bcra_money_credit_balances,https://www.bcra.gob.ar/archivos/Pdfs/PublicacionesEstadisticas/din1_ser.txt,66eeb0fa88aec93dc2450f27d6b6a407b09e286cc3bfbd8a2653e2196994ae80,2026-08-08T00:02:00Z
bcra_treasury_deposits_ars,1996-09,monthly,0.000000,million_ars,official,bcra_money_credit_balances,https://www.bcra.gob.ar/archivos/Pdfs/PublicacionesEstadisticas/din1_ser.txt,66eeb0fa88aec93dc2450f27d6b6a407b09e286cc3bfbd8a2653e2196994ae80,2026-08-08T00:02:00Z
bcra_treasury_deposits_ars,1996-10,monthly,0.000000,million_ars,official,bcra_money_credit_balances,https://www.bcra.gob.ar/archivos/Pdfs/PublicacionesEstadisticas/din1_ser.txt,66eeb0fa88aec93dc2450f27d6b6a407b09e286cc3bfbd8a2653e2196994ae80,2026-08-08T00:02:00Z
bcra_treasury_deposits_ars,1996-11,monthly,0.000000,million_ars,official,bcra_money_credit_balances,https://www.bcra.gob.ar/archivos/Pdfs/PublicacionesEstadisticas/din1_ser.txt,66eeb0fa88aec93dc2450f27d6b6a407b09e286cc3bfbd8a2653e2196994ae80,2026-08-08T00:02:00Z
bcra_treasury_deposits_ars,1996-12,monthly,0.000000,million_ars,official,bcra_money_credit_balances,https://www.bcra.gob.ar/archivos/Pdfs/PublicacionesEstadisticas/din1_ser.txt,66eeb0fa88aec93dc2450f27d6b6a407b09e286cc3bfbd8a2653e2196994ae80,2026-08-08T00:02:00Z
bcra_treasury_deposits_ars,1997-01,monthly,0.000000,million_ars,official,bcra_money_credit_balances,https://www.bcra.gob.ar/archivos/Pdfs/PublicacionesEstadisticas/din1_ser.txt,66eeb0fa88aec93dc2450f27d6b6a407b09e286cc3bfbd8a2653e2196994ae80,2026-08-08T00:02:00Z
bcra_treasury_deposits_ars,1997-02,monthly,0.000000,million_ars,official,bcra_money_credit_balances,https://www.bcra.gob.ar/archivos/Pdfs/PublicacionesEstadisticas/din1_ser.txt,66eeb0fa88aec93dc2450f27d6b6a407b09e286cc3bfbd8a2653e2196994ae80,2026-08-08T00:02:00Z
bcra_treasury_deposits_ars,1997-03,monthly,0.000000,million_ars,official,bcra_money_credit_balances,https://www.bcra.gob.ar/archivos/Pdfs/PublicacionesEstadisticas/din1_ser.txt,66eeb0fa88aec93dc2450f27d6b6a407b09e286cc3bfbd8a2653e2196994ae80,2026-08-08T00:02:00Z
bcra_treasury_deposits_ars,1997-04,monthly,0.000000,million_ars,official,bcra_money_credit_balances,https://www.bcra.gob.ar/archivos/Pdfs/PublicacionesEstadisticas/din1_ser.txt,66eeb0fa88aec93dc2450f27d6b6a407b09e286cc3bfbd8a2653e2196994ae80,2026-08-08T00:02:00Z
bcra_treasury_deposits_ars,1997-05,monthly,0.000000,million_ars,official,bcra_money_credit_balances,https://www.bcra.gob.ar/archivos/Pdfs/PublicacionesEstadisticas/din1_ser.txt,66eeb0fa88aec93dc2450f27d6b6a407b09e286cc3bfbd8a2653e2196994ae80,2026-08-08T00:02:00Z
bcra_treasury_deposits_ars,1997-06,monthly,0.000000,million_ars,official,bcra_money_credit_balances,https://www.bcra.gob.ar/archivos/Pdfs/PublicacionesEstadisticas/din1_ser.txt,66eeb0fa88aec93dc2450f27d6b6a407b09e286cc3bfbd8a2653e2196994ae80,2026-08-08T00:02:00Z
bcra_treasury_deposits_ars,1997-07,monthly,0.000000,million_ars,official,bcra_money_credit_balances,https://www.bcra.gob.ar/archivos/Pdfs/PublicacionesEstadisticas/din1_ser.txt,66eeb0fa88aec93dc2450f27d6b6a407b09e286cc3bfbd8a2653e2196994ae80,2026-08-08T00:02:00Z
bcra_treasury_deposits_ars,1997-08,monthly,0.000000,million_ars,official,bcra_money_credit_balances,https://www.bcra.gob.ar/archivos/Pdfs/PublicacionesEstadisticas/din1_ser.txt,66eeb0fa88aec93dc2450f27d6b6a407b09e286cc3bfbd8a2653e2196994ae80,2026-08-08T00:02:00Z
bcra_treasury_deposits_ars,1997-09,monthly,0.000000,million_ars,official,bcra_money_credit_balances,https://www.bcra.gob.ar/archivos/Pdfs/PublicacionesEstadisticas/din1_ser.txt,66eeb0fa88aec93dc2450f27d6b6a407b09e286cc3bfbd8a2653e2196994ae80,2026-08-08T00:02:00Z
bcra_treasury_deposits_ars,1997-10,monthly,0.000000,million_ars,official,bcra_money_credit_balances,https://www.bcra.gob.ar/archivos/Pdfs/PublicacionesEstadisticas/din1_ser.txt,66eeb0fa88aec93dc2450f27d6b6a407b09e286cc3bfbd8a2653e2196994ae80,2026-08-08T00:02:00Z
bcra_treasury_deposits_ars,1997-11,monthly,0.000000,million_ars,official,bcra_money_credit_balances,https://www.bcra.gob.ar/archivos/Pdfs/PublicacionesEstadisticas/din1_ser.txt,66eeb0fa88aec93dc2450f27d6b6a407b09e286cc3bfbd8a2653e2196994ae80,2026-08-08T00:02:00Z
bcra_treasury_deposits_ars,1997-12,monthly,0.000000,million_ars,official,bcra_money_credit_balances,https://www.bcra.gob.ar/archivos/Pdfs/PublicacionesEstadisticas/din1_ser.txt,66eeb0fa88aec93dc2450f27d6b6a407b09e286cc3bfbd8a2653e2196994ae80,2026-08-08T00:02:00Z
bcra_treasury_deposits_ars,1998-01,monthly,0.000000,million_ars,official,bcra_money_credit_balances,https://www.bcra.gob.ar/archivos/Pdfs/PublicacionesEstadisticas/din1_ser.txt,66eeb0fa88aec93dc2450f27d6b6a407b09e286cc3bfbd8a2653e2196994ae80,2026-08-08T00:02:00Z
bcra_treasury_deposits_ars,1998-02,monthly,0.000000,million_ars,official,bcra_money_credit_balances,https://www.bcra.gob.ar/archivos/Pdfs/PublicacionesEstadisticas/din1_ser.txt,66eeb0fa88aec93dc2450f27d6b6a407b09e286cc3bfbd8a2653e2196994ae80,2026-08-08T00:02:00Z
bcra_treasury_deposits_ars,1998-03,monthly,0.000000,million_ars,official,bcra_money_credit_balances,https://www.bcra.gob.ar/archivos/Pdfs/PublicacionesEstadisticas/din1_ser.txt,66eeb0fa88aec93dc2450f27d6b6a407b09e286cc3bfbd8a2653e2196994ae80,2026-08-08T00:02:00Z
bcra_treasury_deposits_ars,1998-04,monthly,0.000000,million_ars,official,bcra_money_credit_balances,https://www.bcra.gob.ar/archivos/Pdfs/PublicacionesEstadisticas/din1_ser.txt,66eeb0fa88aec93dc2450f27d6b6a407b09e286cc3bfbd8a2653e2196994ae80,2026-08-08T00:02:00Z
bcra_treasury_deposits_ars,1998-05,monthly,0.000000,million_ars,official,bcra_money_credit_balances,https://www.bcra.gob.ar/archivos/Pdfs/PublicacionesEstadisticas/din1_ser.txt,66eeb0fa88aec93dc2450f27d6b6a407b09e286cc3bfbd8a2653e2196994ae80,2026-08-08T00:02:00Z
bcra_treasury_deposits_ars,1998-06,monthly,0.000000,million_ars,official,bcra_money_credit_balances,https://www.bcra.gob.ar/archivos/Pdfs/PublicacionesEstadisticas/din1_ser.txt,66eeb0fa88aec93dc2450f27d6b6a407b09e286cc3bfbd8a2653e2196994ae80,2026-08-08T00:02:00Z
bcra_treasury_deposits_ars,1998-07,monthly,0.000000,million_ars,official,bcra_money_credit_balances,https://www.bcra.gob.ar/archivos/Pdfs/PublicacionesEstadisticas/din1_ser.txt,66eeb0fa88aec93dc2450f27d6b6a407b09e286cc3bfbd8a2653e2196994ae80,2026-08-08T00:02:00Z
bcra_treasury_deposits_ars,1998-08,monthly,0.000000,million_ars,official,bcra_money_credit_balances,https://www.bcra.gob.ar/archivos/Pdfs/PublicacionesEstadisticas/din1_ser.txt,66eeb0fa88aec93dc2450f27d6b6a407b09e286cc3bfbd8a2653e2196994ae80,2026-08-08T00:02:00Z
bcra_treasury_deposits_ars,1998-09,monthly,0.000000,million_ars,official,bcra_money_credit_balances,https://www.bcra.gob.ar/archivos/Pdfs/PublicacionesEstadisticas/din1_ser.txt,66eeb0fa88aec93dc2450f27d6b6a407b09e286cc3bfbd8a2653e2196994ae80,2026-08-08T00:02:00Z
bcra_treasury_deposits_ars,1998-10,monthly,0.000000,million_ars,official,bcra_money_credit_balances,https://www.bcra.gob.ar/archivos/Pdfs/PublicacionesEstadisticas/din1_ser.txt,66eeb0fa88aec93dc2450f27d6b6a407b09e286cc3bfbd8a2653e2196994ae80,2026-08-08T00:02:00Z
bcra_treasury_deposits_ars,1998-11,monthly,0.000000,million_ars,official,bcra_money_credit_balances,https://www.bcra.gob.ar/archivos/Pdfs/PublicacionesEstadisticas/din1_ser.txt,66eeb0fa88aec93dc2450f27d6b6a407b09e286cc3bfbd8a2653e2196994ae80,2026-08-08T00:02:00Z
bcra_treasury_deposits_ars,1998-12,monthly,0.000000,million_ars,official,bcra_money_credit_balances,https://www.bcra.gob.ar/archivos/Pdfs/PublicacionesEstadisticas/din1_ser.txt,66eeb0fa88aec93dc2450f27d6b6a407b09e286cc3bfbd8a2653e2196994ae80,2026-08-08T00:02:00Z
bcra_treasury_deposits_ars,1999-01,monthly,0.000000,million_ars,official,bcra_money_credit_balances,https://www.bcra.gob.ar/archivos/Pdfs/PublicacionesEstadisticas/din1_ser.txt,66eeb0fa88aec93dc2450f27d6b6a407b09e286cc3bfbd8a2653e2196994ae80,2026-08-08T00:02:00Z
bcra_treasury_deposits_ars,1999-02,monthly,0.000000,million_ars,official,bcra_money_credit_balances,https://www.bcra.gob.ar/archivos/Pdfs/PublicacionesEstadisticas/din1_ser.txt,66eeb0fa88aec93dc2450f27d6b6a407b09e286cc3bfbd8a2653e2196994ae80,2026-08-08T00:02:00Z
bcra_treasury_deposits_ars,1999-03,monthly,0.000000,million_ars,official,bcra_money_credit_balances,https://www.bcra.gob.ar/archivos/Pdfs/PublicacionesEstadisticas/din1_ser.txt,66eeb0fa88aec93dc2450f27d6b6a407b09e286cc3bfbd8a2653e2196994ae80,2026-08-08T00:02:00Z
bcra_treasury_deposits_ars,1999-04,monthly,0.000000,million_ars,official,bcra_money_credit_balances,https://www.bcra.gob.ar/archivos/Pdfs/PublicacionesEstadisticas/din1_ser.txt,66eeb0fa88aec93dc2450f27d6b6a407b09e286cc3bfbd8a2653e2196994ae80,2026-08-08T00:02:00Z
bcra_treasury_deposits_ars,1999-05,monthly,0.000000,million_ars,official,bcra_money_credit_balances,https://www.bcra.gob.ar/archivos/Pdfs/PublicacionesEstadisticas/din1_ser.txt,66eeb0fa88aec93dc2450f27d6b6a407b09e286cc3bfbd8a2653e2196994ae80,2026-08-08T00:02:00Z
bcra_treasury_deposits_ars,1999-06,monthly,0.000000,million_ars,official,bcra_money_credit_balances,https://www.bcra.gob.ar/archivos/Pdfs/PublicacionesEstadisticas/din1_ser.txt,66eeb0fa88aec93dc2450f27d6b6a407b09e286cc3bfbd8a2653e2196994ae80,2026-08-08T00:02:00Z
bcra_treasury_deposits_ars,1999-07,monthly,0.000000,million_ars,official,bcra_money_credit_balances,https://www.bcra.gob.ar/archivos/Pdfs/PublicacionesEstadisticas/din1_ser.txt,66eeb0fa88aec93dc2450f27d6b6a407b09e286cc3bfbd8a2653e2196994ae80,2026-08-08T00:02:00Z
bcra_treasury_deposits_ars,1999-08,monthly,0.000000,million_ars,official,bcra_money_credit_balances,https://www.bcra.gob.ar/archivos/Pdfs/PublicacionesEstadisticas/din1_ser.txt,66eeb0fa88aec93dc2450f27d6b6a407b09e286cc3bfbd8a2653e2196994ae80,2026-08-08T00:02:00Z
bcra_treasury_deposits_ars,1999-09,monthly,0.000000,million_ars,official,bcra_money_credit_balances,https://www.bcra.gob.ar/archivos/Pdfs/PublicacionesEstadisticas/din1_ser.txt,66eeb0fa88aec93dc2450f27d6b6a407b09e286cc3bfbd8a2653e2196994ae80,2026-08-08T00:02:00Z
bcra_treasury_deposits_ars,1999-10,monthly,0.000000,million_ars,official,bcra_money_credit_balances,https://www.bcra.gob.ar/archivos/Pdfs/PublicacionesEstadisticas/din1_ser.txt,66eeb0fa88aec93dc2450f27d6b6a407b09e286cc3bfbd8a2653e2196994ae80,2026-08-08T00:02:00Z
bcra_treasury_deposits_ars,1999-11,monthly,0.000000,million_ars,official,bcra_money_credit_balances,https://www.bcra.gob.ar/archivos/Pdfs/PublicacionesEstadisticas/din1_ser.txt,66eeb0fa88aec93dc2450f27d6b6a407b09e286cc3bfbd8a2653e2196994ae80,2026-08-08T00:02:00Z
bcra_treasury_deposits_ars,1999-12,monthly,0.000000,million_ars,official,bcra_money_credit_balances,https://www.bcra.gob.ar/archivos/Pdfs/PublicacionesEstadisticas/din1_ser.txt,66eeb0fa88aec93dc2450f27d6b6a407b09e286cc3bfbd8a2653e2196994ae80,2026-08-08T00:02:00Z
bcra_treasury_deposits_ars,2000-01,monthly,0.000000,million_ars,official,bcra_money_credit_balances,https://www.bcra.gob.ar/archivos/Pdfs/PublicacionesEstadisticas/din1_ser.txt,66eeb0fa88aec93dc2450f27d6b6a407b09e286cc3bfbd8a2653e2196994ae80,2026-08-08T00:02:00Z
bcra_treasury_deposits_ars,2000-02,monthly,0.000000,million_ars,official,bcra_money_credit_balances,https://www.bcra.gob.ar/archivos/Pdfs/PublicacionesEstadisticas/din1_ser.txt,66eeb0fa88aec93dc2450f27d6b6a407b09e286cc3bfbd8a2653e2196994ae80,2026-08-08T00:02:00Z
bcra_treasury_deposits_ars,2000-03,monthly,0.000000,million_ars,official,bcra_money_credit_balances,https://www.bcra.gob.ar/archivos/Pdfs/PublicacionesEstadisticas/din1_ser.txt,66eeb0fa88aec93dc2450f27d6b6a407b09e286cc3bfbd8a2653e2196994ae80,2026-08-08T00:02:00Z
bcra_treasury_deposits_ars,2000-04,monthly,0.000000,million_ars,official,bcra_money_credit_balances,https://www.bcra.gob.ar/archivos/Pdfs/PublicacionesEstadisticas/din1_ser.txt,66eeb0fa88aec93dc2450f27d6b6a407b09e286cc3bfbd8a2653e2196994ae80,2026-08-08T00:02:00Z
bcra_treasury_deposits_ars,2000-05,monthly,0.000000,million_ars,official,bcra_money_credit_balances,https://www.bcra.gob.ar/archivos/Pdfs/PublicacionesEstadisticas/din1_ser.txt,66eeb0fa88aec93dc2450f27d6b6a407b09e286cc3bfbd8a2653e2196994ae80,2026-08-08T00:02:00Z
bcra_treasury_deposits_ars,2000-06,monthly,0.000000,million_ars,official,bcra_money_credit_balances,https://www.bcra.gob.ar/archivos/Pdfs/PublicacionesEstadisticas/din1_ser.txt,66eeb0fa88aec93dc2450f27d6b6a407b09e286cc3bfbd8a2653e2196994ae80,2026-08-08T00:02:00Z
bcra_treasury_deposits_ars,2000-07,monthly,0.000000,million_ars,official,bcra_money_credit_balances,https://www.bcra.gob.ar/archivos/Pdfs/PublicacionesEstadisticas/din1_ser.txt,66eeb0fa88aec93dc2450f27d6b6a407b09e286cc3bfbd8a2653e2196994ae80,2026-08-08T00:02:00Z
bcra_treasury_deposits_ars,2000-08,monthly,0.000000,million_ars,official,bcra_money_credit_balances,https://www.bcra.gob.ar/archivos/Pdfs/PublicacionesEstadisticas/din1_ser.txt,66eeb0fa88aec93dc2450f27d6b6a407b09e286cc3bfbd8a2653e2196994ae80,2026-08-08T00:02:00Z
bcra_treasury_deposits_ars,2000-09,monthly,0.000000,million_ars,official,bcra_money_credit_balances,https://www.bcra.gob.ar/archivos/Pdfs/PublicacionesEstadisticas/din1_ser.txt,66eeb0fa88aec93dc2450f27d6b6a407b09e286cc3bfbd8a2653e2196994ae80,2026-08-08T00:02:00Z
bcra_treasury_deposits_ars,2000-10,monthly,0.000000,million_ars,official,bcra_money_credit_balances,https://www.bcra.gob.ar/archivos/Pdfs/PublicacionesEstadisticas/din1_ser.txt,66eeb0fa88aec93dc2450f27d6b6a407b09e286cc3bfbd8a2653e2196994ae80,2026-08-08T00:02:00Z
bcra_treasury_deposits_ars,2000-11,monthly,0.000000,million_ars,official,bcra_money_credit_balances,https://www.bcra.gob.ar/archivos/Pdfs/PublicacionesEstadisticas/din1_ser.txt,66eeb0fa88aec93dc2450f27d6b6a407b09e286cc3bfbd8a2653e2196994ae80,2026-08-08T00:02:00Z
bcra_treasury_deposits_ars,2000-12,monthly,0.000000,million_ars,official,bcra_money_credit_balances,https://www.bcra.gob.ar/archivos/Pdfs/PublicacionesEstadisticas/din1_ser.txt,66eeb0fa88aec93dc2450f27d6b6a407b09e286cc3bfbd8a2653e2196994ae80,2026-08-08T00:02:00Z
bcra_treasury_deposits_ars,2001-01,monthly,0.000000,million_ars,official,bcra_money_credit_balances,https://www.bcra.gob.ar/archivos/Pdfs/PublicacionesEstadisticas/din1_ser.txt,66eeb0fa88aec93dc2450f27d6b6a407b09e286cc3bfbd8a2653e2196994ae80,2026-08-08T00:02:00Z
bcra_treasury_deposits_ars,2001-02,monthly,0.000000,million_ars,official,bcra_money_credit_balances,https://www.bcra.gob.ar/archivos/Pdfs/PublicacionesEstadisticas/din1_ser.txt,66eeb0fa88aec93dc2450f27d6b6a407b09e286cc3bfbd8a2653e2196994ae80,2026-08-08T00:02:00Z
bcra_treasury_deposits_ars,2001-03,monthly,0.000000,million_ars,official,bcra_money_credit_balances,https://www.bcra.gob.ar/archivos/Pdfs/PublicacionesEstadisticas/din1_ser.txt,66eeb0fa88aec93dc2450f27d6b6a407b09e286cc3bfbd8a2653e2196994ae80,2026-08-08T00:02:00Z
bcra_treasury_deposits_ars,2001-04,monthly,0.000000,million_ars,official,bcra_money_credit_balances,https://www.bcra.gob.ar/archivos/Pdfs/PublicacionesEstadisticas/din1_ser.txt,66eeb0fa88aec93dc2450f27d6b6a407b09e286cc3bfbd8a2653e2196994ae80,2026-08-08T00:02:00Z
bcra_treasury_deposits_ars,2001-05,monthly,0.000000,million_ars,official,bcra_money_credit_balances,https://www.bcra.gob.ar/archivos/Pdfs/PublicacionesEstadisticas/din1_ser.txt,66eeb0fa88aec93dc2450f27d6b6a407b09e286cc3bfbd8a2653e2196994ae80,2026-08-08T00:02:00Z
bcra_treasury_deposits_ars,2001-06,monthly,0.000000,million_ars,official,bcra_money_credit_balances,https://www.bcra.gob.ar/archivos/Pdfs/PublicacionesEstadisticas/din1_ser.txt,66eeb0fa88aec93dc2450f27d6b6a407b09e286cc3bfbd8a2653e2196994ae80,2026-08-08T00:02:00Z
bcra_treasury_deposits_ars,2001-07,monthly,0.000000,million_ars,official,bcra_money_credit_balances,https://www.bcra.gob.ar/archivos/Pdfs/PublicacionesEstadisticas/din1_ser.txt,66eeb0fa88aec93dc2450f27d6b6a407b09e286cc3bfbd8a2653e2196994ae80,2026-08-08T00:02:00Z
bcra_treasury_deposits_ars,2001-08,monthly,0.000000,million_ars,official,bcra_money_credit_balances,https://www.bcra.gob.ar/archivos/Pdfs/PublicacionesEstadisticas/din1_ser.txt,66eeb0fa88aec93dc2450f27d6b6a407b09e286cc3bfbd8a2653e2196994ae80,2026-08-08T00:02:00Z
bcra_treasury_deposits_ars,2001-09,monthly,0.000000,million_ars,official,bcra_money_credit_balances,https://www.bcra.gob.ar/archivos/Pdfs/PublicacionesEstadisticas/din1_ser.txt,66eeb0fa88aec93dc2450f27d6b6a407b09e286cc3bfbd8a2653e2196994ae80,2026-08-08T00:02:00Z
bcra_treasury_deposits_ars,2001-10,monthly,0.000000,million_ars,official,bcra_money_credit_balances,https://www.bcra.gob.ar/archivos/Pdfs/PublicacionesEstadisticas/din1_ser.txt,66eeb0fa88aec93dc2450f27d6b6a407b09e286cc3bfbd8a2653e2196994ae80,2026-08-08T00:02:00Z
bcra_treasury_deposits_ars,2001-11,monthly,0.000000,million_ars,official,bcra_money_credit_balances,https://www.bcra.gob.ar/archivos/Pdfs/PublicacionesEstadisticas/din1_ser.txt,66eeb0fa88aec93dc2450f27d6b6a407b09e286cc3bfbd8a2653e2196994ae80,2026-08-08T00:02:00Z
bcra_treasury_deposits_ars,2001-12,monthly,0.000000,million_ars,official,bcra_money_credit_balances,https://www.bcra.gob.ar/archivos/Pdfs/PublicacionesEstadisticas/din1_ser.txt,66eeb0fa88aec93dc2450f27d6b6a407b09e286cc3bfbd8a2653e2196994ae80,2026-08-08T00:02:00Z
bcra_treasury_deposits_ars,2002-01,monthly,0.000000,million_ars,official,bcra_money_credit_balances,https://www.bcra.gob.ar/archivos/Pdfs/PublicacionesEstadisticas/din1_ser.txt,66eeb0fa88aec93dc2450f27d6b6a407b09e286cc3bfbd8a2653e2196994ae80,2026-08-08T00:02:00Z
bcra_treasury_deposits_ars,2002-02,monthly,0.000000,million_ars,official,bcra_money_credit_balances,https://www.bcra.gob.ar/archivos/Pdfs/PublicacionesEstadisticas/din1_ser.txt,66eeb0fa88aec93dc2450f27d6b6a407b09e286cc3bfbd8a2653e2196994ae80,2026-08-08T00:02:00Z
bcra_treasury_deposits_ars,2002-03,monthly,0.000000,million_ars,official,bcra_money_credit_balances,https://www.bcra.gob.ar/archivos/Pdfs/PublicacionesEstadisticas/din1_ser.txt,66eeb0fa88aec93dc2450f27d6b6a407b09e286cc3bfbd8a2653e2196994ae80,2026-08-08T00:02:00Z
bcra_treasury_deposits_ars,2002-04,monthly,0.000000,million_ars,official,bcra_money_credit_balances,https://www.bcra.gob.ar/archivos/Pdfs/PublicacionesEstadisticas/din1_ser.txt,66eeb0fa88aec93dc2450f27d6b6a407b09e286cc3bfbd8a2653e2196994ae80,2026-08-08T00:02:00Z
bcra_treasury_deposits_ars,2002-05,monthly,0.000000,million_ars,official,bcra_money_credit_balances,https://www.bcra.gob.ar/archivos/Pdfs/PublicacionesEstadisticas/din1_ser.txt,66eeb0fa88aec93dc2450f27d6b6a407b09e286cc3bfbd8a2653e2196994ae80,2026-08-08T00:02:00Z
bcra_treasury_deposits_ars,2002-06,monthly,0.000000,million_ars,official,bcra_money_credit_balances,https://www.bcra.gob.ar/archivos/Pdfs/PublicacionesEstadisticas/din1_ser.txt,66eeb0fa88aec93dc2450f27d6b6a407b09e286cc3bfbd8a2653e2196994ae80,2026-08-08T00:02:00Z
bcra_treasury_deposits_ars,2002-07,monthly,0.000000,million_ars,official,bcra_money_credit_balances,https://www.bcra.gob.ar/archivos/Pdfs/PublicacionesEstadisticas/din1_ser.txt,66eeb0fa88aec93dc2450f27d6b6a407b09e286cc3bfbd8a2653e2196994ae80,2026-08-08T00:02:00Z
bcra_treasury_deposits_ars,2002-08,monthly,0.000000,million_ars,official,bcra_money_credit_balances,https://www.bcra.gob.ar/archivos/Pdfs/PublicacionesEstadisticas/din1_ser.txt,66eeb0fa88aec93dc2450f27d6b6a407b09e286cc3bfbd8a2653e2196994ae80,2026-08-08T00:02:00Z
bcra_treasury_deposits_ars,2002-09,monthly,0.000000,million_ars,official,bcra_money_credit_balances,https://www.bcra.gob.ar/archivos/Pdfs/PublicacionesEstadisticas/din1_ser.txt,66eeb0fa88aec93dc2450f27d6b6a407b09e286cc3bfbd8a2653e2196994ae80,2026-08-08T00:02:00Z
bcra_treasury_deposits_ars,2002-10,monthly,0.000000,million_ars,official,bcra_money_credit_balances,https://www.bcra.gob.ar/archivos/Pdfs/PublicacionesEstadisticas/din1_ser.txt,66eeb0fa88aec93dc2450f27d6b6a407b09e286cc3bfbd8a2653e2196994ae80,2026-08-08T00:02:00Z
bcra_treasury_deposits_ars,2002-11,monthly,0.000000,million_ars,official,bcra_money_credit_balances,https://www.bcra.gob.ar/archivos/Pdfs/PublicacionesEstadisticas/din1_ser.txt,66eeb0fa88aec93dc2450f27d6b6a407b09e286cc3bfbd8a2653e2196994ae80,2026-08-08T00:02:00Z
bcra_treasury_deposits_ars,2002-12,monthly,0.000000,million_ars,official,bcra_money_credit_balances,https://www.bcra.gob.ar/archivos/Pdfs/PublicacionesEstadisticas/din1_ser.txt,66eeb0fa88aec93dc2450f27d6b6a407b09e286cc3bfbd8a2653e2196994ae80,2026-08-08T00:02:00Z
bcra_treasury_deposits_ars,2003-01,monthly,0.000000,million_ars,official,bcra_money_credit_balances,https://www.bcra.gob.ar/archivos/Pdfs/PublicacionesEstadisticas/din1_ser.txt,66eeb0fa88aec93dc2450f27d6b6a407b09e286cc3bfbd8a2653e2196994ae80,2026-08-08T00:02:00Z
bcra_treasury_deposits_ars,2003-02,monthly,0.000000,million_ars,official,bcra_money_credit_balances,https://www.bcra.gob.ar/archivos/Pdfs/PublicacionesEstadisticas/din1_ser.txt,66eeb0fa88aec93dc2450f27d6b6a407b09e286cc3bfbd8a2653e2196994ae80,2026-08-08T00:02:00Z
bcra_treasury_deposits_ars,2003-03,monthly,0.000000,million_ars,official,bcra_money_credit_balances,https://www.bcra.gob.ar/archivos/Pdfs/PublicacionesEstadisticas/din1_ser.txt,66eeb0fa88aec93dc2450f27d6b6a407b09e286cc3bfbd8a2653e2196994ae80,2026-08-08T00:02:00Z
bcra_treasury_deposits_ars,2003-04,monthly,0.000000,million_ars,official,bcra_money_credit_balances,https://www.bcra.gob.ar/archivos/Pdfs/PublicacionesEstadisticas/din1_ser.txt,66eeb0fa88aec93dc2450f27d6b6a407b09e286cc3bfbd8a2653e2196994ae80,2026-08-08T00:02:00Z
bcra_treasury_deposits_ars,2003-05,monthly,0.000000,million_ars,official,bcra_money_credit_balances,https://www.bcra.gob.ar/archivos/Pdfs/PublicacionesEstadisticas/din1_ser.txt,66eeb0fa88aec93dc2450f27d6b6a407b09e286cc3bfbd8a2653e2196994ae80,2026-08-08T00:02:00Z
bcra_treasury_deposits_ars,2003-06,monthly,0.000000,million_ars,official,bcra_money_credit_balances,https://www.bcra.gob.ar/archivos/Pdfs/PublicacionesEstadisticas/din1_ser.txt,66eeb0fa88aec93dc2450f27d6b6a407b09e286cc3bfbd8a2653e2196994ae80,2026-08-08T00:02:00Z
bcra_treasury_deposits_ars,2003-07,monthly,0.000000,million_ars,official,bcra_money_credit_balances,https://www.bcra.gob.ar/archivos/Pdfs/PublicacionesEstadisticas/din1_ser.txt,66eeb0fa88aec93dc2450f27d6b6a407b09e286cc3bfbd8a2653e2196994ae80,2026-08-08T00:02:00Z
bcra_treasury_deposits_ars,2003-08,monthly,0.000000,million_ars,official,bcra_money_credit_balances,https://www.bcra.gob.ar/archivos/Pdfs/PublicacionesEstadisticas/din1_ser.txt,66eeb0fa88aec93dc2450f27d6b6a407b09e286cc3bfbd8a2653e2196994ae80,2026-08-08T00:02:00Z
bcra_treasury_deposits_ars,2003-09,monthly,0.000000,million_ars,official,bcra_money_credit_balances,https://www.bcra.gob.ar/archivos/Pdfs/PublicacionesEstadisticas/din1_ser.txt,66eeb0fa88aec93dc2450f27d6b6a407b09e286cc3bfbd8a2653e2196994ae80,2026-08-08T00:02:00Z
bcra_treasury_deposits_ars,2003-10,monthly,0.000000,million_ars,official,bcra_money_credit_balances,https://www.bcra.gob.ar/archivos/Pdfs/PublicacionesEstadisticas/din1_ser.txt,66eeb0fa88aec93dc2450f27d6b6a407b09e286cc3bfbd8a2653e2196994ae80,2026-08-08T00:02:00Z
bcra_treasury_deposits_ars,2003-11,monthly,0.000000,million_ars,official,bcra_money_credit_balances,https://www.bcra.gob.ar/archivos/Pdfs/PublicacionesEstadisticas/din1_ser.txt,66eeb0fa88aec93dc2450f27d6b6a407b09e286cc3bfbd8a2653e2196994ae80,2026-08-08T00:02:00Z
bcra_treasury_deposits_ars,2003-12,monthly,0.000000,million_ars,official,bcra_money_credit_balances,https://www.bcra.gob.ar/archivos/Pdfs/PublicacionesEstadisticas/din1_ser.txt,66eeb0fa88aec93dc2450f27d6b6a407b09e286cc3bfbd8a2653e2196994ae80,2026-08-08T00:02:00Z
bcra_treasury_deposits_ars,2004-01,monthly,0.000000,million_ars,official,bcra_money_credit_balances,https://www.bcra.gob.ar/archivos/Pdfs/PublicacionesEstadisticas/din1_ser.txt,66eeb0fa88aec93dc2450f27d6b6a407b09e286cc3bfbd8a2653e2196994ae80,2026-08-08T00:02:00Z
bcra_treasury_deposits_ars,2004-02,monthly,0.000000,million_ars,official,bcra_money_credit_balances,https://www.bcra.gob.ar/archivos/Pdfs/PublicacionesEstadisticas/din1_ser.txt,66eeb0fa88aec93dc2450f27d6b6a407b09e286cc3bfbd8a2653e2196994ae80,2026-08-08T00:02:00Z
bcra_treasury_deposits_ars,2004-03,monthly,0.000000,million_ars,official,bcra_money_credit_balances,https://www.bcra.gob.ar/archivos/Pdfs/PublicacionesEstadisticas/din1_ser.txt,66eeb0fa88aec93dc2450f27d6b6a407b09e286cc3bfbd8a2653e2196994ae80,2026-08-08T00:02:00Z
bcra_treasury_deposits_ars,2004-04,monthly,0.000000,million_ars,official,bcra_money_credit_balances,https://www.bcra.gob.ar/archivos/Pdfs/PublicacionesEstadisticas/din1_ser.txt,66eeb0fa88aec93dc2450f27d6b6a407b09e286cc3bfbd8a2653e2196994ae80,2026-08-08T00:02:00Z
bcra_treasury_deposits_ars,2004-05,monthly,0.000000,million_ars,official,bcra_money_credit_balances,https://www.bcra.gob.ar/archivos/Pdfs/PublicacionesEstadisticas/din1_ser.txt,66eeb0fa88aec93dc2450f27d6b6a407b09e286cc3bfbd8a2653e2196994ae80,2026-08-08T00:02:00Z
bcra_treasury_deposits_ars,2004-06,monthly,0.000000,million_ars,official,bcra_money_credit_balances,https://www.bcra.gob.ar/archivos/Pdfs/PublicacionesEstadisticas/din1_ser.txt,66eeb0fa88aec93dc2450f27d6b6a407b09e286cc3bfbd8a2653e2196994ae80,2026-08-08T00:02:00Z
bcra_treasury_deposits_ars,2004-07,monthly,0.000000,million_ars,official,bcra_money_credit_balances,https://www.bcra.gob.ar/archivos/Pdfs/PublicacionesEstadisticas/din1_ser.txt,66eeb0fa88aec93dc2450f27d6b6a407b09e286cc3bfbd8a2653e2196994ae80,2026-08-08T00:02:00Z
bcra_treasury_deposits_ars,2004-08,monthly,0.000000,million_ars,official,bcra_money_credit_balances,https://www.bcra.gob.ar/archivos/Pdfs/PublicacionesEstadisticas/din1_ser.txt,66eeb0fa88aec93dc2450f27d6b6a407b09e286cc3bfbd8a2653e2196994ae80,2026-08-08T00:02:00Z
bcra_treasury_deposits_ars,2004-09,monthly,0.000000,million_ars,official,bcra_money_credit_balances,https://www.bcra.gob.ar/archivos/Pdfs/PublicacionesEstadisticas/din1_ser.txt,66eeb0fa88aec93dc2450f27d6b6a407b09e286cc3bfbd8a2653e2196994ae80,2026-08-08T00:02:00Z
bcra_treasury_deposits_ars,2004-10,monthly,0.000000,million_ars,official,bcra_money_credit_balances,https://www.bcra.gob.ar/archivos/Pdfs/PublicacionesEstadisticas/din1_ser.txt,66eeb0fa88aec93dc2450f27d6b6a407b09e286cc3bfbd8a2653e2196994ae80,2026-08-08T00:02:00Z
bcra_treasury_deposits_ars,2004-11,monthly,0.000000,million_ars,official,bcra_money_credit_balances,https://www.bcra.gob.ar/archivos/Pdfs/PublicacionesEstadisticas/din1_ser.txt,66eeb0fa88aec93dc2450f27d6b6a407b09e286cc3bfbd8a2653e2196994ae80,2026-08-08T00:02:00Z
bcra_treasury_deposits_ars,2004-12,monthly,0.000000,million_ars,official,bcra_money_credit_balances,https://www.bcra.gob.ar/archivos/Pdfs/PublicacionesEstadisticas/din1_ser.txt,66eeb0fa88aec93dc2450f27d6b6a407b09e286cc3bfbd8a2653e2196994ae80,2026-08-08T00:02:00Z
bcra_treasury_deposits_ars,2005-01,monthly,10.060000,million_ars,official,bcra_money_credit_balances,https://www.bcra.gob.ar/archivos/Pdfs/PublicacionesEstadisticas/din1_ser.txt,66eeb0fa88aec93dc2450f27d6b6a407b09e286cc3bfbd8a2653e2196994ae80,2026-08-08T00:02:00Z
bcra_treasury_deposits_ars,2005-02,monthly,26.432000,million_ars,official,bcra_money_credit_balances,https://www.bcra.gob.ar/archivos/Pdfs/PublicacionesEstadisticas/din1_ser.txt,66eeb0fa88aec93dc2450f27d6b6a407b09e286cc3bfbd8a2653e2196994ae80,2026-08-08T00:02:00Z
bcra_treasury_deposits_ars,2005-03,monthly,12.748000,million_ars,official,bcra_money_credit_balances,https://www.bcra.gob.ar/archivos/Pdfs/PublicacionesEstadisticas/din1_ser.txt,66eeb0fa88aec93dc2450f27d6b6a407b09e286cc3bfbd8a2653e2196994ae80,2026-08-08T00:02:00Z
bcra_treasury_deposits_ars,2005-04,monthly,11.249000,million_ars,official,bcra_money_credit_balances,https://www.bcra.gob.ar/archivos/Pdfs/PublicacionesEstadisticas/din1_ser.txt,66eeb0fa88aec93dc2450f27d6b6a407b09e286cc3bfbd8a2653e2196994ae80,2026-08-08T00:02:00Z
bcra_treasury_deposits_ars,2005-05,monthly,11.222000,million_ars,official,bcra_money_credit_balances,https://www.bcra.gob.ar/archivos/Pdfs/PublicacionesEstadisticas/din1_ser.txt,66eeb0fa88aec93dc2450f27d6b6a407b09e286cc3bfbd8a2653e2196994ae80,2026-08-08T00:02:00Z
bcra_treasury_deposits_ars,2005-06,monthly,9.852000,million_ars,official,bcra_money_credit_balances,https://www.bcra.gob.ar/archivos/Pdfs/PublicacionesEstadisticas/din1_ser.txt,66eeb0fa88aec93dc2450f27d6b6a407b09e286cc3bfbd8a2653e2196994ae80,2026-08-08T00:02:00Z
bcra_treasury_deposits_ars,2005-07,monthly,12.460000,million_ars,official,bcra_money_credit_balances,https://www.bcra.gob.ar/archivos/Pdfs/PublicacionesEstadisticas/din1_ser.txt,66eeb0fa88aec93dc2450f27d6b6a407b09e286cc3bfbd8a2653e2196994ae80,2026-08-08T00:02:00Z
bcra_treasury_deposits_ars,2005-08,monthly,11.588000,million_ars,official,bcra_money_credit_balances,https://www.bcra.gob.ar/archivos/Pdfs/PublicacionesEstadisticas/din1_ser.txt,66eeb0fa88aec93dc2450f27d6b6a407b09e286cc3bfbd8a2653e2196994ae80,2026-08-08T00:02:00Z
bcra_treasury_deposits_ars,2005-09,monthly,477.814000,million_ars,official,bcra_money_credit_balances,https://www.bcra.gob.ar/archivos/Pdfs/PublicacionesEstadisticas/din1_ser.txt,66eeb0fa88aec93dc2450f27d6b6a407b09e286cc3bfbd8a2653e2196994ae80,2026-08-08T00:02:00Z
bcra_treasury_deposits_ars,2005-10,monthly,183.671000,million_ars,official,bcra_money_credit_balances,https://www.bcra.gob.ar/archivos/Pdfs/PublicacionesEstadisticas/din1_ser.txt,66eeb0fa88aec93dc2450f27d6b6a407b09e286cc3bfbd8a2653e2196994ae80,2026-08-08T00:02:00Z
bcra_treasury_deposits_ars,2005-11,monthly,169.050000,million_ars,official,bcra_money_credit_balances,https://www.bcra.gob.ar/archivos/Pdfs/PublicacionesEstadisticas/din1_ser.txt,66eeb0fa88aec93dc2450f27d6b6a407b09e286cc3bfbd8a2653e2196994ae80,2026-08-08T00:02:00Z
bcra_treasury_deposits_ars,2005-12,monthly,1349.060000,million_ars,official,bcra_money_credit_balances,https://www.bcra.gob.ar/archivos/Pdfs/PublicacionesEstadisticas/din1_ser.txt,66eeb0fa88aec93dc2450f27d6b6a407b09e286cc3bfbd8a2653e2196994ae80,2026-08-08T00:02:00Z
bcra_treasury_deposits_ars,2006-01,monthly,1780.320000,million_ars,official,bcra_money_credit_balances,https://www.bcra.gob.ar/archivos/Pdfs/PublicacionesEstadisticas/din1_ser.txt,66eeb0fa88aec93dc2450f27d6b6a407b09e286cc3bfbd8a2653e2196994ae80,2026-08-08T00:02:00Z
bcra_treasury_deposits_ars,2006-02,monthly,15.886000,million_ars,official,bcra_money_credit_balances,https://www.bcra.gob.ar/archivos/Pdfs/PublicacionesEstadisticas/din1_ser.txt,66eeb0fa88aec93dc2450f27d6b6a407b09e286cc3bfbd8a2653e2196994ae80,2026-08-08T00:02:00Z
bcra_treasury_deposits_ars,2006-03,monthly,13.399000,million_ars,official,bcra_money_credit_balances,https://www.bcra.gob.ar/archivos/Pdfs/PublicacionesEstadisticas/din1_ser.txt,66eeb0fa88aec93dc2450f27d6b6a407b09e286cc3bfbd8a2653e2196994ae80,2026-08-08T00:02:00Z
bcra_treasury_deposits_ars,2006-04,monthly,616.106000,million_ars,official,bcra_money_credit_balances,https://www.bcra.gob.ar/archivos/Pdfs/PublicacionesEstadisticas/din1_ser.txt,66eeb0fa88aec93dc2450f27d6b6a407b09e286cc3bfbd8a2653e2196994ae80,2026-08-08T00:02:00Z
bcra_treasury_deposits_ars,2006-05,monthly,735.680000,million_ars,official,bcra_money_credit_balances,https://www.bcra.gob.ar/archivos/Pdfs/PublicacionesEstadisticas/din1_ser.txt,66eeb0fa88aec93dc2450f27d6b6a407b09e286cc3bfbd8a2653e2196994ae80,2026-08-08T00:02:00Z
bcra_treasury_deposits_ars,2006-06,monthly,54.033000,million_ars,official,bcra_money_credit_balances,https://www.bcra.gob.ar/archivos/Pdfs/PublicacionesEstadisticas/din1_ser.txt,66eeb0fa88aec93dc2450f27d6b6a407b09e286cc3bfbd8a2653e2196994ae80,2026-08-08T00:02:00Z
bcra_treasury_deposits_ars,2006-07,monthly,53.672000,million_ars,official,bcra_money_credit_balances,https://www.bcra.gob.ar/archivos/Pdfs/PublicacionesEstadisticas/din1_ser.txt,66eeb0fa88aec93dc2450f27d6b6a407b09e286cc3bfbd8a2653e2196994ae80,2026-08-08T00:02:00Z
bcra_treasury_deposits_ars,2006-08,monthly,19.192000,million_ars,official,bcra_money_credit_balances,https://www.bcra.gob.ar/archivos/Pdfs/PublicacionesEstadisticas/din1_ser.txt,66eeb0fa88aec93dc2450f27d6b6a407b09e286cc3bfbd8a2653e2196994ae80,2026-08-08T00:02:00Z
bcra_treasury_deposits_ars,2006-09,monthly,20.767000,million_ars,official,bcra_money_credit_balances,https://www.bcra.gob.ar/archivos/Pdfs/PublicacionesEstadisticas/din1_ser.txt,66eeb0fa88aec93dc2450f27d6b6a407b09e286cc3bfbd8a2653e2196994ae80,2026-08-08T00:02:00Z
bcra_treasury_deposits_ars,2006-10,monthly,15.427000,million_ars,official,bcra_money_credit_balances,https://www.bcra.gob.ar/archivos/Pdfs/PublicacionesEstadisticas/din1_ser.txt,66eeb0fa88aec93dc2450f27d6b6a407b09e286cc3bfbd8a2653e2196994ae80,2026-08-08T00:02:00Z
bcra_treasury_deposits_ars,2006-11,monthly,178.758000,million_ars,official,bcra_money_credit_balances,https://www.bcra.gob.ar/archivos/Pdfs/PublicacionesEstadisticas/din1_ser.txt,66eeb0fa88aec93dc2450f27d6b6a407b09e286cc3bfbd8a2653e2196994ae80,2026-08-08T00:02:00Z
bcra_treasury_deposits_ars,2006-12,monthly,3553.100000,million_ars,official,bcra_money_credit_balances,https://www.bcra.gob.ar/archivos/Pdfs/PublicacionesEstadisticas/din1_ser.txt,66eeb0fa88aec93dc2450f27d6b6a407b09e286cc3bfbd8a2653e2196994ae80,2026-08-08T00:02:00Z
bcra_treasury_deposits_ars,2007-01,monthly,1838.009000,million_ars,official,bcra_money_credit_balances,https://www.bcra.gob.ar/archivos/Pdfs/PublicacionesEstadisticas/din1_ser.txt,66eeb0fa88aec93dc2450f27d6b6a407b09e286cc3bfbd8a2653e2196994ae80,2026-08-08T00:02:00Z
bcra_treasury_deposits_ars,2007-02,monthly,3418.442000,million_ars,official,bcra_money_credit_balances,https://www.bcra.gob.ar/archivos/Pdfs/PublicacionesEstadisticas/din1_ser.txt,66eeb0fa88aec93dc2450f27d6b6a407b09e286cc3bfbd8a2653e2196994ae80,2026-08-08T00:02:00Z
bcra_treasury_deposits_ars,2007-03,monthly,3638.083000,million_ars,official,bcra_money_credit_balances,https://www.bcra.gob.ar/archivos/Pdfs/PublicacionesEstadisticas/din1_ser.txt,66eeb0fa88aec93dc2450f27d6b6a407b09e286cc3bfbd8a2653e2196994ae80,2026-08-08T00:02:00Z
bcra_treasury_deposits_ars,2007-04,monthly,3596.220000,million_ars,official,bcra_money_credit_balances,https://www.bcra.gob.ar/archivos/Pdfs/PublicacionesEstadisticas/din1_ser.txt,66eeb0fa88aec93dc2450f27d6b6a407b09e286cc3bfbd8a2653e2196994ae80,2026-08-08T00:02:00Z
bcra_treasury_deposits_ars,2007-05,monthly,5205.270000,million_ars,official,bcra_money_credit_balances,https://www.bcra.gob.ar/archivos/Pdfs/PublicacionesEstadisticas/din1_ser.txt,66eeb0fa88aec93dc2450f27d6b6a407b09e286cc3bfbd8a2653e2196994ae80,2026-08-08T00:02:00Z
bcra_treasury_deposits_ars,2007-06,monthly,5700.491000,million_ars,official,bcra_money_credit_balances,https://www.bcra.gob.ar/archivos/Pdfs/PublicacionesEstadisticas/din1_ser.txt,66eeb0fa88aec93dc2450f27d6b6a407b09e286cc3bfbd8a2653e2196994ae80,2026-08-08T00:02:00Z
bcra_treasury_deposits_ars,2007-07,monthly,5206.166000,million_ars,official,bcra_money_credit_balances,https://www.bcra.gob.ar/archivos/Pdfs/PublicacionesEstadisticas/din1_ser.txt,66eeb0fa88aec93dc2450f27d6b6a407b09e286cc3bfbd8a2653e2196994ae80,2026-08-08T00:02:00Z
bcra_treasury_deposits_ars,2007-08,monthly,2350.939000,million_ars,official,bcra_money_credit_balances,https://www.bcra.gob.ar/archivos/Pdfs/PublicacionesEstadisticas/din1_ser.txt,66eeb0fa88aec93dc2450f27d6b6a407b09e286cc3bfbd8a2653e2196994ae80,2026-08-08T00:02:00Z
bcra_treasury_deposits_ars,2007-09,monthly,1792.368000,million_ars,official,bcra_money_credit_balances,https://www.bcra.gob.ar/archivos/Pdfs/PublicacionesEstadisticas/din1_ser.txt,66eeb0fa88aec93dc2450f27d6b6a407b09e286cc3bfbd8a2653e2196994ae80,2026-08-08T00:02:00Z
bcra_treasury_deposits_ars,2007-10,monthly,1633.575000,million_ars,official,bcra_money_credit_balances,https://www.bcra.gob.ar/archivos/Pdfs/PublicacionesEstadisticas/din1_ser.txt,66eeb0fa88aec93dc2450f27d6b6a407b09e286cc3bfbd8a2653e2196994ae80,2026-08-08T00:02:00Z
bcra_treasury_deposits_ars,2007-11,monthly,1469.918000,million_ars,official,bcra_money_credit_balances,https://www.bcra.gob.ar/archivos/Pdfs/PublicacionesEstadisticas/din1_ser.txt,66eeb0fa88aec93dc2450f27d6b6a407b09e286cc3bfbd8a2653e2196994ae80,2026-08-08T00:02:00Z
bcra_treasury_deposits_ars,2007-12,monthly,5282.353000,million_ars,official,bcra_money_credit_balances,https://www.bcra.gob.ar/archivos/Pdfs/PublicacionesEstadisticas/din1_ser.txt,66eeb0fa88aec93dc2450f27d6b6a407b09e286cc3bfbd8a2653e2196994ae80,2026-08-08T00:02:00Z
bcra_treasury_deposits_ars,2008-01,monthly,5276.024000,million_ars,official,bcra_money_credit_balances,https://www.bcra.gob.ar/archivos/Pdfs/PublicacionesEstadisticas/din1_ser.txt,66eeb0fa88aec93dc2450f27d6b6a407b09e286cc3bfbd8a2653e2196994ae80,2026-08-08T00:02:00Z
bcra_treasury_deposits_ars,2008-02,monthly,5275.444000,million_ars,official,bcra_money_credit_balances,https://www.bcra.gob.ar/archivos/Pdfs/PublicacionesEstadisticas/din1_ser.txt,66eeb0fa88aec93dc2450f27d6b6a407b09e286cc3bfbd8a2653e2196994ae80,2026-08-08T00:02:00Z
bcra_treasury_deposits_ars,2008-03,monthly,5400.234000,million_ars,official,bcra_money_credit_balances,https://www.bcra.gob.ar/archivos/Pdfs/PublicacionesEstadisticas/din1_ser.txt,66eeb0fa88aec93dc2450f27d6b6a407b09e286cc3bfbd8a2653e2196994ae80,2026-08-08T00:02:00Z
bcra_treasury_deposits_ars,2008-04,monthly,4399.439000,million_ars,official,bcra_money_credit_balances,https://www.bcra.gob.ar/archivos/Pdfs/PublicacionesEstadisticas/din1_ser.txt,66eeb0fa88aec93dc2450f27d6b6a407b09e286cc3bfbd8a2653e2196994ae80,2026-08-08T00:02:00Z
bcra_treasury_deposits_ars,2008-05,monthly,4760.252000,million_ars,official,bcra_money_credit_balances,https://www.bcra.gob.ar/archivos/Pdfs/PublicacionesEstadisticas/din1_ser.txt,66eeb0fa88aec93dc2450f27d6b6a407b09e286cc3bfbd8a2653e2196994ae80,2026-08-08T00:02:00Z
bcra_treasury_deposits_ars,2008-06,monthly,3897.041000,million_ars,official,bcra_money_credit_balances,https://www.bcra.gob.ar/archivos/Pdfs/PublicacionesEstadisticas/din1_ser.txt,66eeb0fa88aec93dc2450f27d6b6a407b09e286cc3bfbd8a2653e2196994ae80,2026-08-08T00:02:00Z
bcra_treasury_deposits_ars,2008-07,monthly,81.512000,million_ars,official,bcra_money_credit_balances,https://www.bcra.gob.ar/archivos/Pdfs/PublicacionesEstadisticas/din1_ser.txt,66eeb0fa88aec93dc2450f27d6b6a407b09e286cc3bfbd8a2653e2196994ae80,2026-08-08T00:02:00Z
bcra_treasury_deposits_ars,2008-08,monthly,41.512000,million_ars,official,bcra_money_credit_balances,https://www.bcra.gob.ar/archivos/Pdfs/PublicacionesEstadisticas/din1_ser.txt,66eeb0fa88aec93dc2450f27d6b6a407b09e286cc3bfbd8a2653e2196994ae80,2026-08-08T00:02:00Z
bcra_treasury_deposits_ars,2008-09,monthly,144.164000,million_ars,official,bcra_money_credit_balances,https://www.bcra.gob.ar/archivos/Pdfs/PublicacionesEstadisticas/din1_ser.txt,66eeb0fa88aec93dc2450f27d6b6a407b09e286cc3bfbd8a2653e2196994ae80,2026-08-08T00:02:00Z
bcra_treasury_deposits_ars,2008-10,monthly,47.085000,million_ars,official,bcra_money_credit_balances,https://www.bcra.gob.ar/archivos/Pdfs/PublicacionesEstadisticas/din1_ser.txt,66eeb0fa88aec93dc2450f27d6b6a407b09e286cc3bfbd8a2653e2196994ae80,2026-08-08T00:02:00Z
bcra_treasury_deposits_ars,2008-11,monthly,46.972000,million_ars,official,bcra_money_credit_balances,https://www.bcra.gob.ar/archivos/Pdfs/PublicacionesEstadisticas/din1_ser.txt,66eeb0fa88aec93dc2450f27d6b6a407b09e286cc3bfbd8a2653e2196994ae80,2026-08-08T00:02:00Z
bcra_treasury_deposits_ars,2008-12,monthly,5576.139000,million_ars,official,bcra_money_credit_balances,https://www.bcra.gob.ar/archivos/Pdfs/PublicacionesEstadisticas/din1_ser.txt,66eeb0fa88aec93dc2450f27d6b6a407b09e286cc3bfbd8a2653e2196994ae80,2026-08-08T00:02:00Z
bcra_treasury_deposits_ars,2009-01,monthly,53.659000,million_ars,official,bcra_money_credit_balances,https://www.bcra.gob.ar/archivos/Pdfs/PublicacionesEstadisticas/din1_ser.txt,66eeb0fa88aec93dc2450f27d6b6a407b09e286cc3bfbd8a2653e2196994ae80,2026-08-08T00:02:00Z
bcra_treasury_deposits_ars,2009-02,monthly,55.714000,million_ars,official,bcra_money_credit_balances,https://www.bcra.gob.ar/archivos/Pdfs/PublicacionesEstadisticas/din1_ser.txt,66eeb0fa88aec93dc2450f27d6b6a407b09e286cc3bfbd8a2653e2196994ae80,2026-08-08T00:02:00Z
bcra_treasury_deposits_ars,2009-03,monthly,19.871000,million_ars,official,bcra_money_credit_balances,https://www.bcra.gob.ar/archivos/Pdfs/PublicacionesEstadisticas/din1_ser.txt,66eeb0fa88aec93dc2450f27d6b6a407b09e286cc3bfbd8a2653e2196994ae80,2026-08-08T00:02:00Z
bcra_treasury_deposits_ars,2009-04,monthly,74.916000,million_ars,official,bcra_money_credit_balances,https://www.bcra.gob.ar/archivos/Pdfs/PublicacionesEstadisticas/din1_ser.txt,66eeb0fa88aec93dc2450f27d6b6a407b09e286cc3bfbd8a2653e2196994ae80,2026-08-08T00:02:00Z
bcra_treasury_deposits_ars,2009-05,monthly,11.327000,million_ars,official,bcra_money_credit_balances,https://www.bcra.gob.ar/archivos/Pdfs/PublicacionesEstadisticas/din1_ser.txt,66eeb0fa88aec93dc2450f27d6b6a407b09e286cc3bfbd8a2653e2196994ae80,2026-08-08T00:02:00Z
bcra_treasury_deposits_ars,2009-06,monthly,2172.830000,million_ars,official,bcra_money_credit_balances,https://www.bcra.gob.ar/archivos/Pdfs/PublicacionesEstadisticas/din1_ser.txt,66eeb0fa88aec93dc2450f27d6b6a407b09e286cc3bfbd8a2653e2196994ae80,2026-08-08T00:02:00Z
bcra_treasury_deposits_ars,2009-07,monthly,747.981000,million_ars,official,bcra_money_credit_balances,https://www.bcra.gob.ar/archivos/Pdfs/PublicacionesEstadisticas/din1_ser.txt,66eeb0fa88aec93dc2450f27d6b6a407b09e286cc3bfbd8a2653e2196994ae80,2026-08-08T00:02:00Z
bcra_treasury_deposits_ars,2009-08,monthly,794.746000,million_ars,official,bcra_money_credit_balances,https://www.bcra.gob.ar/archivos/Pdfs/PublicacionesEstadisticas/din1_ser.txt,66eeb0fa88aec93dc2450f27d6b6a407b09e286cc3bfbd8a2653e2196994ae80,2026-08-08T00:02:00Z
bcra_treasury_deposits_ars,2009-09,monthly,281.927000,million_ars,official,bcra_money_credit_balances,https://www.bcra.gob.ar/archivos/Pdfs/PublicacionesEstadisticas/din1_ser.txt,66eeb0fa88aec93dc2450f27d6b6a407b09e286cc3bfbd8a2653e2196994ae80,2026-08-08T00:02:00Z
bcra_treasury_deposits_ars,2009-10,monthly,187.965000,million_ars,official,bcra_money_credit_balances,https://www.bcra.gob.ar/archivos/Pdfs/PublicacionesEstadisticas/din1_ser.txt,66eeb0fa88aec93dc2450f27d6b6a407b09e286cc3bfbd8a2653e2196994ae80,2026-08-08T00:02:00Z
bcra_treasury_deposits_ars,2009-11,monthly,2853.759000,million_ars,official,bcra_money_credit_balances,https://www.bcra.gob.ar/archivos/Pdfs/PublicacionesEstadisticas/din1_ser.txt,66eeb0fa88aec93dc2450f27d6b6a407b09e286cc3bfbd8a2653e2196994ae80,2026-08-08T00:02:00Z
bcra_treasury_deposits_ars,2009-12,monthly,819.710000,million_ars,official,bcra_money_credit_balances,https://www.bcra.gob.ar/archivos/Pdfs/PublicacionesEstadisticas/din1_ser.txt,66eeb0fa88aec93dc2450f27d6b6a407b09e286cc3bfbd8a2653e2196994ae80,2026-08-08T00:02:00Z
bcra_treasury_deposits_ars,2010-01,monthly,164.079000,million_ars,official,bcra_money_credit_balances,https://www.bcra.gob.ar/archivos/Pdfs/PublicacionesEstadisticas/din1_ser.txt,66eeb0fa88aec93dc2450f27d6b6a407b09e286cc3bfbd8a2653e2196994ae80,2026-08-08T00:02:00Z
bcra_treasury_deposits_ars,2010-02,monthly,1677.459000,million_ars,official,bcra_money_credit_balances,https://www.bcra.gob.ar/archivos/Pdfs/PublicacionesEstadisticas/din1_ser.txt,66eeb0fa88aec93dc2450f27d6b6a407b09e286cc3bfbd8a2653e2196994ae80,2026-08-08T00:02:00Z
bcra_treasury_deposits_ars,2010-03,monthly,454.866000,million_ars,official,bcra_money_credit_balances,https://www.bcra.gob.ar/archivos/Pdfs/PublicacionesEstadisticas/din1_ser.txt,66eeb0fa88aec93dc2450f27d6b6a407b09e286cc3bfbd8a2653e2196994ae80,2026-08-08T00:02:00Z
bcra_treasury_deposits_ars,2010-04,monthly,3014.357000,million_ars,official,bcra_money_credit_balances,https://www.bcra.gob.ar/archivos/Pdfs/PublicacionesEstadisticas/din1_ser.txt,66eeb0fa88aec93dc2450f27d6b6a407b09e286cc3bfbd8a2653e2196994ae80,2026-08-08T00:02:00Z
bcra_treasury_deposits_ars,2010-05,monthly,2946.746000,million_ars,official,bcra_money_credit_balances,https://www.bcra.gob.ar/archivos/Pdfs/PublicacionesEstadisticas/din1_ser.txt,66eeb0fa88aec93dc2450f27d6b6a407b09e286cc3bfbd8a2653e2196994ae80,2026-08-08T00:02:00Z
bcra_treasury_deposits_ars,2010-06,monthly,3010.740000,million_ars,official,bcra_money_credit_balances,https://www.bcra.gob.ar/archivos/Pdfs/PublicacionesEstadisticas/din1_ser.txt,66eeb0fa88aec93dc2450f27d6b6a407b09e286cc3bfbd8a2653e2196994ae80,2026-08-08T00:02:00Z
bcra_treasury_deposits_ars,2010-07,monthly,3066.926000,million_ars,official,bcra_money_credit_balances,https://www.bcra.gob.ar/archivos/Pdfs/PublicacionesEstadisticas/din1_ser.txt,66eeb0fa88aec93dc2450f27d6b6a407b09e286cc3bfbd8a2653e2196994ae80,2026-08-08T00:02:00Z
bcra_treasury_deposits_ars,2010-08,monthly,56.254000,million_ars,official,bcra_money_credit_balances,https://www.bcra.gob.ar/archivos/Pdfs/PublicacionesEstadisticas/din1_ser.txt,66eeb0fa88aec93dc2450f27d6b6a407b09e286cc3bfbd8a2653e2196994ae80,2026-08-08T00:02:00Z
bcra_treasury_deposits_ars,2010-09,monthly,3077.912000,million_ars,official,bcra_money_credit_balances,https://www.bcra.gob.ar/archivos/Pdfs/PublicacionesEstadisticas/din1_ser.txt,66eeb0fa88aec93dc2450f27d6b6a407b09e286cc3bfbd8a2653e2196994ae80,2026-08-08T00:02:00Z
bcra_treasury_deposits_ars,2010-10,monthly,4121.766000,million_ars,official,bcra_money_credit_balances,https://www.bcra.gob.ar/archivos/Pdfs/PublicacionesEstadisticas/din1_ser.txt,66eeb0fa88aec93dc2450f27d6b6a407b09e286cc3bfbd8a2653e2196994ae80,2026-08-08T00:02:00Z
bcra_treasury_deposits_ars,2010-11,monthly,7630.718000,million_ars,official,bcra_money_credit_balances,https://www.bcra.gob.ar/archivos/Pdfs/PublicacionesEstadisticas/din1_ser.txt,66eeb0fa88aec93dc2450f27d6b6a407b09e286cc3bfbd8a2653e2196994ae80,2026-08-08T00:02:00Z
bcra_treasury_deposits_ars,2010-12,monthly,9119.652000,million_ars,official,bcra_money_credit_balances,https://www.bcra.gob.ar/archivos/Pdfs/PublicacionesEstadisticas/din1_ser.txt,66eeb0fa88aec93dc2450f27d6b6a407b09e286cc3bfbd8a2653e2196994ae80,2026-08-08T00:02:00Z
bcra_treasury_deposits_ars,2011-01,monthly,7919.203000,million_ars,official,bcra_money_credit_balances,https://www.bcra.gob.ar/archivos/Pdfs/PublicacionesEstadisticas/din1_ser.txt,66eeb0fa88aec93dc2450f27d6b6a407b09e286cc3bfbd8a2653e2196994ae80,2026-08-08T00:02:00Z
bcra_treasury_deposits_ars,2011-02,monthly,7155.578000,million_ars,official,bcra_money_credit_balances,https://www.bcra.gob.ar/archivos/Pdfs/PublicacionesEstadisticas/din1_ser.txt,66eeb0fa88aec93dc2450f27d6b6a407b09e286cc3bfbd8a2653e2196994ae80,2026-08-08T00:02:00Z
bcra_treasury_deposits_ars,2011-03,monthly,5271.217000,million_ars,official,bcra_money_credit_balances,https://www.bcra.gob.ar/archivos/Pdfs/PublicacionesEstadisticas/din1_ser.txt,66eeb0fa88aec93dc2450f27d6b6a407b09e286cc3bfbd8a2653e2196994ae80,2026-08-08T00:02:00Z
bcra_treasury_deposits_ars,2011-04,monthly,6655.480000,million_ars,official,bcra_money_credit_balances,https://www.bcra.gob.ar/archivos/Pdfs/PublicacionesEstadisticas/din1_ser.txt,66eeb0fa88aec93dc2450f27d6b6a407b09e286cc3bfbd8a2653e2196994ae80,2026-08-08T00:02:00Z
bcra_treasury_deposits_ars,2011-05,monthly,6214.941000,million_ars,official,bcra_money_credit_balances,https://www.bcra.gob.ar/archivos/Pdfs/PublicacionesEstadisticas/din1_ser.txt,66eeb0fa88aec93dc2450f27d6b6a407b09e286cc3bfbd8a2653e2196994ae80,2026-08-08T00:02:00Z
bcra_treasury_deposits_ars,2011-06,monthly,6954.681000,million_ars,official,bcra_money_credit_balances,https://www.bcra.gob.ar/archivos/Pdfs/PublicacionesEstadisticas/din1_ser.txt,66eeb0fa88aec93dc2450f27d6b6a407b09e286cc3bfbd8a2653e2196994ae80,2026-08-08T00:02:00Z
bcra_treasury_deposits_ars,2011-07,monthly,5443.340000,million_ars,official,bcra_money_credit_balances,https://www.bcra.gob.ar/archivos/Pdfs/PublicacionesEstadisticas/din1_ser.txt,66eeb0fa88aec93dc2450f27d6b6a407b09e286cc3bfbd8a2653e2196994ae80,2026-08-08T00:02:00Z
bcra_treasury_deposits_ars,2011-08,monthly,277.299000,million_ars,official,bcra_money_credit_balances,https://www.bcra.gob.ar/archivos/Pdfs/PublicacionesEstadisticas/din1_ser.txt,66eeb0fa88aec93dc2450f27d6b6a407b09e286cc3bfbd8a2653e2196994ae80,2026-08-08T00:02:00Z
bcra_treasury_deposits_ars,2011-09,monthly,2082.995000,million_ars,official,bcra_money_credit_balances,https://www.bcra.gob.ar/archivos/Pdfs/PublicacionesEstadisticas/din1_ser.txt,66eeb0fa88aec93dc2450f27d6b6a407b09e286cc3bfbd8a2653e2196994ae80,2026-08-08T00:02:00Z
bcra_treasury_deposits_ars,2011-10,monthly,1214.821000,million_ars,official,bcra_money_credit_balances,https://www.bcra.gob.ar/archivos/Pdfs/PublicacionesEstadisticas/din1_ser.txt,66eeb0fa88aec93dc2450f27d6b6a407b09e286cc3bfbd8a2653e2196994ae80,2026-08-08T00:02:00Z
bcra_treasury_deposits_ars,2011-11,monthly,1730.288000,million_ars,official,bcra_money_credit_balances,https://www.bcra.gob.ar/archivos/Pdfs/PublicacionesEstadisticas/din1_ser.txt,66eeb0fa88aec93dc2450f27d6b6a407b09e286cc3bfbd8a2653e2196994ae80,2026-08-08T00:02:00Z
bcra_treasury_deposits_ars,2011-12,monthly,717.309000,million_ars,official,bcra_money_credit_balances,https://www.bcra.gob.ar/archivos/Pdfs/PublicacionesEstadisticas/din1_ser.txt,66eeb0fa88aec93dc2450f27d6b6a407b09e286cc3bfbd8a2653e2196994ae80,2026-08-08T00:02:00Z
bcra_treasury_deposits_ars,2012-01,monthly,318.786000,million_ars,official,bcra_money_credit_balances,https://www.bcra.gob.ar/archivos/Pdfs/PublicacionesEstadisticas/din1_ser.txt,66eeb0fa88aec93dc2450f27d6b6a407b09e286cc3bfbd8a2653e2196994ae80,2026-08-08T00:02:00Z
bcra_treasury_deposits_ars,2012-02,monthly,934.817000,million_ars,official,bcra_money_credit_balances,https://www.bcra.gob.ar/archivos/Pdfs/PublicacionesEstadisticas/din1_ser.txt,66eeb0fa88aec93dc2450f27d6b6a407b09e286cc3bfbd8a2653e2196994ae80,2026-08-08T00:02:00Z
bcra_treasury_deposits_ars,2012-03,monthly,1905.319000,million_ars,official,bcra_money_credit_balances,https://www.bcra.gob.ar/archivos/Pdfs/PublicacionesEstadisticas/din1_ser.txt,66eeb0fa88aec93dc2450f27d6b6a407b09e286cc3bfbd8a2653e2196994ae80,2026-08-08T00:02:00Z
bcra_treasury_deposits_ars,2012-04,monthly,91.011000,million_ars,official,bcra_money_credit_balances,https://www.bcra.gob.ar/archivos/Pdfs/PublicacionesEstadisticas/din1_ser.txt,66eeb0fa88aec93dc2450f27d6b6a407b09e286cc3bfbd8a2653e2196994ae80,2026-08-08T00:02:00Z
bcra_treasury_deposits_ars,2012-05,monthly,363.751000,million_ars,official,bcra_money_credit_balances,https://www.bcra.gob.ar/archivos/Pdfs/PublicacionesEstadisticas/din1_ser.txt,66eeb0fa88aec93dc2450f27d6b6a407b09e286cc3bfbd8a2653e2196994ae80,2026-08-08T00:02:00Z
bcra_treasury_deposits_ars,2012-06,monthly,215.786000,million_ars,official,bcra_money_credit_balances,https://www.bcra.gob.ar/archivos/Pdfs/PublicacionesEstadisticas/din1_ser.txt,66eeb0fa88aec93dc2450f27d6b6a407b09e286cc3bfbd8a2653e2196994ae80,2026-08-08T00:02:00Z
bcra_treasury_deposits_ars,2012-07,monthly,377.460000,million_ars,official,bcra_money_credit_balances,https://www.bcra.gob.ar/archivos/Pdfs/PublicacionesEstadisticas/din1_ser.txt,66eeb0fa88aec93dc2450f27d6b6a407b09e286cc3bfbd8a2653e2196994ae80,2026-08-08T00:02:00Z
bcra_treasury_deposits_ars,2012-08,monthly,246.688000,million_ars,official,bcra_money_credit_balances,https://www.bcra.gob.ar/archivos/Pdfs/PublicacionesEstadisticas/din1_ser.txt,66eeb0fa88aec93dc2450f27d6b6a407b09e286cc3bfbd8a2653e2196994ae80,2026-08-08T00:02:00Z
bcra_treasury_deposits_ars,2012-09,monthly,280.632000,million_ars,official,bcra_money_credit_balances,https://www.bcra.gob.ar/archivos/Pdfs/PublicacionesEstadisticas/din1_ser.txt,66eeb0fa88aec93dc2450f27d6b6a407b09e286cc3bfbd8a2653e2196994ae80,2026-08-08T00:02:00Z
bcra_treasury_deposits_ars,2012-10,monthly,41.190000,million_ars,official,bcra_money_credit_balances,https://www.bcra.gob.ar/archivos/Pdfs/PublicacionesEstadisticas/din1_ser.txt,66eeb0fa88aec93dc2450f27d6b6a407b09e286cc3bfbd8a2653e2196994ae80,2026-08-08T00:02:00Z
bcra_treasury_deposits_ars,2012-11,monthly,103.757289,million_ars,official,bcra_money_credit_balances,https://www.bcra.gob.ar/archivos/Pdfs/PublicacionesEstadisticas/din1_ser.txt,66eeb0fa88aec93dc2450f27d6b6a407b09e286cc3bfbd8a2653e2196994ae80,2026-08-08T00:02:00Z
bcra_treasury_deposits_ars,2012-12,monthly,5296.609000,million_ars,official,bcra_money_credit_balances,https://www.bcra.gob.ar/archivos/Pdfs/PublicacionesEstadisticas/din1_ser.txt,66eeb0fa88aec93dc2450f27d6b6a407b09e286cc3bfbd8a2653e2196994ae80,2026-08-08T00:02:00Z
bcra_treasury_deposits_ars,2013-01,monthly,5127.538000,million_ars,official,bcra_money_credit_balances,https://www.bcra.gob.ar/archivos/Pdfs/PublicacionesEstadisticas/din1_ser.txt,66eeb0fa88aec93dc2450f27d6b6a407b09e286cc3bfbd8a2653e2196994ae80,2026-08-08T00:02:00Z
bcra_treasury_deposits_ars,2013-02,monthly,2478.315000,million_ars,official,bcra_money_credit_balances,https://www.bcra.gob.ar/archivos/Pdfs/PublicacionesEstadisticas/din1_ser.txt,66eeb0fa88aec93dc2450f27d6b6a407b09e286cc3bfbd8a2653e2196994ae80,2026-08-08T00:02:00Z
bcra_treasury_deposits_ars,2013-03,monthly,4384.508000,million_ars,official,bcra_money_credit_balances,https://www.bcra.gob.ar/archivos/Pdfs/PublicacionesEstadisticas/din1_ser.txt,66eeb0fa88aec93dc2450f27d6b6a407b09e286cc3bfbd8a2653e2196994ae80,2026-08-08T00:02:00Z
bcra_treasury_deposits_ars,2013-04,monthly,302.267000,million_ars,official,bcra_money_credit_balances,https://www.bcra.gob.ar/archivos/Pdfs/PublicacionesEstadisticas/din1_ser.txt,66eeb0fa88aec93dc2450f27d6b6a407b09e286cc3bfbd8a2653e2196994ae80,2026-08-08T00:02:00Z
bcra_treasury_deposits_ars,2013-05,monthly,38.146000,million_ars,official,bcra_money_credit_balances,https://www.bcra.gob.ar/archivos/Pdfs/PublicacionesEstadisticas/din1_ser.txt,66eeb0fa88aec93dc2450f27d6b6a407b09e286cc3bfbd8a2653e2196994ae80,2026-08-08T00:02:00Z
bcra_treasury_deposits_ars,2013-06,monthly,10214.246000,million_ars,official,bcra_money_credit_balances,https://www.bcra.gob.ar/archivos/Pdfs/PublicacionesEstadisticas/din1_ser.txt,66eeb0fa88aec93dc2450f27d6b6a407b09e286cc3bfbd8a2653e2196994ae80,2026-08-08T00:02:00Z
bcra_treasury_deposits_ars,2013-07,monthly,7590.095000,million_ars,official,bcra_money_credit_balances,https://www.bcra.gob.ar/archivos/Pdfs/PublicacionesEstadisticas/din1_ser.txt,66eeb0fa88aec93dc2450f27d6b6a407b09e286cc3bfbd8a2653e2196994ae80,2026-08-08T00:02:00Z
bcra_treasury_deposits_ars,2013-08,monthly,1845.840000,million_ars,official,bcra_money_credit_balances,https://www.bcra.gob.ar/archivos/Pdfs/PublicacionesEstadisticas/din1_ser.txt,66eeb0fa88aec93dc2450f27d6b6a407b09e286cc3bfbd8a2653e2196994ae80,2026-08-08T00:02:00Z
bcra_treasury_deposits_ars,2013-09,monthly,1161.019000,million_ars,official,bcra_money_credit_balances,https://www.bcra.gob.ar/archivos/Pdfs/PublicacionesEstadisticas/din1_ser.txt,66eeb0fa88aec93dc2450f27d6b6a407b09e286cc3bfbd8a2653e2196994ae80,2026-08-08T00:02:00Z
bcra_treasury_deposits_ars,2013-10,monthly,60.256000,million_ars,official,bcra_money_credit_balances,https://www.bcra.gob.ar/archivos/Pdfs/PublicacionesEstadisticas/din1_ser.txt,66eeb0fa88aec93dc2450f27d6b6a407b09e286cc3bfbd8a2653e2196994ae80,2026-08-08T00:02:00Z
bcra_treasury_deposits_ars,2013-11,monthly,969.001112,million_ars,official,bcra_money_credit_balances,https://www.bcra.gob.ar/archivos/Pdfs/PublicacionesEstadisticas/din1_ser.txt,66eeb0fa88aec93dc2450f27d6b6a407b09e286cc3bfbd8a2653e2196994ae80,2026-08-08T00:02:00Z
bcra_treasury_deposits_ars,2013-12,monthly,9155.246000,million_ars,official,bcra_money_credit_balances,https://www.bcra.gob.ar/archivos/Pdfs/PublicacionesEstadisticas/din1_ser.txt,66eeb0fa88aec93dc2450f27d6b6a407b09e286cc3bfbd8a2653e2196994ae80,2026-08-08T00:02:00Z
bcra_treasury_deposits_ars,2014-01,monthly,186.602000,million_ars,official,bcra_money_credit_balances,https://www.bcra.gob.ar/archivos/Pdfs/PublicacionesEstadisticas/din1_ser.txt,66eeb0fa88aec93dc2450f27d6b6a407b09e286cc3bfbd8a2653e2196994ae80,2026-08-08T00:02:00Z
bcra_treasury_deposits_ars,2014-02,monthly,880.992000,million_ars,official,bcra_money_credit_balances,https://www.bcra.gob.ar/archivos/Pdfs/PublicacionesEstadisticas/din1_ser.txt,66eeb0fa88aec93dc2450f27d6b6a407b09e286cc3bfbd8a2653e2196994ae80,2026-08-08T00:02:00Z
bcra_treasury_deposits_ars,2014-03,monthly,929.586000,million_ars,official,bcra_money_credit_balances,https://www.bcra.gob.ar/archivos/Pdfs/PublicacionesEstadisticas/din1_ser.txt,66eeb0fa88aec93dc2450f27d6b6a407b09e286cc3bfbd8a2653e2196994ae80,2026-08-08T00:02:00Z
bcra_treasury_deposits_ars,2014-04,monthly,108.273000,million_ars,official,bcra_money_credit_balances,https://www.bcra.gob.ar/archivos/Pdfs/PublicacionesEstadisticas/din1_ser.txt,66eeb0fa88aec93dc2450f27d6b6a407b09e286cc3bfbd8a2653e2196994ae80,2026-08-08T00:02:00Z
bcra_treasury_deposits_ars,2014-05,monthly,8547.190000,million_ars,official,bcra_money_credit_balances,https://www.bcra.gob.ar/archivos/Pdfs/PublicacionesEstadisticas/din1_ser.txt,66eeb0fa88aec93dc2450f27d6b6a407b09e286cc3bfbd8a2653e2196994ae80,2026-08-08T00:02:00Z
bcra_treasury_deposits_ars,2014-06,monthly,701.913000,million_ars,official,bcra_money_credit_balances,https://www.bcra.gob.ar/archivos/Pdfs/PublicacionesEstadisticas/din1_ser.txt,66eeb0fa88aec93dc2450f27d6b6a407b09e286cc3bfbd8a2653e2196994ae80,2026-08-08T00:02:00Z
bcra_treasury_deposits_ars,2014-07,monthly,8115.971000,million_ars,official,bcra_money_credit_balances,https://www.bcra.gob.ar/archivos/Pdfs/PublicacionesEstadisticas/din1_ser.txt,66eeb0fa88aec93dc2450f27d6b6a407b09e286cc3bfbd8a2653e2196994ae80,2026-08-08T00:02:00Z
bcra_treasury_deposits_ars,2014-08,monthly,592.200000,million_ars,official,bcra_money_credit_balances,https://www.bcra.gob.ar/archivos/Pdfs/PublicacionesEstadisticas/din1_ser.txt,66eeb0fa88aec93dc2450f27d6b6a407b09e286cc3bfbd8a2653e2196994ae80,2026-08-08T00:02:00Z
bcra_treasury_deposits_ars,2014-09,monthly,288.123908,million_ars,official,bcra_money_credit_balances,https://www.bcra.gob.ar/archivos/Pdfs/PublicacionesEstadisticas/din1_ser.txt,66eeb0fa88aec93dc2450f27d6b6a407b09e286cc3bfbd8a2653e2196994ae80,2026-08-08T00:02:00Z
bcra_treasury_deposits_ars,2014-10,monthly,3043.534000,million_ars,official,bcra_money_credit_balances,https://www.bcra.gob.ar/archivos/Pdfs/PublicacionesEstadisticas/din1_ser.txt,66eeb0fa88aec93dc2450f27d6b6a407b09e286cc3bfbd8a2653e2196994ae80,2026-08-08T00:02:00Z
bcra_treasury_deposits_ars,2014-11,monthly,13986.957000,million_ars,official,bcra_money_credit_balances,https://www.bcra.gob.ar/archivos/Pdfs/PublicacionesEstadisticas/din1_ser.txt,66eeb0fa88aec93dc2450f27d6b6a407b09e286cc3bfbd8a2653e2196994ae80,2026-08-08T00:02:00Z
bcra_treasury_deposits_ars,2014-12,monthly,25255.918000,million_ars,official,bcra_money_credit_balances,https://www.bcra.gob.ar/archivos/Pdfs/PublicacionesEstadisticas/din1_ser.txt,66eeb0fa88aec93dc2450f27d6b6a407b09e286cc3bfbd8a2653e2196994ae80,2026-08-08T00:02:00Z
bcra_treasury_deposits_ars,2015-01,monthly,17593.576000,million_ars,official,bcra_money_credit_balances,https://www.bcra.gob.ar/archivos/Pdfs/PublicacionesEstadisticas/din1_ser.txt,66eeb0fa88aec93dc2450f27d6b6a407b09e286cc3bfbd8a2653e2196994ae80,2026-08-08T00:02:00Z
bcra_treasury_deposits_ars,2015-02,monthly,195.991000,million_ars,official,bcra_money_credit_balances,https://www.bcra.gob.ar/archivos/Pdfs/PublicacionesEstadisticas/din1_ser.txt,66eeb0fa88aec93dc2450f27d6b6a407b09e286cc3bfbd8a2653e2196994ae80,2026-08-08T00:02:00Z
bcra_treasury_deposits_ars,2015-03,monthly,5431.988000,million_ars,official,bcra_money_credit_balances,https://www.bcra.gob.ar/archivos/Pdfs/PublicacionesEstadisticas/din1_ser.txt,66eeb0fa88aec93dc2450f27d6b6a407b09e286cc3bfbd8a2653e2196994ae80,2026-08-08T00:02:00Z
bcra_treasury_deposits_ars,2015-04,monthly,6886.417725,million_ars,official,bcra_money_credit_balances,https://www.bcra.gob.ar/archivos/Pdfs/PublicacionesEstadisticas/din1_ser.txt,66eeb0fa88aec93dc2450f27d6b6a407b09e286cc3bfbd8a2653e2196994ae80,2026-08-08T00:02:00Z
bcra_treasury_deposits_ars,2015-05,monthly,16870.545000,million_ars,official,bcra_money_credit_balances,https://www.bcra.gob.ar/archivos/Pdfs/PublicacionesEstadisticas/din1_ser.txt,66eeb0fa88aec93dc2450f27d6b6a407b09e286cc3bfbd8a2653e2196994ae80,2026-08-08T00:02:00Z
bcra_treasury_deposits_ars,2015-06,monthly,16532.493000,million_ars,official,bcra_money_credit_balances,https://www.bcra.gob.ar/archivos/Pdfs/PublicacionesEstadisticas/din1_ser.txt,66eeb0fa88aec93dc2450f27d6b6a407b09e286cc3bfbd8a2653e2196994ae80,2026-08-08T00:02:00Z
bcra_treasury_deposits_ars,2015-07,monthly,13950.119000,million_ars,official,bcra_money_credit_balances,https://www.bcra.gob.ar/archivos/Pdfs/PublicacionesEstadisticas/din1_ser.txt,66eeb0fa88aec93dc2450f27d6b6a407b09e286cc3bfbd8a2653e2196994ae80,2026-08-08T00:02:00Z
bcra_treasury_deposits_ars,2015-08,monthly,3785.795000,million_ars,official,bcra_money_credit_balances,https://www.bcra.gob.ar/archivos/Pdfs/PublicacionesEstadisticas/din1_ser.txt,66eeb0fa88aec93dc2450f27d6b6a407b09e286cc3bfbd8a2653e2196994ae80,2026-08-08T00:02:00Z
bcra_treasury_deposits_ars,2015-09,monthly,28887.660000,million_ars,official,bcra_money_credit_balances,https://www.bcra.gob.ar/archivos/Pdfs/PublicacionesEstadisticas/din1_ser.txt,66eeb0fa88aec93dc2450f27d6b6a407b09e286cc3bfbd8a2653e2196994ae80,2026-08-08T00:02:00Z
bcra_treasury_deposits_ars,2015-10,monthly,22958.778000,million_ars,official,bcra_money_credit_balances,https://www.bcra.gob.ar/archivos/Pdfs/PublicacionesEstadisticas/din1_ser.txt,66eeb0fa88aec93dc2450f27d6b6a407b09e286cc3bfbd8a2653e2196994ae80,2026-08-08T00:02:00Z
bcra_treasury_deposits_ars,2015-11,monthly,12153.119000,million_ars,official,bcra_money_credit_balances,https://www.bcra.gob.ar/archivos/Pdfs/PublicacionesEstadisticas/din1_ser.txt,66eeb0fa88aec93dc2450f27d6b6a407b09e286cc3bfbd8a2653e2196994ae80,2026-08-08T00:02:00Z
bcra_treasury_deposits_ars,2015-12,monthly,2019.965530,million_ars,official,bcra_money_credit_balances,https://www.bcra.gob.ar/archivos/Pdfs/PublicacionesEstadisticas/din1_ser.txt,66eeb0fa88aec93dc2450f27d6b6a407b09e286cc3bfbd8a2653e2196994ae80,2026-08-08T00:02:00Z
bcra_treasury_deposits_ars,2016-01,monthly,1626.764000,million_ars,official,bcra_money_credit_balances,https://www.bcra.gob.ar/archivos/Pdfs/PublicacionesEstadisticas/din1_ser.txt,66eeb0fa88aec93dc2450f27d6b6a407b09e286cc3bfbd8a2653e2196994ae80,2026-08-08T00:02:00Z
bcra_treasury_deposits_ars,2016-02,monthly,687.522000,million_ars,official,bcra_money_credit_balances,https://www.bcra.gob.ar/archivos/Pdfs/PublicacionesEstadisticas/din1_ser.txt,66eeb0fa88aec93dc2450f27d6b6a407b09e286cc3bfbd8a2653e2196994ae80,2026-08-08T00:02:00Z
bcra_treasury_deposits_ars,2016-03,monthly,157.710000,million_ars,official,bcra_money_credit_balances,https://www.bcra.gob.ar/archivos/Pdfs/PublicacionesEstadisticas/din1_ser.txt,66eeb0fa88aec93dc2450f27d6b6a407b09e286cc3bfbd8a2653e2196994ae80,2026-08-08T00:02:00Z
bcra_treasury_deposits_ars,2016-04,monthly,301.484000,million_ars,official,bcra_money_credit_balances,https://www.bcra.gob.ar/archivos/Pdfs/PublicacionesEstadisticas/din1_ser.txt,66eeb0fa88aec93dc2450f27d6b6a407b09e286cc3bfbd8a2653e2196994ae80,2026-08-08T00:02:00Z
bcra_treasury_deposits_ars,2016-05,monthly,411.272507,million_ars,official,bcra_money_credit_balances,https://www.bcra.gob.ar/archivos/Pdfs/PublicacionesEstadisticas/din1_ser.txt,66eeb0fa88aec93dc2450f27d6b6a407b09e286cc3bfbd8a2653e2196994ae80,2026-08-08T00:02:00Z
bcra_treasury_deposits_ars,2016-06,monthly,400.936000,million_ars,official,bcra_money_credit_balances,https://www.bcra.gob.ar/archivos/Pdfs/PublicacionesEstadisticas/din1_ser.txt,66eeb0fa88aec93dc2450f27d6b6a407b09e286cc3bfbd8a2653e2196994ae80,2026-08-08T00:02:00Z
bcra_treasury_deposits_ars,2016-07,monthly,289.239000,million_ars,official,bcra_money_credit_balances,https://www.bcra.gob.ar/archivos/Pdfs/PublicacionesEstadisticas/din1_ser.txt,66eeb0fa88aec93dc2450f27d6b6a407b09e286cc3bfbd8a2653e2196994ae80,2026-08-08T00:02:00Z
bcra_treasury_deposits_ars,2016-08,monthly,349.145000,million_ars,official,bcra_money_credit_balances,https://www.bcra.gob.ar/archivos/Pdfs/PublicacionesEstadisticas/din1_ser.txt,66eeb0fa88aec93dc2450f27d6b6a407b09e286cc3bfbd8a2653e2196994ae80,2026-08-08T00:02:00Z
bcra_treasury_deposits_ars,2016-09,monthly,245.078000,million_ars,official,bcra_money_credit_balances,https://www.bcra.gob.ar/archivos/Pdfs/PublicacionesEstadisticas/din1_ser.txt,66eeb0fa88aec93dc2450f27d6b6a407b09e286cc3bfbd8a2653e2196994ae80,2026-08-08T00:02:00Z
bcra_treasury_deposits_ars,2016-10,monthly,268.027000,million_ars,official,bcra_money_credit_balances,https://www.bcra.gob.ar/archivos/Pdfs/PublicacionesEstadisticas/din1_ser.txt,66eeb0fa88aec93dc2450f27d6b6a407b09e286cc3bfbd8a2653e2196994ae80,2026-08-08T00:02:00Z
bcra_treasury_deposits_ars,2016-11,monthly,268.608000,million_ars,official,bcra_money_credit_balances,https://www.bcra.gob.ar/archivos/Pdfs/PublicacionesEstadisticas/din1_ser.txt,66eeb0fa88aec93dc2450f27d6b6a407b09e286cc3bfbd8a2653e2196994ae80,2026-08-08T00:02:00Z
bcra_treasury_deposits_ars,2016-12,monthly,192.947111,million_ars,official,bcra_money_credit_balances,https://www.bcra.gob.ar/archivos/Pdfs/PublicacionesEstadisticas/din1_ser.txt,66eeb0fa88aec93dc2450f27d6b6a407b09e286cc3bfbd8a2653e2196994ae80,2026-08-08T00:02:00Z
bcra_treasury_deposits_ars,2017-01,monthly,493.677000,million_ars,official,bcra_money_credit_balances,https://www.bcra.gob.ar/archivos/Pdfs/PublicacionesEstadisticas/din1_ser.txt,66eeb0fa88aec93dc2450f27d6b6a407b09e286cc3bfbd8a2653e2196994ae80,2026-08-08T00:02:00Z
bcra_treasury_deposits_ars,2017-02,monthly,458.218000,million_ars,official,bcra_money_credit_balances,https://www.bcra.gob.ar/archivos/Pdfs/PublicacionesEstadisticas/din1_ser.txt,66eeb0fa88aec93dc2450f27d6b6a407b09e286cc3bfbd8a2653e2196994ae80,2026-08-08T00:02:00Z
bcra_treasury_deposits_ars,2017-03,monthly,292.911000,million_ars,official,bcra_money_credit_balances,https://www.bcra.gob.ar/archivos/Pdfs/PublicacionesEstadisticas/din1_ser.txt,66eeb0fa88aec93dc2450f27d6b6a407b09e286cc3bfbd8a2653e2196994ae80,2026-08-08T00:02:00Z
bcra_treasury_deposits_ars,2017-04,monthly,214.859571,million_ars,official,bcra_money_credit_balances,https://www.bcra.gob.ar/archivos/Pdfs/PublicacionesEstadisticas/din1_ser.txt,66eeb0fa88aec93dc2450f27d6b6a407b09e286cc3bfbd8a2653e2196994ae80,2026-08-08T00:02:00Z
bcra_treasury_deposits_ars,2017-05,monthly,438.993489,million_ars,official,bcra_money_credit_balances,https://www.bcra.gob.ar/archivos/Pdfs/PublicacionesEstadisticas/din1_ser.txt,66eeb0fa88aec93dc2450f27d6b6a407b09e286cc3bfbd8a2653e2196994ae80,2026-08-08T00:02:00Z
bcra_treasury_deposits_ars,2017-06,monthly,354.772179,million_ars,official,bcra_money_credit_balances,https://www.bcra.gob.ar/archivos/Pdfs/PublicacionesEstadisticas/din1_ser.txt,66eeb0fa88aec93dc2450f27d6b6a407b09e286cc3bfbd8a2653e2196994ae80,2026-08-08T00:02:00Z
bcra_treasury_deposits_ars,2017-07,monthly,440.019000,million_ars,official,bcra_money_credit_balances,https://www.bcra.gob.ar/archivos/Pdfs/PublicacionesEstadisticas/din1_ser.txt,66eeb0fa88aec93dc2450f27d6b6a407b09e286cc3bfbd8a2653e2196994ae80,2026-08-08T00:02:00Z
bcra_treasury_deposits_ars,2017-08,monthly,391.834000,million_ars,official,bcra_money_credit_balances,https://www.bcra.gob.ar/archivos/Pdfs/PublicacionesEstadisticas/din1_ser.txt,66eeb0fa88aec93dc2450f27d6b6a407b09e286cc3bfbd8a2653e2196994ae80,2026-08-08T00:02:00Z
bcra_treasury_deposits_ars,2017-09,monthly,5101.829000,million_ars,official,bcra_money_credit_balances,https://www.bcra.gob.ar/archivos/Pdfs/PublicacionesEstadisticas/din1_ser.txt,66eeb0fa88aec93dc2450f27d6b6a407b09e286cc3bfbd8a2653e2196994ae80,2026-08-08T00:02:00Z
bcra_treasury_deposits_ars,2017-10,monthly,234.886994,million_ars,official,bcra_money_credit_balances,https://www.bcra.gob.ar/archivos/Pdfs/PublicacionesEstadisticas/din1_ser.txt,66eeb0fa88aec93dc2450f27d6b6a407b09e286cc3bfbd8a2653e2196994ae80,2026-08-08T00:02:00Z
bcra_treasury_deposits_ars,2017-11,monthly,253.473000,million_ars,official,bcra_money_credit_balances,https://www.bcra.gob.ar/archivos/Pdfs/PublicacionesEstadisticas/din1_ser.txt,66eeb0fa88aec93dc2450f27d6b6a407b09e286cc3bfbd8a2653e2196994ae80,2026-08-08T00:02:00Z
bcra_treasury_deposits_ars,2017-12,monthly,434.487000,million_ars,official,bcra_money_credit_balances,https://www.bcra.gob.ar/archivos/Pdfs/PublicacionesEstadisticas/din1_ser.txt,66eeb0fa88aec93dc2450f27d6b6a407b09e286cc3bfbd8a2653e2196994ae80,2026-08-08T00:02:00Z
bcra_treasury_deposits_ars,2018-01,monthly,329.518000,million_ars,official,bcra_money_credit_balances,https://www.bcra.gob.ar/archivos/Pdfs/PublicacionesEstadisticas/din1_ser.txt,66eeb0fa88aec93dc2450f27d6b6a407b09e286cc3bfbd8a2653e2196994ae80,2026-08-08T00:02:00Z
bcra_treasury_deposits_ars,2018-02,monthly,563.544000,million_ars,official,bcra_money_credit_balances,https://www.bcra.gob.ar/archivos/Pdfs/PublicacionesEstadisticas/din1_ser.txt,66eeb0fa88aec93dc2450f27d6b6a407b09e286cc3bfbd8a2653e2196994ae80,2026-08-08T00:02:00Z
bcra_treasury_deposits_ars,2018-03,monthly,288.138000,million_ars,official,bcra_money_credit_balances,https://www.bcra.gob.ar/archivos/Pdfs/PublicacionesEstadisticas/din1_ser.txt,66eeb0fa88aec93dc2450f27d6b6a407b09e286cc3bfbd8a2653e2196994ae80,2026-08-08T00:02:00Z
bcra_treasury_deposits_ars,2018-04,monthly,178.814000,million_ars,official,bcra_money_credit_balances,https://www.bcra.gob.ar/archivos/Pdfs/PublicacionesEstadisticas/din1_ser.txt,66eeb0fa88aec93dc2450f27d6b6a407b09e286cc3bfbd8a2653e2196994ae80,2026-08-08T00:02:00Z
bcra_treasury_deposits_ars,2018-05,monthly,693.687000,million_ars,official,bcra_money_credit_balances,https://www.bcra.gob.ar/archivos/Pdfs/PublicacionesEstadisticas/din1_ser.txt,66eeb0fa88aec93dc2450f27d6b6a407b09e286cc3bfbd8a2653e2196994ae80,2026-08-08T00:02:00Z
bcra_treasury_deposits_ars,2018-06,monthly,20436.055000,million_ars,official,bcra_money_credit_balances,https://www.bcra.gob.ar/archivos/Pdfs/PublicacionesEstadisticas/din1_ser.txt,66eeb0fa88aec93dc2450f27d6b6a407b09e286cc3bfbd8a2653e2196994ae80,2026-08-08T00:02:00Z
bcra_treasury_deposits_ars,2018-07,monthly,25182.774099,million_ars,official,bcra_money_credit_balances,https://www.bcra.gob.ar/archivos/Pdfs/PublicacionesEstadisticas/din1_ser.txt,66eeb0fa88aec93dc2450f27d6b6a407b09e286cc3bfbd8a2653e2196994ae80,2026-08-08T00:02:00Z
bcra_treasury_deposits_ars,2018-08,monthly,8329.265000,million_ars,official,bcra_money_credit_balances,https://www.bcra.gob.ar/archivos/Pdfs/PublicacionesEstadisticas/din1_ser.txt,66eeb0fa88aec93dc2450f27d6b6a407b09e286cc3bfbd8a2653e2196994ae80,2026-08-08T00:02:00Z
bcra_treasury_deposits_ars,2018-09,monthly,571.881690,million_ars,official,bcra_money_credit_balances,https://www.bcra.gob.ar/archivos/Pdfs/PublicacionesEstadisticas/din1_ser.txt,66eeb0fa88aec93dc2450f27d6b6a407b09e286cc3bfbd8a2653e2196994ae80,2026-08-08T00:02:00Z
bcra_treasury_deposits_ars,2018-10,monthly,329.780851,million_ars,official,bcra_money_credit_balances,https://www.bcra.gob.ar/archivos/Pdfs/PublicacionesEstadisticas/din1_ser.txt,66eeb0fa88aec93dc2450f27d6b6a407b09e286cc3bfbd8a2653e2196994ae80,2026-08-08T00:02:00Z
bcra_treasury_deposits_ars,2018-11,monthly,418.128243,million_ars,official,bcra_money_credit_balances,https://www.bcra.gob.ar/archivos/Pdfs/PublicacionesEstadisticas/din1_ser.txt,66eeb0fa88aec93dc2450f27d6b6a407b09e286cc3bfbd8a2653e2196994ae80,2026-08-08T00:02:00Z
bcra_treasury_deposits_ars,2018-12,monthly,385.232000,million_ars,official,bcra_money_credit_balances,https://www.bcra.gob.ar/archivos/Pdfs/PublicacionesEstadisticas/din1_ser.txt,66eeb0fa88aec93dc2450f27d6b6a407b09e286cc3bfbd8a2653e2196994ae80,2026-08-08T00:02:00Z
bcra_treasury_deposits_ars,2019-01,monthly,394.344914,million_ars,official,bcra_money_credit_balances,https://www.bcra.gob.ar/archivos/Pdfs/PublicacionesEstadisticas/din1_ser.txt,66eeb0fa88aec93dc2450f27d6b6a407b09e286cc3bfbd8a2653e2196994ae80,2026-08-08T00:02:00Z
bcra_treasury_deposits_ars,2019-02,monthly,324.011980,million_ars,official,bcra_money_credit_balances,https://www.bcra.gob.ar/archivos/Pdfs/PublicacionesEstadisticas/din1_ser.txt,66eeb0fa88aec93dc2450f27d6b6a407b09e286cc3bfbd8a2653e2196994ae80,2026-08-08T00:02:00Z
bcra_treasury_deposits_ars,2019-03,monthly,366.741000,million_ars,official,bcra_money_credit_balances,https://www.bcra.gob.ar/archivos/Pdfs/PublicacionesEstadisticas/din1_ser.txt,66eeb0fa88aec93dc2450f27d6b6a407b09e286cc3bfbd8a2653e2196994ae80,2026-08-08T00:02:00Z
bcra_treasury_deposits_ars,2019-04,monthly,4394.012000,million_ars,official,bcra_money_credit_balances,https://www.bcra.gob.ar/archivos/Pdfs/PublicacionesEstadisticas/din1_ser.txt,66eeb0fa88aec93dc2450f27d6b6a407b09e286cc3bfbd8a2653e2196994ae80,2026-08-08T00:02:00Z
bcra_treasury_deposits_ars,2019-05,monthly,122996.139268,million_ars,official,bcra_money_credit_balances,https://www.bcra.gob.ar/archivos/Pdfs/PublicacionesEstadisticas/din1_ser.txt,66eeb0fa88aec93dc2450f27d6b6a407b09e286cc3bfbd8a2653e2196994ae80,2026-08-08T00:02:00Z
bcra_treasury_deposits_ars,2019-06,monthly,7897.800969,million_ars,official,bcra_money_credit_balances,https://www.bcra.gob.ar/archivos/Pdfs/PublicacionesEstadisticas/din1_ser.txt,66eeb0fa88aec93dc2450f27d6b6a407b09e286cc3bfbd8a2653e2196994ae80,2026-08-08T00:02:00Z
bcra_treasury_deposits_ars,2019-07,monthly,3090.272163,million_ars,official,bcra_money_credit_balances,https://www.bcra.gob.ar/archivos/Pdfs/PublicacionesEstadisticas/din1_ser.txt,66eeb0fa88aec93dc2450f27d6b6a407b09e286cc3bfbd8a2653e2196994ae80,2026-08-08T00:02:00Z
bcra_treasury_deposits_ars,2019-08,monthly,3884.256000,million_ars,official,bcra_money_credit_balances,https://www.bcra.gob.ar/archivos/Pdfs/PublicacionesEstadisticas/din1_ser.txt,66eeb0fa88aec93dc2450f27d6b6a407b09e286cc3bfbd8a2653e2196994ae80,2026-08-08T00:02:00Z
bcra_treasury_deposits_ars,2019-09,monthly,62134.248411,million_ars,official,bcra_money_credit_balances,https://www.bcra.gob.ar/archivos/Pdfs/PublicacionesEstadisticas/din1_ser.txt,66eeb0fa88aec93dc2450f27d6b6a407b09e286cc3bfbd8a2653e2196994ae80,2026-08-08T00:02:00Z
bcra_treasury_deposits_ars,2019-10,monthly,9342.927602,million_ars,official,bcra_money_credit_balances,https://www.bcra.gob.ar/archivos/Pdfs/PublicacionesEstadisticas/din1_ser.txt,66eeb0fa88aec93dc2450f27d6b6a407b09e286cc3bfbd8a2653e2196994ae80,2026-08-08T00:02:00Z
bcra_treasury_deposits_ars,2019-11,monthly,19907.053030,million_ars,official,bcra_money_credit_balances,https://www.bcra.gob.ar/archivos/Pdfs/PublicacionesEstadisticas/din1_ser.txt,66eeb0fa88aec93dc2450f27d6b6a407b09e286cc3bfbd8a2653e2196994ae80,2026-08-08T00:02:00Z
bcra_treasury_deposits_ars,2019-12,monthly,28876.337583,million_ars,official,bcra_money_credit_balances,https://www.bcra.gob.ar/archivos/Pdfs/PublicacionesEstadisticas/din1_ser.txt,66eeb0fa88aec93dc2450f27d6b6a407b09e286cc3bfbd8a2653e2196994ae80,2026-08-08T00:02:00Z
bcra_treasury_deposits_ars,2020-01,monthly,7944.194873,million_ars,official,bcra_money_credit_balances,https://www.bcra.gob.ar/archivos/Pdfs/PublicacionesEstadisticas/din1_ser.txt,66eeb0fa88aec93dc2450f27d6b6a407b09e286cc3bfbd8a2653e2196994ae80,2026-08-08T00:02:00Z
bcra_treasury_deposits_ars,2020-02,monthly,2731.743413,million_ars,official,bcra_money_credit_balances,https://www.bcra.gob.ar/archivos/Pdfs/PublicacionesEstadisticas/din1_ser.txt,66eeb0fa88aec93dc2450f27d6b6a407b09e286cc3bfbd8a2653e2196994ae80,2026-08-08T00:02:00Z
bcra_treasury_deposits_ars,2020-03,monthly,19746.413991,million_ars,official,bcra_money_credit_balances,https://www.bcra.gob.ar/archivos/Pdfs/PublicacionesEstadisticas/din1_ser.txt,66eeb0fa88aec93dc2450f27d6b6a407b09e286cc3bfbd8a2653e2196994ae80,2026-08-08T00:02:00Z
bcra_treasury_deposits_ars,2020-04,monthly,57913.579212,million_ars,official,bcra_money_credit_balances,https://www.bcra.gob.ar/archivos/Pdfs/PublicacionesEstadisticas/din1_ser.txt,66eeb0fa88aec93dc2450f27d6b6a407b09e286cc3bfbd8a2653e2196994ae80,2026-08-08T00:02:00Z
bcra_treasury_deposits_ars,2020-05,monthly,208553.950516,million_ars,official,bcra_money_credit_balances,https://www.bcra.gob.ar/archivos/Pdfs/PublicacionesEstadisticas/din1_ser.txt,66eeb0fa88aec93dc2450f27d6b6a407b09e286cc3bfbd8a2653e2196994ae80,2026-08-08T00:02:00Z
bcra_treasury_deposits_ars,2020-06,monthly,96745.911978,million_ars,official,bcra_money_credit_balances,https://www.bcra.gob.ar/archivos/Pdfs/PublicacionesEstadisticas/din1_ser.txt,66eeb0fa88aec93dc2450f27d6b6a407b09e286cc3bfbd8a2653e2196994ae80,2026-08-08T00:02:00Z
bcra_treasury_deposits_ars,2020-07,monthly,145320.697000,million_ars,official,bcra_money_credit_balances,https://www.bcra.gob.ar/archivos/Pdfs/PublicacionesEstadisticas/din1_ser.txt,66eeb0fa88aec93dc2450f27d6b6a407b09e286cc3bfbd8a2653e2196994ae80,2026-08-08T00:02:00Z
bcra_treasury_deposits_ars,2020-08,monthly,84131.524153,million_ars,official,bcra_money_credit_balances,https://www.bcra.gob.ar/archivos/Pdfs/PublicacionesEstadisticas/din1_ser.txt,66eeb0fa88aec93dc2450f27d6b6a407b09e286cc3bfbd8a2653e2196994ae80,2026-08-08T00:02:00Z
bcra_treasury_deposits_ars,2020-09,monthly,46147.562078,million_ars,official,bcra_money_credit_balances,https://www.bcra.gob.ar/archivos/Pdfs/PublicacionesEstadisticas/din1_ser.txt,66eeb0fa88aec93dc2450f27d6b6a407b09e286cc3bfbd8a2653e2196994ae80,2026-08-08T00:02:00Z
bcra_treasury_deposits_ars,2020-10,monthly,51833.687642,million_ars,official,bcra_money_credit_balances,https://www.bcra.gob.ar/archivos/Pdfs/PublicacionesEstadisticas/din1_ser.txt,66eeb0fa88aec93dc2450f27d6b6a407b09e286cc3bfbd8a2653e2196994ae80,2026-08-08T00:02:00Z
bcra_treasury_deposits_ars,2020-11,monthly,138062.148840,million_ars,official,bcra_money_credit_balances,https://www.bcra.gob.ar/archivos/Pdfs/PublicacionesEstadisticas/din1_ser.txt,66eeb0fa88aec93dc2450f27d6b6a407b09e286cc3bfbd8a2653e2196994ae80,2026-08-08T00:02:00Z
bcra_treasury_deposits_ars,2020-12,monthly,25423.768706,million_ars,official,bcra_money_credit_balances,https://www.bcra.gob.ar/archivos/Pdfs/PublicacionesEstadisticas/din1_ser.txt,66eeb0fa88aec93dc2450f27d6b6a407b09e286cc3bfbd8a2653e2196994ae80,2026-08-08T00:02:00Z
bcra_treasury_deposits_ars,2021-01,monthly,68405.686854,million_ars,official,bcra_money_credit_balances,https://www.bcra.gob.ar/archivos/Pdfs/PublicacionesEstadisticas/din1_ser.txt,66eeb0fa88aec93dc2450f27d6b6a407b09e286cc3bfbd8a2653e2196994ae80,2026-08-08T00:02:00Z
bcra_treasury_deposits_ars,2021-02,monthly,42020.693310,million_ars,official,bcra_money_credit_balances,https://www.bcra.gob.ar/archivos/Pdfs/PublicacionesEstadisticas/din1_ser.txt,66eeb0fa88aec93dc2450f27d6b6a407b09e286cc3bfbd8a2653e2196994ae80,2026-08-08T00:02:00Z
bcra_treasury_deposits_ars,2021-03,monthly,18095.170848,million_ars,official,bcra_money_credit_balances,https://www.bcra.gob.ar/archivos/Pdfs/PublicacionesEstadisticas/din1_ser.txt,66eeb0fa88aec93dc2450f27d6b6a407b09e286cc3bfbd8a2653e2196994ae80,2026-08-08T00:02:00Z
bcra_treasury_deposits_ars,2021-04,monthly,68473.194527,million_ars,official,bcra_money_credit_balances,https://www.bcra.gob.ar/archivos/Pdfs/PublicacionesEstadisticas/din1_ser.txt,66eeb0fa88aec93dc2450f27d6b6a407b09e286cc3bfbd8a2653e2196994ae80,2026-08-08T00:02:00Z
bcra_treasury_deposits_ars,2021-05,monthly,75608.332001,million_ars,official,bcra_money_credit_balances,https://www.bcra.gob.ar/archivos/Pdfs/PublicacionesEstadisticas/din1_ser.txt,66eeb0fa88aec93dc2450f27d6b6a407b09e286cc3bfbd8a2653e2196994ae80,2026-08-08T00:02:00Z
bcra_treasury_deposits_ars,2021-06,monthly,96977.116208,million_ars,official,bcra_money_credit_balances,https://www.bcra.gob.ar/archivos/Pdfs/PublicacionesEstadisticas/din1_ser.txt,66eeb0fa88aec93dc2450f27d6b6a407b09e286cc3bfbd8a2653e2196994ae80,2026-08-08T00:02:00Z
bcra_treasury_deposits_ars,2021-07,monthly,51858.609754,million_ars,official,bcra_money_credit_balances,https://www.bcra.gob.ar/archivos/Pdfs/PublicacionesEstadisticas/din1_ser.txt,66eeb0fa88aec93dc2450f27d6b6a407b09e286cc3bfbd8a2653e2196994ae80,2026-08-08T00:02:00Z
bcra_treasury_deposits_ars,2021-08,monthly,15081.006576,million_ars,official,bcra_money_credit_balances,https://www.bcra.gob.ar/archivos/Pdfs/PublicacionesEstadisticas/din1_ser.txt,66eeb0fa88aec93dc2450f27d6b6a407b09e286cc3bfbd8a2653e2196994ae80,2026-08-08T00:02:00Z
bcra_treasury_deposits_ars,2021-09,monthly,31459.773348,million_ars,official,bcra_money_credit_balances,https://www.bcra.gob.ar/archivos/Pdfs/PublicacionesEstadisticas/din1_ser.txt,66eeb0fa88aec93dc2450f27d6b6a407b09e286cc3bfbd8a2653e2196994ae80,2026-08-08T00:02:00Z
bcra_treasury_deposits_ars,2021-10,monthly,123329.760333,million_ars,official,bcra_money_credit_balances,https://www.bcra.gob.ar/archivos/Pdfs/PublicacionesEstadisticas/din1_ser.txt,66eeb0fa88aec93dc2450f27d6b6a407b09e286cc3bfbd8a2653e2196994ae80,2026-08-08T00:02:00Z
bcra_treasury_deposits_ars,2021-11,monthly,119216.713881,million_ars,official,bcra_money_credit_balances,https://www.bcra.gob.ar/archivos/Pdfs/PublicacionesEstadisticas/din1_ser.txt,66eeb0fa88aec93dc2450f27d6b6a407b09e286cc3bfbd8a2653e2196994ae80,2026-08-08T00:02:00Z
bcra_treasury_deposits_ars,2021-12,monthly,35780.470297,million_ars,official,bcra_money_credit_balances,https://www.bcra.gob.ar/archivos/Pdfs/PublicacionesEstadisticas/din1_ser.txt,66eeb0fa88aec93dc2450f27d6b6a407b09e286cc3bfbd8a2653e2196994ae80,2026-08-08T00:02:00Z
bcra_treasury_deposits_ars,2022-01,monthly,212847.651315,million_ars,official,bcra_money_credit_balances,https://www.bcra.gob.ar/archivos/Pdfs/PublicacionesEstadisticas/din1_ser.txt,66eeb0fa88aec93dc2450f27d6b6a407b09e286cc3bfbd8a2653e2196994ae80,2026-08-08T00:02:00Z
bcra_treasury_deposits_ars,2022-02,monthly,204984.095090,million_ars,official,bcra_money_credit_balances,https://www.bcra.gob.ar/archivos/Pdfs/PublicacionesEstadisticas/din1_ser.txt,66eeb0fa88aec93dc2450f27d6b6a407b09e286cc3bfbd8a2653e2196994ae80,2026-08-08T00:02:00Z
bcra_treasury_deposits_ars,2022-03,monthly,414874.153725,million_ars,official,bcra_money_credit_balances,https://www.bcra.gob.ar/archivos/Pdfs/PublicacionesEstadisticas/din1_ser.txt,66eeb0fa88aec93dc2450f27d6b6a407b09e286cc3bfbd8a2653e2196994ae80,2026-08-08T00:02:00Z
bcra_treasury_deposits_ars,2022-04,monthly,104034.702077,million_ars,official,bcra_money_credit_balances,https://www.bcra.gob.ar/archivos/Pdfs/PublicacionesEstadisticas/din1_ser.txt,66eeb0fa88aec93dc2450f27d6b6a407b09e286cc3bfbd8a2653e2196994ae80,2026-08-08T00:02:00Z
bcra_treasury_deposits_ars,2022-05,monthly,18520.421112,million_ars,official,bcra_money_credit_balances,https://www.bcra.gob.ar/archivos/Pdfs/PublicacionesEstadisticas/din1_ser.txt,66eeb0fa88aec93dc2450f27d6b6a407b09e286cc3bfbd8a2653e2196994ae80,2026-08-08T00:02:00Z
bcra_treasury_deposits_ars,2022-06,monthly,11543.334153,million_ars,official,bcra_money_credit_balances,https://www.bcra.gob.ar/archivos/Pdfs/PublicacionesEstadisticas/din1_ser.txt,66eeb0fa88aec93dc2450f27d6b6a407b09e286cc3bfbd8a2653e2196994ae80,2026-08-08T00:02:00Z
bcra_treasury_deposits_ars,2022-07,monthly,403436.696738,million_ars,official,bcra_money_credit_balances,https://www.bcra.gob.ar/archivos/Pdfs/PublicacionesEstadisticas/din1_ser.txt,66eeb0fa88aec93dc2450f27d6b6a407b09e286cc3bfbd8a2653e2196994ae80,2026-08-08T00:02:00Z
bcra_treasury_deposits_ars,2022-08,monthly,429166.140924,million_ars,official,bcra_money_credit_balances,https://www.bcra.gob.ar/archivos/Pdfs/PublicacionesEstadisticas/din1_ser.txt,66eeb0fa88aec93dc2450f27d6b6a407b09e286cc3bfbd8a2653e2196994ae80,2026-08-08T00:02:00Z
bcra_treasury_deposits_ars,2022-09,monthly,465980.951516,million_ars,official,bcra_money_credit_balances,https://www.bcra.gob.ar/archivos/Pdfs/PublicacionesEstadisticas/din1_ser.txt,66eeb0fa88aec93dc2450f27d6b6a407b09e286cc3bfbd8a2653e2196994ae80,2026-08-08T00:02:00Z
bcra_treasury_deposits_ars,2022-10,monthly,288151.562324,million_ars,official,bcra_money_credit_balances,https://www.bcra.gob.ar/archivos/Pdfs/PublicacionesEstadisticas/din1_ser.txt,66eeb0fa88aec93dc2450f27d6b6a407b09e286cc3bfbd8a2653e2196994ae80,2026-08-08T00:02:00Z
bcra_treasury_deposits_ars,2022-11,monthly,71989.492532,million_ars,official,bcra_money_credit_balances,https://www.bcra.gob.ar/archivos/Pdfs/PublicacionesEstadisticas/din1_ser.txt,66eeb0fa88aec93dc2450f27d6b6a407b09e286cc3bfbd8a2653e2196994ae80,2026-08-08T00:02:00Z
bcra_treasury_deposits_ars,2022-12,monthly,357464.012614,million_ars,official,bcra_money_credit_balances,https://www.bcra.gob.ar/archivos/Pdfs/PublicacionesEstadisticas/din1_ser.txt,66eeb0fa88aec93dc2450f27d6b6a407b09e286cc3bfbd8a2653e2196994ae80,2026-08-08T00:02:00Z
bcra_treasury_deposits_ars,2023-01,monthly,390076.578455,million_ars,official,bcra_money_credit_balances,https://www.bcra.gob.ar/archivos/Pdfs/PublicacionesEstadisticas/din1_ser.txt,66eeb0fa88aec93dc2450f27d6b6a407b09e286cc3bfbd8a2653e2196994ae80,2026-08-08T00:02:00Z
bcra_treasury_deposits_ars,2023-02,monthly,197078.961726,million_ars,official,bcra_money_credit_balances,https://www.bcra.gob.ar/archivos/Pdfs/PublicacionesEstadisticas/din1_ser.txt,66eeb0fa88aec93dc2450f27d6b6a407b09e286cc3bfbd8a2653e2196994ae80,2026-08-08T00:02:00Z
bcra_treasury_deposits_ars,2023-03,monthly,107965.769108,million_ars,official,bcra_money_credit_balances,https://www.bcra.gob.ar/archivos/Pdfs/PublicacionesEstadisticas/din1_ser.txt,66eeb0fa88aec93dc2450f27d6b6a407b09e286cc3bfbd8a2653e2196994ae80,2026-08-08T00:02:00Z
bcra_treasury_deposits_ars,2023-04,monthly,209739.132226,million_ars,official,bcra_money_credit_balances,https://www.bcra.gob.ar/archivos/Pdfs/PublicacionesEstadisticas/din1_ser.txt,66eeb0fa88aec93dc2450f27d6b6a407b09e286cc3bfbd8a2653e2196994ae80,2026-08-08T00:02:00Z
bcra_treasury_deposits_ars,2023-05,monthly,501721.893555,million_ars,official,bcra_money_credit_balances,https://www.bcra.gob.ar/archivos/Pdfs/PublicacionesEstadisticas/din1_ser.txt,66eeb0fa88aec93dc2450f27d6b6a407b09e286cc3bfbd8a2653e2196994ae80,2026-08-08T00:02:00Z
bcra_treasury_deposits_ars,2023-06,monthly,21407.308914,million_ars,official,bcra_money_credit_balances,https://www.bcra.gob.ar/archivos/Pdfs/PublicacionesEstadisticas/din1_ser.txt,66eeb0fa88aec93dc2450f27d6b6a407b09e286cc3bfbd8a2653e2196994ae80,2026-08-08T00:02:00Z
bcra_treasury_deposits_ars,2023-07,monthly,132662.752907,million_ars,official,bcra_money_credit_balances,https://www.bcra.gob.ar/archivos/Pdfs/PublicacionesEstadisticas/din1_ser.txt,66eeb0fa88aec93dc2450f27d6b6a407b09e286cc3bfbd8a2653e2196994ae80,2026-08-08T00:02:00Z
bcra_treasury_deposits_ars,2023-08,monthly,808382.941104,million_ars,official,bcra_money_credit_balances,https://www.bcra.gob.ar/archivos/Pdfs/PublicacionesEstadisticas/din1_ser.txt,66eeb0fa88aec93dc2450f27d6b6a407b09e286cc3bfbd8a2653e2196994ae80,2026-08-08T00:02:00Z
bcra_treasury_deposits_ars,2023-09,monthly,1117612.234149,million_ars,official,bcra_money_credit_balances,https://www.bcra.gob.ar/archivos/Pdfs/PublicacionesEstadisticas/din1_ser.txt,66eeb0fa88aec93dc2450f27d6b6a407b09e286cc3bfbd8a2653e2196994ae80,2026-08-08T00:02:00Z
bcra_treasury_deposits_ars,2023-10,monthly,1568400.987118,million_ars,official,bcra_money_credit_balances,https://www.bcra.gob.ar/archivos/Pdfs/PublicacionesEstadisticas/din1_ser.txt,66eeb0fa88aec93dc2450f27d6b6a407b09e286cc3bfbd8a2653e2196994ae80,2026-08-08T00:02:00Z
bcra_treasury_deposits_ars,2023-11,monthly,1939725.171622,million_ars,official,bcra_money_credit_balances,https://www.bcra.gob.ar/archivos/Pdfs/PublicacionesEstadisticas/din1_ser.txt,66eeb0fa88aec93dc2450f27d6b6a407b09e286cc3bfbd8a2653e2196994ae80,2026-08-08T00:02:00Z
bcra_treasury_deposits_ars,2023-12,monthly,951940.841056,million_ars,official,bcra_money_credit_balances,https://www.bcra.gob.ar/archivos/Pdfs/PublicacionesEstadisticas/din1_ser.txt,66eeb0fa88aec93dc2450f27d6b6a407b09e286cc3bfbd8a2653e2196994ae80,2026-08-08T00:02:00Z
bcra_treasury_deposits_ars,2024-01,monthly,893351.966146,million_ars,official,bcra_money_credit_balances,https://www.bcra.gob.ar/archivos/Pdfs/PublicacionesEstadisticas/din1_ser.txt,66eeb0fa88aec93dc2450f27d6b6a407b09e286cc3bfbd8a2653e2196994ae80,2026-08-08T00:02:00Z
bcra_treasury_deposits_ars,2024-02,monthly,152940.644195,million_ars,official,bcra_money_credit_balances,https://www.bcra.gob.ar/archivos/Pdfs/PublicacionesEstadisticas/din1_ser.txt,66eeb0fa88aec93dc2450f27d6b6a407b09e286cc3bfbd8a2653e2196994ae80,2026-08-08T00:02:00Z
bcra_treasury_deposits_ars,2024-03,monthly,411370.639461,million_ars,official,bcra_money_credit_balances,https://www.bcra.gob.ar/archivos/Pdfs/PublicacionesEstadisticas/din1_ser.txt,66eeb0fa88aec93dc2450f27d6b6a407b09e286cc3bfbd8a2653e2196994ae80,2026-08-08T00:02:00Z
bcra_treasury_deposits_ars,2024-04,monthly,843670.180938,million_ars,official,bcra_money_credit_balances,https://www.bcra.gob.ar/archivos/Pdfs/PublicacionesEstadisticas/din1_ser.txt,66eeb0fa88aec93dc2450f27d6b6a407b09e286cc3bfbd8a2653e2196994ae80,2026-08-08T00:02:00Z
bcra_treasury_deposits_ars,2024-05,monthly,13119218.013456,million_ars,official,bcra_money_credit_balances,https://www.bcra.gob.ar/archivos/Pdfs/PublicacionesEstadisticas/din1_ser.txt,66eeb0fa88aec93dc2450f27d6b6a407b09e286cc3bfbd8a2653e2196994ae80,2026-08-08T00:02:00Z
bcra_treasury_deposits_ars,2024-06,monthly,12934605.323589,million_ars,official,bcra_money_credit_balances,https://www.bcra.gob.ar/archivos/Pdfs/PublicacionesEstadisticas/din1_ser.txt,66eeb0fa88aec93dc2450f27d6b6a407b09e286cc3bfbd8a2653e2196994ae80,2026-08-08T00:02:00Z
bcra_treasury_deposits_ars,2024-07,monthly,16016894.925977,million_ars,official,bcra_money_credit_balances,https://www.bcra.gob.ar/archivos/Pdfs/PublicacionesEstadisticas/din1_ser.txt,66eeb0fa88aec93dc2450f27d6b6a407b09e286cc3bfbd8a2653e2196994ae80,2026-08-08T00:02:00Z
bcra_treasury_deposits_ars,2024-08,monthly,16781787.931965,million_ars,official,bcra_money_credit_balances,https://www.bcra.gob.ar/archivos/Pdfs/PublicacionesEstadisticas/din1_ser.txt,66eeb0fa88aec93dc2450f27d6b6a407b09e286cc3bfbd8a2653e2196994ae80,2026-08-08T00:02:00Z
bcra_treasury_deposits_ars,2024-09,monthly,13000147.917737,million_ars,official,bcra_money_credit_balances,https://www.bcra.gob.ar/archivos/Pdfs/PublicacionesEstadisticas/din1_ser.txt,66eeb0fa88aec93dc2450f27d6b6a407b09e286cc3bfbd8a2653e2196994ae80,2026-08-08T00:02:00Z
bcra_treasury_deposits_ars,2024-10,monthly,12009467.442986,million_ars,official,bcra_money_credit_balances,https://www.bcra.gob.ar/archivos/Pdfs/PublicacionesEstadisticas/din1_ser.txt,66eeb0fa88aec93dc2450f27d6b6a407b09e286cc3bfbd8a2653e2196994ae80,2026-08-08T00:02:00Z
bcra_treasury_deposits_ars,2024-11,monthly,8407951.036826,million_ars,official,bcra_money_credit_balances,https://www.bcra.gob.ar/archivos/Pdfs/PublicacionesEstadisticas/din1_ser.txt,66eeb0fa88aec93dc2450f27d6b6a407b09e286cc3bfbd8a2653e2196994ae80,2026-08-08T00:02:00Z
bcra_treasury_deposits_ars,2024-12,monthly,6071710.003766,million_ars,official,bcra_money_credit_balances,https://www.bcra.gob.ar/archivos/Pdfs/PublicacionesEstadisticas/din1_ser.txt,66eeb0fa88aec93dc2450f27d6b6a407b09e286cc3bfbd8a2653e2196994ae80,2026-08-08T00:02:00Z
bcra_treasury_deposits_ars,2025-01,monthly,4274243.843695,million_ars,official,bcra_money_credit_balances,https://www.bcra.gob.ar/archivos/Pdfs/PublicacionesEstadisticas/din1_ser.txt,66eeb0fa88aec93dc2450f27d6b6a407b09e286cc3bfbd8a2653e2196994ae80,2026-08-08T00:02:00Z
bcra_treasury_deposits_ars,2025-02,monthly,6255707.311839,million_ars,official,bcra_money_credit_balances,https://www.bcra.gob.ar/archivos/Pdfs/PublicacionesEstadisticas/din1_ser.txt,66eeb0fa88aec93dc2450f27d6b6a407b09e286cc3bfbd8a2653e2196994ae80,2026-08-08T00:02:00Z
bcra_treasury_deposits_ars,2025-03,monthly,5582321.300114,million_ars,official,bcra_money_credit_balances,https://www.bcra.gob.ar/archivos/Pdfs/PublicacionesEstadisticas/din1_ser.txt,66eeb0fa88aec93dc2450f27d6b6a407b09e286cc3bfbd8a2653e2196994ae80,2026-08-08T00:02:00Z
bcra_treasury_deposits_ars,2025-04,monthly,13697398.370664,million_ars,official,bcra_money_credit_balances,https://www.bcra.gob.ar/archivos/Pdfs/PublicacionesEstadisticas/din1_ser.txt,66eeb0fa88aec93dc2450f27d6b6a407b09e286cc3bfbd8a2653e2196994ae80,2026-08-08T00:02:00Z
bcra_treasury_deposits_ars,2025-05,monthly,12136107.646592,million_ars,official,bcra_money_credit_balances,https://www.bcra.gob.ar/archivos/Pdfs/PublicacionesEstadisticas/din1_ser.txt,66eeb0fa88aec93dc2450f27d6b6a407b09e286cc3bfbd8a2653e2196994ae80,2026-08-08T00:02:00Z
bcra_treasury_deposits_ars,2025-06,monthly,8371457.649104,million_ars,official,bcra_money_credit_balances,https://www.bcra.gob.ar/archivos/Pdfs/PublicacionesEstadisticas/din1_ser.txt,66eeb0fa88aec93dc2450f27d6b6a407b09e286cc3bfbd8a2653e2196994ae80,2026-08-08T00:02:00Z
bcra_treasury_deposits_ars,2025-07,monthly,14236967.806197,million_ars,official,bcra_money_credit_balances,https://www.bcra.gob.ar/archivos/Pdfs/PublicacionesEstadisticas/din1_ser.txt,66eeb0fa88aec93dc2450f27d6b6a407b09e286cc3bfbd8a2653e2196994ae80,2026-08-08T00:02:00Z
bcra_treasury_deposits_ars,2025-08,monthly,12207766.902349,million_ars,official,bcra_money_credit_balances,https://www.bcra.gob.ar/archivos/Pdfs/PublicacionesEstadisticas/din1_ser.txt,66eeb0fa88aec93dc2450f27d6b6a407b09e286cc3bfbd8a2653e2196994ae80,2026-08-08T00:02:00Z
bcra_treasury_deposits_ars,2025-09,monthly,11061938.283388,million_ars,official,bcra_money_credit_balances,https://www.bcra.gob.ar/archivos/Pdfs/PublicacionesEstadisticas/din1_ser.txt,66eeb0fa88aec93dc2450f27d6b6a407b09e286cc3bfbd8a2653e2196994ae80,2026-08-08T00:02:00Z
bcra_treasury_deposits_ars,2025-10,monthly,5288728.149350,million_ars,official,bcra_money_credit_balances,https://www.bcra.gob.ar/archivos/Pdfs/PublicacionesEstadisticas/din1_ser.txt,66eeb0fa88aec93dc2450f27d6b6a407b09e286cc3bfbd8a2653e2196994ae80,2026-08-08T00:02:00Z
bcra_treasury_deposits_ars,2025-11,monthly,3587054.714443,million_ars,official,bcra_money_credit_balances,https://www.bcra.gob.ar/archivos/Pdfs/PublicacionesEstadisticas/din1_ser.txt,66eeb0fa88aec93dc2450f27d6b6a407b09e286cc3bfbd8a2653e2196994ae80,2026-08-08T00:02:00Z
bcra_treasury_deposits_ars,2025-12,monthly,4168151.541843,million_ars,official,bcra_money_credit_balances,https://www.bcra.gob.ar/archivos/Pdfs/PublicacionesEstadisticas/din1_ser.txt,66eeb0fa88aec93dc2450f27d6b6a407b09e286cc3bfbd8a2653e2196994ae80,2026-08-08T00:02:00Z
bcra_treasury_deposits_ars,2026-01,monthly,4301655.955222,million_ars,official,bcra_money_credit_balances,https://www.bcra.gob.ar/archivos/Pdfs/PublicacionesEstadisticas/din1_ser.txt,66eeb0fa88aec93dc2450f27d6b6a407b09e286cc3bfbd8a2653e2196994ae80,2026-08-08T00:02:00Z
bcra_treasury_deposits_ars,2026-02,monthly,4379417.497955,million_ars,official,bcra_money_credit_balances,https://www.bcra.gob.ar/archivos/Pdfs/PublicacionesEstadisticas/din1_ser.txt,66eeb0fa88aec93dc2450f27d6b6a407b09e286cc3bfbd8a2653e2196994ae80,2026-08-08T00:02:00Z
bcra_treasury_deposits_ars,2026-03,monthly,6113460.294284,million_ars,official,bcra_money_credit_balances,https://www.bcra.gob.ar/archivos/Pdfs/PublicacionesEstadisticas/din1_ser.txt,66eeb0fa88aec93dc2450f27d6b6a407b09e286cc3bfbd8a2653e2196994ae80,2026-08-08T00:02:00Z
bcra_treasury_deposits_ars,2026-04,monthly,8383425.065061,million_ars,official,bcra_money_credit_balances,https://www.bcra.gob.ar/archivos/Pdfs/PublicacionesEstadisticas/din1_ser.txt,66eeb0fa88aec93dc2450f27d6b6a407b09e286cc3bfbd8a2653e2196994ae80,2026-08-08T00:02:00Z
bcra_treasury_deposits_ars,2026-05,monthly,12828550.485891,million_ars,official,bcra_money_credit_balances,https://www.bcra.gob.ar/archivos/Pdfs/PublicacionesEstadisticas/din1_ser.txt,66eeb0fa88aec93dc2450f27d6b6a407b09e286cc3bfbd8a2653e2196994ae80,2026-08-08T00:02:00Z
bcra_treasury_deposits_ars,2026-06,monthly,7204314.207709,million_ars,official,bcra_money_credit_balances,https://www.bcra.gob.ar/archivos/Pdfs/PublicacionesEstadisticas/din1_ser.txt,66eeb0fa88aec93dc2450f27d6b6a407b09e286cc3bfbd8a2653e2196994ae80,2026-08-08T00:02:00Z
bcra_treasury_deposits_ars_monthly_change,1990-02,monthly,0.000000,million_ars,calculated,bcra_money_credit_balances,https://www.bcra.gob.ar/archivos/Pdfs/PublicacionesEstadisticas/din1_ser.txt,66eeb0fa88aec93dc2450f27d6b6a407b09e286cc3bfbd8a2653e2196994ae80,2026-08-08T00:02:00Z
bcra_treasury_deposits_ars_monthly_change,1990-03,monthly,0.000000,million_ars,calculated,bcra_money_credit_balances,https://www.bcra.gob.ar/archivos/Pdfs/PublicacionesEstadisticas/din1_ser.txt,66eeb0fa88aec93dc2450f27d6b6a407b09e286cc3bfbd8a2653e2196994ae80,2026-08-08T00:02:00Z
bcra_treasury_deposits_ars_monthly_change,1990-04,monthly,0.000000,million_ars,calculated,bcra_money_credit_balances,https://www.bcra.gob.ar/archivos/Pdfs/PublicacionesEstadisticas/din1_ser.txt,66eeb0fa88aec93dc2450f27d6b6a407b09e286cc3bfbd8a2653e2196994ae80,2026-08-08T00:02:00Z
bcra_treasury_deposits_ars_monthly_change,1990-05,monthly,0.000000,million_ars,calculated,bcra_money_credit_balances,https://www.bcra.gob.ar/archivos/Pdfs/PublicacionesEstadisticas/din1_ser.txt,66eeb0fa88aec93dc2450f27d6b6a407b09e286cc3bfbd8a2653e2196994ae80,2026-08-08T00:02:00Z
bcra_treasury_deposits_ars_monthly_change,1990-06,monthly,0.000000,million_ars,calculated,bcra_money_credit_balances,https://www.bcra.gob.ar/archivos/Pdfs/PublicacionesEstadisticas/din1_ser.txt,66eeb0fa88aec93dc2450f27d6b6a407b09e286cc3bfbd8a2653e2196994ae80,2026-08-08T00:02:00Z
bcra_treasury_deposits_ars_monthly_change,1990-07,monthly,0.000000,million_ars,calculated,bcra_money_credit_balances,https://www.bcra.gob.ar/archivos/Pdfs/PublicacionesEstadisticas/din1_ser.txt,66eeb0fa88aec93dc2450f27d6b6a407b09e286cc3bfbd8a2653e2196994ae80,2026-08-08T00:02:00Z
bcra_treasury_deposits_ars_monthly_change,1990-08,monthly,0.000000,million_ars,calculated,bcra_money_credit_balances,https://www.bcra.gob.ar/archivos/Pdfs/PublicacionesEstadisticas/din1_ser.txt,66eeb0fa88aec93dc2450f27d6b6a407b09e286cc3bfbd8a2653e2196994ae80,2026-08-08T00:02:00Z
bcra_treasury_deposits_ars_monthly_change,1990-09,monthly,0.000000,million_ars,calculated,bcra_money_credit_balances,https://www.bcra.gob.ar/archivos/Pdfs/PublicacionesEstadisticas/din1_ser.txt,66eeb0fa88aec93dc2450f27d6b6a407b09e286cc3bfbd8a2653e2196994ae80,2026-08-08T00:02:00Z
bcra_treasury_deposits_ars_monthly_change,1990-10,monthly,0.000000,million_ars,calculated,bcra_money_credit_balances,https://www.bcra.gob.ar/archivos/Pdfs/PublicacionesEstadisticas/din1_ser.txt,66eeb0fa88aec93dc2450f27d6b6a407b09e286cc3bfbd8a2653e2196994ae80,2026-08-08T00:02:00Z
bcra_treasury_deposits_ars_monthly_change,1990-11,monthly,0.000000,million_ars,calculated,bcra_money_credit_balances,https://www.bcra.gob.ar/archivos/Pdfs/PublicacionesEstadisticas/din1_ser.txt,66eeb0fa88aec93dc2450f27d6b6a407b09e286cc3bfbd8a2653e2196994ae80,2026-08-08T00:02:00Z
bcra_treasury_deposits_ars_monthly_change,1990-12,monthly,0.000000,million_ars,calculated,bcra_money_credit_balances,https://www.bcra.gob.ar/archivos/Pdfs/PublicacionesEstadisticas/din1_ser.txt,66eeb0fa88aec93dc2450f27d6b6a407b09e286cc3bfbd8a2653e2196994ae80,2026-08-08T00:02:00Z
bcra_treasury_deposits_ars_monthly_change,1991-01,monthly,0.000000,million_ars,calculated,bcra_money_credit_balances,https://www.bcra.gob.ar/archivos/Pdfs/PublicacionesEstadisticas/din1_ser.txt,66eeb0fa88aec93dc2450f27d6b6a407b09e286cc3bfbd8a2653e2196994ae80,2026-08-08T00:02:00Z
bcra_treasury_deposits_ars_monthly_change,1991-02,monthly,6.228000,million_ars,calculated,bcra_money_credit_balances,https://www.bcra.gob.ar/archivos/Pdfs/PublicacionesEstadisticas/din1_ser.txt,66eeb0fa88aec93dc2450f27d6b6a407b09e286cc3bfbd8a2653e2196994ae80,2026-08-08T00:02:00Z
bcra_treasury_deposits_ars_monthly_change,1991-03,monthly,-3.975000,million_ars,calculated,bcra_money_credit_balances,https://www.bcra.gob.ar/archivos/Pdfs/PublicacionesEstadisticas/din1_ser.txt,66eeb0fa88aec93dc2450f27d6b6a407b09e286cc3bfbd8a2653e2196994ae80,2026-08-08T00:02:00Z
bcra_treasury_deposits_ars_monthly_change,1991-04,monthly,7.154000,million_ars,calculated,bcra_money_credit_balances,https://www.bcra.gob.ar/archivos/Pdfs/PublicacionesEstadisticas/din1_ser.txt,66eeb0fa88aec93dc2450f27d6b6a407b09e286cc3bfbd8a2653e2196994ae80,2026-08-08T00:02:00Z
bcra_treasury_deposits_ars_monthly_change,1991-05,monthly,-8.523000,million_ars,calculated,bcra_money_credit_balances,https://www.bcra.gob.ar/archivos/Pdfs/PublicacionesEstadisticas/din1_ser.txt,66eeb0fa88aec93dc2450f27d6b6a407b09e286cc3bfbd8a2653e2196994ae80,2026-08-08T00:02:00Z
bcra_treasury_deposits_ars_monthly_change,1991-06,monthly,3.004000,million_ars,calculated,bcra_money_credit_balances,https://www.bcra.gob.ar/archivos/Pdfs/PublicacionesEstadisticas/din1_ser.txt,66eeb0fa88aec93dc2450f27d6b6a407b09e286cc3bfbd8a2653e2196994ae80,2026-08-08T00:02:00Z
bcra_treasury_deposits_ars_monthly_change,1991-07,monthly,-2.754000,million_ars,calculated,bcra_money_credit_balances,https://www.bcra.gob.ar/archivos/Pdfs/PublicacionesEstadisticas/din1_ser.txt,66eeb0fa88aec93dc2450f27d6b6a407b09e286cc3bfbd8a2653e2196994ae80,2026-08-08T00:02:00Z
bcra_treasury_deposits_ars_monthly_change,1991-08,monthly,0.770000,million_ars,calculated,bcra_money_credit_balances,https://www.bcra.gob.ar/archivos/Pdfs/PublicacionesEstadisticas/din1_ser.txt,66eeb0fa88aec93dc2450f27d6b6a407b09e286cc3bfbd8a2653e2196994ae80,2026-08-08T00:02:00Z
bcra_treasury_deposits_ars_monthly_change,1991-09,monthly,0.094000,million_ars,calculated,bcra_money_credit_balances,https://www.bcra.gob.ar/archivos/Pdfs/PublicacionesEstadisticas/din1_ser.txt,66eeb0fa88aec93dc2450f27d6b6a407b09e286cc3bfbd8a2653e2196994ae80,2026-08-08T00:02:00Z
bcra_treasury_deposits_ars_monthly_change,1991-10,monthly,-1.070000,million_ars,calculated,bcra_money_credit_balances,https://www.bcra.gob.ar/archivos/Pdfs/PublicacionesEstadisticas/din1_ser.txt,66eeb0fa88aec93dc2450f27d6b6a407b09e286cc3bfbd8a2653e2196994ae80,2026-08-08T00:02:00Z
bcra_treasury_deposits_ars_monthly_change,1991-11,monthly,-0.928000,million_ars,calculated,bcra_money_credit_balances,https://www.bcra.gob.ar/archivos/Pdfs/PublicacionesEstadisticas/din1_ser.txt,66eeb0fa88aec93dc2450f27d6b6a407b09e286cc3bfbd8a2653e2196994ae80,2026-08-08T00:02:00Z
bcra_treasury_deposits_ars_monthly_change,1991-12,monthly,0.000000,million_ars,calculated,bcra_money_credit_balances,https://www.bcra.gob.ar/archivos/Pdfs/PublicacionesEstadisticas/din1_ser.txt,66eeb0fa88aec93dc2450f27d6b6a407b09e286cc3bfbd8a2653e2196994ae80,2026-08-08T00:02:00Z
bcra_treasury_deposits_ars_monthly_change,1992-01,monthly,0.000000,million_ars,calculated,bcra_money_credit_balances,https://www.bcra.gob.ar/archivos/Pdfs/PublicacionesEstadisticas/din1_ser.txt,66eeb0fa88aec93dc2450f27d6b6a407b09e286cc3bfbd8a2653e2196994ae80,2026-08-08T00:02:00Z
bcra_treasury_deposits_ars_monthly_change,1992-02,monthly,0.000000,million_ars,calculated,bcra_money_credit_balances,https://www.bcra.gob.ar/archivos/Pdfs/PublicacionesEstadisticas/din1_ser.txt,66eeb0fa88aec93dc2450f27d6b6a407b09e286cc3bfbd8a2653e2196994ae80,2026-08-08T00:02:00Z
bcra_treasury_deposits_ars_monthly_change,1992-03,monthly,0.000000,million_ars,calculated,bcra_money_credit_balances,https://www.bcra.gob.ar/archivos/Pdfs/PublicacionesEstadisticas/din1_ser.txt,66eeb0fa88aec93dc2450f27d6b6a407b09e286cc3bfbd8a2653e2196994ae80,2026-08-08T00:02:00Z
bcra_treasury_deposits_ars_monthly_change,1992-04,monthly,100.000000,million_ars,calculated,bcra_money_credit_balances,https://www.bcra.gob.ar/archivos/Pdfs/PublicacionesEstadisticas/din1_ser.txt,66eeb0fa88aec93dc2450f27d6b6a407b09e286cc3bfbd8a2653e2196994ae80,2026-08-08T00:02:00Z
bcra_treasury_deposits_ars_monthly_change,1992-05,monthly,0.000000,million_ars,calculated,bcra_money_credit_balances,https://www.bcra.gob.ar/archivos/Pdfs/PublicacionesEstadisticas/din1_ser.txt,66eeb0fa88aec93dc2450f27d6b6a407b09e286cc3bfbd8a2653e2196994ae80,2026-08-08T00:02:00Z
bcra_treasury_deposits_ars_monthly_change,1992-06,monthly,120.000000,million_ars,calculated,bcra_money_credit_balances,https://www.bcra.gob.ar/archivos/Pdfs/PublicacionesEstadisticas/din1_ser.txt,66eeb0fa88aec93dc2450f27d6b6a407b09e286cc3bfbd8a2653e2196994ae80,2026-08-08T00:02:00Z
bcra_treasury_deposits_ars_monthly_change,1992-07,monthly,-49.550000,million_ars,calculated,bcra_money_credit_balances,https://www.bcra.gob.ar/archivos/Pdfs/PublicacionesEstadisticas/din1_ser.txt,66eeb0fa88aec93dc2450f27d6b6a407b09e286cc3bfbd8a2653e2196994ae80,2026-08-08T00:02:00Z
bcra_treasury_deposits_ars_monthly_change,1992-08,monthly,0.000000,million_ars,calculated,bcra_money_credit_balances,https://www.bcra.gob.ar/archivos/Pdfs/PublicacionesEstadisticas/din1_ser.txt,66eeb0fa88aec93dc2450f27d6b6a407b09e286cc3bfbd8a2653e2196994ae80,2026-08-08T00:02:00Z
bcra_treasury_deposits_ars_monthly_change,1992-09,monthly,-70.450000,million_ars,calculated,bcra_money_credit_balances,https://www.bcra.gob.ar/archivos/Pdfs/PublicacionesEstadisticas/din1_ser.txt,66eeb0fa88aec93dc2450f27d6b6a407b09e286cc3bfbd8a2653e2196994ae80,2026-08-08T00:02:00Z
bcra_treasury_deposits_ars_monthly_change,1992-10,monthly,0.000000,million_ars,calculated,bcra_money_credit_balances,https://www.bcra.gob.ar/archivos/Pdfs/PublicacionesEstadisticas/din1_ser.txt,66eeb0fa88aec93dc2450f27d6b6a407b09e286cc3bfbd8a2653e2196994ae80,2026-08-08T00:02:00Z
bcra_treasury_deposits_ars_monthly_change,1992-11,monthly,0.000000,million_ars,calculated,bcra_money_credit_balances,https://www.bcra.gob.ar/archivos/Pdfs/PublicacionesEstadisticas/din1_ser.txt,66eeb0fa88aec93dc2450f27d6b6a407b09e286cc3bfbd8a2653e2196994ae80,2026-08-08T00:02:00Z
bcra_treasury_deposits_ars_monthly_change,1992-12,monthly,25.000000,million_ars,calculated,bcra_money_credit_balances,https://www.bcra.gob.ar/archivos/Pdfs/PublicacionesEstadisticas/din1_ser.txt,66eeb0fa88aec93dc2450f27d6b6a407b09e286cc3bfbd8a2653e2196994ae80,2026-08-08T00:02:00Z
bcra_treasury_deposits_ars_monthly_change,1993-01,monthly,-125.000000,million_ars,calculated,bcra_money_credit_balances,https://www.bcra.gob.ar/archivos/Pdfs/PublicacionesEstadisticas/din1_ser.txt,66eeb0fa88aec93dc2450f27d6b6a407b09e286cc3bfbd8a2653e2196994ae80,2026-08-08T00:02:00Z
bcra_treasury_deposits_ars_monthly_change,1993-02,monthly,0.000000,million_ars,calculated,bcra_money_credit_balances,https://www.bcra.gob.ar/archivos/Pdfs/PublicacionesEstadisticas/din1_ser.txt,66eeb0fa88aec93dc2450f27d6b6a407b09e286cc3bfbd8a2653e2196994ae80,2026-08-08T00:02:00Z
bcra_treasury_deposits_ars_monthly_change,1993-03,monthly,700.000000,million_ars,calculated,bcra_money_credit_balances,https://www.bcra.gob.ar/archivos/Pdfs/PublicacionesEstadisticas/din1_ser.txt,66eeb0fa88aec93dc2450f27d6b6a407b09e286cc3bfbd8a2653e2196994ae80,2026-08-08T00:02:00Z
bcra_treasury_deposits_ars_monthly_change,1993-04,monthly,-700.000000,million_ars,calculated,bcra_money_credit_balances,https://www.bcra.gob.ar/archivos/Pdfs/PublicacionesEstadisticas/din1_ser.txt,66eeb0fa88aec93dc2450f27d6b6a407b09e286cc3bfbd8a2653e2196994ae80,2026-08-08T00:02:00Z
bcra_treasury_deposits_ars_monthly_change,1993-05,monthly,30.000000,million_ars,calculated,bcra_money_credit_balances,https://www.bcra.gob.ar/archivos/Pdfs/PublicacionesEstadisticas/din1_ser.txt,66eeb0fa88aec93dc2450f27d6b6a407b09e286cc3bfbd8a2653e2196994ae80,2026-08-08T00:02:00Z
bcra_treasury_deposits_ars_monthly_change,1993-06,monthly,170.000000,million_ars,calculated,bcra_money_credit_balances,https://www.bcra.gob.ar/archivos/Pdfs/PublicacionesEstadisticas/din1_ser.txt,66eeb0fa88aec93dc2450f27d6b6a407b09e286cc3bfbd8a2653e2196994ae80,2026-08-08T00:02:00Z
bcra_treasury_deposits_ars_monthly_change,1993-07,monthly,-200.000000,million_ars,calculated,bcra_money_credit_balances,https://www.bcra.gob.ar/archivos/Pdfs/PublicacionesEstadisticas/din1_ser.txt,66eeb0fa88aec93dc2450f27d6b6a407b09e286cc3bfbd8a2653e2196994ae80,2026-08-08T00:02:00Z
bcra_treasury_deposits_ars_monthly_change,1993-08,monthly,0.000000,million_ars,calculated,bcra_money_credit_balances,https://www.bcra.gob.ar/archivos/Pdfs/PublicacionesEstadisticas/din1_ser.txt,66eeb0fa88aec93dc2450f27d6b6a407b09e286cc3bfbd8a2653e2196994ae80,2026-08-08T00:02:00Z
bcra_treasury_deposits_ars_monthly_change,1993-09,monthly,800.000000,million_ars,calculated,bcra_money_credit_balances,https://www.bcra.gob.ar/archivos/Pdfs/PublicacionesEstadisticas/din1_ser.txt,66eeb0fa88aec93dc2450f27d6b6a407b09e286cc3bfbd8a2653e2196994ae80,2026-08-08T00:02:00Z
bcra_treasury_deposits_ars_monthly_change,1993-10,monthly,-800.000000,million_ars,calculated,bcra_money_credit_balances,https://www.bcra.gob.ar/archivos/Pdfs/PublicacionesEstadisticas/din1_ser.txt,66eeb0fa88aec93dc2450f27d6b6a407b09e286cc3bfbd8a2653e2196994ae80,2026-08-08T00:02:00Z
bcra_treasury_deposits_ars_monthly_change,1993-11,monthly,0.000000,million_ars,calculated,bcra_money_credit_balances,https://www.bcra.gob.ar/archivos/Pdfs/PublicacionesEstadisticas/din1_ser.txt,66eeb0fa88aec93dc2450f27d6b6a407b09e286cc3bfbd8a2653e2196994ae80,2026-08-08T00:02:00Z
bcra_treasury_deposits_ars_monthly_change,1993-12,monthly,800.000000,million_ars,calculated,bcra_money_credit_balances,https://www.bcra.gob.ar/archivos/Pdfs/PublicacionesEstadisticas/din1_ser.txt,66eeb0fa88aec93dc2450f27d6b6a407b09e286cc3bfbd8a2653e2196994ae80,2026-08-08T00:02:00Z
bcra_treasury_deposits_ars_monthly_change,1994-01,monthly,-800.000000,million_ars,calculated,bcra_money_credit_balances,https://www.bcra.gob.ar/archivos/Pdfs/PublicacionesEstadisticas/din1_ser.txt,66eeb0fa88aec93dc2450f27d6b6a407b09e286cc3bfbd8a2653e2196994ae80,2026-08-08T00:02:00Z
bcra_treasury_deposits_ars_monthly_change,1994-02,monthly,0.000000,million_ars,calculated,bcra_money_credit_balances,https://www.bcra.gob.ar/archivos/Pdfs/PublicacionesEstadisticas/din1_ser.txt,66eeb0fa88aec93dc2450f27d6b6a407b09e286cc3bfbd8a2653e2196994ae80,2026-08-08T00:02:00Z
bcra_treasury_deposits_ars_monthly_change,1994-03,monthly,650.000000,million_ars,calculated,bcra_money_credit_balances,https://www.bcra.gob.ar/archivos/Pdfs/PublicacionesEstadisticas/din1_ser.txt,66eeb0fa88aec93dc2450f27d6b6a407b09e286cc3bfbd8a2653e2196994ae80,2026-08-08T00:02:00Z
bcra_treasury_deposits_ars_monthly_change,1994-04,monthly,-650.000000,million_ars,calculated,bcra_money_credit_balances,https://www.bcra.gob.ar/archivos/Pdfs/PublicacionesEstadisticas/din1_ser.txt,66eeb0fa88aec93dc2450f27d6b6a407b09e286cc3bfbd8a2653e2196994ae80,2026-08-08T00:02:00Z
bcra_treasury_deposits_ars_monthly_change,1994-05,monthly,0.000000,million_ars,calculated,bcra_money_credit_balances,https://www.bcra.gob.ar/archivos/Pdfs/PublicacionesEstadisticas/din1_ser.txt,66eeb0fa88aec93dc2450f27d6b6a407b09e286cc3bfbd8a2653e2196994ae80,2026-08-08T00:02:00Z
bcra_treasury_deposits_ars_monthly_change,1994-06,monthly,1350.000000,million_ars,calculated,bcra_money_credit_balances,https://www.bcra.gob.ar/archivos/Pdfs/PublicacionesEstadisticas/din1_ser.txt,66eeb0fa88aec93dc2450f27d6b6a407b09e286cc3bfbd8a2653e2196994ae80,2026-08-08T00:02:00Z
bcra_treasury_deposits_ars_monthly_change,1994-07,monthly,-1350.000000,million_ars,calculated,bcra_money_credit_balances,https://www.bcra.gob.ar/archivos/Pdfs/PublicacionesEstadisticas/din1_ser.txt,66eeb0fa88aec93dc2450f27d6b6a407b09e286cc3bfbd8a2653e2196994ae80,2026-08-08T00:02:00Z
bcra_treasury_deposits_ars_monthly_change,1994-08,monthly,48.810000,million_ars,calculated,bcra_money_credit_balances,https://www.bcra.gob.ar/archivos/Pdfs/PublicacionesEstadisticas/din1_ser.txt,66eeb0fa88aec93dc2450f27d6b6a407b09e286cc3bfbd8a2653e2196994ae80,2026-08-08T00:02:00Z
bcra_treasury_deposits_ars_monthly_change,1994-09,monthly,1128.848000,million_ars,calculated,bcra_money_credit_balances,https://www.bcra.gob.ar/archivos/Pdfs/PublicacionesEstadisticas/din1_ser.txt,66eeb0fa88aec93dc2450f27d6b6a407b09e286cc3bfbd8a2653e2196994ae80,2026-08-08T00:02:00Z
bcra_treasury_deposits_ars_monthly_change,1994-10,monthly,-1177.658000,million_ars,calculated,bcra_money_credit_balances,https://www.bcra.gob.ar/archivos/Pdfs/PublicacionesEstadisticas/din1_ser.txt,66eeb0fa88aec93dc2450f27d6b6a407b09e286cc3bfbd8a2653e2196994ae80,2026-08-08T00:02:00Z
bcra_treasury_deposits_ars_monthly_change,1994-11,monthly,142.422000,million_ars,calculated,bcra_money_credit_balances,https://www.bcra.gob.ar/archivos/Pdfs/PublicacionesEstadisticas/din1_ser.txt,66eeb0fa88aec93dc2450f27d6b6a407b09e286cc3bfbd8a2653e2196994ae80,2026-08-08T00:02:00Z
bcra_treasury_deposits_ars_monthly_change,1994-12,monthly,-142.422000,million_ars,calculated,bcra_money_credit_balances,https://www.bcra.gob.ar/archivos/Pdfs/PublicacionesEstadisticas/din1_ser.txt,66eeb0fa88aec93dc2450f27d6b6a407b09e286cc3bfbd8a2653e2196994ae80,2026-08-08T00:02:00Z
bcra_treasury_deposits_ars_monthly_change,1995-01,monthly,0.000000,million_ars,calculated,bcra_money_credit_balances,https://www.bcra.gob.ar/archivos/Pdfs/PublicacionesEstadisticas/din1_ser.txt,66eeb0fa88aec93dc2450f27d6b6a407b09e286cc3bfbd8a2653e2196994ae80,2026-08-08T00:02:00Z
bcra_treasury_deposits_ars_monthly_change,1995-02,monthly,0.000000,million_ars,calculated,bcra_money_credit_balances,https://www.bcra.gob.ar/archivos/Pdfs/PublicacionesEstadisticas/din1_ser.txt,66eeb0fa88aec93dc2450f27d6b6a407b09e286cc3bfbd8a2653e2196994ae80,2026-08-08T00:02:00Z
bcra_treasury_deposits_ars_monthly_change,1995-03,monthly,0.000000,million_ars,calculated,bcra_money_credit_balances,https://www.bcra.gob.ar/archivos/Pdfs/PublicacionesEstadisticas/din1_ser.txt,66eeb0fa88aec93dc2450f27d6b6a407b09e286cc3bfbd8a2653e2196994ae80,2026-08-08T00:02:00Z
bcra_treasury_deposits_ars_monthly_change,1995-04,monthly,0.000000,million_ars,calculated,bcra_money_credit_balances,https://www.bcra.gob.ar/archivos/Pdfs/PublicacionesEstadisticas/din1_ser.txt,66eeb0fa88aec93dc2450f27d6b6a407b09e286cc3bfbd8a2653e2196994ae80,2026-08-08T00:02:00Z
bcra_treasury_deposits_ars_monthly_change,1995-05,monthly,0.000000,million_ars,calculated,bcra_money_credit_balances,https://www.bcra.gob.ar/archivos/Pdfs/PublicacionesEstadisticas/din1_ser.txt,66eeb0fa88aec93dc2450f27d6b6a407b09e286cc3bfbd8a2653e2196994ae80,2026-08-08T00:02:00Z
bcra_treasury_deposits_ars_monthly_change,1995-06,monthly,0.000000,million_ars,calculated,bcra_money_credit_balances,https://www.bcra.gob.ar/archivos/Pdfs/PublicacionesEstadisticas/din1_ser.txt,66eeb0fa88aec93dc2450f27d6b6a407b09e286cc3bfbd8a2653e2196994ae80,2026-08-08T00:02:00Z
bcra_treasury_deposits_ars_monthly_change,1995-07,monthly,0.000000,million_ars,calculated,bcra_money_credit_balances,https://www.bcra.gob.ar/archivos/Pdfs/PublicacionesEstadisticas/din1_ser.txt,66eeb0fa88aec93dc2450f27d6b6a407b09e286cc3bfbd8a2653e2196994ae80,2026-08-08T00:02:00Z
bcra_treasury_deposits_ars_monthly_change,1995-08,monthly,0.000000,million_ars,calculated,bcra_money_credit_balances,https://www.bcra.gob.ar/archivos/Pdfs/PublicacionesEstadisticas/din1_ser.txt,66eeb0fa88aec93dc2450f27d6b6a407b09e286cc3bfbd8a2653e2196994ae80,2026-08-08T00:02:00Z
bcra_treasury_deposits_ars_monthly_change,1995-09,monthly,0.000000,million_ars,calculated,bcra_money_credit_balances,https://www.bcra.gob.ar/archivos/Pdfs/PublicacionesEstadisticas/din1_ser.txt,66eeb0fa88aec93dc2450f27d6b6a407b09e286cc3bfbd8a2653e2196994ae80,2026-08-08T00:02:00Z
bcra_treasury_deposits_ars_monthly_change,1995-10,monthly,0.000000,million_ars,calculated,bcra_money_credit_balances,https://www.bcra.gob.ar/archivos/Pdfs/PublicacionesEstadisticas/din1_ser.txt,66eeb0fa88aec93dc2450f27d6b6a407b09e286cc3bfbd8a2653e2196994ae80,2026-08-08T00:02:00Z
bcra_treasury_deposits_ars_monthly_change,1995-11,monthly,0.000000,million_ars,calculated,bcra_money_credit_balances,https://www.bcra.gob.ar/archivos/Pdfs/PublicacionesEstadisticas/din1_ser.txt,66eeb0fa88aec93dc2450f27d6b6a407b09e286cc3bfbd8a2653e2196994ae80,2026-08-08T00:02:00Z
bcra_treasury_deposits_ars_monthly_change,1995-12,monthly,0.000000,million_ars,calculated,bcra_money_credit_balances,https://www.bcra.gob.ar/archivos/Pdfs/PublicacionesEstadisticas/din1_ser.txt,66eeb0fa88aec93dc2450f27d6b6a407b09e286cc3bfbd8a2653e2196994ae80,2026-08-08T00:02:00Z
bcra_treasury_deposits_ars_monthly_change,1996-01,monthly,0.000000,million_ars,calculated,bcra_money_credit_balances,https://www.bcra.gob.ar/archivos/Pdfs/PublicacionesEstadisticas/din1_ser.txt,66eeb0fa88aec93dc2450f27d6b6a407b09e286cc3bfbd8a2653e2196994ae80,2026-08-08T00:02:00Z
bcra_treasury_deposits_ars_monthly_change,1996-02,monthly,0.000000,million_ars,calculated,bcra_money_credit_balances,https://www.bcra.gob.ar/archivos/Pdfs/PublicacionesEstadisticas/din1_ser.txt,66eeb0fa88aec93dc2450f27d6b6a407b09e286cc3bfbd8a2653e2196994ae80,2026-08-08T00:02:00Z
bcra_treasury_deposits_ars_monthly_change,1996-03,monthly,0.000000,million_ars,calculated,bcra_money_credit_balances,https://www.bcra.gob.ar/archivos/Pdfs/PublicacionesEstadisticas/din1_ser.txt,66eeb0fa88aec93dc2450f27d6b6a407b09e286cc3bfbd8a2653e2196994ae80,2026-08-08T00:02:00Z
bcra_treasury_deposits_ars_monthly_change,1996-04,monthly,0.000000,million_ars,calculated,bcra_money_credit_balances,https://www.bcra.gob.ar/archivos/Pdfs/PublicacionesEstadisticas/din1_ser.txt,66eeb0fa88aec93dc2450f27d6b6a407b09e286cc3bfbd8a2653e2196994ae80,2026-08-08T00:02:00Z
bcra_treasury_deposits_ars_monthly_change,1996-05,monthly,0.000000,million_ars,calculated,bcra_money_credit_balances,https://www.bcra.gob.ar/archivos/Pdfs/PublicacionesEstadisticas/din1_ser.txt,66eeb0fa88aec93dc2450f27d6b6a407b09e286cc3bfbd8a2653e2196994ae80,2026-08-08T00:02:00Z
bcra_treasury_deposits_ars_monthly_change,1996-06,monthly,0.000000,million_ars,calculated,bcra_money_credit_balances,https://www.bcra.gob.ar/archivos/Pdfs/PublicacionesEstadisticas/din1_ser.txt,66eeb0fa88aec93dc2450f27d6b6a407b09e286cc3bfbd8a2653e2196994ae80,2026-08-08T00:02:00Z
bcra_treasury_deposits_ars_monthly_change,1996-07,monthly,0.000000,million_ars,calculated,bcra_money_credit_balances,https://www.bcra.gob.ar/archivos/Pdfs/PublicacionesEstadisticas/din1_ser.txt,66eeb0fa88aec93dc2450f27d6b6a407b09e286cc3bfbd8a2653e2196994ae80,2026-08-08T00:02:00Z
bcra_treasury_deposits_ars_monthly_change,1996-08,monthly,0.000000,million_ars,calculated,bcra_money_credit_balances,https://www.bcra.gob.ar/archivos/Pdfs/PublicacionesEstadisticas/din1_ser.txt,66eeb0fa88aec93dc2450f27d6b6a407b09e286cc3bfbd8a2653e2196994ae80,2026-08-08T00:02:00Z
bcra_treasury_deposits_ars_monthly_change,1996-09,monthly,0.000000,million_ars,calculated,bcra_money_credit_balances,https://www.bcra.gob.ar/archivos/Pdfs/PublicacionesEstadisticas/din1_ser.txt,66eeb0fa88aec93dc2450f27d6b6a407b09e286cc3bfbd8a2653e2196994ae80,2026-08-08T00:02:00Z
bcra_treasury_deposits_ars_monthly_change,1996-10,monthly,0.000000,million_ars,calculated,bcra_money_credit_balances,https://www.bcra.gob.ar/archivos/Pdfs/PublicacionesEstadisticas/din1_ser.txt,66eeb0fa88aec93dc2450f27d6b6a407b09e286cc3bfbd8a2653e2196994ae80,2026-08-08T00:02:00Z
bcra_treasury_deposits_ars_monthly_change,1996-11,monthly,0.000000,million_ars,calculated,bcra_money_credit_balances,https://www.bcra.gob.ar/archivos/Pdfs/PublicacionesEstadisticas/din1_ser.txt,66eeb0fa88aec93dc2450f27d6b6a407b09e286cc3bfbd8a2653e2196994ae80,2026-08-08T00:02:00Z
bcra_treasury_deposits_ars_monthly_change,1996-12,monthly,0.000000,million_ars,calculated,bcra_money_credit_balances,https://www.bcra.gob.ar/archivos/Pdfs/PublicacionesEstadisticas/din1_ser.txt,66eeb0fa88aec93dc2450f27d6b6a407b09e286cc3bfbd8a2653e2196994ae80,2026-08-08T00:02:00Z
bcra_treasury_deposits_ars_monthly_change,1997-01,monthly,0.000000,million_ars,calculated,bcra_money_credit_balances,https://www.bcra.gob.ar/archivos/Pdfs/PublicacionesEstadisticas/din1_ser.txt,66eeb0fa88aec93dc2450f27d6b6a407b09e286cc3bfbd8a2653e2196994ae80,2026-08-08T00:02:00Z
bcra_treasury_deposits_ars_monthly_change,1997-02,monthly,0.000000,million_ars,calculated,bcra_money_credit_balances,https://www.bcra.gob.ar/archivos/Pdfs/PublicacionesEstadisticas/din1_ser.txt,66eeb0fa88aec93dc2450f27d6b6a407b09e286cc3bfbd8a2653e2196994ae80,2026-08-08T00:02:00Z
bcra_treasury_deposits_ars_monthly_change,1997-03,monthly,0.000000,million_ars,calculated,bcra_money_credit_balances,https://www.bcra.gob.ar/archivos/Pdfs/PublicacionesEstadisticas/din1_ser.txt,66eeb0fa88aec93dc2450f27d6b6a407b09e286cc3bfbd8a2653e2196994ae80,2026-08-08T00:02:00Z
bcra_treasury_deposits_ars_monthly_change,1997-04,monthly,0.000000,million_ars,calculated,bcra_money_credit_balances,https://www.bcra.gob.ar/archivos/Pdfs/PublicacionesEstadisticas/din1_ser.txt,66eeb0fa88aec93dc2450f27d6b6a407b09e286cc3bfbd8a2653e2196994ae80,2026-08-08T00:02:00Z
bcra_treasury_deposits_ars_monthly_change,1997-05,monthly,0.000000,million_ars,calculated,bcra_money_credit_balances,https://www.bcra.gob.ar/archivos/Pdfs/PublicacionesEstadisticas/din1_ser.txt,66eeb0fa88aec93dc2450f27d6b6a407b09e286cc3bfbd8a2653e2196994ae80,2026-08-08T00:02:00Z
bcra_treasury_deposits_ars_monthly_change,1997-06,monthly,0.000000,million_ars,calculated,bcra_money_credit_balances,https://www.bcra.gob.ar/archivos/Pdfs/PublicacionesEstadisticas/din1_ser.txt,66eeb0fa88aec93dc2450f27d6b6a407b09e286cc3bfbd8a2653e2196994ae80,2026-08-08T00:02:00Z
bcra_treasury_deposits_ars_monthly_change,1997-07,monthly,0.000000,million_ars,calculated,bcra_money_credit_balances,https://www.bcra.gob.ar/archivos/Pdfs/PublicacionesEstadisticas/din1_ser.txt,66eeb0fa88aec93dc2450f27d6b6a407b09e286cc3bfbd8a2653e2196994ae80,2026-08-08T00:02:00Z
bcra_treasury_deposits_ars_monthly_change,1997-08,monthly,0.000000,million_ars,calculated,bcra_money_credit_balances,https://www.bcra.gob.ar/archivos/Pdfs/PublicacionesEstadisticas/din1_ser.txt,66eeb0fa88aec93dc2450f27d6b6a407b09e286cc3bfbd8a2653e2196994ae80,2026-08-08T00:02:00Z
bcra_treasury_deposits_ars_monthly_change,1997-09,monthly,0.000000,million_ars,calculated,bcra_money_credit_balances,https://www.bcra.gob.ar/archivos/Pdfs/PublicacionesEstadisticas/din1_ser.txt,66eeb0fa88aec93dc2450f27d6b6a407b09e286cc3bfbd8a2653e2196994ae80,2026-08-08T00:02:00Z
bcra_treasury_deposits_ars_monthly_change,1997-10,monthly,0.000000,million_ars,calculated,bcra_money_credit_balances,https://www.bcra.gob.ar/archivos/Pdfs/PublicacionesEstadisticas/din1_ser.txt,66eeb0fa88aec93dc2450f27d6b6a407b09e286cc3bfbd8a2653e2196994ae80,2026-08-08T00:02:00Z
bcra_treasury_deposits_ars_monthly_change,1997-11,monthly,0.000000,million_ars,calculated,bcra_money_credit_balances,https://www.bcra.gob.ar/archivos/Pdfs/PublicacionesEstadisticas/din1_ser.txt,66eeb0fa88aec93dc2450f27d6b6a407b09e286cc3bfbd8a2653e2196994ae80,2026-08-08T00:02:00Z
bcra_treasury_deposits_ars_monthly_change,1997-12,monthly,0.000000,million_ars,calculated,bcra_money_credit_balances,https://www.bcra.gob.ar/archivos/Pdfs/PublicacionesEstadisticas/din1_ser.txt,66eeb0fa88aec93dc2450f27d6b6a407b09e286cc3bfbd8a2653e2196994ae80,2026-08-08T00:02:00Z
bcra_treasury_deposits_ars_monthly_change,1998-01,monthly,0.000000,million_ars,calculated,bcra_money_credit_balances,https://www.bcra.gob.ar/archivos/Pdfs/PublicacionesEstadisticas/din1_ser.txt,66eeb0fa88aec93dc2450f27d6b6a407b09e286cc3bfbd8a2653e2196994ae80,2026-08-08T00:02:00Z
bcra_treasury_deposits_ars_monthly_change,1998-02,monthly,0.000000,million_ars,calculated,bcra_money_credit_balances,https://www.bcra.gob.ar/archivos/Pdfs/PublicacionesEstadisticas/din1_ser.txt,66eeb0fa88aec93dc2450f27d6b6a407b09e286cc3bfbd8a2653e2196994ae80,2026-08-08T00:02:00Z
bcra_treasury_deposits_ars_monthly_change,1998-03,monthly,0.000000,million_ars,calculated,bcra_money_credit_balances,https://www.bcra.gob.ar/archivos/Pdfs/PublicacionesEstadisticas/din1_ser.txt,66eeb0fa88aec93dc2450f27d6b6a407b09e286cc3bfbd8a2653e2196994ae80,2026-08-08T00:02:00Z
bcra_treasury_deposits_ars_monthly_change,1998-04,monthly,0.000000,million_ars,calculated,bcra_money_credit_balances,https://www.bcra.gob.ar/archivos/Pdfs/PublicacionesEstadisticas/din1_ser.txt,66eeb0fa88aec93dc2450f27d6b6a407b09e286cc3bfbd8a2653e2196994ae80,2026-08-08T00:02:00Z
bcra_treasury_deposits_ars_monthly_change,1998-05,monthly,0.000000,million_ars,calculated,bcra_money_credit_balances,https://www.bcra.gob.ar/archivos/Pdfs/PublicacionesEstadisticas/din1_ser.txt,66eeb0fa88aec93dc2450f27d6b6a407b09e286cc3bfbd8a2653e2196994ae80,2026-08-08T00:02:00Z
bcra_treasury_deposits_ars_monthly_change,1998-06,monthly,0.000000,million_ars,calculated,bcra_money_credit_balances,https://www.bcra.gob.ar/archivos/Pdfs/PublicacionesEstadisticas/din1_ser.txt,66eeb0fa88aec93dc2450f27d6b6a407b09e286cc3bfbd8a2653e2196994ae80,2026-08-08T00:02:00Z
bcra_treasury_deposits_ars_monthly_change,1998-07,monthly,0.000000,million_ars,calculated,bcra_money_credit_balances,https://www.bcra.gob.ar/archivos/Pdfs/PublicacionesEstadisticas/din1_ser.txt,66eeb0fa88aec93dc2450f27d6b6a407b09e286cc3bfbd8a2653e2196994ae80,2026-08-08T00:02:00Z
bcra_treasury_deposits_ars_monthly_change,1998-08,monthly,0.000000,million_ars,calculated,bcra_money_credit_balances,https://www.bcra.gob.ar/archivos/Pdfs/PublicacionesEstadisticas/din1_ser.txt,66eeb0fa88aec93dc2450f27d6b6a407b09e286cc3bfbd8a2653e2196994ae80,2026-08-08T00:02:00Z
bcra_treasury_deposits_ars_monthly_change,1998-09,monthly,0.000000,million_ars,calculated,bcra_money_credit_balances,https://www.bcra.gob.ar/archivos/Pdfs/PublicacionesEstadisticas/din1_ser.txt,66eeb0fa88aec93dc2450f27d6b6a407b09e286cc3bfbd8a2653e2196994ae80,2026-08-08T00:02:00Z
bcra_treasury_deposits_ars_monthly_change,1998-10,monthly,0.000000,million_ars,calculated,bcra_money_credit_balances,https://www.bcra.gob.ar/archivos/Pdfs/PublicacionesEstadisticas/din1_ser.txt,66eeb0fa88aec93dc2450f27d6b6a407b09e286cc3bfbd8a2653e2196994ae80,2026-08-08T00:02:00Z
bcra_treasury_deposits_ars_monthly_change,1998-11,monthly,0.000000,million_ars,calculated,bcra_money_credit_balances,https://www.bcra.gob.ar/archivos/Pdfs/PublicacionesEstadisticas/din1_ser.txt,66eeb0fa88aec93dc2450f27d6b6a407b09e286cc3bfbd8a2653e2196994ae80,2026-08-08T00:02:00Z
bcra_treasury_deposits_ars_monthly_change,1998-12,monthly,0.000000,million_ars,calculated,bcra_money_credit_balances,https://www.bcra.gob.ar/archivos/Pdfs/PublicacionesEstadisticas/din1_ser.txt,66eeb0fa88aec93dc2450f27d6b6a407b09e286cc3bfbd8a2653e2196994ae80,2026-08-08T00:02:00Z
bcra_treasury_deposits_ars_monthly_change,1999-01,monthly,0.000000,million_ars,calculated,bcra_money_credit_balances,https://www.bcra.gob.ar/archivos/Pdfs/PublicacionesEstadisticas/din1_ser.txt,66eeb0fa88aec93dc2450f27d6b6a407b09e286cc3bfbd8a2653e2196994ae80,2026-08-08T00:02:00Z
bcra_treasury_deposits_ars_monthly_change,1999-02,monthly,0.000000,million_ars,calculated,bcra_money_credit_balances,https://www.bcra.gob.ar/archivos/Pdfs/PublicacionesEstadisticas/din1_ser.txt,66eeb0fa88aec93dc2450f27d6b6a407b09e286cc3bfbd8a2653e2196994ae80,2026-08-08T00:02:00Z
bcra_treasury_deposits_ars_monthly_change,1999-03,monthly,0.000000,million_ars,calculated,bcra_money_credit_balances,https://www.bcra.gob.ar/archivos/Pdfs/PublicacionesEstadisticas/din1_ser.txt,66eeb0fa88aec93dc2450f27d6b6a407b09e286cc3bfbd8a2653e2196994ae80,2026-08-08T00:02:00Z
bcra_treasury_deposits_ars_monthly_change,1999-04,monthly,0.000000,million_ars,calculated,bcra_money_credit_balances,https://www.bcra.gob.ar/archivos/Pdfs/PublicacionesEstadisticas/din1_ser.txt,66eeb0fa88aec93dc2450f27d6b6a407b09e286cc3bfbd8a2653e2196994ae80,2026-08-08T00:02:00Z
bcra_treasury_deposits_ars_monthly_change,1999-05,monthly,0.000000,million_ars,calculated,bcra_money_credit_balances,https://www.bcra.gob.ar/archivos/Pdfs/PublicacionesEstadisticas/din1_ser.txt,66eeb0fa88aec93dc2450f27d6b6a407b09e286cc3bfbd8a2653e2196994ae80,2026-08-08T00:02:00Z
bcra_treasury_deposits_ars_monthly_change,1999-06,monthly,0.000000,million_ars,calculated,bcra_money_credit_balances,https://www.bcra.gob.ar/archivos/Pdfs/PublicacionesEstadisticas/din1_ser.txt,66eeb0fa88aec93dc2450f27d6b6a407b09e286cc3bfbd8a2653e2196994ae80,2026-08-08T00:02:00Z
bcra_treasury_deposits_ars_monthly_change,1999-07,monthly,0.000000,million_ars,calculated,bcra_money_credit_balances,https://www.bcra.gob.ar/archivos/Pdfs/PublicacionesEstadisticas/din1_ser.txt,66eeb0fa88aec93dc2450f27d6b6a407b09e286cc3bfbd8a2653e2196994ae80,2026-08-08T00:02:00Z
bcra_treasury_deposits_ars_monthly_change,1999-08,monthly,0.000000,million_ars,calculated,bcra_money_credit_balances,https://www.bcra.gob.ar/archivos/Pdfs/PublicacionesEstadisticas/din1_ser.txt,66eeb0fa88aec93dc2450f27d6b6a407b09e286cc3bfbd8a2653e2196994ae80,2026-08-08T00:02:00Z
bcra_treasury_deposits_ars_monthly_change,1999-09,monthly,0.000000,million_ars,calculated,bcra_money_credit_balances,https://www.bcra.gob.ar/archivos/Pdfs/PublicacionesEstadisticas/din1_ser.txt,66eeb0fa88aec93dc2450f27d6b6a407b09e286cc3bfbd8a2653e2196994ae80,2026-08-08T00:02:00Z
bcra_treasury_deposits_ars_monthly_change,1999-10,monthly,0.000000,million_ars,calculated,bcra_money_credit_balances,https://www.bcra.gob.ar/archivos/Pdfs/PublicacionesEstadisticas/din1_ser.txt,66eeb0fa88aec93dc2450f27d6b6a407b09e286cc3bfbd8a2653e2196994ae80,2026-08-08T00:02:00Z
bcra_treasury_deposits_ars_monthly_change,1999-11,monthly,0.000000,million_ars,calculated,bcra_money_credit_balances,https://www.bcra.gob.ar/archivos/Pdfs/PublicacionesEstadisticas/din1_ser.txt,66eeb0fa88aec93dc2450f27d6b6a407b09e286cc3bfbd8a2653e2196994ae80,2026-08-08T00:02:00Z
bcra_treasury_deposits_ars_monthly_change,1999-12,monthly,0.000000,million_ars,calculated,bcra_money_credit_balances,https://www.bcra.gob.ar/archivos/Pdfs/PublicacionesEstadisticas/din1_ser.txt,66eeb0fa88aec93dc2450f27d6b6a407b09e286cc3bfbd8a2653e2196994ae80,2026-08-08T00:02:00Z
bcra_treasury_deposits_ars_monthly_change,2000-01,monthly,0.000000,million_ars,calculated,bcra_money_credit_balances,https://www.bcra.gob.ar/archivos/Pdfs/PublicacionesEstadisticas/din1_ser.txt,66eeb0fa88aec93dc2450f27d6b6a407b09e286cc3bfbd8a2653e2196994ae80,2026-08-08T00:02:00Z
bcra_treasury_deposits_ars_monthly_change,2000-02,monthly,0.000000,million_ars,calculated,bcra_money_credit_balances,https://www.bcra.gob.ar/archivos/Pdfs/PublicacionesEstadisticas/din1_ser.txt,66eeb0fa88aec93dc2450f27d6b6a407b09e286cc3bfbd8a2653e2196994ae80,2026-08-08T00:02:00Z
bcra_treasury_deposits_ars_monthly_change,2000-03,monthly,0.000000,million_ars,calculated,bcra_money_credit_balances,https://www.bcra.gob.ar/archivos/Pdfs/PublicacionesEstadisticas/din1_ser.txt,66eeb0fa88aec93dc2450f27d6b6a407b09e286cc3bfbd8a2653e2196994ae80,2026-08-08T00:02:00Z
bcra_treasury_deposits_ars_monthly_change,2000-04,monthly,0.000000,million_ars,calculated,bcra_money_credit_balances,https://www.bcra.gob.ar/archivos/Pdfs/PublicacionesEstadisticas/din1_ser.txt,66eeb0fa88aec93dc2450f27d6b6a407b09e286cc3bfbd8a2653e2196994ae80,2026-08-08T00:02:00Z
bcra_treasury_deposits_ars_monthly_change,2000-05,monthly,0.000000,million_ars,calculated,bcra_money_credit_balances,https://www.bcra.gob.ar/archivos/Pdfs/PublicacionesEstadisticas/din1_ser.txt,66eeb0fa88aec93dc2450f27d6b6a407b09e286cc3bfbd8a2653e2196994ae80,2026-08-08T00:02:00Z
bcra_treasury_deposits_ars_monthly_change,2000-06,monthly,0.000000,million_ars,calculated,bcra_money_credit_balances,https://www.bcra.gob.ar/archivos/Pdfs/PublicacionesEstadisticas/din1_ser.txt,66eeb0fa88aec93dc2450f27d6b6a407b09e286cc3bfbd8a2653e2196994ae80,2026-08-08T00:02:00Z
bcra_treasury_deposits_ars_monthly_change,2000-07,monthly,0.000000,million_ars,calculated,bcra_money_credit_balances,https://www.bcra.gob.ar/archivos/Pdfs/PublicacionesEstadisticas/din1_ser.txt,66eeb0fa88aec93dc2450f27d6b6a407b09e286cc3bfbd8a2653e2196994ae80,2026-08-08T00:02:00Z
bcra_treasury_deposits_ars_monthly_change,2000-08,monthly,0.000000,million_ars,calculated,bcra_money_credit_balances,https://www.bcra.gob.ar/archivos/Pdfs/PublicacionesEstadisticas/din1_ser.txt,66eeb0fa88aec93dc2450f27d6b6a407b09e286cc3bfbd8a2653e2196994ae80,2026-08-08T00:02:00Z
bcra_treasury_deposits_ars_monthly_change,2000-09,monthly,0.000000,million_ars,calculated,bcra_money_credit_balances,https://www.bcra.gob.ar/archivos/Pdfs/PublicacionesEstadisticas/din1_ser.txt,66eeb0fa88aec93dc2450f27d6b6a407b09e286cc3bfbd8a2653e2196994ae80,2026-08-08T00:02:00Z
bcra_treasury_deposits_ars_monthly_change,2000-10,monthly,0.000000,million_ars,calculated,bcra_money_credit_balances,https://www.bcra.gob.ar/archivos/Pdfs/PublicacionesEstadisticas/din1_ser.txt,66eeb0fa88aec93dc2450f27d6b6a407b09e286cc3bfbd8a2653e2196994ae80,2026-08-08T00:02:00Z
bcra_treasury_deposits_ars_monthly_change,2000-11,monthly,0.000000,million_ars,calculated,bcra_money_credit_balances,https://www.bcra.gob.ar/archivos/Pdfs/PublicacionesEstadisticas/din1_ser.txt,66eeb0fa88aec93dc2450f27d6b6a407b09e286cc3bfbd8a2653e2196994ae80,2026-08-08T00:02:00Z
bcra_treasury_deposits_ars_monthly_change,2000-12,monthly,0.000000,million_ars,calculated,bcra_money_credit_balances,https://www.bcra.gob.ar/archivos/Pdfs/PublicacionesEstadisticas/din1_ser.txt,66eeb0fa88aec93dc2450f27d6b6a407b09e286cc3bfbd8a2653e2196994ae80,2026-08-08T00:02:00Z
bcra_treasury_deposits_ars_monthly_change,2001-01,monthly,0.000000,million_ars,calculated,bcra_money_credit_balances,https://www.bcra.gob.ar/archivos/Pdfs/PublicacionesEstadisticas/din1_ser.txt,66eeb0fa88aec93dc2450f27d6b6a407b09e286cc3bfbd8a2653e2196994ae80,2026-08-08T00:02:00Z
bcra_treasury_deposits_ars_monthly_change,2001-02,monthly,0.000000,million_ars,calculated,bcra_money_credit_balances,https://www.bcra.gob.ar/archivos/Pdfs/PublicacionesEstadisticas/din1_ser.txt,66eeb0fa88aec93dc2450f27d6b6a407b09e286cc3bfbd8a2653e2196994ae80,2026-08-08T00:02:00Z
bcra_treasury_deposits_ars_monthly_change,2001-03,monthly,0.000000,million_ars,calculated,bcra_money_credit_balances,https://www.bcra.gob.ar/archivos/Pdfs/PublicacionesEstadisticas/din1_ser.txt,66eeb0fa88aec93dc2450f27d6b6a407b09e286cc3bfbd8a2653e2196994ae80,2026-08-08T00:02:00Z
bcra_treasury_deposits_ars_monthly_change,2001-04,monthly,0.000000,million_ars,calculated,bcra_money_credit_balances,https://www.bcra.gob.ar/archivos/Pdfs/PublicacionesEstadisticas/din1_ser.txt,66eeb0fa88aec93dc2450f27d6b6a407b09e286cc3bfbd8a2653e2196994ae80,2026-08-08T00:02:00Z
bcra_treasury_deposits_ars_monthly_change,2001-05,monthly,0.000000,million_ars,calculated,bcra_money_credit_balances,https://www.bcra.gob.ar/archivos/Pdfs/PublicacionesEstadisticas/din1_ser.txt,66eeb0fa88aec93dc2450f27d6b6a407b09e286cc3bfbd8a2653e2196994ae80,2026-08-08T00:02:00Z
bcra_treasury_deposits_ars_monthly_change,2001-06,monthly,0.000000,million_ars,calculated,bcra_money_credit_balances,https://www.bcra.gob.ar/archivos/Pdfs/PublicacionesEstadisticas/din1_ser.txt,66eeb0fa88aec93dc2450f27d6b6a407b09e286cc3bfbd8a2653e2196994ae80,2026-08-08T00:02:00Z
bcra_treasury_deposits_ars_monthly_change,2001-07,monthly,0.000000,million_ars,calculated,bcra_money_credit_balances,https://www.bcra.gob.ar/archivos/Pdfs/PublicacionesEstadisticas/din1_ser.txt,66eeb0fa88aec93dc2450f27d6b6a407b09e286cc3bfbd8a2653e2196994ae80,2026-08-08T00:02:00Z
bcra_treasury_deposits_ars_monthly_change,2001-08,monthly,0.000000,million_ars,calculated,bcra_money_credit_balances,https://www.bcra.gob.ar/archivos/Pdfs/PublicacionesEstadisticas/din1_ser.txt,66eeb0fa88aec93dc2450f27d6b6a407b09e286cc3bfbd8a2653e2196994ae80,2026-08-08T00:02:00Z
bcra_treasury_deposits_ars_monthly_change,2001-09,monthly,0.000000,million_ars,calculated,bcra_money_credit_balances,https://www.bcra.gob.ar/archivos/Pdfs/PublicacionesEstadisticas/din1_ser.txt,66eeb0fa88aec93dc2450f27d6b6a407b09e286cc3bfbd8a2653e2196994ae80,2026-08-08T00:02:00Z
bcra_treasury_deposits_ars_monthly_change,2001-10,monthly,0.000000,million_ars,calculated,bcra_money_credit_balances,https://www.bcra.gob.ar/archivos/Pdfs/PublicacionesEstadisticas/din1_ser.txt,66eeb0fa88aec93dc2450f27d6b6a407b09e286cc3bfbd8a2653e2196994ae80,2026-08-08T00:02:00Z
bcra_treasury_deposits_ars_monthly_change,2001-11,monthly,0.000000,million_ars,calculated,bcra_money_credit_balances,https://www.bcra.gob.ar/archivos/Pdfs/PublicacionesEstadisticas/din1_ser.txt,66eeb0fa88aec93dc2450f27d6b6a407b09e286cc3bfbd8a2653e2196994ae80,2026-08-08T00:02:00Z
bcra_treasury_deposits_ars_monthly_change,2001-12,monthly,0.000000,million_ars,calculated,bcra_money_credit_balances,https://www.bcra.gob.ar/archivos/Pdfs/PublicacionesEstadisticas/din1_ser.txt,66eeb0fa88aec93dc2450f27d6b6a407b09e286cc3bfbd8a2653e2196994ae80,2026-08-08T00:02:00Z
bcra_treasury_deposits_ars_monthly_change,2002-01,monthly,0.000000,million_ars,calculated,bcra_money_credit_balances,https://www.bcra.gob.ar/archivos/Pdfs/PublicacionesEstadisticas/din1_ser.txt,66eeb0fa88aec93dc2450f27d6b6a407b09e286cc3bfbd8a2653e2196994ae80,2026-08-08T00:02:00Z
bcra_treasury_deposits_ars_monthly_change,2002-02,monthly,0.000000,million_ars,calculated,bcra_money_credit_balances,https://www.bcra.gob.ar/archivos/Pdfs/PublicacionesEstadisticas/din1_ser.txt,66eeb0fa88aec93dc2450f27d6b6a407b09e286cc3bfbd8a2653e2196994ae80,2026-08-08T00:02:00Z
bcra_treasury_deposits_ars_monthly_change,2002-03,monthly,0.000000,million_ars,calculated,bcra_money_credit_balances,https://www.bcra.gob.ar/archivos/Pdfs/PublicacionesEstadisticas/din1_ser.txt,66eeb0fa88aec93dc2450f27d6b6a407b09e286cc3bfbd8a2653e2196994ae80,2026-08-08T00:02:00Z
bcra_treasury_deposits_ars_monthly_change,2002-04,monthly,0.000000,million_ars,calculated,bcra_money_credit_balances,https://www.bcra.gob.ar/archivos/Pdfs/PublicacionesEstadisticas/din1_ser.txt,66eeb0fa88aec93dc2450f27d6b6a407b09e286cc3bfbd8a2653e2196994ae80,2026-08-08T00:02:00Z
bcra_treasury_deposits_ars_monthly_change,2002-05,monthly,0.000000,million_ars,calculated,bcra_money_credit_balances,https://www.bcra.gob.ar/archivos/Pdfs/PublicacionesEstadisticas/din1_ser.txt,66eeb0fa88aec93dc2450f27d6b6a407b09e286cc3bfbd8a2653e2196994ae80,2026-08-08T00:02:00Z
bcra_treasury_deposits_ars_monthly_change,2002-06,monthly,0.000000,million_ars,calculated,bcra_money_credit_balances,https://www.bcra.gob.ar/archivos/Pdfs/PublicacionesEstadisticas/din1_ser.txt,66eeb0fa88aec93dc2450f27d6b6a407b09e286cc3bfbd8a2653e2196994ae80,2026-08-08T00:02:00Z
bcra_treasury_deposits_ars_monthly_change,2002-07,monthly,0.000000,million_ars,calculated,bcra_money_credit_balances,https://www.bcra.gob.ar/archivos/Pdfs/PublicacionesEstadisticas/din1_ser.txt,66eeb0fa88aec93dc2450f27d6b6a407b09e286cc3bfbd8a2653e2196994ae80,2026-08-08T00:02:00Z
bcra_treasury_deposits_ars_monthly_change,2002-08,monthly,0.000000,million_ars,calculated,bcra_money_credit_balances,https://www.bcra.gob.ar/archivos/Pdfs/PublicacionesEstadisticas/din1_ser.txt,66eeb0fa88aec93dc2450f27d6b6a407b09e286cc3bfbd8a2653e2196994ae80,2026-08-08T00:02:00Z
bcra_treasury_deposits_ars_monthly_change,2002-09,monthly,0.000000,million_ars,calculated,bcra_money_credit_balances,https://www.bcra.gob.ar/archivos/Pdfs/PublicacionesEstadisticas/din1_ser.txt,66eeb0fa88aec93dc2450f27d6b6a407b09e286cc3bfbd8a2653e2196994ae80,2026-08-08T00:02:00Z
bcra_treasury_deposits_ars_monthly_change,2002-10,monthly,0.000000,million_ars,calculated,bcra_money_credit_balances,https://www.bcra.gob.ar/archivos/Pdfs/PublicacionesEstadisticas/din1_ser.txt,66eeb0fa88aec93dc2450f27d6b6a407b09e286cc3bfbd8a2653e2196994ae80,2026-08-08T00:02:00Z
bcra_treasury_deposits_ars_monthly_change,2002-11,monthly,0.000000,million_ars,calculated,bcra_money_credit_balances,https://www.bcra.gob.ar/archivos/Pdfs/PublicacionesEstadisticas/din1_ser.txt,66eeb0fa88aec93dc2450f27d6b6a407b09e286cc3bfbd8a2653e2196994ae80,2026-08-08T00:02:00Z
bcra_treasury_deposits_ars_monthly_change,2002-12,monthly,0.000000,million_ars,calculated,bcra_money_credit_balances,https://www.bcra.gob.ar/archivos/Pdfs/PublicacionesEstadisticas/din1_ser.txt,66eeb0fa88aec93dc2450f27d6b6a407b09e286cc3bfbd8a2653e2196994ae80,2026-08-08T00:02:00Z
bcra_treasury_deposits_ars_monthly_change,2003-01,monthly,0.000000,million_ars,calculated,bcra_money_credit_balances,https://www.bcra.gob.ar/archivos/Pdfs/PublicacionesEstadisticas/din1_ser.txt,66eeb0fa88aec93dc2450f27d6b6a407b09e286cc3bfbd8a2653e2196994ae80,2026-08-08T00:02:00Z
bcra_treasury_deposits_ars_monthly_change,2003-02,monthly,0.000000,million_ars,calculated,bcra_money_credit_balances,https://www.bcra.gob.ar/archivos/Pdfs/PublicacionesEstadisticas/din1_ser.txt,66eeb0fa88aec93dc2450f27d6b6a407b09e286cc3bfbd8a2653e2196994ae80,2026-08-08T00:02:00Z
bcra_treasury_deposits_ars_monthly_change,2003-03,monthly,0.000000,million_ars,calculated,bcra_money_credit_balances,https://www.bcra.gob.ar/archivos/Pdfs/PublicacionesEstadisticas/din1_ser.txt,66eeb0fa88aec93dc2450f27d6b6a407b09e286cc3bfbd8a2653e2196994ae80,2026-08-08T00:02:00Z
bcra_treasury_deposits_ars_monthly_change,2003-04,monthly,0.000000,million_ars,calculated,bcra_money_credit_balances,https://www.bcra.gob.ar/archivos/Pdfs/PublicacionesEstadisticas/din1_ser.txt,66eeb0fa88aec93dc2450f27d6b6a407b09e286cc3bfbd8a2653e2196994ae80,2026-08-08T00:02:00Z
bcra_treasury_deposits_ars_monthly_change,2003-05,monthly,0.000000,million_ars,calculated,bcra_money_credit_balances,https://www.bcra.gob.ar/archivos/Pdfs/PublicacionesEstadisticas/din1_ser.txt,66eeb0fa88aec93dc2450f27d6b6a407b09e286cc3bfbd8a2653e2196994ae80,2026-08-08T00:02:00Z
bcra_treasury_deposits_ars_monthly_change,2003-06,monthly,0.000000,million_ars,calculated,bcra_money_credit_balances,https://www.bcra.gob.ar/archivos/Pdfs/PublicacionesEstadisticas/din1_ser.txt,66eeb0fa88aec93dc2450f27d6b6a407b09e286cc3bfbd8a2653e2196994ae80,2026-08-08T00:02:00Z
bcra_treasury_deposits_ars_monthly_change,2003-07,monthly,0.000000,million_ars,calculated,bcra_money_credit_balances,https://www.bcra.gob.ar/archivos/Pdfs/PublicacionesEstadisticas/din1_ser.txt,66eeb0fa88aec93dc2450f27d6b6a407b09e286cc3bfbd8a2653e2196994ae80,2026-08-08T00:02:00Z
bcra_treasury_deposits_ars_monthly_change,2003-08,monthly,0.000000,million_ars,calculated,bcra_money_credit_balances,https://www.bcra.gob.ar/archivos/Pdfs/PublicacionesEstadisticas/din1_ser.txt,66eeb0fa88aec93dc2450f27d6b6a407b09e286cc3bfbd8a2653e2196994ae80,2026-08-08T00:02:00Z
bcra_treasury_deposits_ars_monthly_change,2003-09,monthly,0.000000,million_ars,calculated,bcra_money_credit_balances,https://www.bcra.gob.ar/archivos/Pdfs/PublicacionesEstadisticas/din1_ser.txt,66eeb0fa88aec93dc2450f27d6b6a407b09e286cc3bfbd8a2653e2196994ae80,2026-08-08T00:02:00Z
bcra_treasury_deposits_ars_monthly_change,2003-10,monthly,0.000000,million_ars,calculated,bcra_money_credit_balances,https://www.bcra.gob.ar/archivos/Pdfs/PublicacionesEstadisticas/din1_ser.txt,66eeb0fa88aec93dc2450f27d6b6a407b09e286cc3bfbd8a2653e2196994ae80,2026-08-08T00:02:00Z
bcra_treasury_deposits_ars_monthly_change,2003-11,monthly,0.000000,million_ars,calculated,bcra_money_credit_balances,https://www.bcra.gob.ar/archivos/Pdfs/PublicacionesEstadisticas/din1_ser.txt,66eeb0fa88aec93dc2450f27d6b6a407b09e286cc3bfbd8a2653e2196994ae80,2026-08-08T00:02:00Z
bcra_treasury_deposits_ars_monthly_change,2003-12,monthly,0.000000,million_ars,calculated,bcra_money_credit_balances,https://www.bcra.gob.ar/archivos/Pdfs/PublicacionesEstadisticas/din1_ser.txt,66eeb0fa88aec93dc2450f27d6b6a407b09e286cc3bfbd8a2653e2196994ae80,2026-08-08T00:02:00Z
bcra_treasury_deposits_ars_monthly_change,2004-01,monthly,0.000000,million_ars,calculated,bcra_money_credit_balances,https://www.bcra.gob.ar/archivos/Pdfs/PublicacionesEstadisticas/din1_ser.txt,66eeb0fa88aec93dc2450f27d6b6a407b09e286cc3bfbd8a2653e2196994ae80,2026-08-08T00:02:00Z
bcra_treasury_deposits_ars_monthly_change,2004-02,monthly,0.000000,million_ars,calculated,bcra_money_credit_balances,https://www.bcra.gob.ar/archivos/Pdfs/PublicacionesEstadisticas/din1_ser.txt,66eeb0fa88aec93dc2450f27d6b6a407b09e286cc3bfbd8a2653e2196994ae80,2026-08-08T00:02:00Z
bcra_treasury_deposits_ars_monthly_change,2004-03,monthly,0.000000,million_ars,calculated,bcra_money_credit_balances,https://www.bcra.gob.ar/archivos/Pdfs/PublicacionesEstadisticas/din1_ser.txt,66eeb0fa88aec93dc2450f27d6b6a407b09e286cc3bfbd8a2653e2196994ae80,2026-08-08T00:02:00Z
bcra_treasury_deposits_ars_monthly_change,2004-04,monthly,0.000000,million_ars,calculated,bcra_money_credit_balances,https://www.bcra.gob.ar/archivos/Pdfs/PublicacionesEstadisticas/din1_ser.txt,66eeb0fa88aec93dc2450f27d6b6a407b09e286cc3bfbd8a2653e2196994ae80,2026-08-08T00:02:00Z
bcra_treasury_deposits_ars_monthly_change,2004-05,monthly,0.000000,million_ars,calculated,bcra_money_credit_balances,https://www.bcra.gob.ar/archivos/Pdfs/PublicacionesEstadisticas/din1_ser.txt,66eeb0fa88aec93dc2450f27d6b6a407b09e286cc3bfbd8a2653e2196994ae80,2026-08-08T00:02:00Z
bcra_treasury_deposits_ars_monthly_change,2004-06,monthly,0.000000,million_ars,calculated,bcra_money_credit_balances,https://www.bcra.gob.ar/archivos/Pdfs/PublicacionesEstadisticas/din1_ser.txt,66eeb0fa88aec93dc2450f27d6b6a407b09e286cc3bfbd8a2653e2196994ae80,2026-08-08T00:02:00Z
bcra_treasury_deposits_ars_monthly_change,2004-07,monthly,0.000000,million_ars,calculated,bcra_money_credit_balances,https://www.bcra.gob.ar/archivos/Pdfs/PublicacionesEstadisticas/din1_ser.txt,66eeb0fa88aec93dc2450f27d6b6a407b09e286cc3bfbd8a2653e2196994ae80,2026-08-08T00:02:00Z
bcra_treasury_deposits_ars_monthly_change,2004-08,monthly,0.000000,million_ars,calculated,bcra_money_credit_balances,https://www.bcra.gob.ar/archivos/Pdfs/PublicacionesEstadisticas/din1_ser.txt,66eeb0fa88aec93dc2450f27d6b6a407b09e286cc3bfbd8a2653e2196994ae80,2026-08-08T00:02:00Z
bcra_treasury_deposits_ars_monthly_change,2004-09,monthly,0.000000,million_ars,calculated,bcra_money_credit_balances,https://www.bcra.gob.ar/archivos/Pdfs/PublicacionesEstadisticas/din1_ser.txt,66eeb0fa88aec93dc2450f27d6b6a407b09e286cc3bfbd8a2653e2196994ae80,2026-08-08T00:02:00Z
bcra_treasury_deposits_ars_monthly_change,2004-10,monthly,0.000000,million_ars,calculated,bcra_money_credit_balances,https://www.bcra.gob.ar/archivos/Pdfs/PublicacionesEstadisticas/din1_ser.txt,66eeb0fa88aec93dc2450f27d6b6a407b09e286cc3bfbd8a2653e2196994ae80,2026-08-08T00:02:00Z
bcra_treasury_deposits_ars_monthly_change,2004-11,monthly,0.000000,million_ars,calculated,bcra_money_credit_balances,https://www.bcra.gob.ar/archivos/Pdfs/PublicacionesEstadisticas/din1_ser.txt,66eeb0fa88aec93dc2450f27d6b6a407b09e286cc3bfbd8a2653e2196994ae80,2026-08-08T00:02:00Z
bcra_treasury_deposits_ars_monthly_change,2004-12,monthly,0.000000,million_ars,calculated,bcra_money_credit_balances,https://www.bcra.gob.ar/archivos/Pdfs/PublicacionesEstadisticas/din1_ser.txt,66eeb0fa88aec93dc2450f27d6b6a407b09e286cc3bfbd8a2653e2196994ae80,2026-08-08T00:02:00Z
bcra_treasury_deposits_ars_monthly_change,2005-01,monthly,10.060000,million_ars,calculated,bcra_money_credit_balances,https://www.bcra.gob.ar/archivos/Pdfs/PublicacionesEstadisticas/din1_ser.txt,66eeb0fa88aec93dc2450f27d6b6a407b09e286cc3bfbd8a2653e2196994ae80,2026-08-08T00:02:00Z
bcra_treasury_deposits_ars_monthly_change,2005-02,monthly,16.372000,million_ars,calculated,bcra_money_credit_balances,https://www.bcra.gob.ar/archivos/Pdfs/PublicacionesEstadisticas/din1_ser.txt,66eeb0fa88aec93dc2450f27d6b6a407b09e286cc3bfbd8a2653e2196994ae80,2026-08-08T00:02:00Z
bcra_treasury_deposits_ars_monthly_change,2005-03,monthly,-13.684000,million_ars,calculated,bcra_money_credit_balances,https://www.bcra.gob.ar/archivos/Pdfs/PublicacionesEstadisticas/din1_ser.txt,66eeb0fa88aec93dc2450f27d6b6a407b09e286cc3bfbd8a2653e2196994ae80,2026-08-08T00:02:00Z
bcra_treasury_deposits_ars_monthly_change,2005-04,monthly,-1.499000,million_ars,calculated,bcra_money_credit_balances,https://www.bcra.gob.ar/archivos/Pdfs/PublicacionesEstadisticas/din1_ser.txt,66eeb0fa88aec93dc2450f27d6b6a407b09e286cc3bfbd8a2653e2196994ae80,2026-08-08T00:02:00Z
bcra_treasury_deposits_ars_monthly_change,2005-05,monthly,-0.027000,million_ars,calculated,bcra_money_credit_balances,https://www.bcra.gob.ar/archivos/Pdfs/PublicacionesEstadisticas/din1_ser.txt,66eeb0fa88aec93dc2450f27d6b6a407b09e286cc3bfbd8a2653e2196994ae80,2026-08-08T00:02:00Z
bcra_treasury_deposits_ars_monthly_change,2005-06,monthly,-1.370000,million_ars,calculated,bcra_money_credit_balances,https://www.bcra.gob.ar/archivos/Pdfs/PublicacionesEstadisticas/din1_ser.txt,66eeb0fa88aec93dc2450f27d6b6a407b09e286cc3bfbd8a2653e2196994ae80,2026-08-08T00:02:00Z
bcra_treasury_deposits_ars_monthly_change,2005-07,monthly,2.608000,million_ars,calculated,bcra_money_credit_balances,https://www.bcra.gob.ar/archivos/Pdfs/PublicacionesEstadisticas/din1_ser.txt,66eeb0fa88aec93dc2450f27d6b6a407b09e286cc3bfbd8a2653e2196994ae80,2026-08-08T00:02:00Z
bcra_treasury_deposits_ars_monthly_change,2005-08,monthly,-0.872000,million_ars,calculated,bcra_money_credit_balances,https://www.bcra.gob.ar/archivos/Pdfs/PublicacionesEstadisticas/din1_ser.txt,66eeb0fa88aec93dc2450f27d6b6a407b09e286cc3bfbd8a2653e2196994ae80,2026-08-08T00:02:00Z
bcra_treasury_deposits_ars_monthly_change,2005-09,monthly,466.226000,million_ars,calculated,bcra_money_credit_balances,https://www.bcra.gob.ar/archivos/Pdfs/PublicacionesEstadisticas/din1_ser.txt,66eeb0fa88aec93dc2450f27d6b6a407b09e286cc3bfbd8a2653e2196994ae80,2026-08-08T00:02:00Z
bcra_treasury_deposits_ars_monthly_change,2005-10,monthly,-294.143000,million_ars,calculated,bcra_money_credit_balances,https://www.bcra.gob.ar/archivos/Pdfs/PublicacionesEstadisticas/din1_ser.txt,66eeb0fa88aec93dc2450f27d6b6a407b09e286cc3bfbd8a2653e2196994ae80,2026-08-08T00:02:00Z
bcra_treasury_deposits_ars_monthly_change,2005-11,monthly,-14.621000,million_ars,calculated,bcra_money_credit_balances,https://www.bcra.gob.ar/archivos/Pdfs/PublicacionesEstadisticas/din1_ser.txt,66eeb0fa88aec93dc2450f27d6b6a407b09e286cc3bfbd8a2653e2196994ae80,2026-08-08T00:02:00Z
bcra_treasury_deposits_ars_monthly_change,2005-12,monthly,1180.010000,million_ars,calculated,bcra_money_credit_balances,https://www.bcra.gob.ar/archivos/Pdfs/PublicacionesEstadisticas/din1_ser.txt,66eeb0fa88aec93dc2450f27d6b6a407b09e286cc3bfbd8a2653e2196994ae80,2026-08-08T00:02:00Z
bcra_treasury_deposits_ars_monthly_change,2006-01,monthly,431.260000,million_ars,calculated,bcra_money_credit_balances,https://www.bcra.gob.ar/archivos/Pdfs/PublicacionesEstadisticas/din1_ser.txt,66eeb0fa88aec93dc2450f27d6b6a407b09e286cc3bfbd8a2653e2196994ae80,2026-08-08T00:02:00Z
bcra_treasury_deposits_ars_monthly_change,2006-02,monthly,-1764.434000,million_ars,calculated,bcra_money_credit_balances,https://www.bcra.gob.ar/archivos/Pdfs/PublicacionesEstadisticas/din1_ser.txt,66eeb0fa88aec93dc2450f27d6b6a407b09e286cc3bfbd8a2653e2196994ae80,2026-08-08T00:02:00Z
bcra_treasury_deposits_ars_monthly_change,2006-03,monthly,-2.487000,million_ars,calculated,bcra_money_credit_balances,https://www.bcra.gob.ar/archivos/Pdfs/PublicacionesEstadisticas/din1_ser.txt,66eeb0fa88aec93dc2450f27d6b6a407b09e286cc3bfbd8a2653e2196994ae80,2026-08-08T00:02:00Z
bcra_treasury_deposits_ars_monthly_change,2006-04,monthly,602.707000,million_ars,calculated,bcra_money_credit_balances,https://www.bcra.gob.ar/archivos/Pdfs/PublicacionesEstadisticas/din1_ser.txt,66eeb0fa88aec93dc2450f27d6b6a407b09e286cc3bfbd8a2653e2196994ae80,2026-08-08T00:02:00Z
bcra_treasury_deposits_ars_monthly_change,2006-05,monthly,119.574000,million_ars,calculated,bcra_money_credit_balances,https://www.bcra.gob.ar/archivos/Pdfs/PublicacionesEstadisticas/din1_ser.txt,66eeb0fa88aec93dc2450f27d6b6a407b09e286cc3bfbd8a2653e2196994ae80,2026-08-08T00:02:00Z
bcra_treasury_deposits_ars_monthly_change,2006-06,monthly,-681.647000,million_ars,calculated,bcra_money_credit_balances,https://www.bcra.gob.ar/archivos/Pdfs/PublicacionesEstadisticas/din1_ser.txt,66eeb0fa88aec93dc2450f27d6b6a407b09e286cc3bfbd8a2653e2196994ae80,2026-08-08T00:02:00Z
bcra_treasury_deposits_ars_monthly_change,2006-07,monthly,-0.361000,million_ars,calculated,bcra_money_credit_balances,https://www.bcra.gob.ar/archivos/Pdfs/PublicacionesEstadisticas/din1_ser.txt,66eeb0fa88aec93dc2450f27d6b6a407b09e286cc3bfbd8a2653e2196994ae80,2026-08-08T00:02:00Z
bcra_treasury_deposits_ars_monthly_change,2006-08,monthly,-34.480000,million_ars,calculated,bcra_money_credit_balances,https://www.bcra.gob.ar/archivos/Pdfs/PublicacionesEstadisticas/din1_ser.txt,66eeb0fa88aec93dc2450f27d6b6a407b09e286cc3bfbd8a2653e2196994ae80,2026-08-08T00:02:00Z
bcra_treasury_deposits_ars_monthly_change,2006-09,monthly,1.575000,million_ars,calculated,bcra_money_credit_balances,https://www.bcra.gob.ar/archivos/Pdfs/PublicacionesEstadisticas/din1_ser.txt,66eeb0fa88aec93dc2450f27d6b6a407b09e286cc3bfbd8a2653e2196994ae80,2026-08-08T00:02:00Z
bcra_treasury_deposits_ars_monthly_change,2006-10,monthly,-5.340000,million_ars,calculated,bcra_money_credit_balances,https://www.bcra.gob.ar/archivos/Pdfs/PublicacionesEstadisticas/din1_ser.txt,66eeb0fa88aec93dc2450f27d6b6a407b09e286cc3bfbd8a2653e2196994ae80,2026-08-08T00:02:00Z
bcra_treasury_deposits_ars_monthly_change,2006-11,monthly,163.331000,million_ars,calculated,bcra_money_credit_balances,https://www.bcra.gob.ar/archivos/Pdfs/PublicacionesEstadisticas/din1_ser.txt,66eeb0fa88aec93dc2450f27d6b6a407b09e286cc3bfbd8a2653e2196994ae80,2026-08-08T00:02:00Z
bcra_treasury_deposits_ars_monthly_change,2006-12,monthly,3374.342000,million_ars,calculated,bcra_money_credit_balances,https://www.bcra.gob.ar/archivos/Pdfs/PublicacionesEstadisticas/din1_ser.txt,66eeb0fa88aec93dc2450f27d6b6a407b09e286cc3bfbd8a2653e2196994ae80,2026-08-08T00:02:00Z
bcra_treasury_deposits_ars_monthly_change,2007-01,monthly,-1715.091000,million_ars,calculated,bcra_money_credit_balances,https://www.bcra.gob.ar/archivos/Pdfs/PublicacionesEstadisticas/din1_ser.txt,66eeb0fa88aec93dc2450f27d6b6a407b09e286cc3bfbd8a2653e2196994ae80,2026-08-08T00:02:00Z
bcra_treasury_deposits_ars_monthly_change,2007-02,monthly,1580.433000,million_ars,calculated,bcra_money_credit_balances,https://www.bcra.gob.ar/archivos/Pdfs/PublicacionesEstadisticas/din1_ser.txt,66eeb0fa88aec93dc2450f27d6b6a407b09e286cc3bfbd8a2653e2196994ae80,2026-08-08T00:02:00Z
bcra_treasury_deposits_ars_monthly_change,2007-03,monthly,219.641000,million_ars,calculated,bcra_money_credit_balances,https://www.bcra.gob.ar/archivos/Pdfs/PublicacionesEstadisticas/din1_ser.txt,66eeb0fa88aec93dc2450f27d6b6a407b09e286cc3bfbd8a2653e2196994ae80,2026-08-08T00:02:00Z
bcra_treasury_deposits_ars_monthly_change,2007-04,monthly,-41.863000,million_ars,calculated,bcra_money_credit_balances,https://www.bcra.gob.ar/archivos/Pdfs/PublicacionesEstadisticas/din1_ser.txt,66eeb0fa88aec93dc2450f27d6b6a407b09e286cc3bfbd8a2653e2196994ae80,2026-08-08T00:02:00Z
bcra_treasury_deposits_ars_monthly_change,2007-05,monthly,1609.050000,million_ars,calculated,bcra_money_credit_balances,https://www.bcra.gob.ar/archivos/Pdfs/PublicacionesEstadisticas/din1_ser.txt,66eeb0fa88aec93dc2450f27d6b6a407b09e286cc3bfbd8a2653e2196994ae80,2026-08-08T00:02:00Z
bcra_treasury_deposits_ars_monthly_change,2007-06,monthly,495.221000,million_ars,calculated,bcra_money_credit_balances,https://www.bcra.gob.ar/archivos/Pdfs/PublicacionesEstadisticas/din1_ser.txt,66eeb0fa88aec93dc2450f27d6b6a407b09e286cc3bfbd8a2653e2196994ae80,2026-08-08T00:02:00Z
bcra_treasury_deposits_ars_monthly_change,2007-07,monthly,-494.325000,million_ars,calculated,bcra_money_credit_balances,https://www.bcra.gob.ar/archivos/Pdfs/PublicacionesEstadisticas/din1_ser.txt,66eeb0fa88aec93dc2450f27d6b6a407b09e286cc3bfbd8a2653e2196994ae80,2026-08-08T00:02:00Z
bcra_treasury_deposits_ars_monthly_change,2007-08,monthly,-2855.227000,million_ars,calculated,bcra_money_credit_balances,https://www.bcra.gob.ar/archivos/Pdfs/PublicacionesEstadisticas/din1_ser.txt,66eeb0fa88aec93dc2450f27d6b6a407b09e286cc3bfbd8a2653e2196994ae80,2026-08-08T00:02:00Z
bcra_treasury_deposits_ars_monthly_change,2007-09,monthly,-558.571000,million_ars,calculated,bcra_money_credit_balances,https://www.bcra.gob.ar/archivos/Pdfs/PublicacionesEstadisticas/din1_ser.txt,66eeb0fa88aec93dc2450f27d6b6a407b09e286cc3bfbd8a2653e2196994ae80,2026-08-08T00:02:00Z
bcra_treasury_deposits_ars_monthly_change,2007-10,monthly,-158.793000,million_ars,calculated,bcra_money_credit_balances,https://www.bcra.gob.ar/archivos/Pdfs/PublicacionesEstadisticas/din1_ser.txt,66eeb0fa88aec93dc2450f27d6b6a407b09e286cc3bfbd8a2653e2196994ae80,2026-08-08T00:02:00Z
bcra_treasury_deposits_ars_monthly_change,2007-11,monthly,-163.657000,million_ars,calculated,bcra_money_credit_balances,https://www.bcra.gob.ar/archivos/Pdfs/PublicacionesEstadisticas/din1_ser.txt,66eeb0fa88aec93dc2450f27d6b6a407b09e286cc3bfbd8a2653e2196994ae80,2026-08-08T00:02:00Z
bcra_treasury_deposits_ars_monthly_change,2007-12,monthly,3812.435000,million_ars,calculated,bcra_money_credit_balances,https://www.bcra.gob.ar/archivos/Pdfs/PublicacionesEstadisticas/din1_ser.txt,66eeb0fa88aec93dc2450f27d6b6a407b09e286cc3bfbd8a2653e2196994ae80,2026-08-08T00:02:00Z
bcra_treasury_deposits_ars_monthly_change,2008-01,monthly,-6.329000,million_ars,calculated,bcra_money_credit_balances,https://www.bcra.gob.ar/archivos/Pdfs/PublicacionesEstadisticas/din1_ser.txt,66eeb0fa88aec93dc2450f27d6b6a407b09e286cc3bfbd8a2653e2196994ae80,2026-08-08T00:02:00Z
bcra_treasury_deposits_ars_monthly_change,2008-02,monthly,-0.580000,million_ars,calculated,bcra_money_credit_balances,https://www.bcra.gob.ar/archivos/Pdfs/PublicacionesEstadisticas/din1_ser.txt,66eeb0fa88aec93dc2450f27d6b6a407b09e286cc3bfbd8a2653e2196994ae80,2026-08-08T00:02:00Z
bcra_treasury_deposits_ars_monthly_change,2008-03,monthly,124.790000,million_ars,calculated,bcra_money_credit_balances,https://www.bcra.gob.ar/archivos/Pdfs/PublicacionesEstadisticas/din1_ser.txt,66eeb0fa88aec93dc2450f27d6b6a407b09e286cc3bfbd8a2653e2196994ae80,2026-08-08T00:02:00Z
bcra_treasury_deposits_ars_monthly_change,2008-04,monthly,-1000.795000,million_ars,calculated,bcra_money_credit_balances,https://www.bcra.gob.ar/archivos/Pdfs/PublicacionesEstadisticas/din1_ser.txt,66eeb0fa88aec93dc2450f27d6b6a407b09e286cc3bfbd8a2653e2196994ae80,2026-08-08T00:02:00Z
bcra_treasury_deposits_ars_monthly_change,2008-05,monthly,360.813000,million_ars,calculated,bcra_money_credit_balances,https://www.bcra.gob.ar/archivos/Pdfs/PublicacionesEstadisticas/din1_ser.txt,66eeb0fa88aec93dc2450f27d6b6a407b09e286cc3bfbd8a2653e2196994ae80,2026-08-08T00:02:00Z
bcra_treasury_deposits_ars_monthly_change,2008-06,monthly,-863.211000,million_ars,calculated,bcra_money_credit_balances,https://www.bcra.gob.ar/archivos/Pdfs/PublicacionesEstadisticas/din1_ser.txt,66eeb0fa88aec93dc2450f27d6b6a407b09e286cc3bfbd8a2653e2196994ae80,2026-08-08T00:02:00Z
bcra_treasury_deposits_ars_monthly_change,2008-07,monthly,-3815.529000,million_ars,calculated,bcra_money_credit_balances,https://www.bcra.gob.ar/archivos/Pdfs/PublicacionesEstadisticas/din1_ser.txt,66eeb0fa88aec93dc2450f27d6b6a407b09e286cc3bfbd8a2653e2196994ae80,2026-08-08T00:02:00Z
bcra_treasury_deposits_ars_monthly_change,2008-08,monthly,-40.000000,million_ars,calculated,bcra_money_credit_balances,https://www.bcra.gob.ar/archivos/Pdfs/PublicacionesEstadisticas/din1_ser.txt,66eeb0fa88aec93dc2450f27d6b6a407b09e286cc3bfbd8a2653e2196994ae80,2026-08-08T00:02:00Z
bcra_treasury_deposits_ars_monthly_change,2008-09,monthly,102.652000,million_ars,calculated,bcra_money_credit_balances,https://www.bcra.gob.ar/archivos/Pdfs/PublicacionesEstadisticas/din1_ser.txt,66eeb0fa88aec93dc2450f27d6b6a407b09e286cc3bfbd8a2653e2196994ae80,2026-08-08T00:02:00Z
bcra_treasury_deposits_ars_monthly_change,2008-10,monthly,-97.079000,million_ars,calculated,bcra_money_credit_balances,https://www.bcra.gob.ar/archivos/Pdfs/PublicacionesEstadisticas/din1_ser.txt,66eeb0fa88aec93dc2450f27d6b6a407b09e286cc3bfbd8a2653e2196994ae80,2026-08-08T00:02:00Z
bcra_treasury_deposits_ars_monthly_change,2008-11,monthly,-0.113000,million_ars,calculated,bcra_money_credit_balances,https://www.bcra.gob.ar/archivos/Pdfs/PublicacionesEstadisticas/din1_ser.txt,66eeb0fa88aec93dc2450f27d6b6a407b09e286cc3bfbd8a2653e2196994ae80,2026-08-08T00:02:00Z
bcra_treasury_deposits_ars_monthly_change,2008-12,monthly,5529.167000,million_ars,calculated,bcra_money_credit_balances,https://www.bcra.gob.ar/archivos/Pdfs/PublicacionesEstadisticas/din1_ser.txt,66eeb0fa88aec93dc2450f27d6b6a407b09e286cc3bfbd8a2653e2196994ae80,2026-08-08T00:02:00Z
bcra_treasury_deposits_ars_monthly_change,2009-01,monthly,-5522.480000,million_ars,calculated,bcra_money_credit_balances,https://www.bcra.gob.ar/archivos/Pdfs/PublicacionesEstadisticas/din1_ser.txt,66eeb0fa88aec93dc2450f27d6b6a407b09e286cc3bfbd8a2653e2196994ae80,2026-08-08T00:02:00Z
bcra_treasury_deposits_ars_monthly_change,2009-02,monthly,2.055000,million_ars,calculated,bcra_money_credit_balances,https://www.bcra.gob.ar/archivos/Pdfs/PublicacionesEstadisticas/din1_ser.txt,66eeb0fa88aec93dc2450f27d6b6a407b09e286cc3bfbd8a2653e2196994ae80,2026-08-08T00:02:00Z
bcra_treasury_deposits_ars_monthly_change,2009-03,monthly,-35.843000,million_ars,calculated,bcra_money_credit_balances,https://www.bcra.gob.ar/archivos/Pdfs/PublicacionesEstadisticas/din1_ser.txt,66eeb0fa88aec93dc2450f27d6b6a407b09e286cc3bfbd8a2653e2196994ae80,2026-08-08T00:02:00Z
bcra_treasury_deposits_ars_monthly_change,2009-04,monthly,55.045000,million_ars,calculated,bcra_money_credit_balances,https://www.bcra.gob.ar/archivos/Pdfs/PublicacionesEstadisticas/din1_ser.txt,66eeb0fa88aec93dc2450f27d6b6a407b09e286cc3bfbd8a2653e2196994ae80,2026-08-08T00:02:00Z
bcra_treasury_deposits_ars_monthly_change,2009-05,monthly,-63.589000,million_ars,calculated,bcra_money_credit_balances,https://www.bcra.gob.ar/archivos/Pdfs/PublicacionesEstadisticas/din1_ser.txt,66eeb0fa88aec93dc2450f27d6b6a407b09e286cc3bfbd8a2653e2196994ae80,2026-08-08T00:02:00Z
bcra_treasury_deposits_ars_monthly_change,2009-06,monthly,2161.503000,million_ars,calculated,bcra_money_credit_balances,https://www.bcra.gob.ar/archivos/Pdfs/PublicacionesEstadisticas/din1_ser.txt,66eeb0fa88aec93dc2450f27d6b6a407b09e286cc3bfbd8a2653e2196994ae80,2026-08-08T00:02:00Z
bcra_treasury_deposits_ars_monthly_change,2009-07,monthly,-1424.849000,million_ars,calculated,bcra_money_credit_balances,https://www.bcra.gob.ar/archivos/Pdfs/PublicacionesEstadisticas/din1_ser.txt,66eeb0fa88aec93dc2450f27d6b6a407b09e286cc3bfbd8a2653e2196994ae80,2026-08-08T00:02:00Z
bcra_treasury_deposits_ars_monthly_change,2009-08,monthly,46.765000,million_ars,calculated,bcra_money_credit_balances,https://www.bcra.gob.ar/archivos/Pdfs/PublicacionesEstadisticas/din1_ser.txt,66eeb0fa88aec93dc2450f27d6b6a407b09e286cc3bfbd8a2653e2196994ae80,2026-08-08T00:02:00Z
bcra_treasury_deposits_ars_monthly_change,2009-09,monthly,-512.819000,million_ars,calculated,bcra_money_credit_balances,https://www.bcra.gob.ar/archivos/Pdfs/PublicacionesEstadisticas/din1_ser.txt,66eeb0fa88aec93dc2450f27d6b6a407b09e286cc3bfbd8a2653e2196994ae80,2026-08-08T00:02:00Z
bcra_treasury_deposits_ars_monthly_change,2009-10,monthly,-93.962000,million_ars,calculated,bcra_money_credit_balances,https://www.bcra.gob.ar/archivos/Pdfs/PublicacionesEstadisticas/din1_ser.txt,66eeb0fa88aec93dc2450f27d6b6a407b09e286cc3bfbd8a2653e2196994ae80,2026-08-08T00:02:00Z
bcra_treasury_deposits_ars_monthly_change,2009-11,monthly,2665.794000,million_ars,calculated,bcra_money_credit_balances,https://www.bcra.gob.ar/archivos/Pdfs/PublicacionesEstadisticas/din1_ser.txt,66eeb0fa88aec93dc2450f27d6b6a407b09e286cc3bfbd8a2653e2196994ae80,2026-08-08T00:02:00Z
bcra_treasury_deposits_ars_monthly_change,2009-12,monthly,-2034.049000,million_ars,calculated,bcra_money_credit_balances,https://www.bcra.gob.ar/archivos/Pdfs/PublicacionesEstadisticas/din1_ser.txt,66eeb0fa88aec93dc2450f27d6b6a407b09e286cc3bfbd8a2653e2196994ae80,2026-08-08T00:02:00Z
bcra_treasury_deposits_ars_monthly_change,2010-01,monthly,-655.631000,million_ars,calculated,bcra_money_credit_balances,https://www.bcra.gob.ar/archivos/Pdfs/PublicacionesEstadisticas/din1_ser.txt,66eeb0fa88aec93dc2450f27d6b6a407b09e286cc3bfbd8a2653e2196994ae80,2026-08-08T00:02:00Z
bcra_treasury_deposits_ars_monthly_change,2010-02,monthly,1513.380000,million_ars,calculated,bcra_money_credit_balances,https://www.bcra.gob.ar/archivos/Pdfs/PublicacionesEstadisticas/din1_ser.txt,66eeb0fa88aec93dc2450f27d6b6a407b09e286cc3bfbd8a2653e2196994ae80,2026-08-08T00:02:00Z
bcra_treasury_deposits_ars_monthly_change,2010-03,monthly,-1222.593000,million_ars,calculated,bcra_money_credit_balances,https://www.bcra.gob.ar/archivos/Pdfs/PublicacionesEstadisticas/din1_ser.txt,66eeb0fa88aec93dc2450f27d6b6a407b09e286cc3bfbd8a2653e2196994ae80,2026-08-08T00:02:00Z
bcra_treasury_deposits_ars_monthly_change,2010-04,monthly,2559.491000,million_ars,calculated,bcra_money_credit_balances,https://www.bcra.gob.ar/archivos/Pdfs/PublicacionesEstadisticas/din1_ser.txt,66eeb0fa88aec93dc2450f27d6b6a407b09e286cc3bfbd8a2653e2196994ae80,2026-08-08T00:02:00Z
bcra_treasury_deposits_ars_monthly_change,2010-05,monthly,-67.611000,million_ars,calculated,bcra_money_credit_balances,https://www.bcra.gob.ar/archivos/Pdfs/PublicacionesEstadisticas/din1_ser.txt,66eeb0fa88aec93dc2450f27d6b6a407b09e286cc3bfbd8a2653e2196994ae80,2026-08-08T00:02:00Z
bcra_treasury_deposits_ars_monthly_change,2010-06,monthly,63.994000,million_ars,calculated,bcra_money_credit_balances,https://www.bcra.gob.ar/archivos/Pdfs/PublicacionesEstadisticas/din1_ser.txt,66eeb0fa88aec93dc2450f27d6b6a407b09e286cc3bfbd8a2653e2196994ae80,2026-08-08T00:02:00Z
bcra_treasury_deposits_ars_monthly_change,2010-07,monthly,56.186000,million_ars,calculated,bcra_money_credit_balances,https://www.bcra.gob.ar/archivos/Pdfs/PublicacionesEstadisticas/din1_ser.txt,66eeb0fa88aec93dc2450f27d6b6a407b09e286cc3bfbd8a2653e2196994ae80,2026-08-08T00:02:00Z
bcra_treasury_deposits_ars_monthly_change,2010-08,monthly,-3010.672000,million_ars,calculated,bcra_money_credit_balances,https://www.bcra.gob.ar/archivos/Pdfs/PublicacionesEstadisticas/din1_ser.txt,66eeb0fa88aec93dc2450f27d6b6a407b09e286cc3bfbd8a2653e2196994ae80,2026-08-08T00:02:00Z
bcra_treasury_deposits_ars_monthly_change,2010-09,monthly,3021.658000,million_ars,calculated,bcra_money_credit_balances,https://www.bcra.gob.ar/archivos/Pdfs/PublicacionesEstadisticas/din1_ser.txt,66eeb0fa88aec93dc2450f27d6b6a407b09e286cc3bfbd8a2653e2196994ae80,2026-08-08T00:02:00Z
bcra_treasury_deposits_ars_monthly_change,2010-10,monthly,1043.854000,million_ars,calculated,bcra_money_credit_balances,https://www.bcra.gob.ar/archivos/Pdfs/PublicacionesEstadisticas/din1_ser.txt,66eeb0fa88aec93dc2450f27d6b6a407b09e286cc3bfbd8a2653e2196994ae80,2026-08-08T00:02:00Z
bcra_treasury_deposits_ars_monthly_change,2010-11,monthly,3508.952000,million_ars,calculated,bcra_money_credit_balances,https://www.bcra.gob.ar/archivos/Pdfs/PublicacionesEstadisticas/din1_ser.txt,66eeb0fa88aec93dc2450f27d6b6a407b09e286cc3bfbd8a2653e2196994ae80,2026-08-08T00:02:00Z
bcra_treasury_deposits_ars_monthly_change,2010-12,monthly,1488.934000,million_ars,calculated,bcra_money_credit_balances,https://www.bcra.gob.ar/archivos/Pdfs/PublicacionesEstadisticas/din1_ser.txt,66eeb0fa88aec93dc2450f27d6b6a407b09e286cc3bfbd8a2653e2196994ae80,2026-08-08T00:02:00Z
bcra_treasury_deposits_ars_monthly_change,2011-01,monthly,-1200.449000,million_ars,calculated,bcra_money_credit_balances,https://www.bcra.gob.ar/archivos/Pdfs/PublicacionesEstadisticas/din1_ser.txt,66eeb0fa88aec93dc2450f27d6b6a407b09e286cc3bfbd8a2653e2196994ae80,2026-08-08T00:02:00Z
bcra_treasury_deposits_ars_monthly_change,2011-02,monthly,-763.625000,million_ars,calculated,bcra_money_credit_balances,https://www.bcra.gob.ar/archivos/Pdfs/PublicacionesEstadisticas/din1_ser.txt,66eeb0fa88aec93dc2450f27d6b6a407b09e286cc3bfbd8a2653e2196994ae80,2026-08-08T00:02:00Z
bcra_treasury_deposits_ars_monthly_change,2011-03,monthly,-1884.361000,million_ars,calculated,bcra_money_credit_balances,https://www.bcra.gob.ar/archivos/Pdfs/PublicacionesEstadisticas/din1_ser.txt,66eeb0fa88aec93dc2450f27d6b6a407b09e286cc3bfbd8a2653e2196994ae80,2026-08-08T00:02:00Z
bcra_treasury_deposits_ars_monthly_change,2011-04,monthly,1384.263000,million_ars,calculated,bcra_money_credit_balances,https://www.bcra.gob.ar/archivos/Pdfs/PublicacionesEstadisticas/din1_ser.txt,66eeb0fa88aec93dc2450f27d6b6a407b09e286cc3bfbd8a2653e2196994ae80,2026-08-08T00:02:00Z
bcra_treasury_deposits_ars_monthly_change,2011-05,monthly,-440.539000,million_ars,calculated,bcra_money_credit_balances,https://www.bcra.gob.ar/archivos/Pdfs/PublicacionesEstadisticas/din1_ser.txt,66eeb0fa88aec93dc2450f27d6b6a407b09e286cc3bfbd8a2653e2196994ae80,2026-08-08T00:02:00Z
bcra_treasury_deposits_ars_monthly_change,2011-06,monthly,739.740000,million_ars,calculated,bcra_money_credit_balances,https://www.bcra.gob.ar/archivos/Pdfs/PublicacionesEstadisticas/din1_ser.txt,66eeb0fa88aec93dc2450f27d6b6a407b09e286cc3bfbd8a2653e2196994ae80,2026-08-08T00:02:00Z
bcra_treasury_deposits_ars_monthly_change,2011-07,monthly,-1511.341000,million_ars,calculated,bcra_money_credit_balances,https://www.bcra.gob.ar/archivos/Pdfs/PublicacionesEstadisticas/din1_ser.txt,66eeb0fa88aec93dc2450f27d6b6a407b09e286cc3bfbd8a2653e2196994ae80,2026-08-08T00:02:00Z
bcra_treasury_deposits_ars_monthly_change,2011-08,monthly,-5166.041000,million_ars,calculated,bcra_money_credit_balances,https://www.bcra.gob.ar/archivos/Pdfs/PublicacionesEstadisticas/din1_ser.txt,66eeb0fa88aec93dc2450f27d6b6a407b09e286cc3bfbd8a2653e2196994ae80,2026-08-08T00:02:00Z
bcra_treasury_deposits_ars_monthly_change,2011-09,monthly,1805.696000,million_ars,calculated,bcra_money_credit_balances,https://www.bcra.gob.ar/archivos/Pdfs/PublicacionesEstadisticas/din1_ser.txt,66eeb0fa88aec93dc2450f27d6b6a407b09e286cc3bfbd8a2653e2196994ae80,2026-08-08T00:02:00Z
bcra_treasury_deposits_ars_monthly_change,2011-10,monthly,-868.174000,million_ars,calculated,bcra_money_credit_balances,https://www.bcra.gob.ar/archivos/Pdfs/PublicacionesEstadisticas/din1_ser.txt,66eeb0fa88aec93dc2450f27d6b6a407b09e286cc3bfbd8a2653e2196994ae80,2026-08-08T00:02:00Z
bcra_treasury_deposits_ars_monthly_change,2011-11,monthly,515.467000,million_ars,calculated,bcra_money_credit_balances,https://www.bcra.gob.ar/archivos/Pdfs/PublicacionesEstadisticas/din1_ser.txt,66eeb0fa88aec93dc2450f27d6b6a407b09e286cc3bfbd8a2653e2196994ae80,2026-08-08T00:02:00Z
bcra_treasury_deposits_ars_monthly_change,2011-12,monthly,-1012.979000,million_ars,calculated,bcra_money_credit_balances,https://www.bcra.gob.ar/archivos/Pdfs/PublicacionesEstadisticas/din1_ser.txt,66eeb0fa88aec93dc2450f27d6b6a407b09e286cc3bfbd8a2653e2196994ae80,2026-08-08T00:02:00Z
bcra_treasury_deposits_ars_monthly_change,2012-01,monthly,-398.523000,million_ars,calculated,bcra_money_credit_balances,https://www.bcra.gob.ar/archivos/Pdfs/PublicacionesEstadisticas/din1_ser.txt,66eeb0fa88aec93dc2450f27d6b6a407b09e286cc3bfbd8a2653e2196994ae80,2026-08-08T00:02:00Z
bcra_treasury_deposits_ars_monthly_change,2012-02,monthly,616.031000,million_ars,calculated,bcra_money_credit_balances,https://www.bcra.gob.ar/archivos/Pdfs/PublicacionesEstadisticas/din1_ser.txt,66eeb0fa88aec93dc2450f27d6b6a407b09e286cc3bfbd8a2653e2196994ae80,2026-08-08T00:02:00Z
bcra_treasury_deposits_ars_monthly_change,2012-03,monthly,970.502000,million_ars,calculated,bcra_money_credit_balances,https://www.bcra.gob.ar/archivos/Pdfs/PublicacionesEstadisticas/din1_ser.txt,66eeb0fa88aec93dc2450f27d6b6a407b09e286cc3bfbd8a2653e2196994ae80,2026-08-08T00:02:00Z
bcra_treasury_deposits_ars_monthly_change,2012-04,monthly,-1814.308000,million_ars,calculated,bcra_money_credit_balances,https://www.bcra.gob.ar/archivos/Pdfs/PublicacionesEstadisticas/din1_ser.txt,66eeb0fa88aec93dc2450f27d6b6a407b09e286cc3bfbd8a2653e2196994ae80,2026-08-08T00:02:00Z
bcra_treasury_deposits_ars_monthly_change,2012-05,monthly,272.740000,million_ars,calculated,bcra_money_credit_balances,https://www.bcra.gob.ar/archivos/Pdfs/PublicacionesEstadisticas/din1_ser.txt,66eeb0fa88aec93dc2450f27d6b6a407b09e286cc3bfbd8a2653e2196994ae80,2026-08-08T00:02:00Z
bcra_treasury_deposits_ars_monthly_change,2012-06,monthly,-147.965000,million_ars,calculated,bcra_money_credit_balances,https://www.bcra.gob.ar/archivos/Pdfs/PublicacionesEstadisticas/din1_ser.txt,66eeb0fa88aec93dc2450f27d6b6a407b09e286cc3bfbd8a2653e2196994ae80,2026-08-08T00:02:00Z
bcra_treasury_deposits_ars_monthly_change,2012-07,monthly,161.674000,million_ars,calculated,bcra_money_credit_balances,https://www.bcra.gob.ar/archivos/Pdfs/PublicacionesEstadisticas/din1_ser.txt,66eeb0fa88aec93dc2450f27d6b6a407b09e286cc3bfbd8a2653e2196994ae80,2026-08-08T00:02:00Z
bcra_treasury_deposits_ars_monthly_change,2012-08,monthly,-130.772000,million_ars,calculated,bcra_money_credit_balances,https://www.bcra.gob.ar/archivos/Pdfs/PublicacionesEstadisticas/din1_ser.txt,66eeb0fa88aec93dc2450f27d6b6a407b09e286cc3bfbd8a2653e2196994ae80,2026-08-08T00:02:00Z
bcra_treasury_deposits_ars_monthly_change,2012-09,monthly,33.944000,million_ars,calculated,bcra_money_credit_balances,https://www.bcra.gob.ar/archivos/Pdfs/PublicacionesEstadisticas/din1_ser.txt,66eeb0fa88aec93dc2450f27d6b6a407b09e286cc3bfbd8a2653e2196994ae80,2026-08-08T00:02:00Z
bcra_treasury_deposits_ars_monthly_change,2012-10,monthly,-239.442000,million_ars,calculated,bcra_money_credit_balances,https://www.bcra.gob.ar/archivos/Pdfs/PublicacionesEstadisticas/din1_ser.txt,66eeb0fa88aec93dc2450f27d6b6a407b09e286cc3bfbd8a2653e2196994ae80,2026-08-08T00:02:00Z
bcra_treasury_deposits_ars_monthly_change,2012-11,monthly,62.567289,million_ars,calculated,bcra_money_credit_balances,https://www.bcra.gob.ar/archivos/Pdfs/PublicacionesEstadisticas/din1_ser.txt,66eeb0fa88aec93dc2450f27d6b6a407b09e286cc3bfbd8a2653e2196994ae80,2026-08-08T00:02:00Z
bcra_treasury_deposits_ars_monthly_change,2012-12,monthly,5192.851711,million_ars,calculated,bcra_money_credit_balances,https://www.bcra.gob.ar/archivos/Pdfs/PublicacionesEstadisticas/din1_ser.txt,66eeb0fa88aec93dc2450f27d6b6a407b09e286cc3bfbd8a2653e2196994ae80,2026-08-08T00:02:00Z
bcra_treasury_deposits_ars_monthly_change,2013-01,monthly,-169.071000,million_ars,calculated,bcra_money_credit_balances,https://www.bcra.gob.ar/archivos/Pdfs/PublicacionesEstadisticas/din1_ser.txt,66eeb0fa88aec93dc2450f27d6b6a407b09e286cc3bfbd8a2653e2196994ae80,2026-08-08T00:02:00Z
bcra_treasury_deposits_ars_monthly_change,2013-02,monthly,-2649.223000,million_ars,calculated,bcra_money_credit_balances,https://www.bcra.gob.ar/archivos/Pdfs/PublicacionesEstadisticas/din1_ser.txt,66eeb0fa88aec93dc2450f27d6b6a407b09e286cc3bfbd8a2653e2196994ae80,2026-08-08T00:02:00Z
bcra_treasury_deposits_ars_monthly_change,2013-03,monthly,1906.193000,million_ars,calculated,bcra_money_credit_balances,https://www.bcra.gob.ar/archivos/Pdfs/PublicacionesEstadisticas/din1_ser.txt,66eeb0fa88aec93dc2450f27d6b6a407b09e286cc3bfbd8a2653e2196994ae80,2026-08-08T00:02:00Z
bcra_treasury_deposits_ars_monthly_change,2013-04,monthly,-4082.241000,million_ars,calculated,bcra_money_credit_balances,https://www.bcra.gob.ar/archivos/Pdfs/PublicacionesEstadisticas/din1_ser.txt,66eeb0fa88aec93dc2450f27d6b6a407b09e286cc3bfbd8a2653e2196994ae80,2026-08-08T00:02:00Z
bcra_treasury_deposits_ars_monthly_change,2013-05,monthly,-264.121000,million_ars,calculated,bcra_money_credit_balances,https://www.bcra.gob.ar/archivos/Pdfs/PublicacionesEstadisticas/din1_ser.txt,66eeb0fa88aec93dc2450f27d6b6a407b09e286cc3bfbd8a2653e2196994ae80,2026-08-08T00:02:00Z
bcra_treasury_deposits_ars_monthly_change,2013-06,monthly,10176.100000,million_ars,calculated,bcra_money_credit_balances,https://www.bcra.gob.ar/archivos/Pdfs/PublicacionesEstadisticas/din1_ser.txt,66eeb0fa88aec93dc2450f27d6b6a407b09e286cc3bfbd8a2653e2196994ae80,2026-08-08T00:02:00Z
bcra_treasury_deposits_ars_monthly_change,2013-07,monthly,-2624.151000,million_ars,calculated,bcra_money_credit_balances,https://www.bcra.gob.ar/archivos/Pdfs/PublicacionesEstadisticas/din1_ser.txt,66eeb0fa88aec93dc2450f27d6b6a407b09e286cc3bfbd8a2653e2196994ae80,2026-08-08T00:02:00Z
bcra_treasury_deposits_ars_monthly_change,2013-08,monthly,-5744.255000,million_ars,calculated,bcra_money_credit_balances,https://www.bcra.gob.ar/archivos/Pdfs/PublicacionesEstadisticas/din1_ser.txt,66eeb0fa88aec93dc2450f27d6b6a407b09e286cc3bfbd8a2653e2196994ae80,2026-08-08T00:02:00Z
bcra_treasury_deposits_ars_monthly_change,2013-09,monthly,-684.821000,million_ars,calculated,bcra_money_credit_balances,https://www.bcra.gob.ar/archivos/Pdfs/PublicacionesEstadisticas/din1_ser.txt,66eeb0fa88aec93dc2450f27d6b6a407b09e286cc3bfbd8a2653e2196994ae80,2026-08-08T00:02:00Z
bcra_treasury_deposits_ars_monthly_change,2013-10,monthly,-1100.763000,million_ars,calculated,bcra_money_credit_balances,https://www.bcra.gob.ar/archivos/Pdfs/PublicacionesEstadisticas/din1_ser.txt,66eeb0fa88aec93dc2450f27d6b6a407b09e286cc3bfbd8a2653e2196994ae80,2026-08-08T00:02:00Z
bcra_treasury_deposits_ars_monthly_change,2013-11,monthly,908.745112,million_ars,calculated,bcra_money_credit_balances,https://www.bcra.gob.ar/archivos/Pdfs/PublicacionesEstadisticas/din1_ser.txt,66eeb0fa88aec93dc2450f27d6b6a407b09e286cc3bfbd8a2653e2196994ae80,2026-08-08T00:02:00Z
bcra_treasury_deposits_ars_monthly_change,2013-12,monthly,8186.244888,million_ars,calculated,bcra_money_credit_balances,https://www.bcra.gob.ar/archivos/Pdfs/PublicacionesEstadisticas/din1_ser.txt,66eeb0fa88aec93dc2450f27d6b6a407b09e286cc3bfbd8a2653e2196994ae80,2026-08-08T00:02:00Z
bcra_treasury_deposits_ars_monthly_change,2014-01,monthly,-8968.644000,million_ars,calculated,bcra_money_credit_balances,https://www.bcra.gob.ar/archivos/Pdfs/PublicacionesEstadisticas/din1_ser.txt,66eeb0fa88aec93dc2450f27d6b6a407b09e286cc3bfbd8a2653e2196994ae80,2026-08-08T00:02:00Z
bcra_treasury_deposits_ars_monthly_change,2014-02,monthly,694.390000,million_ars,calculated,bcra_money_credit_balances,https://www.bcra.gob.ar/archivos/Pdfs/PublicacionesEstadisticas/din1_ser.txt,66eeb0fa88aec93dc2450f27d6b6a407b09e286cc3bfbd8a2653e2196994ae80,2026-08-08T00:02:00Z
bcra_treasury_deposits_ars_monthly_change,2014-03,monthly,48.594000,million_ars,calculated,bcra_money_credit_balances,https://www.bcra.gob.ar/archivos/Pdfs/PublicacionesEstadisticas/din1_ser.txt,66eeb0fa88aec93dc2450f27d6b6a407b09e286cc3bfbd8a2653e2196994ae80,2026-08-08T00:02:00Z
bcra_treasury_deposits_ars_monthly_change,2014-04,monthly,-821.313000,million_ars,calculated,bcra_money_credit_balances,https://www.bcra.gob.ar/archivos/Pdfs/PublicacionesEstadisticas/din1_ser.txt,66eeb0fa88aec93dc2450f27d6b6a407b09e286cc3bfbd8a2653e2196994ae80,2026-08-08T00:02:00Z
bcra_treasury_deposits_ars_monthly_change,2014-05,monthly,8438.917000,million_ars,calculated,bcra_money_credit_balances,https://www.bcra.gob.ar/archivos/Pdfs/PublicacionesEstadisticas/din1_ser.txt,66eeb0fa88aec93dc2450f27d6b6a407b09e286cc3bfbd8a2653e2196994ae80,2026-08-08T00:02:00Z
bcra_treasury_deposits_ars_monthly_change,2014-06,monthly,-7845.277000,million_ars,calculated,bcra_money_credit_balances,https://www.bcra.gob.ar/archivos/Pdfs/PublicacionesEstadisticas/din1_ser.txt,66eeb0fa88aec93dc2450f27d6b6a407b09e286cc3bfbd8a2653e2196994ae80,2026-08-08T00:02:00Z
bcra_treasury_deposits_ars_monthly_change,2014-07,monthly,7414.058000,million_ars,calculated,bcra_money_credit_balances,https://www.bcra.gob.ar/archivos/Pdfs/PublicacionesEstadisticas/din1_ser.txt,66eeb0fa88aec93dc2450f27d6b6a407b09e286cc3bfbd8a2653e2196994ae80,2026-08-08T00:02:00Z
bcra_treasury_deposits_ars_monthly_change,2014-08,monthly,-7523.771000,million_ars,calculated,bcra_money_credit_balances,https://www.bcra.gob.ar/archivos/Pdfs/PublicacionesEstadisticas/din1_ser.txt,66eeb0fa88aec93dc2450f27d6b6a407b09e286cc3bfbd8a2653e2196994ae80,2026-08-08T00:02:00Z
bcra_treasury_deposits_ars_monthly_change,2014-09,monthly,-304.076092,million_ars,calculated,bcra_money_credit_balances,https://www.bcra.gob.ar/archivos/Pdfs/PublicacionesEstadisticas/din1_ser.txt,66eeb0fa88aec93dc2450f27d6b6a407b09e286cc3bfbd8a2653e2196994ae80,2026-08-08T00:02:00Z
bcra_treasury_deposits_ars_monthly_change,2014-10,monthly,2755.410092,million_ars,calculated,bcra_money_credit_balances,https://www.bcra.gob.ar/archivos/Pdfs/PublicacionesEstadisticas/din1_ser.txt,66eeb0fa88aec93dc2450f27d6b6a407b09e286cc3bfbd8a2653e2196994ae80,2026-08-08T00:02:00Z
bcra_treasury_deposits_ars_monthly_change,2014-11,monthly,10943.423000,million_ars,calculated,bcra_money_credit_balances,https://www.bcra.gob.ar/archivos/Pdfs/PublicacionesEstadisticas/din1_ser.txt,66eeb0fa88aec93dc2450f27d6b6a407b09e286cc3bfbd8a2653e2196994ae80,2026-08-08T00:02:00Z
bcra_treasury_deposits_ars_monthly_change,2014-12,monthly,11268.961000,million_ars,calculated,bcra_money_credit_balances,https://www.bcra.gob.ar/archivos/Pdfs/PublicacionesEstadisticas/din1_ser.txt,66eeb0fa88aec93dc2450f27d6b6a407b09e286cc3bfbd8a2653e2196994ae80,2026-08-08T00:02:00Z
bcra_treasury_deposits_ars_monthly_change,2015-01,monthly,-7662.342000,million_ars,calculated,bcra_money_credit_balances,https://www.bcra.gob.ar/archivos/Pdfs/PublicacionesEstadisticas/din1_ser.txt,66eeb0fa88aec93dc2450f27d6b6a407b09e286cc3bfbd8a2653e2196994ae80,2026-08-08T00:02:00Z
bcra_treasury_deposits_ars_monthly_change,2015-02,monthly,-17397.585000,million_ars,calculated,bcra_money_credit_balances,https://www.bcra.gob.ar/archivos/Pdfs/PublicacionesEstadisticas/din1_ser.txt,66eeb0fa88aec93dc2450f27d6b6a407b09e286cc3bfbd8a2653e2196994ae80,2026-08-08T00:02:00Z
bcra_treasury_deposits_ars_monthly_change,2015-03,monthly,5235.997000,million_ars,calculated,bcra_money_credit_balances,https://www.bcra.gob.ar/archivos/Pdfs/PublicacionesEstadisticas/din1_ser.txt,66eeb0fa88aec93dc2450f27d6b6a407b09e286cc3bfbd8a2653e2196994ae80,2026-08-08T00:02:00Z
bcra_treasury_deposits_ars_monthly_change,2015-04,monthly,1454.429725,million_ars,calculated,bcra_money_credit_balances,https://www.bcra.gob.ar/archivos/Pdfs/PublicacionesEstadisticas/din1_ser.txt,66eeb0fa88aec93dc2450f27d6b6a407b09e286cc3bfbd8a2653e2196994ae80,2026-08-08T00:02:00Z
bcra_treasury_deposits_ars_monthly_change,2015-05,monthly,9984.127275,million_ars,calculated,bcra_money_credit_balances,https://www.bcra.gob.ar/archivos/Pdfs/PublicacionesEstadisticas/din1_ser.txt,66eeb0fa88aec93dc2450f27d6b6a407b09e286cc3bfbd8a2653e2196994ae80,2026-08-08T00:02:00Z
bcra_treasury_deposits_ars_monthly_change,2015-06,monthly,-338.052000,million_ars,calculated,bcra_money_credit_balances,https://www.bcra.gob.ar/archivos/Pdfs/PublicacionesEstadisticas/din1_ser.txt,66eeb0fa88aec93dc2450f27d6b6a407b09e286cc3bfbd8a2653e2196994ae80,2026-08-08T00:02:00Z
bcra_treasury_deposits_ars_monthly_change,2015-07,monthly,-2582.374000,million_ars,calculated,bcra_money_credit_balances,https://www.bcra.gob.ar/archivos/Pdfs/PublicacionesEstadisticas/din1_ser.txt,66eeb0fa88aec93dc2450f27d6b6a407b09e286cc3bfbd8a2653e2196994ae80,2026-08-08T00:02:00Z
bcra_treasury_deposits_ars_monthly_change,2015-08,monthly,-10164.324000,million_ars,calculated,bcra_money_credit_balances,https://www.bcra.gob.ar/archivos/Pdfs/PublicacionesEstadisticas/din1_ser.txt,66eeb0fa88aec93dc2450f27d6b6a407b09e286cc3bfbd8a2653e2196994ae80,2026-08-08T00:02:00Z
bcra_treasury_deposits_ars_monthly_change,2015-09,monthly,25101.865000,million_ars,calculated,bcra_money_credit_balances,https://www.bcra.gob.ar/archivos/Pdfs/PublicacionesEstadisticas/din1_ser.txt,66eeb0fa88aec93dc2450f27d6b6a407b09e286cc3bfbd8a2653e2196994ae80,2026-08-08T00:02:00Z
bcra_treasury_deposits_ars_monthly_change,2015-10,monthly,-5928.882000,million_ars,calculated,bcra_money_credit_balances,https://www.bcra.gob.ar/archivos/Pdfs/PublicacionesEstadisticas/din1_ser.txt,66eeb0fa88aec93dc2450f27d6b6a407b09e286cc3bfbd8a2653e2196994ae80,2026-08-08T00:02:00Z
bcra_treasury_deposits_ars_monthly_change,2015-11,monthly,-10805.659000,million_ars,calculated,bcra_money_credit_balances,https://www.bcra.gob.ar/archivos/Pdfs/PublicacionesEstadisticas/din1_ser.txt,66eeb0fa88aec93dc2450f27d6b6a407b09e286cc3bfbd8a2653e2196994ae80,2026-08-08T00:02:00Z
bcra_treasury_deposits_ars_monthly_change,2015-12,monthly,-10133.153470,million_ars,calculated,bcra_money_credit_balances,https://www.bcra.gob.ar/archivos/Pdfs/PublicacionesEstadisticas/din1_ser.txt,66eeb0fa88aec93dc2450f27d6b6a407b09e286cc3bfbd8a2653e2196994ae80,2026-08-08T00:02:00Z
bcra_treasury_deposits_ars_monthly_change,2016-01,monthly,-393.201530,million_ars,calculated,bcra_money_credit_balances,https://www.bcra.gob.ar/archivos/Pdfs/PublicacionesEstadisticas/din1_ser.txt,66eeb0fa88aec93dc2450f27d6b6a407b09e286cc3bfbd8a2653e2196994ae80,2026-08-08T00:02:00Z
bcra_treasury_deposits_ars_monthly_change,2016-02,monthly,-939.242000,million_ars,calculated,bcra_money_credit_balances,https://www.bcra.gob.ar/archivos/Pdfs/PublicacionesEstadisticas/din1_ser.txt,66eeb0fa88aec93dc2450f27d6b6a407b09e286cc3bfbd8a2653e2196994ae80,2026-08-08T00:02:00Z
bcra_treasury_deposits_ars_monthly_change,2016-03,monthly,-529.812000,million_ars,calculated,bcra_money_credit_balances,https://www.bcra.gob.ar/archivos/Pdfs/PublicacionesEstadisticas/din1_ser.txt,66eeb0fa88aec93dc2450f27d6b6a407b09e286cc3bfbd8a2653e2196994ae80,2026-08-08T00:02:00Z
bcra_treasury_deposits_ars_monthly_change,2016-04,monthly,143.774000,million_ars,calculated,bcra_money_credit_balances,https://www.bcra.gob.ar/archivos/Pdfs/PublicacionesEstadisticas/din1_ser.txt,66eeb0fa88aec93dc2450f27d6b6a407b09e286cc3bfbd8a2653e2196994ae80,2026-08-08T00:02:00Z
bcra_treasury_deposits_ars_monthly_change,2016-05,monthly,109.788507,million_ars,calculated,bcra_money_credit_balances,https://www.bcra.gob.ar/archivos/Pdfs/PublicacionesEstadisticas/din1_ser.txt,66eeb0fa88aec93dc2450f27d6b6a407b09e286cc3bfbd8a2653e2196994ae80,2026-08-08T00:02:00Z
bcra_treasury_deposits_ars_monthly_change,2016-06,monthly,-10.336507,million_ars,calculated,bcra_money_credit_balances,https://www.bcra.gob.ar/archivos/Pdfs/PublicacionesEstadisticas/din1_ser.txt,66eeb0fa88aec93dc2450f27d6b6a407b09e286cc3bfbd8a2653e2196994ae80,2026-08-08T00:02:00Z
bcra_treasury_deposits_ars_monthly_change,2016-07,monthly,-111.697000,million_ars,calculated,bcra_money_credit_balances,https://www.bcra.gob.ar/archivos/Pdfs/PublicacionesEstadisticas/din1_ser.txt,66eeb0fa88aec93dc2450f27d6b6a407b09e286cc3bfbd8a2653e2196994ae80,2026-08-08T00:02:00Z
bcra_treasury_deposits_ars_monthly_change,2016-08,monthly,59.906000,million_ars,calculated,bcra_money_credit_balances,https://www.bcra.gob.ar/archivos/Pdfs/PublicacionesEstadisticas/din1_ser.txt,66eeb0fa88aec93dc2450f27d6b6a407b09e286cc3bfbd8a2653e2196994ae80,2026-08-08T00:02:00Z
bcra_treasury_deposits_ars_monthly_change,2016-09,monthly,-104.067000,million_ars,calculated,bcra_money_credit_balances,https://www.bcra.gob.ar/archivos/Pdfs/PublicacionesEstadisticas/din1_ser.txt,66eeb0fa88aec93dc2450f27d6b6a407b09e286cc3bfbd8a2653e2196994ae80,2026-08-08T00:02:00Z
bcra_treasury_deposits_ars_monthly_change,2016-10,monthly,22.949000,million_ars,calculated,bcra_money_credit_balances,https://www.bcra.gob.ar/archivos/Pdfs/PublicacionesEstadisticas/din1_ser.txt,66eeb0fa88aec93dc2450f27d6b6a407b09e286cc3bfbd8a2653e2196994ae80,2026-08-08T00:02:00Z
bcra_treasury_deposits_ars_monthly_change,2016-11,monthly,0.581000,million_ars,calculated,bcra_money_credit_balances,https://www.bcra.gob.ar/archivos/Pdfs/PublicacionesEstadisticas/din1_ser.txt,66eeb0fa88aec93dc2450f27d6b6a407b09e286cc3bfbd8a2653e2196994ae80,2026-08-08T00:02:00Z
bcra_treasury_deposits_ars_monthly_change,2016-12,monthly,-75.660889,million_ars,calculated,bcra_money_credit_balances,https://www.bcra.gob.ar/archivos/Pdfs/PublicacionesEstadisticas/din1_ser.txt,66eeb0fa88aec93dc2450f27d6b6a407b09e286cc3bfbd8a2653e2196994ae80,2026-08-08T00:02:00Z
bcra_treasury_deposits_ars_monthly_change,2017-01,monthly,300.729889,million_ars,calculated,bcra_money_credit_balances,https://www.bcra.gob.ar/archivos/Pdfs/PublicacionesEstadisticas/din1_ser.txt,66eeb0fa88aec93dc2450f27d6b6a407b09e286cc3bfbd8a2653e2196994ae80,2026-08-08T00:02:00Z
bcra_treasury_deposits_ars_monthly_change,2017-02,monthly,-35.459000,million_ars,calculated,bcra_money_credit_balances,https://www.bcra.gob.ar/archivos/Pdfs/PublicacionesEstadisticas/din1_ser.txt,66eeb0fa88aec93dc2450f27d6b6a407b09e286cc3bfbd8a2653e2196994ae80,2026-08-08T00:02:00Z
bcra_treasury_deposits_ars_monthly_change,2017-03,monthly,-165.307000,million_ars,calculated,bcra_money_credit_balances,https://www.bcra.gob.ar/archivos/Pdfs/PublicacionesEstadisticas/din1_ser.txt,66eeb0fa88aec93dc2450f27d6b6a407b09e286cc3bfbd8a2653e2196994ae80,2026-08-08T00:02:00Z
bcra_treasury_deposits_ars_monthly_change,2017-04,monthly,-78.051429,million_ars,calculated,bcra_money_credit_balances,https://www.bcra.gob.ar/archivos/Pdfs/PublicacionesEstadisticas/din1_ser.txt,66eeb0fa88aec93dc2450f27d6b6a407b09e286cc3bfbd8a2653e2196994ae80,2026-08-08T00:02:00Z
bcra_treasury_deposits_ars_monthly_change,2017-05,monthly,224.133918,million_ars,calculated,bcra_money_credit_balances,https://www.bcra.gob.ar/archivos/Pdfs/PublicacionesEstadisticas/din1_ser.txt,66eeb0fa88aec93dc2450f27d6b6a407b09e286cc3bfbd8a2653e2196994ae80,2026-08-08T00:02:00Z
bcra_treasury_deposits_ars_monthly_change,2017-06,monthly,-84.221310,million_ars,calculated,bcra_money_credit_balances,https://www.bcra.gob.ar/archivos/Pdfs/PublicacionesEstadisticas/din1_ser.txt,66eeb0fa88aec93dc2450f27d6b6a407b09e286cc3bfbd8a2653e2196994ae80,2026-08-08T00:02:00Z
bcra_treasury_deposits_ars_monthly_change,2017-07,monthly,85.246821,million_ars,calculated,bcra_money_credit_balances,https://www.bcra.gob.ar/archivos/Pdfs/PublicacionesEstadisticas/din1_ser.txt,66eeb0fa88aec93dc2450f27d6b6a407b09e286cc3bfbd8a2653e2196994ae80,2026-08-08T00:02:00Z
bcra_treasury_deposits_ars_monthly_change,2017-08,monthly,-48.185000,million_ars,calculated,bcra_money_credit_balances,https://www.bcra.gob.ar/archivos/Pdfs/PublicacionesEstadisticas/din1_ser.txt,66eeb0fa88aec93dc2450f27d6b6a407b09e286cc3bfbd8a2653e2196994ae80,2026-08-08T00:02:00Z
bcra_treasury_deposits_ars_monthly_change,2017-09,monthly,4709.995000,million_ars,calculated,bcra_money_credit_balances,https://www.bcra.gob.ar/archivos/Pdfs/PublicacionesEstadisticas/din1_ser.txt,66eeb0fa88aec93dc2450f27d6b6a407b09e286cc3bfbd8a2653e2196994ae80,2026-08-08T00:02:00Z
bcra_treasury_deposits_ars_monthly_change,2017-10,monthly,-4866.942006,million_ars,calculated,bcra_money_credit_balances,https://www.bcra.gob.ar/archivos/Pdfs/PublicacionesEstadisticas/din1_ser.txt,66eeb0fa88aec93dc2450f27d6b6a407b09e286cc3bfbd8a2653e2196994ae80,2026-08-08T00:02:00Z
bcra_treasury_deposits_ars_monthly_change,2017-11,monthly,18.586006,million_ars,calculated,bcra_money_credit_balances,https://www.bcra.gob.ar/archivos/Pdfs/PublicacionesEstadisticas/din1_ser.txt,66eeb0fa88aec93dc2450f27d6b6a407b09e286cc3bfbd8a2653e2196994ae80,2026-08-08T00:02:00Z
bcra_treasury_deposits_ars_monthly_change,2017-12,monthly,181.014000,million_ars,calculated,bcra_money_credit_balances,https://www.bcra.gob.ar/archivos/Pdfs/PublicacionesEstadisticas/din1_ser.txt,66eeb0fa88aec93dc2450f27d6b6a407b09e286cc3bfbd8a2653e2196994ae80,2026-08-08T00:02:00Z
bcra_treasury_deposits_ars_monthly_change,2018-01,monthly,-104.969000,million_ars,calculated,bcra_money_credit_balances,https://www.bcra.gob.ar/archivos/Pdfs/PublicacionesEstadisticas/din1_ser.txt,66eeb0fa88aec93dc2450f27d6b6a407b09e286cc3bfbd8a2653e2196994ae80,2026-08-08T00:02:00Z
bcra_treasury_deposits_ars_monthly_change,2018-02,monthly,234.026000,million_ars,calculated,bcra_money_credit_balances,https://www.bcra.gob.ar/archivos/Pdfs/PublicacionesEstadisticas/din1_ser.txt,66eeb0fa88aec93dc2450f27d6b6a407b09e286cc3bfbd8a2653e2196994ae80,2026-08-08T00:02:00Z
bcra_treasury_deposits_ars_monthly_change,2018-03,monthly,-275.406000,million_ars,calculated,bcra_money_credit_balances,https://www.bcra.gob.ar/archivos/Pdfs/PublicacionesEstadisticas/din1_ser.txt,66eeb0fa88aec93dc2450f27d6b6a407b09e286cc3bfbd8a2653e2196994ae80,2026-08-08T00:02:00Z
bcra_treasury_deposits_ars_monthly_change,2018-04,monthly,-109.324000,million_ars,calculated,bcra_money_credit_balances,https://www.bcra.gob.ar/archivos/Pdfs/PublicacionesEstadisticas/din1_ser.txt,66eeb0fa88aec93dc2450f27d6b6a407b09e286cc3bfbd8a2653e2196994ae80,2026-08-08T00:02:00Z
bcra_treasury_deposits_ars_monthly_change,2018-05,monthly,514.873000,million_ars,calculated,bcra_money_credit_balances,https://www.bcra.gob.ar/archivos/Pdfs/PublicacionesEstadisticas/din1_ser.txt,66eeb0fa88aec93dc2450f27d6b6a407b09e286cc3bfbd8a2653e2196994ae80,2026-08-08T00:02:00Z
bcra_treasury_deposits_ars_monthly_change,2018-06,monthly,19742.368000,million_ars,calculated,bcra_money_credit_balances,https://www.bcra.gob.ar/archivos/Pdfs/PublicacionesEstadisticas/din1_ser.txt,66eeb0fa88aec93dc2450f27d6b6a407b09e286cc3bfbd8a2653e2196994ae80,2026-08-08T00:02:00Z
bcra_treasury_deposits_ars_monthly_change,2018-07,monthly,4746.719099,million_ars,calculated,bcra_money_credit_balances,https://www.bcra.gob.ar/archivos/Pdfs/PublicacionesEstadisticas/din1_ser.txt,66eeb0fa88aec93dc2450f27d6b6a407b09e286cc3bfbd8a2653e2196994ae80,2026-08-08T00:02:00Z
bcra_treasury_deposits_ars_monthly_change,2018-08,monthly,-16853.509099,million_ars,calculated,bcra_money_credit_balances,https://www.bcra.gob.ar/archivos/Pdfs/PublicacionesEstadisticas/din1_ser.txt,66eeb0fa88aec93dc2450f27d6b6a407b09e286cc3bfbd8a2653e2196994ae80,2026-08-08T00:02:00Z
bcra_treasury_deposits_ars_monthly_change,2018-09,monthly,-7757.383310,million_ars,calculated,bcra_money_credit_balances,https://www.bcra.gob.ar/archivos/Pdfs/PublicacionesEstadisticas/din1_ser.txt,66eeb0fa88aec93dc2450f27d6b6a407b09e286cc3bfbd8a2653e2196994ae80,2026-08-08T00:02:00Z
bcra_treasury_deposits_ars_monthly_change,2018-10,monthly,-242.100838,million_ars,calculated,bcra_money_credit_balances,https://www.bcra.gob.ar/archivos/Pdfs/PublicacionesEstadisticas/din1_ser.txt,66eeb0fa88aec93dc2450f27d6b6a407b09e286cc3bfbd8a2653e2196994ae80,2026-08-08T00:02:00Z
bcra_treasury_deposits_ars_monthly_change,2018-11,monthly,88.347392,million_ars,calculated,bcra_money_credit_balances,https://www.bcra.gob.ar/archivos/Pdfs/PublicacionesEstadisticas/din1_ser.txt,66eeb0fa88aec93dc2450f27d6b6a407b09e286cc3bfbd8a2653e2196994ae80,2026-08-08T00:02:00Z
bcra_treasury_deposits_ars_monthly_change,2018-12,monthly,-32.896243,million_ars,calculated,bcra_money_credit_balances,https://www.bcra.gob.ar/archivos/Pdfs/PublicacionesEstadisticas/din1_ser.txt,66eeb0fa88aec93dc2450f27d6b6a407b09e286cc3bfbd8a2653e2196994ae80,2026-08-08T00:02:00Z
bcra_treasury_deposits_ars_monthly_change,2019-01,monthly,9.112914,million_ars,calculated,bcra_money_credit_balances,https://www.bcra.gob.ar/archivos/Pdfs/PublicacionesEstadisticas/din1_ser.txt,66eeb0fa88aec93dc2450f27d6b6a407b09e286cc3bfbd8a2653e2196994ae80,2026-08-08T00:02:00Z
bcra_treasury_deposits_ars_monthly_change,2019-02,monthly,-70.332934,million_ars,calculated,bcra_money_credit_balances,https://www.bcra.gob.ar/archivos/Pdfs/PublicacionesEstadisticas/din1_ser.txt,66eeb0fa88aec93dc2450f27d6b6a407b09e286cc3bfbd8a2653e2196994ae80,2026-08-08T00:02:00Z
bcra_treasury_deposits_ars_monthly_change,2019-03,monthly,42.729020,million_ars,calculated,bcra_money_credit_balances,https://www.bcra.gob.ar/archivos/Pdfs/PublicacionesEstadisticas/din1_ser.txt,66eeb0fa88aec93dc2450f27d6b6a407b09e286cc3bfbd8a2653e2196994ae80,2026-08-08T00:02:00Z
bcra_treasury_deposits_ars_monthly_change,2019-04,monthly,4027.271000,million_ars,calculated,bcra_money_credit_balances,https://www.bcra.gob.ar/archivos/Pdfs/PublicacionesEstadisticas/din1_ser.txt,66eeb0fa88aec93dc2450f27d6b6a407b09e286cc3bfbd8a2653e2196994ae80,2026-08-08T00:02:00Z
bcra_treasury_deposits_ars_monthly_change,2019-05,monthly,118602.127268,million_ars,calculated,bcra_money_credit_balances,https://www.bcra.gob.ar/archivos/Pdfs/PublicacionesEstadisticas/din1_ser.txt,66eeb0fa88aec93dc2450f27d6b6a407b09e286cc3bfbd8a2653e2196994ae80,2026-08-08T00:02:00Z
bcra_treasury_deposits_ars_monthly_change,2019-06,monthly,-115098.338298,million_ars,calculated,bcra_money_credit_balances,https://www.bcra.gob.ar/archivos/Pdfs/PublicacionesEstadisticas/din1_ser.txt,66eeb0fa88aec93dc2450f27d6b6a407b09e286cc3bfbd8a2653e2196994ae80,2026-08-08T00:02:00Z
bcra_treasury_deposits_ars_monthly_change,2019-07,monthly,-4807.528806,million_ars,calculated,bcra_money_credit_balances,https://www.bcra.gob.ar/archivos/Pdfs/PublicacionesEstadisticas/din1_ser.txt,66eeb0fa88aec93dc2450f27d6b6a407b09e286cc3bfbd8a2653e2196994ae80,2026-08-08T00:02:00Z
bcra_treasury_deposits_ars_monthly_change,2019-08,monthly,793.983837,million_ars,calculated,bcra_money_credit_balances,https://www.bcra.gob.ar/archivos/Pdfs/PublicacionesEstadisticas/din1_ser.txt,66eeb0fa88aec93dc2450f27d6b6a407b09e286cc3bfbd8a2653e2196994ae80,2026-08-08T00:02:00Z
bcra_treasury_deposits_ars_monthly_change,2019-09,monthly,58249.992411,million_ars,calculated,bcra_money_credit_balances,https://www.bcra.gob.ar/archivos/Pdfs/PublicacionesEstadisticas/din1_ser.txt,66eeb0fa88aec93dc2450f27d6b6a407b09e286cc3bfbd8a2653e2196994ae80,2026-08-08T00:02:00Z
bcra_treasury_deposits_ars_monthly_change,2019-10,monthly,-52791.320809,million_ars,calculated,bcra_money_credit_balances,https://www.bcra.gob.ar/archivos/Pdfs/PublicacionesEstadisticas/din1_ser.txt,66eeb0fa88aec93dc2450f27d6b6a407b09e286cc3bfbd8a2653e2196994ae80,2026-08-08T00:02:00Z
bcra_treasury_deposits_ars_monthly_change,2019-11,monthly,10564.125428,million_ars,calculated,bcra_money_credit_balances,https://www.bcra.gob.ar/archivos/Pdfs/PublicacionesEstadisticas/din1_ser.txt,66eeb0fa88aec93dc2450f27d6b6a407b09e286cc3bfbd8a2653e2196994ae80,2026-08-08T00:02:00Z
bcra_treasury_deposits_ars_monthly_change,2019-12,monthly,8969.284553,million_ars,calculated,bcra_money_credit_balances,https://www.bcra.gob.ar/archivos/Pdfs/PublicacionesEstadisticas/din1_ser.txt,66eeb0fa88aec93dc2450f27d6b6a407b09e286cc3bfbd8a2653e2196994ae80,2026-08-08T00:02:00Z
bcra_treasury_deposits_ars_monthly_change,2020-01,monthly,-20932.142709,million_ars,calculated,bcra_money_credit_balances,https://www.bcra.gob.ar/archivos/Pdfs/PublicacionesEstadisticas/din1_ser.txt,66eeb0fa88aec93dc2450f27d6b6a407b09e286cc3bfbd8a2653e2196994ae80,2026-08-08T00:02:00Z
bcra_treasury_deposits_ars_monthly_change,2020-02,monthly,-5212.451460,million_ars,calculated,bcra_money_credit_balances,https://www.bcra.gob.ar/archivos/Pdfs/PublicacionesEstadisticas/din1_ser.txt,66eeb0fa88aec93dc2450f27d6b6a407b09e286cc3bfbd8a2653e2196994ae80,2026-08-08T00:02:00Z
bcra_treasury_deposits_ars_monthly_change,2020-03,monthly,17014.670578,million_ars,calculated,bcra_money_credit_balances,https://www.bcra.gob.ar/archivos/Pdfs/PublicacionesEstadisticas/din1_ser.txt,66eeb0fa88aec93dc2450f27d6b6a407b09e286cc3bfbd8a2653e2196994ae80,2026-08-08T00:02:00Z
bcra_treasury_deposits_ars_monthly_change,2020-04,monthly,38167.165221,million_ars,calculated,bcra_money_credit_balances,https://www.bcra.gob.ar/archivos/Pdfs/PublicacionesEstadisticas/din1_ser.txt,66eeb0fa88aec93dc2450f27d6b6a407b09e286cc3bfbd8a2653e2196994ae80,2026-08-08T00:02:00Z
bcra_treasury_deposits_ars_monthly_change,2020-05,monthly,150640.371304,million_ars,calculated,bcra_money_credit_balances,https://www.bcra.gob.ar/archivos/Pdfs/PublicacionesEstadisticas/din1_ser.txt,66eeb0fa88aec93dc2450f27d6b6a407b09e286cc3bfbd8a2653e2196994ae80,2026-08-08T00:02:00Z
bcra_treasury_deposits_ars_monthly_change,2020-06,monthly,-111808.038538,million_ars,calculated,bcra_money_credit_balances,https://www.bcra.gob.ar/archivos/Pdfs/PublicacionesEstadisticas/din1_ser.txt,66eeb0fa88aec93dc2450f27d6b6a407b09e286cc3bfbd8a2653e2196994ae80,2026-08-08T00:02:00Z
bcra_treasury_deposits_ars_monthly_change,2020-07,monthly,48574.785022,million_ars,calculated,bcra_money_credit_balances,https://www.bcra.gob.ar/archivos/Pdfs/PublicacionesEstadisticas/din1_ser.txt,66eeb0fa88aec93dc2450f27d6b6a407b09e286cc3bfbd8a2653e2196994ae80,2026-08-08T00:02:00Z
bcra_treasury_deposits_ars_monthly_change,2020-08,monthly,-61189.172847,million_ars,calculated,bcra_money_credit_balances,https://www.bcra.gob.ar/archivos/Pdfs/PublicacionesEstadisticas/din1_ser.txt,66eeb0fa88aec93dc2450f27d6b6a407b09e286cc3bfbd8a2653e2196994ae80,2026-08-08T00:02:00Z
bcra_treasury_deposits_ars_monthly_change,2020-09,monthly,-37983.962075,million_ars,calculated,bcra_money_credit_balances,https://www.bcra.gob.ar/archivos/Pdfs/PublicacionesEstadisticas/din1_ser.txt,66eeb0fa88aec93dc2450f27d6b6a407b09e286cc3bfbd8a2653e2196994ae80,2026-08-08T00:02:00Z
bcra_treasury_deposits_ars_monthly_change,2020-10,monthly,5686.125564,million_ars,calculated,bcra_money_credit_balances,https://www.bcra.gob.ar/archivos/Pdfs/PublicacionesEstadisticas/din1_ser.txt,66eeb0fa88aec93dc2450f27d6b6a407b09e286cc3bfbd8a2653e2196994ae80,2026-08-08T00:02:00Z
bcra_treasury_deposits_ars_monthly_change,2020-11,monthly,86228.461198,million_ars,calculated,bcra_money_credit_balances,https://www.bcra.gob.ar/archivos/Pdfs/PublicacionesEstadisticas/din1_ser.txt,66eeb0fa88aec93dc2450f27d6b6a407b09e286cc3bfbd8a2653e2196994ae80,2026-08-08T00:02:00Z
bcra_treasury_deposits_ars_monthly_change,2020-12,monthly,-112638.380134,million_ars,calculated,bcra_money_credit_balances,https://www.bcra.gob.ar/archivos/Pdfs/PublicacionesEstadisticas/din1_ser.txt,66eeb0fa88aec93dc2450f27d6b6a407b09e286cc3bfbd8a2653e2196994ae80,2026-08-08T00:02:00Z
bcra_treasury_deposits_ars_monthly_change,2021-01,monthly,42981.918148,million_ars,calculated,bcra_money_credit_balances,https://www.bcra.gob.ar/archivos/Pdfs/PublicacionesEstadisticas/din1_ser.txt,66eeb0fa88aec93dc2450f27d6b6a407b09e286cc3bfbd8a2653e2196994ae80,2026-08-08T00:02:00Z
bcra_treasury_deposits_ars_monthly_change,2021-02,monthly,-26384.993544,million_ars,calculated,bcra_money_credit_balances,https://www.bcra.gob.ar/archivos/Pdfs/PublicacionesEstadisticas/din1_ser.txt,66eeb0fa88aec93dc2450f27d6b6a407b09e286cc3bfbd8a2653e2196994ae80,2026-08-08T00:02:00Z
bcra_treasury_deposits_ars_monthly_change,2021-03,monthly,-23925.522462,million_ars,calculated,bcra_money_credit_balances,https://www.bcra.gob.ar/archivos/Pdfs/PublicacionesEstadisticas/din1_ser.txt,66eeb0fa88aec93dc2450f27d6b6a407b09e286cc3bfbd8a2653e2196994ae80,2026-08-08T00:02:00Z
bcra_treasury_deposits_ars_monthly_change,2021-04,monthly,50378.023680,million_ars,calculated,bcra_money_credit_balances,https://www.bcra.gob.ar/archivos/Pdfs/PublicacionesEstadisticas/din1_ser.txt,66eeb0fa88aec93dc2450f27d6b6a407b09e286cc3bfbd8a2653e2196994ae80,2026-08-08T00:02:00Z
bcra_treasury_deposits_ars_monthly_change,2021-05,monthly,7135.137473,million_ars,calculated,bcra_money_credit_balances,https://www.bcra.gob.ar/archivos/Pdfs/PublicacionesEstadisticas/din1_ser.txt,66eeb0fa88aec93dc2450f27d6b6a407b09e286cc3bfbd8a2653e2196994ae80,2026-08-08T00:02:00Z
bcra_treasury_deposits_ars_monthly_change,2021-06,monthly,21368.784207,million_ars,calculated,bcra_money_credit_balances,https://www.bcra.gob.ar/archivos/Pdfs/PublicacionesEstadisticas/din1_ser.txt,66eeb0fa88aec93dc2450f27d6b6a407b09e286cc3bfbd8a2653e2196994ae80,2026-08-08T00:02:00Z
bcra_treasury_deposits_ars_monthly_change,2021-07,monthly,-45118.506454,million_ars,calculated,bcra_money_credit_balances,https://www.bcra.gob.ar/archivos/Pdfs/PublicacionesEstadisticas/din1_ser.txt,66eeb0fa88aec93dc2450f27d6b6a407b09e286cc3bfbd8a2653e2196994ae80,2026-08-08T00:02:00Z
bcra_treasury_deposits_ars_monthly_change,2021-08,monthly,-36777.603179,million_ars,calculated,bcra_money_credit_balances,https://www.bcra.gob.ar/archivos/Pdfs/PublicacionesEstadisticas/din1_ser.txt,66eeb0fa88aec93dc2450f27d6b6a407b09e286cc3bfbd8a2653e2196994ae80,2026-08-08T00:02:00Z
bcra_treasury_deposits_ars_monthly_change,2021-09,monthly,16378.766773,million_ars,calculated,bcra_money_credit_balances,https://www.bcra.gob.ar/archivos/Pdfs/PublicacionesEstadisticas/din1_ser.txt,66eeb0fa88aec93dc2450f27d6b6a407b09e286cc3bfbd8a2653e2196994ae80,2026-08-08T00:02:00Z
bcra_treasury_deposits_ars_monthly_change,2021-10,monthly,91869.986985,million_ars,calculated,bcra_money_credit_balances,https://www.bcra.gob.ar/archivos/Pdfs/PublicacionesEstadisticas/din1_ser.txt,66eeb0fa88aec93dc2450f27d6b6a407b09e286cc3bfbd8a2653e2196994ae80,2026-08-08T00:02:00Z
bcra_treasury_deposits_ars_monthly_change,2021-11,monthly,-4113.046452,million_ars,calculated,bcra_money_credit_balances,https://www.bcra.gob.ar/archivos/Pdfs/PublicacionesEstadisticas/din1_ser.txt,66eeb0fa88aec93dc2450f27d6b6a407b09e286cc3bfbd8a2653e2196994ae80,2026-08-08T00:02:00Z
bcra_treasury_deposits_ars_monthly_change,2021-12,monthly,-83436.243585,million_ars,calculated,bcra_money_credit_balances,https://www.bcra.gob.ar/archivos/Pdfs/PublicacionesEstadisticas/din1_ser.txt,66eeb0fa88aec93dc2450f27d6b6a407b09e286cc3bfbd8a2653e2196994ae80,2026-08-08T00:02:00Z
bcra_treasury_deposits_ars_monthly_change,2022-01,monthly,177067.181018,million_ars,calculated,bcra_money_credit_balances,https://www.bcra.gob.ar/archivos/Pdfs/PublicacionesEstadisticas/din1_ser.txt,66eeb0fa88aec93dc2450f27d6b6a407b09e286cc3bfbd8a2653e2196994ae80,2026-08-08T00:02:00Z
bcra_treasury_deposits_ars_monthly_change,2022-02,monthly,-7863.556225,million_ars,calculated,bcra_money_credit_balances,https://www.bcra.gob.ar/archivos/Pdfs/PublicacionesEstadisticas/din1_ser.txt,66eeb0fa88aec93dc2450f27d6b6a407b09e286cc3bfbd8a2653e2196994ae80,2026-08-08T00:02:00Z
bcra_treasury_deposits_ars_monthly_change,2022-03,monthly,209890.058635,million_ars,calculated,bcra_money_credit_balances,https://www.bcra.gob.ar/archivos/Pdfs/PublicacionesEstadisticas/din1_ser.txt,66eeb0fa88aec93dc2450f27d6b6a407b09e286cc3bfbd8a2653e2196994ae80,2026-08-08T00:02:00Z
bcra_treasury_deposits_ars_monthly_change,2022-04,monthly,-310839.451648,million_ars,calculated,bcra_money_credit_balances,https://www.bcra.gob.ar/archivos/Pdfs/PublicacionesEstadisticas/din1_ser.txt,66eeb0fa88aec93dc2450f27d6b6a407b09e286cc3bfbd8a2653e2196994ae80,2026-08-08T00:02:00Z
bcra_treasury_deposits_ars_monthly_change,2022-05,monthly,-85514.280965,million_ars,calculated,bcra_money_credit_balances,https://www.bcra.gob.ar/archivos/Pdfs/PublicacionesEstadisticas/din1_ser.txt,66eeb0fa88aec93dc2450f27d6b6a407b09e286cc3bfbd8a2653e2196994ae80,2026-08-08T00:02:00Z
bcra_treasury_deposits_ars_monthly_change,2022-06,monthly,-6977.086959,million_ars,calculated,bcra_money_credit_balances,https://www.bcra.gob.ar/archivos/Pdfs/PublicacionesEstadisticas/din1_ser.txt,66eeb0fa88aec93dc2450f27d6b6a407b09e286cc3bfbd8a2653e2196994ae80,2026-08-08T00:02:00Z
bcra_treasury_deposits_ars_monthly_change,2022-07,monthly,391893.362585,million_ars,calculated,bcra_money_credit_balances,https://www.bcra.gob.ar/archivos/Pdfs/PublicacionesEstadisticas/din1_ser.txt,66eeb0fa88aec93dc2450f27d6b6a407b09e286cc3bfbd8a2653e2196994ae80,2026-08-08T00:02:00Z
bcra_treasury_deposits_ars_monthly_change,2022-08,monthly,25729.444185,million_ars,calculated,bcra_money_credit_balances,https://www.bcra.gob.ar/archivos/Pdfs/PublicacionesEstadisticas/din1_ser.txt,66eeb0fa88aec93dc2450f27d6b6a407b09e286cc3bfbd8a2653e2196994ae80,2026-08-08T00:02:00Z
bcra_treasury_deposits_ars_monthly_change,2022-09,monthly,36814.810592,million_ars,calculated,bcra_money_credit_balances,https://www.bcra.gob.ar/archivos/Pdfs/PublicacionesEstadisticas/din1_ser.txt,66eeb0fa88aec93dc2450f27d6b6a407b09e286cc3bfbd8a2653e2196994ae80,2026-08-08T00:02:00Z
bcra_treasury_deposits_ars_monthly_change,2022-10,monthly,-177829.389191,million_ars,calculated,bcra_money_credit_balances,https://www.bcra.gob.ar/archivos/Pdfs/PublicacionesEstadisticas/din1_ser.txt,66eeb0fa88aec93dc2450f27d6b6a407b09e286cc3bfbd8a2653e2196994ae80,2026-08-08T00:02:00Z
bcra_treasury_deposits_ars_monthly_change,2022-11,monthly,-216162.069793,million_ars,calculated,bcra_money_credit_balances,https://www.bcra.gob.ar/archivos/Pdfs/PublicacionesEstadisticas/din1_ser.txt,66eeb0fa88aec93dc2450f27d6b6a407b09e286cc3bfbd8a2653e2196994ae80,2026-08-08T00:02:00Z
bcra_treasury_deposits_ars_monthly_change,2022-12,monthly,285474.520082,million_ars,calculated,bcra_money_credit_balances,https://www.bcra.gob.ar/archivos/Pdfs/PublicacionesEstadisticas/din1_ser.txt,66eeb0fa88aec93dc2450f27d6b6a407b09e286cc3bfbd8a2653e2196994ae80,2026-08-08T00:02:00Z
bcra_treasury_deposits_ars_monthly_change,2023-01,monthly,32612.565841,million_ars,calculated,bcra_money_credit_balances,https://www.bcra.gob.ar/archivos/Pdfs/PublicacionesEstadisticas/din1_ser.txt,66eeb0fa88aec93dc2450f27d6b6a407b09e286cc3bfbd8a2653e2196994ae80,2026-08-08T00:02:00Z
bcra_treasury_deposits_ars_monthly_change,2023-02,monthly,-192997.616728,million_ars,calculated,bcra_money_credit_balances,https://www.bcra.gob.ar/archivos/Pdfs/PublicacionesEstadisticas/din1_ser.txt,66eeb0fa88aec93dc2450f27d6b6a407b09e286cc3bfbd8a2653e2196994ae80,2026-08-08T00:02:00Z
bcra_treasury_deposits_ars_monthly_change,2023-03,monthly,-89113.192618,million_ars,calculated,bcra_money_credit_balances,https://www.bcra.gob.ar/archivos/Pdfs/PublicacionesEstadisticas/din1_ser.txt,66eeb0fa88aec93dc2450f27d6b6a407b09e286cc3bfbd8a2653e2196994ae80,2026-08-08T00:02:00Z
bcra_treasury_deposits_ars_monthly_change,2023-04,monthly,101773.363118,million_ars,calculated,bcra_money_credit_balances,https://www.bcra.gob.ar/archivos/Pdfs/PublicacionesEstadisticas/din1_ser.txt,66eeb0fa88aec93dc2450f27d6b6a407b09e286cc3bfbd8a2653e2196994ae80,2026-08-08T00:02:00Z
bcra_treasury_deposits_ars_monthly_change,2023-05,monthly,291982.761329,million_ars,calculated,bcra_money_credit_balances,https://www.bcra.gob.ar/archivos/Pdfs/PublicacionesEstadisticas/din1_ser.txt,66eeb0fa88aec93dc2450f27d6b6a407b09e286cc3bfbd8a2653e2196994ae80,2026-08-08T00:02:00Z
bcra_treasury_deposits_ars_monthly_change,2023-06,monthly,-480314.584642,million_ars,calculated,bcra_money_credit_balances,https://www.bcra.gob.ar/archivos/Pdfs/PublicacionesEstadisticas/din1_ser.txt,66eeb0fa88aec93dc2450f27d6b6a407b09e286cc3bfbd8a2653e2196994ae80,2026-08-08T00:02:00Z
bcra_treasury_deposits_ars_monthly_change,2023-07,monthly,111255.443993,million_ars,calculated,bcra_money_credit_balances,https://www.bcra.gob.ar/archivos/Pdfs/PublicacionesEstadisticas/din1_ser.txt,66eeb0fa88aec93dc2450f27d6b6a407b09e286cc3bfbd8a2653e2196994ae80,2026-08-08T00:02:00Z
bcra_treasury_deposits_ars_monthly_change,2023-08,monthly,675720.188197,million_ars,calculated,bcra_money_credit_balances,https://www.bcra.gob.ar/archivos/Pdfs/PublicacionesEstadisticas/din1_ser.txt,66eeb0fa88aec93dc2450f27d6b6a407b09e286cc3bfbd8a2653e2196994ae80,2026-08-08T00:02:00Z
bcra_treasury_deposits_ars_monthly_change,2023-09,monthly,309229.293046,million_ars,calculated,bcra_money_credit_balances,https://www.bcra.gob.ar/archivos/Pdfs/PublicacionesEstadisticas/din1_ser.txt,66eeb0fa88aec93dc2450f27d6b6a407b09e286cc3bfbd8a2653e2196994ae80,2026-08-08T00:02:00Z
bcra_treasury_deposits_ars_monthly_change,2023-10,monthly,450788.752968,million_ars,calculated,bcra_money_credit_balances,https://www.bcra.gob.ar/archivos/Pdfs/PublicacionesEstadisticas/din1_ser.txt,66eeb0fa88aec93dc2450f27d6b6a407b09e286cc3bfbd8a2653e2196994ae80,2026-08-08T00:02:00Z
bcra_treasury_deposits_ars_monthly_change,2023-11,monthly,371324.184504,million_ars,calculated,bcra_money_credit_balances,https://www.bcra.gob.ar/archivos/Pdfs/PublicacionesEstadisticas/din1_ser.txt,66eeb0fa88aec93dc2450f27d6b6a407b09e286cc3bfbd8a2653e2196994ae80,2026-08-08T00:02:00Z
bcra_treasury_deposits_ars_monthly_change,2023-12,monthly,-987784.330566,million_ars,calculated,bcra_money_credit_balances,https://www.bcra.gob.ar/archivos/Pdfs/PublicacionesEstadisticas/din1_ser.txt,66eeb0fa88aec93dc2450f27d6b6a407b09e286cc3bfbd8a2653e2196994ae80,2026-08-08T00:02:00Z
bcra_treasury_deposits_ars_monthly_change,2024-01,monthly,-58588.874909,million_ars,calculated,bcra_money_credit_balances,https://www.bcra.gob.ar/archivos/Pdfs/PublicacionesEstadisticas/din1_ser.txt,66eeb0fa88aec93dc2450f27d6b6a407b09e286cc3bfbd8a2653e2196994ae80,2026-08-08T00:02:00Z
bcra_treasury_deposits_ars_monthly_change,2024-02,monthly,-740411.321952,million_ars,calculated,bcra_money_credit_balances,https://www.bcra.gob.ar/archivos/Pdfs/PublicacionesEstadisticas/din1_ser.txt,66eeb0fa88aec93dc2450f27d6b6a407b09e286cc3bfbd8a2653e2196994ae80,2026-08-08T00:02:00Z
bcra_treasury_deposits_ars_monthly_change,2024-03,monthly,258429.995266,million_ars,calculated,bcra_money_credit_balances,https://www.bcra.gob.ar/archivos/Pdfs/PublicacionesEstadisticas/din1_ser.txt,66eeb0fa88aec93dc2450f27d6b6a407b09e286cc3bfbd8a2653e2196994ae80,2026-08-08T00:02:00Z
bcra_treasury_deposits_ars_monthly_change,2024-04,monthly,432299.541478,million_ars,calculated,bcra_money_credit_balances,https://www.bcra.gob.ar/archivos/Pdfs/PublicacionesEstadisticas/din1_ser.txt,66eeb0fa88aec93dc2450f27d6b6a407b09e286cc3bfbd8a2653e2196994ae80,2026-08-08T00:02:00Z
bcra_treasury_deposits_ars_monthly_change,2024-05,monthly,12275547.832517,million_ars,calculated,bcra_money_credit_balances,https://www.bcra.gob.ar/archivos/Pdfs/PublicacionesEstadisticas/din1_ser.txt,66eeb0fa88aec93dc2450f27d6b6a407b09e286cc3bfbd8a2653e2196994ae80,2026-08-08T00:02:00Z
bcra_treasury_deposits_ars_monthly_change,2024-06,monthly,-184612.689867,million_ars,calculated,bcra_money_credit_balances,https://www.bcra.gob.ar/archivos/Pdfs/PublicacionesEstadisticas/din1_ser.txt,66eeb0fa88aec93dc2450f27d6b6a407b09e286cc3bfbd8a2653e2196994ae80,2026-08-08T00:02:00Z
bcra_treasury_deposits_ars_monthly_change,2024-07,monthly,3082289.602388,million_ars,calculated,bcra_money_credit_balances,https://www.bcra.gob.ar/archivos/Pdfs/PublicacionesEstadisticas/din1_ser.txt,66eeb0fa88aec93dc2450f27d6b6a407b09e286cc3bfbd8a2653e2196994ae80,2026-08-08T00:02:00Z
bcra_treasury_deposits_ars_monthly_change,2024-08,monthly,764893.005988,million_ars,calculated,bcra_money_credit_balances,https://www.bcra.gob.ar/archivos/Pdfs/PublicacionesEstadisticas/din1_ser.txt,66eeb0fa88aec93dc2450f27d6b6a407b09e286cc3bfbd8a2653e2196994ae80,2026-08-08T00:02:00Z
bcra_treasury_deposits_ars_monthly_change,2024-09,monthly,-3781640.014228,million_ars,calculated,bcra_money_credit_balances,https://www.bcra.gob.ar/archivos/Pdfs/PublicacionesEstadisticas/din1_ser.txt,66eeb0fa88aec93dc2450f27d6b6a407b09e286cc3bfbd8a2653e2196994ae80,2026-08-08T00:02:00Z
bcra_treasury_deposits_ars_monthly_change,2024-10,monthly,-990680.474751,million_ars,calculated,bcra_money_credit_balances,https://www.bcra.gob.ar/archivos/Pdfs/PublicacionesEstadisticas/din1_ser.txt,66eeb0fa88aec93dc2450f27d6b6a407b09e286cc3bfbd8a2653e2196994ae80,2026-08-08T00:02:00Z
bcra_treasury_deposits_ars_monthly_change,2024-11,monthly,-3601516.406160,million_ars,calculated,bcra_money_credit_balances,https://www.bcra.gob.ar/archivos/Pdfs/PublicacionesEstadisticas/din1_ser.txt,66eeb0fa88aec93dc2450f27d6b6a407b09e286cc3bfbd8a2653e2196994ae80,2026-08-08T00:02:00Z
bcra_treasury_deposits_ars_monthly_change,2024-12,monthly,-2336241.033060,million_ars,calculated,bcra_money_credit_balances,https://www.bcra.gob.ar/archivos/Pdfs/PublicacionesEstadisticas/din1_ser.txt,66eeb0fa88aec93dc2450f27d6b6a407b09e286cc3bfbd8a2653e2196994ae80,2026-08-08T00:02:00Z
bcra_treasury_deposits_ars_monthly_change,2025-01,monthly,-1797466.160071,million_ars,calculated,bcra_money_credit_balances,https://www.bcra.gob.ar/archivos/Pdfs/PublicacionesEstadisticas/din1_ser.txt,66eeb0fa88aec93dc2450f27d6b6a407b09e286cc3bfbd8a2653e2196994ae80,2026-08-08T00:02:00Z
bcra_treasury_deposits_ars_monthly_change,2025-02,monthly,1981463.468144,million_ars,calculated,bcra_money_credit_balances,https://www.bcra.gob.ar/archivos/Pdfs/PublicacionesEstadisticas/din1_ser.txt,66eeb0fa88aec93dc2450f27d6b6a407b09e286cc3bfbd8a2653e2196994ae80,2026-08-08T00:02:00Z
bcra_treasury_deposits_ars_monthly_change,2025-03,monthly,-673386.011725,million_ars,calculated,bcra_money_credit_balances,https://www.bcra.gob.ar/archivos/Pdfs/PublicacionesEstadisticas/din1_ser.txt,66eeb0fa88aec93dc2450f27d6b6a407b09e286cc3bfbd8a2653e2196994ae80,2026-08-08T00:02:00Z
bcra_treasury_deposits_ars_monthly_change,2025-04,monthly,8115077.070550,million_ars,calculated,bcra_money_credit_balances,https://www.bcra.gob.ar/archivos/Pdfs/PublicacionesEstadisticas/din1_ser.txt,66eeb0fa88aec93dc2450f27d6b6a407b09e286cc3bfbd8a2653e2196994ae80,2026-08-08T00:02:00Z
bcra_treasury_deposits_ars_monthly_change,2025-05,monthly,-1561290.724072,million_ars,calculated,bcra_money_credit_balances,https://www.bcra.gob.ar/archivos/Pdfs/PublicacionesEstadisticas/din1_ser.txt,66eeb0fa88aec93dc2450f27d6b6a407b09e286cc3bfbd8a2653e2196994ae80,2026-08-08T00:02:00Z
bcra_treasury_deposits_ars_monthly_change,2025-06,monthly,-3764649.997488,million_ars,calculated,bcra_money_credit_balances,https://www.bcra.gob.ar/archivos/Pdfs/PublicacionesEstadisticas/din1_ser.txt,66eeb0fa88aec93dc2450f27d6b6a407b09e286cc3bfbd8a2653e2196994ae80,2026-08-08T00:02:00Z
bcra_treasury_deposits_ars_monthly_change,2025-07,monthly,5865510.157093,million_ars,calculated,bcra_money_credit_balances,https://www.bcra.gob.ar/archivos/Pdfs/PublicacionesEstadisticas/din1_ser.txt,66eeb0fa88aec93dc2450f27d6b6a407b09e286cc3bfbd8a2653e2196994ae80,2026-08-08T00:02:00Z
bcra_treasury_deposits_ars_monthly_change,2025-08,monthly,-2029200.903848,million_ars,calculated,bcra_money_credit_balances,https://www.bcra.gob.ar/archivos/Pdfs/PublicacionesEstadisticas/din1_ser.txt,66eeb0fa88aec93dc2450f27d6b6a407b09e286cc3bfbd8a2653e2196994ae80,2026-08-08T00:02:00Z
bcra_treasury_deposits_ars_monthly_change,2025-09,monthly,-1145828.618960,million_ars,calculated,bcra_money_credit_balances,https://www.bcra.gob.ar/archivos/Pdfs/PublicacionesEstadisticas/din1_ser.txt,66eeb0fa88aec93dc2450f27d6b6a407b09e286cc3bfbd8a2653e2196994ae80,2026-08-08T00:02:00Z
bcra_treasury_deposits_ars_monthly_change,2025-10,monthly,-5773210.134038,million_ars,calculated,bcra_money_credit_balances,https://www.bcra.gob.ar/archivos/Pdfs/PublicacionesEstadisticas/din1_ser.txt,66eeb0fa88aec93dc2450f27d6b6a407b09e286cc3bfbd8a2653e2196994ae80,2026-08-08T00:02:00Z
bcra_treasury_deposits_ars_monthly_change,2025-11,monthly,-1701673.434907,million_ars,calculated,bcra_money_credit_balances,https://www.bcra.gob.ar/archivos/Pdfs/PublicacionesEstadisticas/din1_ser.txt,66eeb0fa88aec93dc2450f27d6b6a407b09e286cc3bfbd8a2653e2196994ae80,2026-08-08T00:02:00Z
bcra_treasury_deposits_ars_monthly_change,2025-12,monthly,581096.827400,million_ars,calculated,bcra_money_credit_balances,https://www.bcra.gob.ar/archivos/Pdfs/PublicacionesEstadisticas/din1_ser.txt,66eeb0fa88aec93dc2450f27d6b6a407b09e286cc3bfbd8a2653e2196994ae80,2026-08-08T00:02:00Z
bcra_treasury_deposits_ars_monthly_change,2026-01,monthly,133504.413380,million_ars,calculated,bcra_money_credit_balances,https://www.bcra.gob.ar/archivos/Pdfs/PublicacionesEstadisticas/din1_ser.txt,66eeb0fa88aec93dc2450f27d6b6a407b09e286cc3bfbd8a2653e2196994ae80,2026-08-08T00:02:00Z
bcra_treasury_deposits_ars_monthly_change,2026-02,monthly,77761.542733,million_ars,calculated,bcra_money_credit_balances,https://www.bcra.gob.ar/archivos/Pdfs/PublicacionesEstadisticas/din1_ser.txt,66eeb0fa88aec93dc2450f27d6b6a407b09e286cc3bfbd8a2653e2196994ae80,2026-08-08T00:02:00Z
bcra_treasury_deposits_ars_monthly_change,2026-03,monthly,1734042.796329,million_ars,calculated,bcra_money_credit_balances,https://www.bcra.gob.ar/archivos/Pdfs/PublicacionesEstadisticas/din1_ser.txt,66eeb0fa88aec93dc2450f27d6b6a407b09e286cc3bfbd8a2653e2196994ae80,2026-08-08T00:02:00Z
bcra_treasury_deposits_ars_monthly_change,2026-04,monthly,2269964.770777,million_ars,calculated,bcra_money_credit_balances,https://www.bcra.gob.ar/archivos/Pdfs/PublicacionesEstadisticas/din1_ser.txt,66eeb0fa88aec93dc2450f27d6b6a407b09e286cc3bfbd8a2653e2196994ae80,2026-08-08T00:02:00Z
bcra_treasury_deposits_ars_monthly_change,2026-05,monthly,4445125.420829,million_ars,calculated,bcra_money_credit_balances,https://www.bcra.gob.ar/archivos/Pdfs/PublicacionesEstadisticas/din1_ser.txt,66eeb0fa88aec93dc2450f27d6b6a407b09e286cc3bfbd8a2653e2196994ae80,2026-08-08T00:02:00Z
bcra_treasury_deposits_ars_monthly_change,2026-06,monthly,-5624236.278182,million_ars,calculated,bcra_money_credit_balances,https://www.bcra.gob.ar/archivos/Pdfs/PublicacionesEstadisticas/din1_ser.txt,66eeb0fa88aec93dc2450f27d6b6a407b09e286cc3bfbd8a2653e2196994ae80,2026-08-08T00:02:00Z
bcra_treasury_deposits_usd,2002-01,monthly,4204.599286,million_usd,calculated,bcra_treasury_deposits_usd_calculated,https://www.bcra.gob.ar/consulta-de-series-estadisticas-en-formato-txt/,65cd4837b5fa20caddfefeb0c185922057b23beeedd84eae1467f335299b03b7,2026-08-08T00:02:00Z
bcra_treasury_deposits_usd,2002-02,monthly,4110.555814,million_usd,calculated,bcra_treasury_deposits_usd_calculated,https://www.bcra.gob.ar/consulta-de-series-estadisticas-en-formato-txt/,65cd4837b5fa20caddfefeb0c185922057b23beeedd84eae1467f335299b03b7,2026-08-08T00:02:00Z
bcra_treasury_deposits_usd,2002-03,monthly,4055.058621,million_usd,calculated,bcra_treasury_deposits_usd_calculated,https://www.bcra.gob.ar/consulta-de-series-estadisticas-en-formato-txt/,65cd4837b5fa20caddfefeb0c185922057b23beeedd84eae1467f335299b03b7,2026-08-08T00:02:00Z
bcra_treasury_deposits_usd,2002-04,monthly,3754.554915,million_usd,calculated,bcra_treasury_deposits_usd_calculated,https://www.bcra.gob.ar/consulta-de-series-estadisticas-en-formato-txt/,65cd4837b5fa20caddfefeb0c185922057b23beeedd84eae1467f335299b03b7,2026-08-08T00:02:00Z
bcra_treasury_deposits_usd,2002-05,monthly,2698.921667,million_usd,calculated,bcra_treasury_deposits_usd_calculated,https://www.bcra.gob.ar/consulta-de-series-estadisticas-en-formato-txt/,65cd4837b5fa20caddfefeb0c185922057b23beeedd84eae1467f335299b03b7,2026-08-08T00:02:00Z
bcra_treasury_deposits_usd,2002-06,monthly,2454.245000,million_usd,calculated,bcra_treasury_deposits_usd_calculated,https://www.bcra.gob.ar/consulta-de-series-estadisticas-en-formato-txt/,65cd4837b5fa20caddfefeb0c185922057b23beeedd84eae1467f335299b03b7,2026-08-08T00:02:00Z
bcra_treasury_deposits_usd,2002-07,monthly,1698.044293,million_usd,calculated,bcra_treasury_deposits_usd_calculated,https://www.bcra.gob.ar/consulta-de-series-estadisticas-en-formato-txt/,65cd4837b5fa20caddfefeb0c185922057b23beeedd84eae1467f335299b03b7,2026-08-08T00:02:00Z
bcra_treasury_deposits_usd,2002-08,monthly,1493.511326,million_usd,calculated,bcra_treasury_deposits_usd_calculated,https://www.bcra.gob.ar/consulta-de-series-estadisticas-en-formato-txt/,65cd4837b5fa20caddfefeb0c185922057b23beeedd84eae1467f335299b03b7,2026-08-08T00:02:00Z
bcra_treasury_deposits_usd,2002-09,monthly,103.705600,million_usd,calculated,bcra_treasury_deposits_usd_calculated,https://www.bcra.gob.ar/consulta-de-series-estadisticas-en-formato-txt/,65cd4837b5fa20caddfefeb0c185922057b23beeedd84eae1467f335299b03b7,2026-08-08T00:02:00Z
bcra_treasury_deposits_usd,2002-10,monthly,103.247324,million_usd,calculated,bcra_treasury_deposits_usd_calculated,https://www.bcra.gob.ar/consulta-de-series-estadisticas-en-formato-txt/,65cd4837b5fa20caddfefeb0c185922057b23beeedd84eae1467f335299b03b7,2026-08-08T00:02:00Z
bcra_treasury_deposits_usd,2002-11,monthly,36.097479,million_usd,calculated,bcra_treasury_deposits_usd_calculated,https://www.bcra.gob.ar/consulta-de-series-estadisticas-en-formato-txt/,65cd4837b5fa20caddfefeb0c185922057b23beeedd84eae1467f335299b03b7,2026-08-08T00:02:00Z
bcra_treasury_deposits_usd,2002-12,monthly,19.868867,million_usd,calculated,bcra_treasury_deposits_usd_calculated,https://www.bcra.gob.ar/consulta-de-series-estadisticas-en-formato-txt/,65cd4837b5fa20caddfefeb0c185922057b23beeedd84eae1467f335299b03b7,2026-08-08T00:02:00Z
bcra_treasury_deposits_usd,2003-01,monthly,43.012963,million_usd,calculated,bcra_treasury_deposits_usd_calculated,https://www.bcra.gob.ar/consulta-de-series-estadisticas-en-formato-txt/,65cd4837b5fa20caddfefeb0c185922057b23beeedd84eae1467f335299b03b7,2026-08-08T00:02:00Z
bcra_treasury_deposits_usd,2003-02,monthly,329.448408,million_usd,calculated,bcra_treasury_deposits_usd_calculated,https://www.bcra.gob.ar/consulta-de-series-estadisticas-en-formato-txt/,65cd4837b5fa20caddfefeb0c185922057b23beeedd84eae1467f335299b03b7,2026-08-08T00:02:00Z
bcra_treasury_deposits_usd,2003-03,monthly,175.044235,million_usd,calculated,bcra_treasury_deposits_usd_calculated,https://www.bcra.gob.ar/consulta-de-series-estadisticas-en-formato-txt/,65cd4837b5fa20caddfefeb0c185922057b23beeedd84eae1467f335299b03b7,2026-08-08T00:02:00Z
bcra_treasury_deposits_usd,2003-04,monthly,267.697131,million_usd,calculated,bcra_treasury_deposits_usd_calculated,https://www.bcra.gob.ar/consulta-de-series-estadisticas-en-formato-txt/,65cd4837b5fa20caddfefeb0c185922057b23beeedd84eae1467f335299b03b7,2026-08-08T00:02:00Z
bcra_treasury_deposits_usd,2003-05,monthly,319.185776,million_usd,calculated,bcra_treasury_deposits_usd_calculated,https://www.bcra.gob.ar/consulta-de-series-estadisticas-en-formato-txt/,65cd4837b5fa20caddfefeb0c185922057b23beeedd84eae1467f335299b03b7,2026-08-08T00:02:00Z
bcra_treasury_deposits_usd,2003-06,monthly,293.570508,million_usd,calculated,bcra_treasury_deposits_usd_calculated,https://www.bcra.gob.ar/consulta-de-series-estadisticas-en-formato-txt/,65cd4837b5fa20caddfefeb0c185922057b23beeedd84eae1467f335299b03b7,2026-08-08T00:02:00Z
bcra_treasury_deposits_usd,2003-07,monthly,37.793867,million_usd,calculated,bcra_treasury_deposits_usd_calculated,https://www.bcra.gob.ar/consulta-de-series-estadisticas-en-formato-txt/,65cd4837b5fa20caddfefeb0c185922057b23beeedd84eae1467f335299b03b7,2026-08-08T00:02:00Z
bcra_treasury_deposits_usd,2003-08,monthly,1041.017833,million_usd,calculated,bcra_treasury_deposits_usd_calculated,https://www.bcra.gob.ar/consulta-de-series-estadisticas-en-formato-txt/,65cd4837b5fa20caddfefeb0c185922057b23beeedd84eae1467f335299b03b7,2026-08-08T00:02:00Z
bcra_treasury_deposits_usd,2003-09,monthly,735.620719,million_usd,calculated,bcra_treasury_deposits_usd_calculated,https://www.bcra.gob.ar/consulta-de-series-estadisticas-en-formato-txt/,65cd4837b5fa20caddfefeb0c185922057b23beeedd84eae1467f335299b03b7,2026-08-08T00:02:00Z
bcra_treasury_deposits_usd,2003-10,monthly,33.251956,million_usd,calculated,bcra_treasury_deposits_usd_calculated,https://www.bcra.gob.ar/consulta-de-series-estadisticas-en-formato-txt/,65cd4837b5fa20caddfefeb0c185922057b23beeedd84eae1467f335299b03b7,2026-08-08T00:02:00Z
bcra_treasury_deposits_usd,2003-11,monthly,73.017131,million_usd,calculated,bcra_treasury_deposits_usd_calculated,https://www.bcra.gob.ar/consulta-de-series-estadisticas-en-formato-txt/,65cd4837b5fa20caddfefeb0c185922057b23beeedd84eae1467f335299b03b7,2026-08-08T00:02:00Z
bcra_treasury_deposits_usd,2003-12,monthly,88.269552,million_usd,calculated,bcra_treasury_deposits_usd_calculated,https://www.bcra.gob.ar/consulta-de-series-estadisticas-en-formato-txt/,65cd4837b5fa20caddfefeb0c185922057b23beeedd84eae1467f335299b03b7,2026-08-08T00:02:00Z
bcra_treasury_deposits_usd,2004-01,monthly,381.740859,million_usd,calculated,bcra_treasury_deposits_usd_calculated,https://www.bcra.gob.ar/consulta-de-series-estadisticas-en-formato-txt/,65cd4837b5fa20caddfefeb0c185922057b23beeedd84eae1467f335299b03b7,2026-08-08T00:02:00Z
bcra_treasury_deposits_usd,2004-02,monthly,25.837636,million_usd,calculated,bcra_treasury_deposits_usd_calculated,https://www.bcra.gob.ar/consulta-de-series-estadisticas-en-formato-txt/,65cd4837b5fa20caddfefeb0c185922057b23beeedd84eae1467f335299b03b7,2026-08-08T00:02:00Z
bcra_treasury_deposits_usd,2004-03,monthly,346.584939,million_usd,calculated,bcra_treasury_deposits_usd_calculated,https://www.bcra.gob.ar/consulta-de-series-estadisticas-en-formato-txt/,65cd4837b5fa20caddfefeb0c185922057b23beeedd84eae1467f335299b03b7,2026-08-08T00:02:00Z
bcra_treasury_deposits_usd,2004-04,monthly,219.695276,million_usd,calculated,bcra_treasury_deposits_usd_calculated,https://www.bcra.gob.ar/consulta-de-series-estadisticas-en-formato-txt/,65cd4837b5fa20caddfefeb0c185922057b23beeedd84eae1467f335299b03b7,2026-08-08T00:02:00Z
bcra_treasury_deposits_usd,2004-05,monthly,54.067877,million_usd,calculated,bcra_treasury_deposits_usd_calculated,https://www.bcra.gob.ar/consulta-de-series-estadisticas-en-formato-txt/,65cd4837b5fa20caddfefeb0c185922057b23beeedd84eae1467f335299b03b7,2026-08-08T00:02:00Z
bcra_treasury_deposits_usd,2004-06,monthly,196.166785,million_usd,calculated,bcra_treasury_deposits_usd_calculated,https://www.bcra.gob.ar/consulta-de-series-estadisticas-en-formato-txt/,65cd4837b5fa20caddfefeb0c185922057b23beeedd84eae1467f335299b03b7,2026-08-08T00:02:00Z
bcra_treasury_deposits_usd,2004-07,monthly,46.346438,million_usd,calculated,bcra_treasury_deposits_usd_calculated,https://www.bcra.gob.ar/consulta-de-series-estadisticas-en-formato-txt/,65cd4837b5fa20caddfefeb0c185922057b23beeedd84eae1467f335299b03b7,2026-08-08T00:02:00Z
bcra_treasury_deposits_usd,2004-08,monthly,48.106189,million_usd,calculated,bcra_treasury_deposits_usd_calculated,https://www.bcra.gob.ar/consulta-de-series-estadisticas-en-formato-txt/,65cd4837b5fa20caddfefeb0c185922057b23beeedd84eae1467f335299b03b7,2026-08-08T00:02:00Z
bcra_treasury_deposits_usd,2004-09,monthly,54.428164,million_usd,calculated,bcra_treasury_deposits_usd_calculated,https://www.bcra.gob.ar/consulta-de-series-estadisticas-en-formato-txt/,65cd4837b5fa20caddfefeb0c185922057b23beeedd84eae1467f335299b03b7,2026-08-08T00:02:00Z
bcra_treasury_deposits_usd,2004-10,monthly,309.639715,million_usd,calculated,bcra_treasury_deposits_usd_calculated,https://www.bcra.gob.ar/consulta-de-series-estadisticas-en-formato-txt/,65cd4837b5fa20caddfefeb0c185922057b23beeedd84eae1467f335299b03b7,2026-08-08T00:02:00Z
bcra_treasury_deposits_usd,2004-11,monthly,120.672992,million_usd,calculated,bcra_treasury_deposits_usd_calculated,https://www.bcra.gob.ar/consulta-de-series-estadisticas-en-formato-txt/,65cd4837b5fa20caddfefeb0c185922057b23beeedd84eae1467f335299b03b7,2026-08-08T00:02:00Z
bcra_treasury_deposits_usd,2004-12,monthly,54.227588,million_usd,calculated,bcra_treasury_deposits_usd_calculated,https://www.bcra.gob.ar/consulta-de-series-estadisticas-en-formato-txt/,65cd4837b5fa20caddfefeb0c185922057b23beeedd84eae1467f335299b03b7,2026-08-08T00:02:00Z
bcra_treasury_deposits_usd,2005-01,monthly,361.730421,million_usd,calculated,bcra_treasury_deposits_usd_calculated,https://www.bcra.gob.ar/consulta-de-series-estadisticas-en-formato-txt/,65cd4837b5fa20caddfefeb0c185922057b23beeedd84eae1467f335299b03b7,2026-08-08T00:02:00Z
bcra_treasury_deposits_usd,2005-02,monthly,104.136802,million_usd,calculated,bcra_treasury_deposits_usd_calculated,https://www.bcra.gob.ar/consulta-de-series-estadisticas-en-formato-txt/,65cd4837b5fa20caddfefeb0c185922057b23beeedd84eae1467f335299b03b7,2026-08-08T00:02:00Z
bcra_treasury_deposits_usd,2005-03,monthly,756.756748,million_usd,calculated,bcra_treasury_deposits_usd_calculated,https://www.bcra.gob.ar/consulta-de-series-estadisticas-en-formato-txt/,65cd4837b5fa20caddfefeb0c185922057b23beeedd84eae1467f335299b03b7,2026-08-08T00:02:00Z
bcra_treasury_deposits_usd,2005-04,monthly,455.953386,million_usd,calculated,bcra_treasury_deposits_usd_calculated,https://www.bcra.gob.ar/consulta-de-series-estadisticas-en-formato-txt/,65cd4837b5fa20caddfefeb0c185922057b23beeedd84eae1467f335299b03b7,2026-08-08T00:02:00Z
bcra_treasury_deposits_usd,2005-05,monthly,178.904318,million_usd,calculated,bcra_treasury_deposits_usd_calculated,https://www.bcra.gob.ar/consulta-de-series-estadisticas-en-formato-txt/,65cd4837b5fa20caddfefeb0c185922057b23beeedd84eae1467f335299b03b7,2026-08-08T00:02:00Z
bcra_treasury_deposits_usd,2005-06,monthly,204.743670,million_usd,calculated,bcra_treasury_deposits_usd_calculated,https://www.bcra.gob.ar/consulta-de-series-estadisticas-en-formato-txt/,65cd4837b5fa20caddfefeb0c185922057b23beeedd84eae1467f335299b03b7,2026-08-08T00:02:00Z
bcra_treasury_deposits_usd,2005-07,monthly,1847.962834,million_usd,calculated,bcra_treasury_deposits_usd_calculated,https://www.bcra.gob.ar/consulta-de-series-estadisticas-en-formato-txt/,65cd4837b5fa20caddfefeb0c185922057b23beeedd84eae1467f335299b03b7,2026-08-08T00:02:00Z
bcra_treasury_deposits_usd,2005-08,monthly,414.908129,million_usd,calculated,bcra_treasury_deposits_usd_calculated,https://www.bcra.gob.ar/consulta-de-series-estadisticas-en-formato-txt/,65cd4837b5fa20caddfefeb0c185922057b23beeedd84eae1467f335299b03b7,2026-08-08T00:02:00Z
bcra_treasury_deposits_usd,2005-09,monthly,218.277768,million_usd,calculated,bcra_treasury_deposits_usd_calculated,https://www.bcra.gob.ar/consulta-de-series-estadisticas-en-formato-txt/,65cd4837b5fa20caddfefeb0c185922057b23beeedd84eae1467f335299b03b7,2026-08-08T00:02:00Z
bcra_treasury_deposits_usd,2005-10,monthly,836.150115,million_usd,calculated,bcra_treasury_deposits_usd_calculated,https://www.bcra.gob.ar/consulta-de-series-estadisticas-en-formato-txt/,65cd4837b5fa20caddfefeb0c185922057b23beeedd84eae1467f335299b03b7,2026-08-08T00:02:00Z
bcra_treasury_deposits_usd,2005-11,monthly,207.996637,million_usd,calculated,bcra_treasury_deposits_usd_calculated,https://www.bcra.gob.ar/consulta-de-series-estadisticas-en-formato-txt/,65cd4837b5fa20caddfefeb0c185922057b23beeedd84eae1467f335299b03b7,2026-08-08T00:02:00Z
bcra_treasury_deposits_usd,2005-12,monthly,181.520699,million_usd,calculated,bcra_treasury_deposits_usd_calculated,https://www.bcra.gob.ar/consulta-de-series-estadisticas-en-formato-txt/,65cd4837b5fa20caddfefeb0c185922057b23beeedd84eae1467f335299b03b7,2026-08-08T00:02:00Z
bcra_treasury_deposits_usd,2006-01,monthly,448.661096,million_usd,calculated,bcra_treasury_deposits_usd_calculated,https://www.bcra.gob.ar/consulta-de-series-estadisticas-en-formato-txt/,65cd4837b5fa20caddfefeb0c185922057b23beeedd84eae1467f335299b03b7,2026-08-08T00:02:00Z
bcra_treasury_deposits_usd,2006-02,monthly,876.129263,million_usd,calculated,bcra_treasury_deposits_usd_calculated,https://www.bcra.gob.ar/consulta-de-series-estadisticas-en-formato-txt/,65cd4837b5fa20caddfefeb0c185922057b23beeedd84eae1467f335299b03b7,2026-08-08T00:02:00Z
bcra_treasury_deposits_usd,2006-03,monthly,1106.306803,million_usd,calculated,bcra_treasury_deposits_usd_calculated,https://www.bcra.gob.ar/consulta-de-series-estadisticas-en-formato-txt/,65cd4837b5fa20caddfefeb0c185922057b23beeedd84eae1467f335299b03b7,2026-08-08T00:02:00Z
bcra_treasury_deposits_usd,2006-04,monthly,816.507655,million_usd,calculated,bcra_treasury_deposits_usd_calculated,https://www.bcra.gob.ar/consulta-de-series-estadisticas-en-formato-txt/,65cd4837b5fa20caddfefeb0c185922057b23beeedd84eae1467f335299b03b7,2026-08-08T00:02:00Z
bcra_treasury_deposits_usd,2006-05,monthly,1062.345795,million_usd,calculated,bcra_treasury_deposits_usd_calculated,https://www.bcra.gob.ar/consulta-de-series-estadisticas-en-formato-txt/,65cd4837b5fa20caddfefeb0c185922057b23beeedd84eae1467f335299b03b7,2026-08-08T00:02:00Z
bcra_treasury_deposits_usd,2006-06,monthly,1321.865275,million_usd,calculated,bcra_treasury_deposits_usd_calculated,https://www.bcra.gob.ar/consulta-de-series-estadisticas-en-formato-txt/,65cd4837b5fa20caddfefeb0c185922057b23beeedd84eae1467f335299b03b7,2026-08-08T00:02:00Z
bcra_treasury_deposits_usd,2006-07,monthly,523.790816,million_usd,calculated,bcra_treasury_deposits_usd_calculated,https://www.bcra.gob.ar/consulta-de-series-estadisticas-en-formato-txt/,65cd4837b5fa20caddfefeb0c185922057b23beeedd84eae1467f335299b03b7,2026-08-08T00:02:00Z
bcra_treasury_deposits_usd,2006-08,monthly,186.733824,million_usd,calculated,bcra_treasury_deposits_usd_calculated,https://www.bcra.gob.ar/consulta-de-series-estadisticas-en-formato-txt/,65cd4837b5fa20caddfefeb0c185922057b23beeedd84eae1467f335299b03b7,2026-08-08T00:02:00Z
bcra_treasury_deposits_usd,2006-09,monthly,171.681216,million_usd,calculated,bcra_treasury_deposits_usd_calculated,https://www.bcra.gob.ar/consulta-de-series-estadisticas-en-formato-txt/,65cd4837b5fa20caddfefeb0c185922057b23beeedd84eae1467f335299b03b7,2026-08-08T00:02:00Z
bcra_treasury_deposits_usd,2006-10,monthly,118.436621,million_usd,calculated,bcra_treasury_deposits_usd_calculated,https://www.bcra.gob.ar/consulta-de-series-estadisticas-en-formato-txt/,65cd4837b5fa20caddfefeb0c185922057b23beeedd84eae1467f335299b03b7,2026-08-08T00:02:00Z
bcra_treasury_deposits_usd,2006-11,monthly,140.598182,million_usd,calculated,bcra_treasury_deposits_usd_calculated,https://www.bcra.gob.ar/consulta-de-series-estadisticas-en-formato-txt/,65cd4837b5fa20caddfefeb0c185922057b23beeedd84eae1467f335299b03b7,2026-08-08T00:02:00Z
bcra_treasury_deposits_usd,2006-12,monthly,372.544388,million_usd,calculated,bcra_treasury_deposits_usd_calculated,https://www.bcra.gob.ar/consulta-de-series-estadisticas-en-formato-txt/,65cd4837b5fa20caddfefeb0c185922057b23beeedd84eae1467f335299b03b7,2026-08-08T00:02:00Z
bcra_treasury_deposits_usd,2007-01,monthly,367.430383,million_usd,calculated,bcra_treasury_deposits_usd_calculated,https://www.bcra.gob.ar/consulta-de-series-estadisticas-en-formato-txt/,65cd4837b5fa20caddfefeb0c185922057b23beeedd84eae1467f335299b03b7,2026-08-08T00:02:00Z
bcra_treasury_deposits_usd,2007-02,monthly,635.619155,million_usd,calculated,bcra_treasury_deposits_usd_calculated,https://www.bcra.gob.ar/consulta-de-series-estadisticas-en-formato-txt/,65cd4837b5fa20caddfefeb0c185922057b23beeedd84eae1467f335299b03b7,2026-08-08T00:02:00Z
bcra_treasury_deposits_usd,2007-03,monthly,887.390589,million_usd,calculated,bcra_treasury_deposits_usd_calculated,https://www.bcra.gob.ar/consulta-de-series-estadisticas-en-formato-txt/,65cd4837b5fa20caddfefeb0c185922057b23beeedd84eae1467f335299b03b7,2026-08-08T00:02:00Z
bcra_treasury_deposits_usd,2007-04,monthly,757.906661,million_usd,calculated,bcra_treasury_deposits_usd_calculated,https://www.bcra.gob.ar/consulta-de-series-estadisticas-en-formato-txt/,65cd4837b5fa20caddfefeb0c185922057b23beeedd84eae1467f335299b03b7,2026-08-08T00:02:00Z
bcra_treasury_deposits_usd,2007-05,monthly,578.580153,million_usd,calculated,bcra_treasury_deposits_usd_calculated,https://www.bcra.gob.ar/consulta-de-series-estadisticas-en-formato-txt/,65cd4837b5fa20caddfefeb0c185922057b23beeedd84eae1467f335299b03b7,2026-08-08T00:02:00Z
bcra_treasury_deposits_usd,2007-06,monthly,953.330206,million_usd,calculated,bcra_treasury_deposits_usd_calculated,https://www.bcra.gob.ar/consulta-de-series-estadisticas-en-formato-txt/,65cd4837b5fa20caddfefeb0c185922057b23beeedd84eae1467f335299b03b7,2026-08-08T00:02:00Z
bcra_treasury_deposits_usd,2007-07,monthly,836.707806,million_usd,calculated,bcra_treasury_deposits_usd_calculated,https://www.bcra.gob.ar/consulta-de-series-estadisticas-en-formato-txt/,65cd4837b5fa20caddfefeb0c185922057b23beeedd84eae1467f335299b03b7,2026-08-08T00:02:00Z
bcra_treasury_deposits_usd,2007-08,monthly,83.472020,million_usd,calculated,bcra_treasury_deposits_usd_calculated,https://www.bcra.gob.ar/consulta-de-series-estadisticas-en-formato-txt/,65cd4837b5fa20caddfefeb0c185922057b23beeedd84eae1467f335299b03b7,2026-08-08T00:02:00Z
bcra_treasury_deposits_usd,2007-09,monthly,88.466741,million_usd,calculated,bcra_treasury_deposits_usd_calculated,https://www.bcra.gob.ar/consulta-de-series-estadisticas-en-formato-txt/,65cd4837b5fa20caddfefeb0c185922057b23beeedd84eae1467f335299b03b7,2026-08-08T00:02:00Z
bcra_treasury_deposits_usd,2007-10,monthly,72.748674,million_usd,calculated,bcra_treasury_deposits_usd_calculated,https://www.bcra.gob.ar/consulta-de-series-estadisticas-en-formato-txt/,65cd4837b5fa20caddfefeb0c185922057b23beeedd84eae1467f335299b03b7,2026-08-08T00:02:00Z
bcra_treasury_deposits_usd,2007-11,monthly,738.841041,million_usd,calculated,bcra_treasury_deposits_usd_calculated,https://www.bcra.gob.ar/consulta-de-series-estadisticas-en-formato-txt/,65cd4837b5fa20caddfefeb0c185922057b23beeedd84eae1467f335299b03b7,2026-08-08T00:02:00Z
bcra_treasury_deposits_usd,2007-12,monthly,89.566487,million_usd,calculated,bcra_treasury_deposits_usd_calculated,https://www.bcra.gob.ar/consulta-de-series-estadisticas-en-formato-txt/,65cd4837b5fa20caddfefeb0c185922057b23beeedd84eae1467f335299b03b7,2026-08-08T00:02:00Z
bcra_treasury_deposits_usd,2008-01,monthly,71.413316,million_usd,calculated,bcra_treasury_deposits_usd_calculated,https://www.bcra.gob.ar/consulta-de-series-estadisticas-en-formato-txt/,65cd4837b5fa20caddfefeb0c185922057b23beeedd84eae1467f335299b03b7,2026-08-08T00:02:00Z
bcra_treasury_deposits_usd,2008-02,monthly,73.644221,million_usd,calculated,bcra_treasury_deposits_usd_calculated,https://www.bcra.gob.ar/consulta-de-series-estadisticas-en-formato-txt/,65cd4837b5fa20caddfefeb0c185922057b23beeedd84eae1467f335299b03b7,2026-08-08T00:02:00Z
bcra_treasury_deposits_usd,2008-03,monthly,107.443844,million_usd,calculated,bcra_treasury_deposits_usd_calculated,https://www.bcra.gob.ar/consulta-de-series-estadisticas-en-formato-txt/,65cd4837b5fa20caddfefeb0c185922057b23beeedd84eae1467f335299b03b7,2026-08-08T00:02:00Z
bcra_treasury_deposits_usd,2008-04,monthly,170.715031,million_usd,calculated,bcra_treasury_deposits_usd_calculated,https://www.bcra.gob.ar/consulta-de-series-estadisticas-en-formato-txt/,65cd4837b5fa20caddfefeb0c185922057b23beeedd84eae1467f335299b03b7,2026-08-08T00:02:00Z
bcra_treasury_deposits_usd,2008-05,monthly,1096.099490,million_usd,calculated,bcra_treasury_deposits_usd_calculated,https://www.bcra.gob.ar/consulta-de-series-estadisticas-en-formato-txt/,65cd4837b5fa20caddfefeb0c185922057b23beeedd84eae1467f335299b03b7,2026-08-08T00:02:00Z
bcra_treasury_deposits_usd,2008-06,monthly,1011.987964,million_usd,calculated,bcra_treasury_deposits_usd_calculated,https://www.bcra.gob.ar/consulta-de-series-estadisticas-en-formato-txt/,65cd4837b5fa20caddfefeb0c185922057b23beeedd84eae1467f335299b03b7,2026-08-08T00:02:00Z
bcra_treasury_deposits_usd,2008-07,monthly,2575.185943,million_usd,calculated,bcra_treasury_deposits_usd_calculated,https://www.bcra.gob.ar/consulta-de-series-estadisticas-en-formato-txt/,65cd4837b5fa20caddfefeb0c185922057b23beeedd84eae1467f335299b03b7,2026-08-08T00:02:00Z
bcra_treasury_deposits_usd,2008-08,monthly,1123.330692,million_usd,calculated,bcra_treasury_deposits_usd_calculated,https://www.bcra.gob.ar/consulta-de-series-estadisticas-en-formato-txt/,65cd4837b5fa20caddfefeb0c185922057b23beeedd84eae1467f335299b03b7,2026-08-08T00:02:00Z
bcra_treasury_deposits_usd,2008-09,monthly,504.615360,million_usd,calculated,bcra_treasury_deposits_usd_calculated,https://www.bcra.gob.ar/consulta-de-series-estadisticas-en-formato-txt/,65cd4837b5fa20caddfefeb0c185922057b23beeedd84eae1467f335299b03b7,2026-08-08T00:02:00Z
bcra_treasury_deposits_usd,2008-10,monthly,135.160402,million_usd,calculated,bcra_treasury_deposits_usd_calculated,https://www.bcra.gob.ar/consulta-de-series-estadisticas-en-formato-txt/,65cd4837b5fa20caddfefeb0c185922057b23beeedd84eae1467f335299b03b7,2026-08-08T00:02:00Z
bcra_treasury_deposits_usd,2008-11,monthly,77.264470,million_usd,calculated,bcra_treasury_deposits_usd_calculated,https://www.bcra.gob.ar/consulta-de-series-estadisticas-en-formato-txt/,65cd4837b5fa20caddfefeb0c185922057b23beeedd84eae1467f335299b03b7,2026-08-08T00:02:00Z
bcra_treasury_deposits_usd,2008-12,monthly,242.649333,million_usd,calculated,bcra_treasury_deposits_usd_calculated,https://www.bcra.gob.ar/consulta-de-series-estadisticas-en-formato-txt/,65cd4837b5fa20caddfefeb0c185922057b23beeedd84eae1467f335299b03b7,2026-08-08T00:02:00Z
bcra_treasury_deposits_usd,2009-01,monthly,307.578781,million_usd,calculated,bcra_treasury_deposits_usd_calculated,https://www.bcra.gob.ar/consulta-de-series-estadisticas-en-formato-txt/,65cd4837b5fa20caddfefeb0c185922057b23beeedd84eae1467f335299b03b7,2026-08-08T00:02:00Z
bcra_treasury_deposits_usd,2009-02,monthly,766.767524,million_usd,calculated,bcra_treasury_deposits_usd_calculated,https://www.bcra.gob.ar/consulta-de-series-estadisticas-en-formato-txt/,65cd4837b5fa20caddfefeb0c185922057b23beeedd84eae1467f335299b03b7,2026-08-08T00:02:00Z
bcra_treasury_deposits_usd,2009-03,monthly,724.652484,million_usd,calculated,bcra_treasury_deposits_usd_calculated,https://www.bcra.gob.ar/consulta-de-series-estadisticas-en-formato-txt/,65cd4837b5fa20caddfefeb0c185922057b23beeedd84eae1467f335299b03b7,2026-08-08T00:02:00Z
bcra_treasury_deposits_usd,2009-04,monthly,906.877520,million_usd,calculated,bcra_treasury_deposits_usd_calculated,https://www.bcra.gob.ar/consulta-de-series-estadisticas-en-formato-txt/,65cd4837b5fa20caddfefeb0c185922057b23beeedd84eae1467f335299b03b7,2026-08-08T00:02:00Z
bcra_treasury_deposits_usd,2009-05,monthly,1589.208595,million_usd,calculated,bcra_treasury_deposits_usd_calculated,https://www.bcra.gob.ar/consulta-de-series-estadisticas-en-formato-txt/,65cd4837b5fa20caddfefeb0c185922057b23beeedd84eae1467f335299b03b7,2026-08-08T00:02:00Z
bcra_treasury_deposits_usd,2009-06,monthly,2375.238986,million_usd,calculated,bcra_treasury_deposits_usd_calculated,https://www.bcra.gob.ar/consulta-de-series-estadisticas-en-formato-txt/,65cd4837b5fa20caddfefeb0c185922057b23beeedd84eae1467f335299b03b7,2026-08-08T00:02:00Z
bcra_treasury_deposits_usd,2009-07,monthly,2450.040465,million_usd,calculated,bcra_treasury_deposits_usd_calculated,https://www.bcra.gob.ar/consulta-de-series-estadisticas-en-formato-txt/,65cd4837b5fa20caddfefeb0c185922057b23beeedd84eae1467f335299b03b7,2026-08-08T00:02:00Z
bcra_treasury_deposits_usd,2009-08,monthly,75.323816,million_usd,calculated,bcra_treasury_deposits_usd_calculated,https://www.bcra.gob.ar/consulta-de-series-estadisticas-en-formato-txt/,65cd4837b5fa20caddfefeb0c185922057b23beeedd84eae1467f335299b03b7,2026-08-08T00:02:00Z
bcra_treasury_deposits_usd,2009-09,monthly,349.090483,million_usd,calculated,bcra_treasury_deposits_usd_calculated,https://www.bcra.gob.ar/consulta-de-series-estadisticas-en-formato-txt/,65cd4837b5fa20caddfefeb0c185922057b23beeedd84eae1467f335299b03b7,2026-08-08T00:02:00Z
bcra_treasury_deposits_usd,2009-10,monthly,97.526578,million_usd,calculated,bcra_treasury_deposits_usd_calculated,https://www.bcra.gob.ar/consulta-de-series-estadisticas-en-formato-txt/,65cd4837b5fa20caddfefeb0c185922057b23beeedd84eae1467f335299b03b7,2026-08-08T00:02:00Z
bcra_treasury_deposits_usd,2009-11,monthly,1397.306178,million_usd,calculated,bcra_treasury_deposits_usd_calculated,https://www.bcra.gob.ar/consulta-de-series-estadisticas-en-formato-txt/,65cd4837b5fa20caddfefeb0c185922057b23beeedd84eae1467f335299b03b7,2026-08-08T00:02:00Z
bcra_treasury_deposits_usd,2009-12,monthly,381.041694,million_usd,calculated,bcra_treasury_deposits_usd_calculated,https://www.bcra.gob.ar/consulta-de-series-estadisticas-en-formato-txt/,65cd4837b5fa20caddfefeb0c185922057b23beeedd84eae1467f335299b03b7,2026-08-08T00:02:00Z
bcra_treasury_deposits_usd,2010-01,monthly,107.650536,million_usd,calculated,bcra_treasury_deposits_usd_calculated,https://www.bcra.gob.ar/consulta-de-series-estadisticas-en-formato-txt/,65cd4837b5fa20caddfefeb0c185922057b23beeedd84eae1467f335299b03b7,2026-08-08T00:02:00Z
bcra_treasury_deposits_usd,2010-02,monthly,112.118504,million_usd,calculated,bcra_treasury_deposits_usd_calculated,https://www.bcra.gob.ar/consulta-de-series-estadisticas-en-formato-txt/,65cd4837b5fa20caddfefeb0c185922057b23beeedd84eae1467f335299b03b7,2026-08-08T00:02:00Z
bcra_treasury_deposits_usd,2010-03,monthly,3160.653716,million_usd,calculated,bcra_treasury_deposits_usd_calculated,https://www.bcra.gob.ar/consulta-de-series-estadisticas-en-formato-txt/,65cd4837b5fa20caddfefeb0c185922057b23beeedd84eae1467f335299b03b7,2026-08-08T00:02:00Z
bcra_treasury_deposits_usd,2010-04,monthly,2413.375534,million_usd,calculated,bcra_treasury_deposits_usd_calculated,https://www.bcra.gob.ar/consulta-de-series-estadisticas-en-formato-txt/,65cd4837b5fa20caddfefeb0c185922057b23beeedd84eae1467f335299b03b7,2026-08-08T00:02:00Z
bcra_treasury_deposits_usd,2010-05,monthly,2281.522359,million_usd,calculated,bcra_treasury_deposits_usd_calculated,https://www.bcra.gob.ar/consulta-de-series-estadisticas-en-formato-txt/,65cd4837b5fa20caddfefeb0c185922057b23beeedd84eae1467f335299b03b7,2026-08-08T00:02:00Z
bcra_treasury_deposits_usd,2010-06,monthly,2088.658121,million_usd,calculated,bcra_treasury_deposits_usd_calculated,https://www.bcra.gob.ar/consulta-de-series-estadisticas-en-formato-txt/,65cd4837b5fa20caddfefeb0c185922057b23beeedd84eae1467f335299b03b7,2026-08-08T00:02:00Z
bcra_treasury_deposits_usd,2010-07,monthly,4162.212210,million_usd,calculated,bcra_treasury_deposits_usd_calculated,https://www.bcra.gob.ar/consulta-de-series-estadisticas-en-formato-txt/,65cd4837b5fa20caddfefeb0c185922057b23beeedd84eae1467f335299b03b7,2026-08-08T00:02:00Z
bcra_treasury_deposits_usd,2010-08,monthly,1777.474239,million_usd,calculated,bcra_treasury_deposits_usd_calculated,https://www.bcra.gob.ar/consulta-de-series-estadisticas-en-formato-txt/,65cd4837b5fa20caddfefeb0c185922057b23beeedd84eae1467f335299b03b7,2026-08-08T00:02:00Z
bcra_treasury_deposits_usd,2010-09,monthly,1329.330421,million_usd,calculated,bcra_treasury_deposits_usd_calculated,https://www.bcra.gob.ar/consulta-de-series-estadisticas-en-formato-txt/,65cd4837b5fa20caddfefeb0c185922057b23beeedd84eae1467f335299b03b7,2026-08-08T00:02:00Z
bcra_treasury_deposits_usd,2010-10,monthly,1155.283295,million_usd,calculated,bcra_treasury_deposits_usd_calculated,https://www.bcra.gob.ar/consulta-de-series-estadisticas-en-formato-txt/,65cd4837b5fa20caddfefeb0c185922057b23beeedd84eae1467f335299b03b7,2026-08-08T00:02:00Z
bcra_treasury_deposits_usd,2010-11,monthly,1119.129016,million_usd,calculated,bcra_treasury_deposits_usd_calculated,https://www.bcra.gob.ar/consulta-de-series-estadisticas-en-formato-txt/,65cd4837b5fa20caddfefeb0c185922057b23beeedd84eae1467f335299b03b7,2026-08-08T00:02:00Z
bcra_treasury_deposits_usd,2010-12,monthly,358.524574,million_usd,calculated,bcra_treasury_deposits_usd_calculated,https://www.bcra.gob.ar/consulta-de-series-estadisticas-en-formato-txt/,65cd4837b5fa20caddfefeb0c185922057b23beeedd84eae1467f335299b03b7,2026-08-08T00:02:00Z
bcra_treasury_deposits_usd,2011-01,monthly,7566.943361,million_usd,calculated,bcra_treasury_deposits_usd_calculated,https://www.bcra.gob.ar/consulta-de-series-estadisticas-en-formato-txt/,65cd4837b5fa20caddfefeb0c185922057b23beeedd84eae1467f335299b03b7,2026-08-08T00:02:00Z
bcra_treasury_deposits_usd,2011-02,monthly,7402.524997,million_usd,calculated,bcra_treasury_deposits_usd_calculated,https://www.bcra.gob.ar/consulta-de-series-estadisticas-en-formato-txt/,65cd4837b5fa20caddfefeb0c185922057b23beeedd84eae1467f335299b03b7,2026-08-08T00:02:00Z
bcra_treasury_deposits_usd,2011-03,monthly,7589.438549,million_usd,calculated,bcra_treasury_deposits_usd_calculated,https://www.bcra.gob.ar/consulta-de-series-estadisticas-en-formato-txt/,65cd4837b5fa20caddfefeb0c185922057b23beeedd84eae1467f335299b03b7,2026-08-08T00:02:00Z
bcra_treasury_deposits_usd,2011-04,monthly,7008.315893,million_usd,calculated,bcra_treasury_deposits_usd_calculated,https://www.bcra.gob.ar/consulta-de-series-estadisticas-en-formato-txt/,65cd4837b5fa20caddfefeb0c185922057b23beeedd84eae1467f335299b03b7,2026-08-08T00:02:00Z
bcra_treasury_deposits_usd,2011-05,monthly,6711.002275,million_usd,calculated,bcra_treasury_deposits_usd_calculated,https://www.bcra.gob.ar/consulta-de-series-estadisticas-en-formato-txt/,65cd4837b5fa20caddfefeb0c185922057b23beeedd84eae1467f335299b03b7,2026-08-08T00:02:00Z
bcra_treasury_deposits_usd,2011-06,monthly,5998.831671,million_usd,calculated,bcra_treasury_deposits_usd_calculated,https://www.bcra.gob.ar/consulta-de-series-estadisticas-en-formato-txt/,65cd4837b5fa20caddfefeb0c185922057b23beeedd84eae1467f335299b03b7,2026-08-08T00:02:00Z
bcra_treasury_deposits_usd,2011-07,monthly,5795.619358,million_usd,calculated,bcra_treasury_deposits_usd_calculated,https://www.bcra.gob.ar/consulta-de-series-estadisticas-en-formato-txt/,65cd4837b5fa20caddfefeb0c185922057b23beeedd84eae1467f335299b03b7,2026-08-08T00:02:00Z
bcra_treasury_deposits_usd,2011-08,monthly,3635.640672,million_usd,calculated,bcra_treasury_deposits_usd_calculated,https://www.bcra.gob.ar/consulta-de-series-estadisticas-en-formato-txt/,65cd4837b5fa20caddfefeb0c185922057b23beeedd84eae1467f335299b03b7,2026-08-08T00:02:00Z
bcra_treasury_deposits_usd,2011-09,monthly,3124.286122,million_usd,calculated,bcra_treasury_deposits_usd_calculated,https://www.bcra.gob.ar/consulta-de-series-estadisticas-en-formato-txt/,65cd4837b5fa20caddfefeb0c185922057b23beeedd84eae1467f335299b03b7,2026-08-08T00:02:00Z
bcra_treasury_deposits_usd,2011-10,monthly,2396.644552,million_usd,calculated,bcra_treasury_deposits_usd_calculated,https://www.bcra.gob.ar/consulta-de-series-estadisticas-en-formato-txt/,65cd4837b5fa20caddfefeb0c185922057b23beeedd84eae1467f335299b03b7,2026-08-08T00:02:00Z
bcra_treasury_deposits_usd,2011-11,monthly,2222.937604,million_usd,calculated,bcra_treasury_deposits_usd_calculated,https://www.bcra.gob.ar/consulta-de-series-estadisticas-en-formato-txt/,65cd4837b5fa20caddfefeb0c185922057b23beeedd84eae1467f335299b03b7,2026-08-08T00:02:00Z
bcra_treasury_deposits_usd,2011-12,monthly,493.663553,million_usd,calculated,bcra_treasury_deposits_usd_calculated,https://www.bcra.gob.ar/consulta-de-series-estadisticas-en-formato-txt/,65cd4837b5fa20caddfefeb0c185922057b23beeedd84eae1467f335299b03b7,2026-08-08T00:02:00Z
bcra_treasury_deposits_usd,2012-01,monthly,307.855957,million_usd,calculated,bcra_treasury_deposits_usd_calculated,https://www.bcra.gob.ar/consulta-de-series-estadisticas-en-formato-txt/,65cd4837b5fa20caddfefeb0c185922057b23beeedd84eae1467f335299b03b7,2026-08-08T00:02:00Z
bcra_treasury_deposits_usd,2012-02,monthly,236.570182,million_usd,calculated,bcra_treasury_deposits_usd_calculated,https://www.bcra.gob.ar/consulta-de-series-estadisticas-en-formato-txt/,65cd4837b5fa20caddfefeb0c185922057b23beeedd84eae1467f335299b03b7,2026-08-08T00:02:00Z
bcra_treasury_deposits_usd,2012-03,monthly,338.339842,million_usd,calculated,bcra_treasury_deposits_usd_calculated,https://www.bcra.gob.ar/consulta-de-series-estadisticas-en-formato-txt/,65cd4837b5fa20caddfefeb0c185922057b23beeedd84eae1467f335299b03b7,2026-08-08T00:02:00Z
bcra_treasury_deposits_usd,2012-04,monthly,2470.122995,million_usd,calculated,bcra_treasury_deposits_usd_calculated,https://www.bcra.gob.ar/consulta-de-series-estadisticas-en-formato-txt/,65cd4837b5fa20caddfefeb0c185922057b23beeedd84eae1467f335299b03b7,2026-08-08T00:02:00Z
bcra_treasury_deposits_usd,2012-05,monthly,1896.089281,million_usd,calculated,bcra_treasury_deposits_usd_calculated,https://www.bcra.gob.ar/consulta-de-series-estadisticas-en-formato-txt/,65cd4837b5fa20caddfefeb0c185922057b23beeedd84eae1467f335299b03b7,2026-08-08T00:02:00Z
bcra_treasury_deposits_usd,2012-06,monthly,1407.666895,million_usd,calculated,bcra_treasury_deposits_usd_calculated,https://www.bcra.gob.ar/consulta-de-series-estadisticas-en-formato-txt/,65cd4837b5fa20caddfefeb0c185922057b23beeedd84eae1467f335299b03b7,2026-08-08T00:02:00Z
bcra_treasury_deposits_usd,2012-07,monthly,5129.417668,million_usd,calculated,bcra_treasury_deposits_usd_calculated,https://www.bcra.gob.ar/consulta-de-series-estadisticas-en-formato-txt/,65cd4837b5fa20caddfefeb0c185922057b23beeedd84eae1467f335299b03b7,2026-08-08T00:02:00Z
bcra_treasury_deposits_usd,2012-08,monthly,2683.317583,million_usd,calculated,bcra_treasury_deposits_usd_calculated,https://www.bcra.gob.ar/consulta-de-series-estadisticas-en-formato-txt/,65cd4837b5fa20caddfefeb0c185922057b23beeedd84eae1467f335299b03b7,2026-08-08T00:02:00Z
bcra_treasury_deposits_usd,2012-09,monthly,2305.995910,million_usd,calculated,bcra_treasury_deposits_usd_calculated,https://www.bcra.gob.ar/consulta-de-series-estadisticas-en-formato-txt/,65cd4837b5fa20caddfefeb0c185922057b23beeedd84eae1467f335299b03b7,2026-08-08T00:02:00Z
bcra_treasury_deposits_usd,2012-10,monthly,2835.975239,million_usd,calculated,bcra_treasury_deposits_usd_calculated,https://www.bcra.gob.ar/consulta-de-series-estadisticas-en-formato-txt/,65cd4837b5fa20caddfefeb0c185922057b23beeedd84eae1467f335299b03b7,2026-08-08T00:02:00Z
bcra_treasury_deposits_usd,2012-11,monthly,2431.452274,million_usd,calculated,bcra_treasury_deposits_usd_calculated,https://www.bcra.gob.ar/consulta-de-series-estadisticas-en-formato-txt/,65cd4837b5fa20caddfefeb0c185922057b23beeedd84eae1467f335299b03b7,2026-08-08T00:02:00Z
bcra_treasury_deposits_usd,2012-12,monthly,281.890265,million_usd,calculated,bcra_treasury_deposits_usd_calculated,https://www.bcra.gob.ar/consulta-de-series-estadisticas-en-formato-txt/,65cd4837b5fa20caddfefeb0c185922057b23beeedd84eae1467f335299b03b7,2026-08-08T00:02:00Z
bcra_treasury_deposits_usd,2013-01,monthly,165.799912,million_usd,calculated,bcra_treasury_deposits_usd_calculated,https://www.bcra.gob.ar/consulta-de-series-estadisticas-en-formato-txt/,65cd4837b5fa20caddfefeb0c185922057b23beeedd84eae1467f335299b03b7,2026-08-08T00:02:00Z
bcra_treasury_deposits_usd,2013-02,monthly,116.920790,million_usd,calculated,bcra_treasury_deposits_usd_calculated,https://www.bcra.gob.ar/consulta-de-series-estadisticas-en-formato-txt/,65cd4837b5fa20caddfefeb0c185922057b23beeedd84eae1467f335299b03b7,2026-08-08T00:02:00Z
bcra_treasury_deposits_usd,2013-03,monthly,125.032505,million_usd,calculated,bcra_treasury_deposits_usd_calculated,https://www.bcra.gob.ar/consulta-de-series-estadisticas-en-formato-txt/,65cd4837b5fa20caddfefeb0c185922057b23beeedd84eae1467f335299b03b7,2026-08-08T00:02:00Z
bcra_treasury_deposits_usd,2013-04,monthly,158.807292,million_usd,calculated,bcra_treasury_deposits_usd_calculated,https://www.bcra.gob.ar/consulta-de-series-estadisticas-en-formato-txt/,65cd4837b5fa20caddfefeb0c185922057b23beeedd84eae1467f335299b03b7,2026-08-08T00:02:00Z
bcra_treasury_deposits_usd,2013-05,monthly,308.378220,million_usd,calculated,bcra_treasury_deposits_usd_calculated,https://www.bcra.gob.ar/consulta-de-series-estadisticas-en-formato-txt/,65cd4837b5fa20caddfefeb0c185922057b23beeedd84eae1467f335299b03b7,2026-08-08T00:02:00Z
bcra_treasury_deposits_usd,2013-06,monthly,293.681200,million_usd,calculated,bcra_treasury_deposits_usd_calculated,https://www.bcra.gob.ar/consulta-de-series-estadisticas-en-formato-txt/,65cd4837b5fa20caddfefeb0c185922057b23beeedd84eae1467f335299b03b7,2026-08-08T00:02:00Z
bcra_treasury_deposits_usd,2013-07,monthly,186.067193,million_usd,calculated,bcra_treasury_deposits_usd_calculated,https://www.bcra.gob.ar/consulta-de-series-estadisticas-en-formato-txt/,65cd4837b5fa20caddfefeb0c185922057b23beeedd84eae1467f335299b03b7,2026-08-08T00:02:00Z
bcra_treasury_deposits_usd,2013-08,monthly,9520.545730,million_usd,calculated,bcra_treasury_deposits_usd_calculated,https://www.bcra.gob.ar/consulta-de-series-estadisticas-en-formato-txt/,65cd4837b5fa20caddfefeb0c185922057b23beeedd84eae1467f335299b03b7,2026-08-08T00:02:00Z
bcra_treasury_deposits_usd,2013-09,monthly,4845.504964,million_usd,calculated,bcra_treasury_deposits_usd_calculated,https://www.bcra.gob.ar/consulta-de-series-estadisticas-en-formato-txt/,65cd4837b5fa20caddfefeb0c185922057b23beeedd84eae1467f335299b03b7,2026-08-08T00:02:00Z
bcra_treasury_deposits_usd,2013-10,monthly,3039.943155,million_usd,calculated,bcra_treasury_deposits_usd_calculated,https://www.bcra.gob.ar/consulta-de-series-estadisticas-en-formato-txt/,65cd4837b5fa20caddfefeb0c185922057b23beeedd84eae1467f335299b03b7,2026-08-08T00:02:00Z
bcra_treasury_deposits_usd,2013-11,monthly,1153.810888,million_usd,calculated,bcra_treasury_deposits_usd_calculated,https://www.bcra.gob.ar/consulta-de-series-estadisticas-en-formato-txt/,65cd4837b5fa20caddfefeb0c185922057b23beeedd84eae1467f335299b03b7,2026-08-08T00:02:00Z
bcra_treasury_deposits_usd,2013-12,monthly,461.860540,million_usd,calculated,bcra_treasury_deposits_usd_calculated,https://www.bcra.gob.ar/consulta-de-series-estadisticas-en-formato-txt/,65cd4837b5fa20caddfefeb0c185922057b23beeedd84eae1467f335299b03b7,2026-08-08T00:02:00Z
bcra_treasury_deposits_usd,2014-01,monthly,100.057369,million_usd,calculated,bcra_treasury_deposits_usd_calculated,https://www.bcra.gob.ar/consulta-de-series-estadisticas-en-formato-txt/,65cd4837b5fa20caddfefeb0c185922057b23beeedd84eae1467f335299b03b7,2026-08-08T00:02:00Z
bcra_treasury_deposits_usd,2014-02,monthly,128.247950,million_usd,calculated,bcra_treasury_deposits_usd_calculated,https://www.bcra.gob.ar/consulta-de-series-estadisticas-en-formato-txt/,65cd4837b5fa20caddfefeb0c185922057b23beeedd84eae1467f335299b03b7,2026-08-08T00:02:00Z
bcra_treasury_deposits_usd,2014-03,monthly,314.227571,million_usd,calculated,bcra_treasury_deposits_usd_calculated,https://www.bcra.gob.ar/consulta-de-series-estadisticas-en-formato-txt/,65cd4837b5fa20caddfefeb0c185922057b23beeedd84eae1467f335299b03b7,2026-08-08T00:02:00Z
bcra_treasury_deposits_usd,2014-04,monthly,895.723927,million_usd,calculated,bcra_treasury_deposits_usd_calculated,https://www.bcra.gob.ar/consulta-de-series-estadisticas-en-formato-txt/,65cd4837b5fa20caddfefeb0c185922057b23beeedd84eae1467f335299b03b7,2026-08-08T00:02:00Z
bcra_treasury_deposits_usd,2014-05,monthly,482.836203,million_usd,calculated,bcra_treasury_deposits_usd_calculated,https://www.bcra.gob.ar/consulta-de-series-estadisticas-en-formato-txt/,65cd4837b5fa20caddfefeb0c185922057b23beeedd84eae1467f335299b03b7,2026-08-08T00:02:00Z
bcra_treasury_deposits_usd,2014-06,monthly,140.006025,million_usd,calculated,bcra_treasury_deposits_usd_calculated,https://www.bcra.gob.ar/consulta-de-series-estadisticas-en-formato-txt/,65cd4837b5fa20caddfefeb0c185922057b23beeedd84eae1467f335299b03b7,2026-08-08T00:02:00Z
bcra_treasury_deposits_usd,2014-07,monthly,73.334267,million_usd,calculated,bcra_treasury_deposits_usd_calculated,https://www.bcra.gob.ar/consulta-de-series-estadisticas-en-formato-txt/,65cd4837b5fa20caddfefeb0c185922057b23beeedd84eae1467f335299b03b7,2026-08-08T00:02:00Z
bcra_treasury_deposits_usd,2014-08,monthly,89.297834,million_usd,calculated,bcra_treasury_deposits_usd_calculated,https://www.bcra.gob.ar/consulta-de-series-estadisticas-en-formato-txt/,65cd4837b5fa20caddfefeb0c185922057b23beeedd84eae1467f335299b03b7,2026-08-08T00:02:00Z
bcra_treasury_deposits_usd,2014-09,monthly,140.807374,million_usd,calculated,bcra_treasury_deposits_usd_calculated,https://www.bcra.gob.ar/consulta-de-series-estadisticas-en-formato-txt/,65cd4837b5fa20caddfefeb0c185922057b23beeedd84eae1467f335299b03b7,2026-08-08T00:02:00Z
bcra_treasury_deposits_usd,2014-10,monthly,159.368877,million_usd,calculated,bcra_treasury_deposits_usd_calculated,https://www.bcra.gob.ar/consulta-de-series-estadisticas-en-formato-txt/,65cd4837b5fa20caddfefeb0c185922057b23beeedd84eae1467f335299b03b7,2026-08-08T00:02:00Z
bcra_treasury_deposits_usd,2014-11,monthly,379.555217,million_usd,calculated,bcra_treasury_deposits_usd_calculated,https://www.bcra.gob.ar/consulta-de-series-estadisticas-en-formato-txt/,65cd4837b5fa20caddfefeb0c185922057b23beeedd84eae1467f335299b03b7,2026-08-08T00:02:00Z
bcra_treasury_deposits_usd,2014-12,monthly,1176.352081,million_usd,calculated,bcra_treasury_deposits_usd_calculated,https://www.bcra.gob.ar/consulta-de-series-estadisticas-en-formato-txt/,65cd4837b5fa20caddfefeb0c185922057b23beeedd84eae1467f335299b03b7,2026-08-08T00:02:00Z
bcra_treasury_deposits_usd,2015-01,monthly,77.933329,million_usd,calculated,bcra_treasury_deposits_usd_calculated,https://www.bcra.gob.ar/consulta-de-series-estadisticas-en-formato-txt/,65cd4837b5fa20caddfefeb0c185922057b23beeedd84eae1467f335299b03b7,2026-08-08T00:02:00Z
bcra_treasury_deposits_usd,2015-02,monthly,61.678645,million_usd,calculated,bcra_treasury_deposits_usd_calculated,https://www.bcra.gob.ar/consulta-de-series-estadisticas-en-formato-txt/,65cd4837b5fa20caddfefeb0c185922057b23beeedd84eae1467f335299b03b7,2026-08-08T00:02:00Z
bcra_treasury_deposits_usd,2015-03,monthly,92.425933,million_usd,calculated,bcra_treasury_deposits_usd_calculated,https://www.bcra.gob.ar/consulta-de-series-estadisticas-en-formato-txt/,65cd4837b5fa20caddfefeb0c185922057b23beeedd84eae1467f335299b03b7,2026-08-08T00:02:00Z
bcra_treasury_deposits_usd,2015-04,monthly,1604.191045,million_usd,calculated,bcra_treasury_deposits_usd_calculated,https://www.bcra.gob.ar/consulta-de-series-estadisticas-en-formato-txt/,65cd4837b5fa20caddfefeb0c185922057b23beeedd84eae1467f335299b03b7,2026-08-08T00:02:00Z
bcra_treasury_deposits_usd,2015-05,monthly,320.024919,million_usd,calculated,bcra_treasury_deposits_usd_calculated,https://www.bcra.gob.ar/consulta-de-series-estadisticas-en-formato-txt/,65cd4837b5fa20caddfefeb0c185922057b23beeedd84eae1467f335299b03b7,2026-08-08T00:02:00Z
bcra_treasury_deposits_usd,2015-06,monthly,54.359434,million_usd,calculated,bcra_treasury_deposits_usd_calculated,https://www.bcra.gob.ar/consulta-de-series-estadisticas-en-formato-txt/,65cd4837b5fa20caddfefeb0c185922057b23beeedd84eae1467f335299b03b7,2026-08-08T00:02:00Z
bcra_treasury_deposits_usd,2015-07,monthly,279.131192,million_usd,calculated,bcra_treasury_deposits_usd_calculated,https://www.bcra.gob.ar/consulta-de-series-estadisticas-en-formato-txt/,65cd4837b5fa20caddfefeb0c185922057b23beeedd84eae1467f335299b03b7,2026-08-08T00:02:00Z
bcra_treasury_deposits_usd,2015-08,monthly,139.582163,million_usd,calculated,bcra_treasury_deposits_usd_calculated,https://www.bcra.gob.ar/consulta-de-series-estadisticas-en-formato-txt/,65cd4837b5fa20caddfefeb0c185922057b23beeedd84eae1467f335299b03b7,2026-08-08T00:02:00Z
bcra_treasury_deposits_usd,2015-09,monthly,6060.703244,million_usd,calculated,bcra_treasury_deposits_usd_calculated,https://www.bcra.gob.ar/consulta-de-series-estadisticas-en-formato-txt/,65cd4837b5fa20caddfefeb0c185922057b23beeedd84eae1467f335299b03b7,2026-08-08T00:02:00Z
bcra_treasury_deposits_usd,2015-10,monthly,327.133145,million_usd,calculated,bcra_treasury_deposits_usd_calculated,https://www.bcra.gob.ar/consulta-de-series-estadisticas-en-formato-txt/,65cd4837b5fa20caddfefeb0c185922057b23beeedd84eae1467f335299b03b7,2026-08-08T00:02:00Z
bcra_treasury_deposits_usd,2015-11,monthly,49.372936,million_usd,calculated,bcra_treasury_deposits_usd_calculated,https://www.bcra.gob.ar/consulta-de-series-estadisticas-en-formato-txt/,65cd4837b5fa20caddfefeb0c185922057b23beeedd84eae1467f335299b03b7,2026-08-08T00:02:00Z
bcra_treasury_deposits_usd,2015-12,monthly,235.152249,million_usd,calculated,bcra_treasury_deposits_usd_calculated,https://www.bcra.gob.ar/consulta-de-series-estadisticas-en-formato-txt/,65cd4837b5fa20caddfefeb0c185922057b23beeedd84eae1467f335299b03b7,2026-08-08T00:02:00Z
bcra_treasury_deposits_usd,2016-01,monthly,60.835659,million_usd,calculated,bcra_treasury_deposits_usd_calculated,https://www.bcra.gob.ar/consulta-de-series-estadisticas-en-formato-txt/,65cd4837b5fa20caddfefeb0c185922057b23beeedd84eae1467f335299b03b7,2026-08-08T00:02:00Z
bcra_treasury_deposits_usd,2016-02,monthly,139.029530,million_usd,calculated,bcra_treasury_deposits_usd_calculated,https://www.bcra.gob.ar/consulta-de-series-estadisticas-en-formato-txt/,65cd4837b5fa20caddfefeb0c185922057b23beeedd84eae1467f335299b03b7,2026-08-08T00:02:00Z
bcra_treasury_deposits_usd,2016-03,monthly,108.825377,million_usd,calculated,bcra_treasury_deposits_usd_calculated,https://www.bcra.gob.ar/consulta-de-series-estadisticas-en-formato-txt/,65cd4837b5fa20caddfefeb0c185922057b23beeedd84eae1467f335299b03b7,2026-08-08T00:02:00Z
bcra_treasury_deposits_usd,2016-04,monthly,6203.211555,million_usd,calculated,bcra_treasury_deposits_usd_calculated,https://www.bcra.gob.ar/consulta-de-series-estadisticas-en-formato-txt/,65cd4837b5fa20caddfefeb0c185922057b23beeedd84eae1467f335299b03b7,2026-08-08T00:02:00Z
bcra_treasury_deposits_usd,2016-05,monthly,1601.650431,million_usd,calculated,bcra_treasury_deposits_usd_calculated,https://www.bcra.gob.ar/consulta-de-series-estadisticas-en-formato-txt/,65cd4837b5fa20caddfefeb0c185922057b23beeedd84eae1467f335299b03b7,2026-08-08T00:02:00Z
bcra_treasury_deposits_usd,2016-06,monthly,212.605630,million_usd,calculated,bcra_treasury_deposits_usd_calculated,https://www.bcra.gob.ar/consulta-de-series-estadisticas-en-formato-txt/,65cd4837b5fa20caddfefeb0c185922057b23beeedd84eae1467f335299b03b7,2026-08-08T00:02:00Z
bcra_treasury_deposits_usd,2016-07,monthly,783.113322,million_usd,calculated,bcra_treasury_deposits_usd_calculated,https://www.bcra.gob.ar/consulta-de-series-estadisticas-en-formato-txt/,65cd4837b5fa20caddfefeb0c185922057b23beeedd84eae1467f335299b03b7,2026-08-08T00:02:00Z
bcra_treasury_deposits_usd,2016-08,monthly,136.125309,million_usd,calculated,bcra_treasury_deposits_usd_calculated,https://www.bcra.gob.ar/consulta-de-series-estadisticas-en-formato-txt/,65cd4837b5fa20caddfefeb0c185922057b23beeedd84eae1467f335299b03b7,2026-08-08T00:02:00Z
bcra_treasury_deposits_usd,2016-09,monthly,115.656509,million_usd,calculated,bcra_treasury_deposits_usd_calculated,https://www.bcra.gob.ar/consulta-de-series-estadisticas-en-formato-txt/,65cd4837b5fa20caddfefeb0c185922057b23beeedd84eae1467f335299b03b7,2026-08-08T00:02:00Z
bcra_treasury_deposits_usd,2016-10,monthly,847.535339,million_usd,calculated,bcra_treasury_deposits_usd_calculated,https://www.bcra.gob.ar/consulta-de-series-estadisticas-en-formato-txt/,65cd4837b5fa20caddfefeb0c185922057b23beeedd84eae1467f335299b03b7,2026-08-08T00:02:00Z
bcra_treasury_deposits_usd,2016-11,monthly,1607.106765,million_usd,calculated,bcra_treasury_deposits_usd_calculated,https://www.bcra.gob.ar/consulta-de-series-estadisticas-en-formato-txt/,65cd4837b5fa20caddfefeb0c185922057b23beeedd84eae1467f335299b03b7,2026-08-08T00:02:00Z
bcra_treasury_deposits_usd,2016-12,monthly,1169.252438,million_usd,calculated,bcra_treasury_deposits_usd_calculated,https://www.bcra.gob.ar/consulta-de-series-estadisticas-en-formato-txt/,65cd4837b5fa20caddfefeb0c185922057b23beeedd84eae1467f335299b03b7,2026-08-08T00:02:00Z
bcra_treasury_deposits_usd,2017-01,monthly,875.330606,million_usd,calculated,bcra_treasury_deposits_usd_calculated,https://www.bcra.gob.ar/consulta-de-series-estadisticas-en-formato-txt/,65cd4837b5fa20caddfefeb0c185922057b23beeedd84eae1467f335299b03b7,2026-08-08T00:02:00Z
bcra_treasury_deposits_usd,2017-02,monthly,2624.694727,million_usd,calculated,bcra_treasury_deposits_usd_calculated,https://www.bcra.gob.ar/consulta-de-series-estadisticas-en-formato-txt/,65cd4837b5fa20caddfefeb0c185922057b23beeedd84eae1467f335299b03b7,2026-08-08T00:02:00Z
bcra_treasury_deposits_usd,2017-03,monthly,136.751421,million_usd,calculated,bcra_treasury_deposits_usd_calculated,https://www.bcra.gob.ar/consulta-de-series-estadisticas-en-formato-txt/,65cd4837b5fa20caddfefeb0c185922057b23beeedd84eae1467f335299b03b7,2026-08-08T00:02:00Z
bcra_treasury_deposits_usd,2017-04,monthly,1073.828791,million_usd,calculated,bcra_treasury_deposits_usd_calculated,https://www.bcra.gob.ar/consulta-de-series-estadisticas-en-formato-txt/,65cd4837b5fa20caddfefeb0c185922057b23beeedd84eae1467f335299b03b7,2026-08-08T00:02:00Z
bcra_treasury_deposits_usd,2017-05,monthly,1101.821274,million_usd,calculated,bcra_treasury_deposits_usd_calculated,https://www.bcra.gob.ar/consulta-de-series-estadisticas-en-formato-txt/,65cd4837b5fa20caddfefeb0c185922057b23beeedd84eae1467f335299b03b7,2026-08-08T00:02:00Z
bcra_treasury_deposits_usd,2017-06,monthly,4697.523699,million_usd,calculated,bcra_treasury_deposits_usd_calculated,https://www.bcra.gob.ar/consulta-de-series-estadisticas-en-formato-txt/,65cd4837b5fa20caddfefeb0c185922057b23beeedd84eae1467f335299b03b7,2026-08-08T00:02:00Z
bcra_treasury_deposits_usd,2017-07,monthly,903.532145,million_usd,calculated,bcra_treasury_deposits_usd_calculated,https://www.bcra.gob.ar/consulta-de-series-estadisticas-en-formato-txt/,65cd4837b5fa20caddfefeb0c185922057b23beeedd84eae1467f335299b03b7,2026-08-08T00:02:00Z
bcra_treasury_deposits_usd,2017-08,monthly,1122.618370,million_usd,calculated,bcra_treasury_deposits_usd_calculated,https://www.bcra.gob.ar/consulta-de-series-estadisticas-en-formato-txt/,65cd4837b5fa20caddfefeb0c185922057b23beeedd84eae1467f335299b03b7,2026-08-08T00:02:00Z
bcra_treasury_deposits_usd,2017-09,monthly,27.914807,million_usd,calculated,bcra_treasury_deposits_usd_calculated,https://www.bcra.gob.ar/consulta-de-series-estadisticas-en-formato-txt/,65cd4837b5fa20caddfefeb0c185922057b23beeedd84eae1467f335299b03b7,2026-08-08T00:02:00Z
bcra_treasury_deposits_usd,2017-10,monthly,916.321871,million_usd,calculated,bcra_treasury_deposits_usd_calculated,https://www.bcra.gob.ar/consulta-de-series-estadisticas-en-formato-txt/,65cd4837b5fa20caddfefeb0c185922057b23beeedd84eae1467f335299b03b7,2026-08-08T00:02:00Z
bcra_treasury_deposits_usd,2017-11,monthly,1397.174034,million_usd,calculated,bcra_treasury_deposits_usd_calculated,https://www.bcra.gob.ar/consulta-de-series-estadisticas-en-formato-txt/,65cd4837b5fa20caddfefeb0c185922057b23beeedd84eae1467f335299b03b7,2026-08-08T00:02:00Z
bcra_treasury_deposits_usd,2017-12,monthly,1949.175038,million_usd,calculated,bcra_treasury_deposits_usd_calculated,https://www.bcra.gob.ar/consulta-de-series-estadisticas-en-formato-txt/,65cd4837b5fa20caddfefeb0c185922057b23beeedd84eae1467f335299b03b7,2026-08-08T00:02:00Z
bcra_treasury_deposits_usd,2018-01,monthly,1711.820231,million_usd,calculated,bcra_treasury_deposits_usd_calculated,https://www.bcra.gob.ar/consulta-de-series-estadisticas-en-formato-txt/,65cd4837b5fa20caddfefeb0c185922057b23beeedd84eae1467f335299b03b7,2026-08-08T00:02:00Z
bcra_treasury_deposits_usd,2018-02,monthly,582.076510,million_usd,calculated,bcra_treasury_deposits_usd_calculated,https://www.bcra.gob.ar/consulta-de-series-estadisticas-en-formato-txt/,65cd4837b5fa20caddfefeb0c185922057b23beeedd84eae1467f335299b03b7,2026-08-08T00:02:00Z
bcra_treasury_deposits_usd,2018-03,monthly,2167.484772,million_usd,calculated,bcra_treasury_deposits_usd_calculated,https://www.bcra.gob.ar/consulta-de-series-estadisticas-en-formato-txt/,65cd4837b5fa20caddfefeb0c185922057b23beeedd84eae1467f335299b03b7,2026-08-08T00:02:00Z
bcra_treasury_deposits_usd,2018-04,monthly,1655.075771,million_usd,calculated,bcra_treasury_deposits_usd_calculated,https://www.bcra.gob.ar/consulta-de-series-estadisticas-en-formato-txt/,65cd4837b5fa20caddfefeb0c185922057b23beeedd84eae1467f335299b03b7,2026-08-08T00:02:00Z
bcra_treasury_deposits_usd,2018-05,monthly,59.389197,million_usd,calculated,bcra_treasury_deposits_usd_calculated,https://www.bcra.gob.ar/consulta-de-series-estadisticas-en-formato-txt/,65cd4837b5fa20caddfefeb0c185922057b23beeedd84eae1467f335299b03b7,2026-08-08T00:02:00Z
bcra_treasury_deposits_usd,2018-06,monthly,12750.162984,million_usd,calculated,bcra_treasury_deposits_usd_calculated,https://www.bcra.gob.ar/consulta-de-series-estadisticas-en-formato-txt/,65cd4837b5fa20caddfefeb0c185922057b23beeedd84eae1467f335299b03b7,2026-08-08T00:02:00Z
bcra_treasury_deposits_usd,2018-07,monthly,8676.201388,million_usd,calculated,bcra_treasury_deposits_usd_calculated,https://www.bcra.gob.ar/consulta-de-series-estadisticas-en-formato-txt/,65cd4837b5fa20caddfefeb0c185922057b23beeedd84eae1467f335299b03b7,2026-08-08T00:02:00Z
bcra_treasury_deposits_usd,2018-08,monthly,7530.946209,million_usd,calculated,bcra_treasury_deposits_usd_calculated,https://www.bcra.gob.ar/consulta-de-series-estadisticas-en-formato-txt/,65cd4837b5fa20caddfefeb0c185922057b23beeedd84eae1467f335299b03b7,2026-08-08T00:02:00Z
bcra_treasury_deposits_usd,2018-09,monthly,7513.984561,million_usd,calculated,bcra_treasury_deposits_usd_calculated,https://www.bcra.gob.ar/consulta-de-series-estadisticas-en-formato-txt/,65cd4837b5fa20caddfefeb0c185922057b23beeedd84eae1467f335299b03b7,2026-08-08T00:02:00Z
bcra_treasury_deposits_usd,2018-10,monthly,13849.484172,million_usd,calculated,bcra_treasury_deposits_usd_calculated,https://www.bcra.gob.ar/consulta-de-series-estadisticas-en-formato-txt/,65cd4837b5fa20caddfefeb0c185922057b23beeedd84eae1467f335299b03b7,2026-08-08T00:02:00Z
bcra_treasury_deposits_usd,2018-11,monthly,10482.703251,million_usd,calculated,bcra_treasury_deposits_usd_calculated,https://www.bcra.gob.ar/consulta-de-series-estadisticas-en-formato-txt/,65cd4837b5fa20caddfefeb0c185922057b23beeedd84eae1467f335299b03b7,2026-08-08T00:02:00Z
bcra_treasury_deposits_usd,2018-12,monthly,13934.110579,million_usd,calculated,bcra_treasury_deposits_usd_calculated,https://www.bcra.gob.ar/consulta-de-series-estadisticas-en-formato-txt/,65cd4837b5fa20caddfefeb0c185922057b23beeedd84eae1467f335299b03b7,2026-08-08T00:02:00Z
bcra_treasury_deposits_usd,2019-01,monthly,12839.960690,million_usd,calculated,bcra_treasury_deposits_usd_calculated,https://www.bcra.gob.ar/consulta-de-series-estadisticas-en-formato-txt/,65cd4837b5fa20caddfefeb0c185922057b23beeedd84eae1467f335299b03b7,2026-08-08T00:02:00Z
bcra_treasury_deposits_usd,2019-02,monthly,13684.968793,million_usd,calculated,bcra_treasury_deposits_usd_calculated,https://www.bcra.gob.ar/consulta-de-series-estadisticas-en-formato-txt/,65cd4837b5fa20caddfefeb0c185922057b23beeedd84eae1467f335299b03b7,2026-08-08T00:02:00Z
bcra_treasury_deposits_usd,2019-03,monthly,10284.812852,million_usd,calculated,bcra_treasury_deposits_usd_calculated,https://www.bcra.gob.ar/consulta-de-series-estadisticas-en-formato-txt/,65cd4837b5fa20caddfefeb0c185922057b23beeedd84eae1467f335299b03b7,2026-08-08T00:02:00Z
bcra_treasury_deposits_usd,2019-04,monthly,15373.961395,million_usd,calculated,bcra_treasury_deposits_usd_calculated,https://www.bcra.gob.ar/consulta-de-series-estadisticas-en-formato-txt/,65cd4837b5fa20caddfefeb0c185922057b23beeedd84eae1467f335299b03b7,2026-08-08T00:02:00Z
bcra_treasury_deposits_usd,2019-05,monthly,8450.735588,million_usd,calculated,bcra_treasury_deposits_usd_calculated,https://www.bcra.gob.ar/consulta-de-series-estadisticas-en-formato-txt/,65cd4837b5fa20caddfefeb0c185922057b23beeedd84eae1467f335299b03b7,2026-08-08T00:02:00Z
bcra_treasury_deposits_usd,2019-06,monthly,9698.044373,million_usd,calculated,bcra_treasury_deposits_usd_calculated,https://www.bcra.gob.ar/consulta-de-series-estadisticas-en-formato-txt/,65cd4837b5fa20caddfefeb0c185922057b23beeedd84eae1467f335299b03b7,2026-08-08T00:02:00Z
bcra_treasury_deposits_usd,2019-07,monthly,11292.669776,million_usd,calculated,bcra_treasury_deposits_usd_calculated,https://www.bcra.gob.ar/consulta-de-series-estadisticas-en-formato-txt/,65cd4837b5fa20caddfefeb0c185922057b23beeedd84eae1467f335299b03b7,2026-08-08T00:02:00Z
bcra_treasury_deposits_usd,2019-08,monthly,7221.206348,million_usd,calculated,bcra_treasury_deposits_usd_calculated,https://www.bcra.gob.ar/consulta-de-series-estadisticas-en-formato-txt/,65cd4837b5fa20caddfefeb0c185922057b23beeedd84eae1467f335299b03b7,2026-08-08T00:02:00Z
bcra_treasury_deposits_usd,2019-09,monthly,4226.589401,million_usd,calculated,bcra_treasury_deposits_usd_calculated,https://www.bcra.gob.ar/consulta-de-series-estadisticas-en-formato-txt/,65cd4837b5fa20caddfefeb0c185922057b23beeedd84eae1467f335299b03b7,2026-08-08T00:02:00Z
bcra_treasury_deposits_usd,2019-10,monthly,2203.228812,million_usd,calculated,bcra_treasury_deposits_usd_calculated,https://www.bcra.gob.ar/consulta-de-series-estadisticas-en-formato-txt/,65cd4837b5fa20caddfefeb0c185922057b23beeedd84eae1467f335299b03b7,2026-08-08T00:02:00Z
bcra_treasury_deposits_usd,2019-11,monthly,380.326899,million_usd,calculated,bcra_treasury_deposits_usd_calculated,https://www.bcra.gob.ar/consulta-de-series-estadisticas-en-formato-txt/,65cd4837b5fa20caddfefeb0c185922057b23beeedd84eae1467f335299b03b7,2026-08-08T00:02:00Z
bcra_treasury_deposits_usd,2019-12,monthly,356.985806,million_usd,calculated,bcra_treasury_deposits_usd_calculated,https://www.bcra.gob.ar/consulta-de-series-estadisticas-en-formato-txt/,65cd4837b5fa20caddfefeb0c185922057b23beeedd84eae1467f335299b03b7,2026-08-08T00:02:00Z
bcra_treasury_deposits_usd,2020-01,monthly,76.596291,million_usd,calculated,bcra_treasury_deposits_usd_calculated,https://www.bcra.gob.ar/consulta-de-series-estadisticas-en-formato-txt/,65cd4837b5fa20caddfefeb0c185922057b23beeedd84eae1467f335299b03b7,2026-08-08T00:02:00Z
bcra_treasury_deposits_usd,2020-02,monthly,61.961563,million_usd,calculated,bcra_treasury_deposits_usd_calculated,https://www.bcra.gob.ar/consulta-de-series-estadisticas-en-formato-txt/,65cd4837b5fa20caddfefeb0c185922057b23beeedd84eae1467f335299b03b7,2026-08-08T00:02:00Z
bcra_treasury_deposits_usd,2020-03,monthly,92.408099,million_usd,calculated,bcra_treasury_deposits_usd_calculated,https://www.bcra.gob.ar/consulta-de-series-estadisticas-en-formato-txt/,65cd4837b5fa20caddfefeb0c185922057b23beeedd84eae1467f335299b03b7,2026-08-08T00:02:00Z
bcra_treasury_deposits_usd,2020-04,monthly,117.816430,million_usd,calculated,bcra_treasury_deposits_usd_calculated,https://www.bcra.gob.ar/consulta-de-series-estadisticas-en-formato-txt/,65cd4837b5fa20caddfefeb0c185922057b23beeedd84eae1467f335299b03b7,2026-08-08T00:02:00Z
bcra_treasury_deposits_usd,2020-05,monthly,68.050623,million_usd,calculated,bcra_treasury_deposits_usd_calculated,https://www.bcra.gob.ar/consulta-de-series-estadisticas-en-formato-txt/,65cd4837b5fa20caddfefeb0c185922057b23beeedd84eae1467f335299b03b7,2026-08-08T00:02:00Z
bcra_treasury_deposits_usd,2020-06,monthly,97.875491,million_usd,calculated,bcra_treasury_deposits_usd_calculated,https://www.bcra.gob.ar/consulta-de-series-estadisticas-en-formato-txt/,65cd4837b5fa20caddfefeb0c185922057b23beeedd84eae1467f335299b03b7,2026-08-08T00:02:00Z
bcra_treasury_deposits_usd,2020-07,monthly,65.189795,million_usd,calculated,bcra_treasury_deposits_usd_calculated,https://www.bcra.gob.ar/consulta-de-series-estadisticas-en-formato-txt/,65cd4837b5fa20caddfefeb0c185922057b23beeedd84eae1467f335299b03b7,2026-08-08T00:02:00Z
bcra_treasury_deposits_usd,2020-08,monthly,88.474152,million_usd,calculated,bcra_treasury_deposits_usd_calculated,https://www.bcra.gob.ar/consulta-de-series-estadisticas-en-formato-txt/,65cd4837b5fa20caddfefeb0c185922057b23beeedd84eae1467f335299b03b7,2026-08-08T00:02:00Z
bcra_treasury_deposits_usd,2020-09,monthly,95.989996,million_usd,calculated,bcra_treasury_deposits_usd_calculated,https://www.bcra.gob.ar/consulta-de-series-estadisticas-en-formato-txt/,65cd4837b5fa20caddfefeb0c185922057b23beeedd84eae1467f335299b03b7,2026-08-08T00:02:00Z
bcra_treasury_deposits_usd,2020-10,monthly,83.489301,million_usd,calculated,bcra_treasury_deposits_usd_calculated,https://www.bcra.gob.ar/consulta-de-series-estadisticas-en-formato-txt/,65cd4837b5fa20caddfefeb0c185922057b23beeedd84eae1467f335299b03b7,2026-08-08T00:02:00Z
bcra_treasury_deposits_usd,2020-11,monthly,104.850383,million_usd,calculated,bcra_treasury_deposits_usd_calculated,https://www.bcra.gob.ar/consulta-de-series-estadisticas-en-formato-txt/,65cd4837b5fa20caddfefeb0c185922057b23beeedd84eae1467f335299b03b7,2026-08-08T00:02:00Z
bcra_treasury_deposits_usd,2020-12,monthly,516.082083,million_usd,calculated,bcra_treasury_deposits_usd_calculated,https://www.bcra.gob.ar/consulta-de-series-estadisticas-en-formato-txt/,65cd4837b5fa20caddfefeb0c185922057b23beeedd84eae1467f335299b03b7,2026-08-08T00:02:00Z
bcra_treasury_deposits_usd,2021-01,monthly,110.455549,million_usd,calculated,bcra_treasury_deposits_usd_calculated,https://www.bcra.gob.ar/consulta-de-series-estadisticas-en-formato-txt/,65cd4837b5fa20caddfefeb0c185922057b23beeedd84eae1467f335299b03b7,2026-08-08T00:02:00Z
bcra_treasury_deposits_usd,2021-02,monthly,71.953586,million_usd,calculated,bcra_treasury_deposits_usd_calculated,https://www.bcra.gob.ar/consulta-de-series-estadisticas-en-formato-txt/,65cd4837b5fa20caddfefeb0c185922057b23beeedd84eae1467f335299b03b7,2026-08-08T00:02:00Z
bcra_treasury_deposits_usd,2021-03,monthly,145.956284,million_usd,calculated,bcra_treasury_deposits_usd_calculated,https://www.bcra.gob.ar/consulta-de-series-estadisticas-en-formato-txt/,65cd4837b5fa20caddfefeb0c185922057b23beeedd84eae1467f335299b03b7,2026-08-08T00:02:00Z
bcra_treasury_deposits_usd,2021-04,monthly,64.587856,million_usd,calculated,bcra_treasury_deposits_usd_calculated,https://www.bcra.gob.ar/consulta-de-series-estadisticas-en-formato-txt/,65cd4837b5fa20caddfefeb0c185922057b23beeedd84eae1467f335299b03b7,2026-08-08T00:02:00Z
bcra_treasury_deposits_usd,2021-05,monthly,71.099324,million_usd,calculated,bcra_treasury_deposits_usd_calculated,https://www.bcra.gob.ar/consulta-de-series-estadisticas-en-formato-txt/,65cd4837b5fa20caddfefeb0c185922057b23beeedd84eae1467f335299b03b7,2026-08-08T00:02:00Z
bcra_treasury_deposits_usd,2021-06,monthly,65.412709,million_usd,calculated,bcra_treasury_deposits_usd_calculated,https://www.bcra.gob.ar/consulta-de-series-estadisticas-en-formato-txt/,65cd4837b5fa20caddfefeb0c185922057b23beeedd84eae1467f335299b03b7,2026-08-08T00:02:00Z
bcra_treasury_deposits_usd,2021-07,monthly,303.130596,million_usd,calculated,bcra_treasury_deposits_usd_calculated,https://www.bcra.gob.ar/consulta-de-series-estadisticas-en-formato-txt/,65cd4837b5fa20caddfefeb0c185922057b23beeedd84eae1467f335299b03b7,2026-08-08T00:02:00Z
bcra_treasury_deposits_usd,2021-08,monthly,245.110929,million_usd,calculated,bcra_treasury_deposits_usd_calculated,https://www.bcra.gob.ar/consulta-de-series-estadisticas-en-formato-txt/,65cd4837b5fa20caddfefeb0c185922057b23beeedd84eae1467f335299b03b7,2026-08-08T00:02:00Z
bcra_treasury_deposits_usd,2021-09,monthly,196.637921,million_usd,calculated,bcra_treasury_deposits_usd_calculated,https://www.bcra.gob.ar/consulta-de-series-estadisticas-en-formato-txt/,65cd4837b5fa20caddfefeb0c185922057b23beeedd84eae1467f335299b03b7,2026-08-08T00:02:00Z
bcra_treasury_deposits_usd,2021-10,monthly,243.392017,million_usd,calculated,bcra_treasury_deposits_usd_calculated,https://www.bcra.gob.ar/consulta-de-series-estadisticas-en-formato-txt/,65cd4837b5fa20caddfefeb0c185922057b23beeedd84eae1467f335299b03b7,2026-08-08T00:02:00Z
bcra_treasury_deposits_usd,2021-11,monthly,1012.845086,million_usd,calculated,bcra_treasury_deposits_usd_calculated,https://www.bcra.gob.ar/consulta-de-series-estadisticas-en-formato-txt/,65cd4837b5fa20caddfefeb0c185922057b23beeedd84eae1467f335299b03b7,2026-08-08T00:02:00Z
bcra_treasury_deposits_usd,2021-12,monthly,813.652188,million_usd,calculated,bcra_treasury_deposits_usd_calculated,https://www.bcra.gob.ar/consulta-de-series-estadisticas-en-formato-txt/,65cd4837b5fa20caddfefeb0c185922057b23beeedd84eae1467f335299b03b7,2026-08-08T00:02:00Z
bcra_treasury_deposits_usd,2022-01,monthly,962.654217,million_usd,calculated,bcra_treasury_deposits_usd_calculated,https://www.bcra.gob.ar/consulta-de-series-estadisticas-en-formato-txt/,65cd4837b5fa20caddfefeb0c185922057b23beeedd84eae1467f335299b03b7,2026-08-08T00:02:00Z
bcra_treasury_deposits_usd,2022-02,monthly,177.604085,million_usd,calculated,bcra_treasury_deposits_usd_calculated,https://www.bcra.gob.ar/consulta-de-series-estadisticas-en-formato-txt/,65cd4837b5fa20caddfefeb0c185922057b23beeedd84eae1467f335299b03b7,2026-08-08T00:02:00Z
bcra_treasury_deposits_usd,2022-03,monthly,6913.454962,million_usd,calculated,bcra_treasury_deposits_usd_calculated,https://www.bcra.gob.ar/consulta-de-series-estadisticas-en-formato-txt/,65cd4837b5fa20caddfefeb0c185922057b23beeedd84eae1467f335299b03b7,2026-08-08T00:02:00Z
bcra_treasury_deposits_usd,2022-04,monthly,5961.242039,million_usd,calculated,bcra_treasury_deposits_usd_calculated,https://www.bcra.gob.ar/consulta-de-series-estadisticas-en-formato-txt/,65cd4837b5fa20caddfefeb0c185922057b23beeedd84eae1467f335299b03b7,2026-08-08T00:02:00Z
bcra_treasury_deposits_usd,2022-05,monthly,2941.877932,million_usd,calculated,bcra_treasury_deposits_usd_calculated,https://www.bcra.gob.ar/consulta-de-series-estadisticas-en-formato-txt/,65cd4837b5fa20caddfefeb0c185922057b23beeedd84eae1467f335299b03b7,2026-08-08T00:02:00Z
bcra_treasury_deposits_usd,2022-06,monthly,4203.973736,million_usd,calculated,bcra_treasury_deposits_usd_calculated,https://www.bcra.gob.ar/consulta-de-series-estadisticas-en-formato-txt/,65cd4837b5fa20caddfefeb0c185922057b23beeedd84eae1467f335299b03b7,2026-08-08T00:02:00Z
bcra_treasury_deposits_usd,2022-07,monthly,2238.781926,million_usd,calculated,bcra_treasury_deposits_usd_calculated,https://www.bcra.gob.ar/consulta-de-series-estadisticas-en-formato-txt/,65cd4837b5fa20caddfefeb0c185922057b23beeedd84eae1467f335299b03b7,2026-08-08T00:02:00Z
bcra_treasury_deposits_usd,2022-08,monthly,2033.842146,million_usd,calculated,bcra_treasury_deposits_usd_calculated,https://www.bcra.gob.ar/consulta-de-series-estadisticas-en-formato-txt/,65cd4837b5fa20caddfefeb0c185922057b23beeedd84eae1467f335299b03b7,2026-08-08T00:02:00Z
bcra_treasury_deposits_usd,2022-09,monthly,157.287522,million_usd,calculated,bcra_treasury_deposits_usd_calculated,https://www.bcra.gob.ar/consulta-de-series-estadisticas-en-formato-txt/,65cd4837b5fa20caddfefeb0c185922057b23beeedd84eae1467f335299b03b7,2026-08-08T00:02:00Z
bcra_treasury_deposits_usd,2022-10,monthly,3256.779279,million_usd,calculated,bcra_treasury_deposits_usd_calculated,https://www.bcra.gob.ar/consulta-de-series-estadisticas-en-formato-txt/,65cd4837b5fa20caddfefeb0c185922057b23beeedd84eae1467f335299b03b7,2026-08-08T00:02:00Z
bcra_treasury_deposits_usd,2022-11,monthly,2512.989377,million_usd,calculated,bcra_treasury_deposits_usd_calculated,https://www.bcra.gob.ar/consulta-de-series-estadisticas-en-formato-txt/,65cd4837b5fa20caddfefeb0c185922057b23beeedd84eae1467f335299b03b7,2026-08-08T00:02:00Z
bcra_treasury_deposits_usd,2022-12,monthly,4827.272048,million_usd,calculated,bcra_treasury_deposits_usd_calculated,https://www.bcra.gob.ar/consulta-de-series-estadisticas-en-formato-txt/,65cd4837b5fa20caddfefeb0c185922057b23beeedd84eae1467f335299b03b7,2026-08-08T00:02:00Z
bcra_treasury_deposits_usd,2023-01,monthly,1313.393420,million_usd,calculated,bcra_treasury_deposits_usd_calculated,https://www.bcra.gob.ar/consulta-de-series-estadisticas-en-formato-txt/,65cd4837b5fa20caddfefeb0c185922057b23beeedd84eae1467f335299b03b7,2026-08-08T00:02:00Z
bcra_treasury_deposits_usd,2023-02,monthly,396.446651,million_usd,calculated,bcra_treasury_deposits_usd_calculated,https://www.bcra.gob.ar/consulta-de-series-estadisticas-en-formato-txt/,65cd4837b5fa20caddfefeb0c185922057b23beeedd84eae1467f335299b03b7,2026-08-08T00:02:00Z
bcra_treasury_deposits_usd,2023-03,monthly,3405.824020,million_usd,calculated,bcra_treasury_deposits_usd_calculated,https://www.bcra.gob.ar/consulta-de-series-estadisticas-en-formato-txt/,65cd4837b5fa20caddfefeb0c185922057b23beeedd84eae1467f335299b03b7,2026-08-08T00:02:00Z
bcra_treasury_deposits_usd,2023-04,monthly,418.184632,million_usd,calculated,bcra_treasury_deposits_usd_calculated,https://www.bcra.gob.ar/consulta-de-series-estadisticas-en-formato-txt/,65cd4837b5fa20caddfefeb0c185922057b23beeedd84eae1467f335299b03b7,2026-08-08T00:02:00Z
bcra_treasury_deposits_usd,2023-05,monthly,87.529724,million_usd,calculated,bcra_treasury_deposits_usd_calculated,https://www.bcra.gob.ar/consulta-de-series-estadisticas-en-formato-txt/,65cd4837b5fa20caddfefeb0c185922057b23beeedd84eae1467f335299b03b7,2026-08-08T00:02:00Z
bcra_treasury_deposits_usd,2023-06,monthly,112.669170,million_usd,calculated,bcra_treasury_deposits_usd_calculated,https://www.bcra.gob.ar/consulta-de-series-estadisticas-en-formato-txt/,65cd4837b5fa20caddfefeb0c185922057b23beeedd84eae1467f335299b03b7,2026-08-08T00:02:00Z
bcra_treasury_deposits_usd,2023-07,monthly,58.469079,million_usd,calculated,bcra_treasury_deposits_usd_calculated,https://www.bcra.gob.ar/consulta-de-series-estadisticas-en-formato-txt/,65cd4837b5fa20caddfefeb0c185922057b23beeedd84eae1467f335299b03b7,2026-08-08T00:02:00Z
bcra_treasury_deposits_usd,2023-08,monthly,4259.246824,million_usd,calculated,bcra_treasury_deposits_usd_calculated,https://www.bcra.gob.ar/consulta-de-series-estadisticas-en-formato-txt/,65cd4837b5fa20caddfefeb0c185922057b23beeedd84eae1467f335299b03b7,2026-08-08T00:02:00Z
bcra_treasury_deposits_usd,2023-09,monthly,3598.554007,million_usd,calculated,bcra_treasury_deposits_usd_calculated,https://www.bcra.gob.ar/consulta-de-series-estadisticas-en-formato-txt/,65cd4837b5fa20caddfefeb0c185922057b23beeedd84eae1467f335299b03b7,2026-08-08T00:02:00Z
bcra_treasury_deposits_usd,2023-10,monthly,1190.602367,million_usd,calculated,bcra_treasury_deposits_usd_calculated,https://www.bcra.gob.ar/consulta-de-series-estadisticas-en-formato-txt/,65cd4837b5fa20caddfefeb0c185922057b23beeedd84eae1467f335299b03b7,2026-08-08T00:02:00Z
bcra_treasury_deposits_usd,2023-11,monthly,64.139351,million_usd,calculated,bcra_treasury_deposits_usd_calculated,https://www.bcra.gob.ar/consulta-de-series-estadisticas-en-formato-txt/,65cd4837b5fa20caddfefeb0c185922057b23beeedd84eae1467f335299b03b7,2026-08-08T00:02:00Z
bcra_treasury_deposits_usd,2023-12,monthly,62.849716,million_usd,calculated,bcra_treasury_deposits_usd_calculated,https://www.bcra.gob.ar/consulta-de-series-estadisticas-en-formato-txt/,65cd4837b5fa20caddfefeb0c185922057b23beeedd84eae1467f335299b03b7,2026-08-08T00:02:00Z
bcra_treasury_deposits_usd,2024-01,monthly,2767.476639,million_usd,calculated,bcra_treasury_deposits_usd_calculated,https://www.bcra.gob.ar/consulta-de-series-estadisticas-en-formato-txt/,65cd4837b5fa20caddfefeb0c185922057b23beeedd84eae1467f335299b03b7,2026-08-08T00:02:00Z
bcra_treasury_deposits_usd,2024-02,monthly,1764.938161,million_usd,calculated,bcra_treasury_deposits_usd_calculated,https://www.bcra.gob.ar/consulta-de-series-estadisticas-en-formato-txt/,65cd4837b5fa20caddfefeb0c185922057b23beeedd84eae1467f335299b03b7,2026-08-08T00:02:00Z
bcra_treasury_deposits_usd,2024-03,monthly,1033.884365,million_usd,calculated,bcra_treasury_deposits_usd_calculated,https://www.bcra.gob.ar/consulta-de-series-estadisticas-en-formato-txt/,65cd4837b5fa20caddfefeb0c185922057b23beeedd84eae1467f335299b03b7,2026-08-08T00:02:00Z
bcra_treasury_deposits_usd,2024-04,monthly,1083.880572,million_usd,calculated,bcra_treasury_deposits_usd_calculated,https://www.bcra.gob.ar/consulta-de-series-estadisticas-en-formato-txt/,65cd4837b5fa20caddfefeb0c185922057b23beeedd84eae1467f335299b03b7,2026-08-08T00:02:00Z
bcra_treasury_deposits_usd,2024-05,monthly,427.987948,million_usd,calculated,bcra_treasury_deposits_usd_calculated,https://www.bcra.gob.ar/consulta-de-series-estadisticas-en-formato-txt/,65cd4837b5fa20caddfefeb0c185922057b23beeedd84eae1467f335299b03b7,2026-08-08T00:02:00Z
bcra_treasury_deposits_usd,2024-06,monthly,1033.895721,million_usd,calculated,bcra_treasury_deposits_usd_calculated,https://www.bcra.gob.ar/consulta-de-series-estadisticas-en-formato-txt/,65cd4837b5fa20caddfefeb0c185922057b23beeedd84eae1467f335299b03b7,2026-08-08T00:02:00Z
bcra_treasury_deposits_usd,2024-07,monthly,1242.827970,million_usd,calculated,bcra_treasury_deposits_usd_calculated,https://www.bcra.gob.ar/consulta-de-series-estadisticas-en-formato-txt/,65cd4837b5fa20caddfefeb0c185922057b23beeedd84eae1467f335299b03b7,2026-08-08T00:02:00Z
bcra_treasury_deposits_usd,2024-08,monthly,835.354681,million_usd,calculated,bcra_treasury_deposits_usd_calculated,https://www.bcra.gob.ar/consulta-de-series-estadisticas-en-formato-txt/,65cd4837b5fa20caddfefeb0c185922057b23beeedd84eae1467f335299b03b7,2026-08-08T00:02:00Z
bcra_treasury_deposits_usd,2024-09,monthly,1587.040598,million_usd,calculated,bcra_treasury_deposits_usd_calculated,https://www.bcra.gob.ar/consulta-de-series-estadisticas-en-formato-txt/,65cd4837b5fa20caddfefeb0c185922057b23beeedd84eae1467f335299b03b7,2026-08-08T00:02:00Z
bcra_treasury_deposits_usd,2024-10,monthly,1275.957924,million_usd,calculated,bcra_treasury_deposits_usd_calculated,https://www.bcra.gob.ar/consulta-de-series-estadisticas-en-formato-txt/,65cd4837b5fa20caddfefeb0c185922057b23beeedd84eae1467f335299b03b7,2026-08-08T00:02:00Z
bcra_treasury_deposits_usd,2024-11,monthly,3560.253522,million_usd,calculated,bcra_treasury_deposits_usd_calculated,https://www.bcra.gob.ar/consulta-de-series-estadisticas-en-formato-txt/,65cd4837b5fa20caddfefeb0c185922057b23beeedd84eae1467f335299b03b7,2026-08-08T00:02:00Z
bcra_treasury_deposits_usd,2024-12,monthly,5994.701636,million_usd,calculated,bcra_treasury_deposits_usd_calculated,https://www.bcra.gob.ar/consulta-de-series-estadisticas-en-formato-txt/,65cd4837b5fa20caddfefeb0c185922057b23beeedd84eae1467f335299b03b7,2026-08-08T00:02:00Z
bcra_treasury_deposits_usd,2025-01,monthly,3186.079162,million_usd,calculated,bcra_treasury_deposits_usd_calculated,https://www.bcra.gob.ar/consulta-de-series-estadisticas-en-formato-txt/,65cd4837b5fa20caddfefeb0c185922057b23beeedd84eae1467f335299b03b7,2026-08-08T00:02:00Z
bcra_treasury_deposits_usd,2025-02,monthly,2759.684031,million_usd,calculated,bcra_treasury_deposits_usd_calculated,https://www.bcra.gob.ar/consulta-de-series-estadisticas-en-formato-txt/,65cd4837b5fa20caddfefeb0c185922057b23beeedd84eae1467f335299b03b7,2026-08-08T00:02:00Z
bcra_treasury_deposits_usd,2025-03,monthly,1951.480331,million_usd,calculated,bcra_treasury_deposits_usd_calculated,https://www.bcra.gob.ar/consulta-de-series-estadisticas-en-formato-txt/,65cd4837b5fa20caddfefeb0c185922057b23beeedd84eae1467f335299b03b7,2026-08-08T00:02:00Z
bcra_treasury_deposits_usd,2025-04,monthly,15447.914217,million_usd,calculated,bcra_treasury_deposits_usd_calculated,https://www.bcra.gob.ar/consulta-de-series-estadisticas-en-formato-txt/,65cd4837b5fa20caddfefeb0c185922057b23beeedd84eae1467f335299b03b7,2026-08-08T00:02:00Z
bcra_treasury_deposits_usd,2025-05,monthly,3067.536749,million_usd,calculated,bcra_treasury_deposits_usd_calculated,https://www.bcra.gob.ar/consulta-de-series-estadisticas-en-formato-txt/,65cd4837b5fa20caddfefeb0c185922057b23beeedd84eae1467f335299b03b7,2026-08-08T00:02:00Z
bcra_treasury_deposits_usd,2025-06,monthly,4679.772616,million_usd,calculated,bcra_treasury_deposits_usd_calculated,https://www.bcra.gob.ar/consulta-de-series-estadisticas-en-formato-txt/,65cd4837b5fa20caddfefeb0c185922057b23beeedd84eae1467f335299b03b7,2026-08-08T00:02:00Z
bcra_treasury_deposits_usd,2025-07,monthly,2707.872135,million_usd,calculated,bcra_treasury_deposits_usd_calculated,https://www.bcra.gob.ar/consulta-de-series-estadisticas-en-formato-txt/,65cd4837b5fa20caddfefeb0c185922057b23beeedd84eae1467f335299b03b7,2026-08-08T00:02:00Z
bcra_treasury_deposits_usd,2025-08,monthly,1685.719444,million_usd,calculated,bcra_treasury_deposits_usd_calculated,https://www.bcra.gob.ar/consulta-de-series-estadisticas-en-formato-txt/,65cd4837b5fa20caddfefeb0c185922057b23beeedd84eae1467f335299b03b7,2026-08-08T00:02:00Z
bcra_treasury_deposits_usd,2025-09,monthly,2327.401341,million_usd,calculated,bcra_treasury_deposits_usd_calculated,https://www.bcra.gob.ar/consulta-de-series-estadisticas-en-formato-txt/,65cd4837b5fa20caddfefeb0c185922057b23beeedd84eae1467f335299b03b7,2026-08-08T00:02:00Z
bcra_treasury_deposits_usd,2025-10,monthly,91.943698,million_usd,calculated,bcra_treasury_deposits_usd_calculated,https://www.bcra.gob.ar/consulta-de-series-estadisticas-en-formato-txt/,65cd4837b5fa20caddfefeb0c185922057b23beeedd84eae1467f335299b03b7,2026-08-08T00:02:00Z
bcra_treasury_deposits_usd,2025-11,monthly,212.550877,million_usd,calculated,bcra_treasury_deposits_usd_calculated,https://www.bcra.gob.ar/consulta-de-series-estadisticas-en-formato-txt/,65cd4837b5fa20caddfefeb0c185922057b23beeedd84eae1467f335299b03b7,2026-08-08T00:02:00Z
bcra_treasury_deposits_usd,2025-12,monthly,1969.859517,million_usd,calculated,bcra_treasury_deposits_usd_calculated,https://www.bcra.gob.ar/consulta-de-series-estadisticas-en-formato-txt/,65cd4837b5fa20caddfefeb0c185922057b23beeedd84eae1467f335299b03b7,2026-08-08T00:02:00Z
bcra_treasury_deposits_usd,2026-01,monthly,526.243735,million_usd,calculated,bcra_treasury_deposits_usd_calculated,https://www.bcra.gob.ar/consulta-de-series-estadisticas-en-formato-txt/,65cd4837b5fa20caddfefeb0c185922057b23beeedd84eae1467f335299b03b7,2026-08-08T00:02:00Z
bcra_treasury_deposits_usd,2026-02,monthly,532.790728,million_usd,calculated,bcra_treasury_deposits_usd_calculated,https://www.bcra.gob.ar/consulta-de-series-estadisticas-en-formato-txt/,65cd4837b5fa20caddfefeb0c185922057b23beeedd84eae1467f335299b03b7,2026-08-08T00:02:00Z
bcra_treasury_deposits_usd,2026-03,monthly,485.283678,million_usd,calculated,bcra_treasury_deposits_usd_calculated,https://www.bcra.gob.ar/consulta-de-series-estadisticas-en-formato-txt/,65cd4837b5fa20caddfefeb0c185922057b23beeedd84eae1467f335299b03b7,2026-08-08T00:02:00Z
bcra_treasury_deposits_usd,2026-04,monthly,1365.055371,million_usd,calculated,bcra_treasury_deposits_usd_calculated,https://www.bcra.gob.ar/consulta-de-series-estadisticas-en-formato-txt/,65cd4837b5fa20caddfefeb0c185922057b23beeedd84eae1467f335299b03b7,2026-08-08T00:02:00Z
bcra_treasury_deposits_usd,2026-05,monthly,3057.884307,million_usd,calculated,bcra_treasury_deposits_usd_calculated,https://www.bcra.gob.ar/consulta-de-series-estadisticas-en-formato-txt/,65cd4837b5fa20caddfefeb0c185922057b23beeedd84eae1467f335299b03b7,2026-08-08T00:02:00Z
bcra_treasury_deposits_usd,2026-06,monthly,3919.712901,million_usd,calculated,bcra_treasury_deposits_usd_calculated,https://www.bcra.gob.ar/consulta-de-series-estadisticas-en-formato-txt/,65cd4837b5fa20caddfefeb0c185922057b23beeedd84eae1467f335299b03b7,2026-08-08T00:02:00Z
bcra_treasury_deposits_usd_monthly_change,2002-02,monthly,-94.043472,million_usd,calculated,bcra_treasury_deposits_usd_calculated,https://www.bcra.gob.ar/consulta-de-series-estadisticas-en-formato-txt/,65cd4837b5fa20caddfefeb0c185922057b23beeedd84eae1467f335299b03b7,2026-08-08T00:02:00Z
bcra_treasury_deposits_usd_monthly_change,2002-03,monthly,-55.497193,million_usd,calculated,bcra_treasury_deposits_usd_calculated,https://www.bcra.gob.ar/consulta-de-series-estadisticas-en-formato-txt/,65cd4837b5fa20caddfefeb0c185922057b23beeedd84eae1467f335299b03b7,2026-08-08T00:02:00Z
bcra_treasury_deposits_usd_monthly_change,2002-04,monthly,-300.503705,million_usd,calculated,bcra_treasury_deposits_usd_calculated,https://www.bcra.gob.ar/consulta-de-series-estadisticas-en-formato-txt/,65cd4837b5fa20caddfefeb0c185922057b23beeedd84eae1467f335299b03b7,2026-08-08T00:02:00Z
bcra_treasury_deposits_usd_monthly_change,2002-05,monthly,-1055.633249,million_usd,calculated,bcra_treasury_deposits_usd_calculated,https://www.bcra.gob.ar/consulta-de-series-estadisticas-en-formato-txt/,65cd4837b5fa20caddfefeb0c185922057b23beeedd84eae1467f335299b03b7,2026-08-08T00:02:00Z
bcra_treasury_deposits_usd_monthly_change,2002-06,monthly,-244.676667,million_usd,calculated,bcra_treasury_deposits_usd_calculated,https://www.bcra.gob.ar/consulta-de-series-estadisticas-en-formato-txt/,65cd4837b5fa20caddfefeb0c185922057b23beeedd84eae1467f335299b03b7,2026-08-08T00:02:00Z
bcra_treasury_deposits_usd_monthly_change,2002-07,monthly,-756.200707,million_usd,calculated,bcra_treasury_deposits_usd_calculated,https://www.bcra.gob.ar/consulta-de-series-estadisticas-en-formato-txt/,65cd4837b5fa20caddfefeb0c185922057b23beeedd84eae1467f335299b03b7,2026-08-08T00:02:00Z
bcra_treasury_deposits_usd_monthly_change,2002-08,monthly,-204.532968,million_usd,calculated,bcra_treasury_deposits_usd_calculated,https://www.bcra.gob.ar/consulta-de-series-estadisticas-en-formato-txt/,65cd4837b5fa20caddfefeb0c185922057b23beeedd84eae1467f335299b03b7,2026-08-08T00:02:00Z
bcra_treasury_deposits_usd_monthly_change,2002-09,monthly,-1389.805726,million_usd,calculated,bcra_treasury_deposits_usd_calculated,https://www.bcra.gob.ar/consulta-de-series-estadisticas-en-formato-txt/,65cd4837b5fa20caddfefeb0c185922057b23beeedd84eae1467f335299b03b7,2026-08-08T00:02:00Z
bcra_treasury_deposits_usd_monthly_change,2002-10,monthly,-0.458276,million_usd,calculated,bcra_treasury_deposits_usd_calculated,https://www.bcra.gob.ar/consulta-de-series-estadisticas-en-formato-txt/,65cd4837b5fa20caddfefeb0c185922057b23beeedd84eae1467f335299b03b7,2026-08-08T00:02:00Z
bcra_treasury_deposits_usd_monthly_change,2002-11,monthly,-67.149845,million_usd,calculated,bcra_treasury_deposits_usd_calculated,https://www.bcra.gob.ar/consulta-de-series-estadisticas-en-formato-txt/,65cd4837b5fa20caddfefeb0c185922057b23beeedd84eae1467f335299b03b7,2026-08-08T00:02:00Z
bcra_treasury_deposits_usd_monthly_change,2002-12,monthly,-16.228612,million_usd,calculated,bcra_treasury_deposits_usd_calculated,https://www.bcra.gob.ar/consulta-de-series-estadisticas-en-formato-txt/,65cd4837b5fa20caddfefeb0c185922057b23beeedd84eae1467f335299b03b7,2026-08-08T00:02:00Z
bcra_treasury_deposits_usd_monthly_change,2003-01,monthly,23.144096,million_usd,calculated,bcra_treasury_deposits_usd_calculated,https://www.bcra.gob.ar/consulta-de-series-estadisticas-en-formato-txt/,65cd4837b5fa20caddfefeb0c185922057b23beeedd84eae1467f335299b03b7,2026-08-08T00:02:00Z
bcra_treasury_deposits_usd_monthly_change,2003-02,monthly,286.435445,million_usd,calculated,bcra_treasury_deposits_usd_calculated,https://www.bcra.gob.ar/consulta-de-series-estadisticas-en-formato-txt/,65cd4837b5fa20caddfefeb0c185922057b23beeedd84eae1467f335299b03b7,2026-08-08T00:02:00Z
bcra_treasury_deposits_usd_monthly_change,2003-03,monthly,-154.404173,million_usd,calculated,bcra_treasury_deposits_usd_calculated,https://www.bcra.gob.ar/consulta-de-series-estadisticas-en-formato-txt/,65cd4837b5fa20caddfefeb0c185922057b23beeedd84eae1467f335299b03b7,2026-08-08T00:02:00Z
bcra_treasury_deposits_usd_monthly_change,2003-04,monthly,92.652896,million_usd,calculated,bcra_treasury_deposits_usd_calculated,https://www.bcra.gob.ar/consulta-de-series-estadisticas-en-formato-txt/,65cd4837b5fa20caddfefeb0c185922057b23beeedd84eae1467f335299b03b7,2026-08-08T00:02:00Z
bcra_treasury_deposits_usd_monthly_change,2003-05,monthly,51.488645,million_usd,calculated,bcra_treasury_deposits_usd_calculated,https://www.bcra.gob.ar/consulta-de-series-estadisticas-en-formato-txt/,65cd4837b5fa20caddfefeb0c185922057b23beeedd84eae1467f335299b03b7,2026-08-08T00:02:00Z
bcra_treasury_deposits_usd_monthly_change,2003-06,monthly,-25.615268,million_usd,calculated,bcra_treasury_deposits_usd_calculated,https://www.bcra.gob.ar/consulta-de-series-estadisticas-en-formato-txt/,65cd4837b5fa20caddfefeb0c185922057b23beeedd84eae1467f335299b03b7,2026-08-08T00:02:00Z
bcra_treasury_deposits_usd_monthly_change,2003-07,monthly,-255.776641,million_usd,calculated,bcra_treasury_deposits_usd_calculated,https://www.bcra.gob.ar/consulta-de-series-estadisticas-en-formato-txt/,65cd4837b5fa20caddfefeb0c185922057b23beeedd84eae1467f335299b03b7,2026-08-08T00:02:00Z
bcra_treasury_deposits_usd_monthly_change,2003-08,monthly,1003.223966,million_usd,calculated,bcra_treasury_deposits_usd_calculated,https://www.bcra.gob.ar/consulta-de-series-estadisticas-en-formato-txt/,65cd4837b5fa20caddfefeb0c185922057b23beeedd84eae1467f335299b03b7,2026-08-08T00:02:00Z
bcra_treasury_deposits_usd_monthly_change,2003-09,monthly,-305.397114,million_usd,calculated,bcra_treasury_deposits_usd_calculated,https://www.bcra.gob.ar/consulta-de-series-estadisticas-en-formato-txt/,65cd4837b5fa20caddfefeb0c185922057b23beeedd84eae1467f335299b03b7,2026-08-08T00:02:00Z
bcra_treasury_deposits_usd_monthly_change,2003-10,monthly,-702.368763,million_usd,calculated,bcra_treasury_deposits_usd_calculated,https://www.bcra.gob.ar/consulta-de-series-estadisticas-en-formato-txt/,65cd4837b5fa20caddfefeb0c185922057b23beeedd84eae1467f335299b03b7,2026-08-08T00:02:00Z
bcra_treasury_deposits_usd_monthly_change,2003-11,monthly,39.765175,million_usd,calculated,bcra_treasury_deposits_usd_calculated,https://www.bcra.gob.ar/consulta-de-series-estadisticas-en-formato-txt/,65cd4837b5fa20caddfefeb0c185922057b23beeedd84eae1467f335299b03b7,2026-08-08T00:02:00Z
bcra_treasury_deposits_usd_monthly_change,2003-12,monthly,15.252421,million_usd,calculated,bcra_treasury_deposits_usd_calculated,https://www.bcra.gob.ar/consulta-de-series-estadisticas-en-formato-txt/,65cd4837b5fa20caddfefeb0c185922057b23beeedd84eae1467f335299b03b7,2026-08-08T00:02:00Z
bcra_treasury_deposits_usd_monthly_change,2004-01,monthly,293.471307,million_usd,calculated,bcra_treasury_deposits_usd_calculated,https://www.bcra.gob.ar/consulta-de-series-estadisticas-en-formato-txt/,65cd4837b5fa20caddfefeb0c185922057b23beeedd84eae1467f335299b03b7,2026-08-08T00:02:00Z
bcra_treasury_deposits_usd_monthly_change,2004-02,monthly,-355.903223,million_usd,calculated,bcra_treasury_deposits_usd_calculated,https://www.bcra.gob.ar/consulta-de-series-estadisticas-en-formato-txt/,65cd4837b5fa20caddfefeb0c185922057b23beeedd84eae1467f335299b03b7,2026-08-08T00:02:00Z
bcra_treasury_deposits_usd_monthly_change,2004-03,monthly,320.747302,million_usd,calculated,bcra_treasury_deposits_usd_calculated,https://www.bcra.gob.ar/consulta-de-series-estadisticas-en-formato-txt/,65cd4837b5fa20caddfefeb0c185922057b23beeedd84eae1467f335299b03b7,2026-08-08T00:02:00Z
bcra_treasury_deposits_usd_monthly_change,2004-04,monthly,-126.889662,million_usd,calculated,bcra_treasury_deposits_usd_calculated,https://www.bcra.gob.ar/consulta-de-series-estadisticas-en-formato-txt/,65cd4837b5fa20caddfefeb0c185922057b23beeedd84eae1467f335299b03b7,2026-08-08T00:02:00Z
bcra_treasury_deposits_usd_monthly_change,2004-05,monthly,-165.627400,million_usd,calculated,bcra_treasury_deposits_usd_calculated,https://www.bcra.gob.ar/consulta-de-series-estadisticas-en-formato-txt/,65cd4837b5fa20caddfefeb0c185922057b23beeedd84eae1467f335299b03b7,2026-08-08T00:02:00Z
bcra_treasury_deposits_usd_monthly_change,2004-06,monthly,142.098908,million_usd,calculated,bcra_treasury_deposits_usd_calculated,https://www.bcra.gob.ar/consulta-de-series-estadisticas-en-formato-txt/,65cd4837b5fa20caddfefeb0c185922057b23beeedd84eae1467f335299b03b7,2026-08-08T00:02:00Z
bcra_treasury_deposits_usd_monthly_change,2004-07,monthly,-149.820347,million_usd,calculated,bcra_treasury_deposits_usd_calculated,https://www.bcra.gob.ar/consulta-de-series-estadisticas-en-formato-txt/,65cd4837b5fa20caddfefeb0c185922057b23beeedd84eae1467f335299b03b7,2026-08-08T00:02:00Z
bcra_treasury_deposits_usd_monthly_change,2004-08,monthly,1.759751,million_usd,calculated,bcra_treasury_deposits_usd_calculated,https://www.bcra.gob.ar/consulta-de-series-estadisticas-en-formato-txt/,65cd4837b5fa20caddfefeb0c185922057b23beeedd84eae1467f335299b03b7,2026-08-08T00:02:00Z
bcra_treasury_deposits_usd_monthly_change,2004-09,monthly,6.321975,million_usd,calculated,bcra_treasury_deposits_usd_calculated,https://www.bcra.gob.ar/consulta-de-series-estadisticas-en-formato-txt/,65cd4837b5fa20caddfefeb0c185922057b23beeedd84eae1467f335299b03b7,2026-08-08T00:02:00Z
bcra_treasury_deposits_usd_monthly_change,2004-10,monthly,255.211551,million_usd,calculated,bcra_treasury_deposits_usd_calculated,https://www.bcra.gob.ar/consulta-de-series-estadisticas-en-formato-txt/,65cd4837b5fa20caddfefeb0c185922057b23beeedd84eae1467f335299b03b7,2026-08-08T00:02:00Z
bcra_treasury_deposits_usd_monthly_change,2004-11,monthly,-188.966723,million_usd,calculated,bcra_treasury_deposits_usd_calculated,https://www.bcra.gob.ar/consulta-de-series-estadisticas-en-formato-txt/,65cd4837b5fa20caddfefeb0c185922057b23beeedd84eae1467f335299b03b7,2026-08-08T00:02:00Z
bcra_treasury_deposits_usd_monthly_change,2004-12,monthly,-66.445405,million_usd,calculated,bcra_treasury_deposits_usd_calculated,https://www.bcra.gob.ar/consulta-de-series-estadisticas-en-formato-txt/,65cd4837b5fa20caddfefeb0c185922057b23beeedd84eae1467f335299b03b7,2026-08-08T00:02:00Z
bcra_treasury_deposits_usd_monthly_change,2005-01,monthly,307.502833,million_usd,calculated,bcra_treasury_deposits_usd_calculated,https://www.bcra.gob.ar/consulta-de-series-estadisticas-en-formato-txt/,65cd4837b5fa20caddfefeb0c185922057b23beeedd84eae1467f335299b03b7,2026-08-08T00:02:00Z
bcra_treasury_deposits_usd_monthly_change,2005-02,monthly,-257.593619,million_usd,calculated,bcra_treasury_deposits_usd_calculated,https://www.bcra.gob.ar/consulta-de-series-estadisticas-en-formato-txt/,65cd4837b5fa20caddfefeb0c185922057b23beeedd84eae1467f335299b03b7,2026-08-08T00:02:00Z
bcra_treasury_deposits_usd_monthly_change,2005-03,monthly,652.619945,million_usd,calculated,bcra_treasury_deposits_usd_calculated,https://www.bcra.gob.ar/consulta-de-series-estadisticas-en-formato-txt/,65cd4837b5fa20caddfefeb0c185922057b23beeedd84eae1467f335299b03b7,2026-08-08T00:02:00Z
bcra_treasury_deposits_usd_monthly_change,2005-04,monthly,-300.803361,million_usd,calculated,bcra_treasury_deposits_usd_calculated,https://www.bcra.gob.ar/consulta-de-series-estadisticas-en-formato-txt/,65cd4837b5fa20caddfefeb0c185922057b23beeedd84eae1467f335299b03b7,2026-08-08T00:02:00Z
bcra_treasury_deposits_usd_monthly_change,2005-05,monthly,-277.049068,million_usd,calculated,bcra_treasury_deposits_usd_calculated,https://www.bcra.gob.ar/consulta-de-series-estadisticas-en-formato-txt/,65cd4837b5fa20caddfefeb0c185922057b23beeedd84eae1467f335299b03b7,2026-08-08T00:02:00Z
bcra_treasury_deposits_usd_monthly_change,2005-06,monthly,25.839351,million_usd,calculated,bcra_treasury_deposits_usd_calculated,https://www.bcra.gob.ar/consulta-de-series-estadisticas-en-formato-txt/,65cd4837b5fa20caddfefeb0c185922057b23beeedd84eae1467f335299b03b7,2026-08-08T00:02:00Z
bcra_treasury_deposits_usd_monthly_change,2005-07,monthly,1643.219164,million_usd,calculated,bcra_treasury_deposits_usd_calculated,https://www.bcra.gob.ar/consulta-de-series-estadisticas-en-formato-txt/,65cd4837b5fa20caddfefeb0c185922057b23beeedd84eae1467f335299b03b7,2026-08-08T00:02:00Z
bcra_treasury_deposits_usd_monthly_change,2005-08,monthly,-1433.054704,million_usd,calculated,bcra_treasury_deposits_usd_calculated,https://www.bcra.gob.ar/consulta-de-series-estadisticas-en-formato-txt/,65cd4837b5fa20caddfefeb0c185922057b23beeedd84eae1467f335299b03b7,2026-08-08T00:02:00Z
bcra_treasury_deposits_usd_monthly_change,2005-09,monthly,-196.630361,million_usd,calculated,bcra_treasury_deposits_usd_calculated,https://www.bcra.gob.ar/consulta-de-series-estadisticas-en-formato-txt/,65cd4837b5fa20caddfefeb0c185922057b23beeedd84eae1467f335299b03b7,2026-08-08T00:02:00Z
bcra_treasury_deposits_usd_monthly_change,2005-10,monthly,617.872346,million_usd,calculated,bcra_treasury_deposits_usd_calculated,https://www.bcra.gob.ar/consulta-de-series-estadisticas-en-formato-txt/,65cd4837b5fa20caddfefeb0c185922057b23beeedd84eae1467f335299b03b7,2026-08-08T00:02:00Z
bcra_treasury_deposits_usd_monthly_change,2005-11,monthly,-628.153478,million_usd,calculated,bcra_treasury_deposits_usd_calculated,https://www.bcra.gob.ar/consulta-de-series-estadisticas-en-formato-txt/,65cd4837b5fa20caddfefeb0c185922057b23beeedd84eae1467f335299b03b7,2026-08-08T00:02:00Z
bcra_treasury_deposits_usd_monthly_change,2005-12,monthly,-26.475938,million_usd,calculated,bcra_treasury_deposits_usd_calculated,https://www.bcra.gob.ar/consulta-de-series-estadisticas-en-formato-txt/,65cd4837b5fa20caddfefeb0c185922057b23beeedd84eae1467f335299b03b7,2026-08-08T00:02:00Z
bcra_treasury_deposits_usd_monthly_change,2006-01,monthly,267.140397,million_usd,calculated,bcra_treasury_deposits_usd_calculated,https://www.bcra.gob.ar/consulta-de-series-estadisticas-en-formato-txt/,65cd4837b5fa20caddfefeb0c185922057b23beeedd84eae1467f335299b03b7,2026-08-08T00:02:00Z
bcra_treasury_deposits_usd_monthly_change,2006-02,monthly,427.468167,million_usd,calculated,bcra_treasury_deposits_usd_calculated,https://www.bcra.gob.ar/consulta-de-series-estadisticas-en-formato-txt/,65cd4837b5fa20caddfefeb0c185922057b23beeedd84eae1467f335299b03b7,2026-08-08T00:02:00Z
bcra_treasury_deposits_usd_monthly_change,2006-03,monthly,230.177540,million_usd,calculated,bcra_treasury_deposits_usd_calculated,https://www.bcra.gob.ar/consulta-de-series-estadisticas-en-formato-txt/,65cd4837b5fa20caddfefeb0c185922057b23beeedd84eae1467f335299b03b7,2026-08-08T00:02:00Z
bcra_treasury_deposits_usd_monthly_change,2006-04,monthly,-289.799149,million_usd,calculated,bcra_treasury_deposits_usd_calculated,https://www.bcra.gob.ar/consulta-de-series-estadisticas-en-formato-txt/,65cd4837b5fa20caddfefeb0c185922057b23beeedd84eae1467f335299b03b7,2026-08-08T00:02:00Z
bcra_treasury_deposits_usd_monthly_change,2006-05,monthly,245.838140,million_usd,calculated,bcra_treasury_deposits_usd_calculated,https://www.bcra.gob.ar/consulta-de-series-estadisticas-en-formato-txt/,65cd4837b5fa20caddfefeb0c185922057b23beeedd84eae1467f335299b03b7,2026-08-08T00:02:00Z
bcra_treasury_deposits_usd_monthly_change,2006-06,monthly,259.519480,million_usd,calculated,bcra_treasury_deposits_usd_calculated,https://www.bcra.gob.ar/consulta-de-series-estadisticas-en-formato-txt/,65cd4837b5fa20caddfefeb0c185922057b23beeedd84eae1467f335299b03b7,2026-08-08T00:02:00Z
bcra_treasury_deposits_usd_monthly_change,2006-07,monthly,-798.074459,million_usd,calculated,bcra_treasury_deposits_usd_calculated,https://www.bcra.gob.ar/consulta-de-series-estadisticas-en-formato-txt/,65cd4837b5fa20caddfefeb0c185922057b23beeedd84eae1467f335299b03b7,2026-08-08T00:02:00Z
bcra_treasury_deposits_usd_monthly_change,2006-08,monthly,-337.056992,million_usd,calculated,bcra_treasury_deposits_usd_calculated,https://www.bcra.gob.ar/consulta-de-series-estadisticas-en-formato-txt/,65cd4837b5fa20caddfefeb0c185922057b23beeedd84eae1467f335299b03b7,2026-08-08T00:02:00Z
bcra_treasury_deposits_usd_monthly_change,2006-09,monthly,-15.052608,million_usd,calculated,bcra_treasury_deposits_usd_calculated,https://www.bcra.gob.ar/consulta-de-series-estadisticas-en-formato-txt/,65cd4837b5fa20caddfefeb0c185922057b23beeedd84eae1467f335299b03b7,2026-08-08T00:02:00Z
bcra_treasury_deposits_usd_monthly_change,2006-10,monthly,-53.244595,million_usd,calculated,bcra_treasury_deposits_usd_calculated,https://www.bcra.gob.ar/consulta-de-series-estadisticas-en-formato-txt/,65cd4837b5fa20caddfefeb0c185922057b23beeedd84eae1467f335299b03b7,2026-08-08T00:02:00Z
bcra_treasury_deposits_usd_monthly_change,2006-11,monthly,22.161561,million_usd,calculated,bcra_treasury_deposits_usd_calculated,https://www.bcra.gob.ar/consulta-de-series-estadisticas-en-formato-txt/,65cd4837b5fa20caddfefeb0c185922057b23beeedd84eae1467f335299b03b7,2026-08-08T00:02:00Z
bcra_treasury_deposits_usd_monthly_change,2006-12,monthly,231.946206,million_usd,calculated,bcra_treasury_deposits_usd_calculated,https://www.bcra.gob.ar/consulta-de-series-estadisticas-en-formato-txt/,65cd4837b5fa20caddfefeb0c185922057b23beeedd84eae1467f335299b03b7,2026-08-08T00:02:00Z
bcra_treasury_deposits_usd_monthly_change,2007-01,monthly,-5.114005,million_usd,calculated,bcra_treasury_deposits_usd_calculated,https://www.bcra.gob.ar/consulta-de-series-estadisticas-en-formato-txt/,65cd4837b5fa20caddfefeb0c185922057b23beeedd84eae1467f335299b03b7,2026-08-08T00:02:00Z
bcra_treasury_deposits_usd_monthly_change,2007-02,monthly,268.188772,million_usd,calculated,bcra_treasury_deposits_usd_calculated,https://www.bcra.gob.ar/consulta-de-series-estadisticas-en-formato-txt/,65cd4837b5fa20caddfefeb0c185922057b23beeedd84eae1467f335299b03b7,2026-08-08T00:02:00Z
bcra_treasury_deposits_usd_monthly_change,2007-03,monthly,251.771434,million_usd,calculated,bcra_treasury_deposits_usd_calculated,https://www.bcra.gob.ar/consulta-de-series-estadisticas-en-formato-txt/,65cd4837b5fa20caddfefeb0c185922057b23beeedd84eae1467f335299b03b7,2026-08-08T00:02:00Z
bcra_treasury_deposits_usd_monthly_change,2007-04,monthly,-129.483929,million_usd,calculated,bcra_treasury_deposits_usd_calculated,https://www.bcra.gob.ar/consulta-de-series-estadisticas-en-formato-txt/,65cd4837b5fa20caddfefeb0c185922057b23beeedd84eae1467f335299b03b7,2026-08-08T00:02:00Z
bcra_treasury_deposits_usd_monthly_change,2007-05,monthly,-179.326508,million_usd,calculated,bcra_treasury_deposits_usd_calculated,https://www.bcra.gob.ar/consulta-de-series-estadisticas-en-formato-txt/,65cd4837b5fa20caddfefeb0c185922057b23beeedd84eae1467f335299b03b7,2026-08-08T00:02:00Z
bcra_treasury_deposits_usd_monthly_change,2007-06,monthly,374.750053,million_usd,calculated,bcra_treasury_deposits_usd_calculated,https://www.bcra.gob.ar/consulta-de-series-estadisticas-en-formato-txt/,65cd4837b5fa20caddfefeb0c185922057b23beeedd84eae1467f335299b03b7,2026-08-08T00:02:00Z
bcra_treasury_deposits_usd_monthly_change,2007-07,monthly,-116.622400,million_usd,calculated,bcra_treasury_deposits_usd_calculated,https://www.bcra.gob.ar/consulta-de-series-estadisticas-en-formato-txt/,65cd4837b5fa20caddfefeb0c185922057b23beeedd84eae1467f335299b03b7,2026-08-08T00:02:00Z
bcra_treasury_deposits_usd_monthly_change,2007-08,monthly,-753.235786,million_usd,calculated,bcra_treasury_deposits_usd_calculated,https://www.bcra.gob.ar/consulta-de-series-estadisticas-en-formato-txt/,65cd4837b5fa20caddfefeb0c185922057b23beeedd84eae1467f335299b03b7,2026-08-08T00:02:00Z
bcra_treasury_deposits_usd_monthly_change,2007-09,monthly,4.994721,million_usd,calculated,bcra_treasury_deposits_usd_calculated,https://www.bcra.gob.ar/consulta-de-series-estadisticas-en-formato-txt/,65cd4837b5fa20caddfefeb0c185922057b23beeedd84eae1467f335299b03b7,2026-08-08T00:02:00Z
bcra_treasury_deposits_usd_monthly_change,2007-10,monthly,-15.718067,million_usd,calculated,bcra_treasury_deposits_usd_calculated,https://www.bcra.gob.ar/consulta-de-series-estadisticas-en-formato-txt/,65cd4837b5fa20caddfefeb0c185922057b23beeedd84eae1467f335299b03b7,2026-08-08T00:02:00Z
bcra_treasury_deposits_usd_monthly_change,2007-11,monthly,666.092367,million_usd,calculated,bcra_treasury_deposits_usd_calculated,https://www.bcra.gob.ar/consulta-de-series-estadisticas-en-formato-txt/,65cd4837b5fa20caddfefeb0c185922057b23beeedd84eae1467f335299b03b7,2026-08-08T00:02:00Z
bcra_treasury_deposits_usd_monthly_change,2007-12,monthly,-649.274554,million_usd,calculated,bcra_treasury_deposits_usd_calculated,https://www.bcra.gob.ar/consulta-de-series-estadisticas-en-formato-txt/,65cd4837b5fa20caddfefeb0c185922057b23beeedd84eae1467f335299b03b7,2026-08-08T00:02:00Z
bcra_treasury_deposits_usd_monthly_change,2008-01,monthly,-18.153171,million_usd,calculated,bcra_treasury_deposits_usd_calculated,https://www.bcra.gob.ar/consulta-de-series-estadisticas-en-formato-txt/,65cd4837b5fa20caddfefeb0c185922057b23beeedd84eae1467f335299b03b7,2026-08-08T00:02:00Z
bcra_treasury_deposits_usd_monthly_change,2008-02,monthly,2.230905,million_usd,calculated,bcra_treasury_deposits_usd_calculated,https://www.bcra.gob.ar/consulta-de-series-estadisticas-en-formato-txt/,65cd4837b5fa20caddfefeb0c185922057b23beeedd84eae1467f335299b03b7,2026-08-08T00:02:00Z
bcra_treasury_deposits_usd_monthly_change,2008-03,monthly,33.799623,million_usd,calculated,bcra_treasury_deposits_usd_calculated,https://www.bcra.gob.ar/consulta-de-series-estadisticas-en-formato-txt/,65cd4837b5fa20caddfefeb0c185922057b23beeedd84eae1467f335299b03b7,2026-08-08T00:02:00Z
bcra_treasury_deposits_usd_monthly_change,2008-04,monthly,63.271187,million_usd,calculated,bcra_treasury_deposits_usd_calculated,https://www.bcra.gob.ar/consulta-de-series-estadisticas-en-formato-txt/,65cd4837b5fa20caddfefeb0c185922057b23beeedd84eae1467f335299b03b7,2026-08-08T00:02:00Z
bcra_treasury_deposits_usd_monthly_change,2008-05,monthly,925.384459,million_usd,calculated,bcra_treasury_deposits_usd_calculated,https://www.bcra.gob.ar/consulta-de-series-estadisticas-en-formato-txt/,65cd4837b5fa20caddfefeb0c185922057b23beeedd84eae1467f335299b03b7,2026-08-08T00:02:00Z
bcra_treasury_deposits_usd_monthly_change,2008-06,monthly,-84.111526,million_usd,calculated,bcra_treasury_deposits_usd_calculated,https://www.bcra.gob.ar/consulta-de-series-estadisticas-en-formato-txt/,65cd4837b5fa20caddfefeb0c185922057b23beeedd84eae1467f335299b03b7,2026-08-08T00:02:00Z
bcra_treasury_deposits_usd_monthly_change,2008-07,monthly,1563.197979,million_usd,calculated,bcra_treasury_deposits_usd_calculated,https://www.bcra.gob.ar/consulta-de-series-estadisticas-en-formato-txt/,65cd4837b5fa20caddfefeb0c185922057b23beeedd84eae1467f335299b03b7,2026-08-08T00:02:00Z
bcra_treasury_deposits_usd_monthly_change,2008-08,monthly,-1451.855251,million_usd,calculated,bcra_treasury_deposits_usd_calculated,https://www.bcra.gob.ar/consulta-de-series-estadisticas-en-formato-txt/,65cd4837b5fa20caddfefeb0c185922057b23beeedd84eae1467f335299b03b7,2026-08-08T00:02:00Z
bcra_treasury_deposits_usd_monthly_change,2008-09,monthly,-618.715332,million_usd,calculated,bcra_treasury_deposits_usd_calculated,https://www.bcra.gob.ar/consulta-de-series-estadisticas-en-formato-txt/,65cd4837b5fa20caddfefeb0c185922057b23beeedd84eae1467f335299b03b7,2026-08-08T00:02:00Z
bcra_treasury_deposits_usd_monthly_change,2008-10,monthly,-369.454958,million_usd,calculated,bcra_treasury_deposits_usd_calculated,https://www.bcra.gob.ar/consulta-de-series-estadisticas-en-formato-txt/,65cd4837b5fa20caddfefeb0c185922057b23beeedd84eae1467f335299b03b7,2026-08-08T00:02:00Z
bcra_treasury_deposits_usd_monthly_change,2008-11,monthly,-57.895932,million_usd,calculated,bcra_treasury_deposits_usd_calculated,https://www.bcra.gob.ar/consulta-de-series-estadisticas-en-formato-txt/,65cd4837b5fa20caddfefeb0c185922057b23beeedd84eae1467f335299b03b7,2026-08-08T00:02:00Z
bcra_treasury_deposits_usd_monthly_change,2008-12,monthly,165.384862,million_usd,calculated,bcra_treasury_deposits_usd_calculated,https://www.bcra.gob.ar/consulta-de-series-estadisticas-en-formato-txt/,65cd4837b5fa20caddfefeb0c185922057b23beeedd84eae1467f335299b03b7,2026-08-08T00:02:00Z
bcra_treasury_deposits_usd_monthly_change,2009-01,monthly,64.929449,million_usd,calculated,bcra_treasury_deposits_usd_calculated,https://www.bcra.gob.ar/consulta-de-series-estadisticas-en-formato-txt/,65cd4837b5fa20caddfefeb0c185922057b23beeedd84eae1467f335299b03b7,2026-08-08T00:02:00Z
bcra_treasury_deposits_usd_monthly_change,2009-02,monthly,459.188742,million_usd,calculated,bcra_treasury_deposits_usd_calculated,https://www.bcra.gob.ar/consulta-de-series-estadisticas-en-formato-txt/,65cd4837b5fa20caddfefeb0c185922057b23beeedd84eae1467f335299b03b7,2026-08-08T00:02:00Z
bcra_treasury_deposits_usd_monthly_change,2009-03,monthly,-42.115039,million_usd,calculated,bcra_treasury_deposits_usd_calculated,https://www.bcra.gob.ar/consulta-de-series-estadisticas-en-formato-txt/,65cd4837b5fa20caddfefeb0c185922057b23beeedd84eae1467f335299b03b7,2026-08-08T00:02:00Z
bcra_treasury_deposits_usd_monthly_change,2009-04,monthly,182.225036,million_usd,calculated,bcra_treasury_deposits_usd_calculated,https://www.bcra.gob.ar/consulta-de-series-estadisticas-en-formato-txt/,65cd4837b5fa20caddfefeb0c185922057b23beeedd84eae1467f335299b03b7,2026-08-08T00:02:00Z
bcra_treasury_deposits_usd_monthly_change,2009-05,monthly,682.331074,million_usd,calculated,bcra_treasury_deposits_usd_calculated,https://www.bcra.gob.ar/consulta-de-series-estadisticas-en-formato-txt/,65cd4837b5fa20caddfefeb0c185922057b23beeedd84eae1467f335299b03b7,2026-08-08T00:02:00Z
bcra_treasury_deposits_usd_monthly_change,2009-06,monthly,786.030391,million_usd,calculated,bcra_treasury_deposits_usd_calculated,https://www.bcra.gob.ar/consulta-de-series-estadisticas-en-formato-txt/,65cd4837b5fa20caddfefeb0c185922057b23beeedd84eae1467f335299b03b7,2026-08-08T00:02:00Z
bcra_treasury_deposits_usd_monthly_change,2009-07,monthly,74.801479,million_usd,calculated,bcra_treasury_deposits_usd_calculated,https://www.bcra.gob.ar/consulta-de-series-estadisticas-en-formato-txt/,65cd4837b5fa20caddfefeb0c185922057b23beeedd84eae1467f335299b03b7,2026-08-08T00:02:00Z
bcra_treasury_deposits_usd_monthly_change,2009-08,monthly,-2374.716649,million_usd,calculated,bcra_treasury_deposits_usd_calculated,https://www.bcra.gob.ar/consulta-de-series-estadisticas-en-formato-txt/,65cd4837b5fa20caddfefeb0c185922057b23beeedd84eae1467f335299b03b7,2026-08-08T00:02:00Z
bcra_treasury_deposits_usd_monthly_change,2009-09,monthly,273.766668,million_usd,calculated,bcra_treasury_deposits_usd_calculated,https://www.bcra.gob.ar/consulta-de-series-estadisticas-en-formato-txt/,65cd4837b5fa20caddfefeb0c185922057b23beeedd84eae1467f335299b03b7,2026-08-08T00:02:00Z
bcra_treasury_deposits_usd_monthly_change,2009-10,monthly,-251.563906,million_usd,calculated,bcra_treasury_deposits_usd_calculated,https://www.bcra.gob.ar/consulta-de-series-estadisticas-en-formato-txt/,65cd4837b5fa20caddfefeb0c185922057b23beeedd84eae1467f335299b03b7,2026-08-08T00:02:00Z
bcra_treasury_deposits_usd_monthly_change,2009-11,monthly,1299.779601,million_usd,calculated,bcra_treasury_deposits_usd_calculated,https://www.bcra.gob.ar/consulta-de-series-estadisticas-en-formato-txt/,65cd4837b5fa20caddfefeb0c185922057b23beeedd84eae1467f335299b03b7,2026-08-08T00:02:00Z
bcra_treasury_deposits_usd_monthly_change,2009-12,monthly,-1016.264484,million_usd,calculated,bcra_treasury_deposits_usd_calculated,https://www.bcra.gob.ar/consulta-de-series-estadisticas-en-formato-txt/,65cd4837b5fa20caddfefeb0c185922057b23beeedd84eae1467f335299b03b7,2026-08-08T00:02:00Z
bcra_treasury_deposits_usd_monthly_change,2010-01,monthly,-273.391158,million_usd,calculated,bcra_treasury_deposits_usd_calculated,https://www.bcra.gob.ar/consulta-de-series-estadisticas-en-formato-txt/,65cd4837b5fa20caddfefeb0c185922057b23beeedd84eae1467f335299b03b7,2026-08-08T00:02:00Z
bcra_treasury_deposits_usd_monthly_change,2010-02,monthly,4.467967,million_usd,calculated,bcra_treasury_deposits_usd_calculated,https://www.bcra.gob.ar/consulta-de-series-estadisticas-en-formato-txt/,65cd4837b5fa20caddfefeb0c185922057b23beeedd84eae1467f335299b03b7,2026-08-08T00:02:00Z
bcra_treasury_deposits_usd_monthly_change,2010-03,monthly,3048.535213,million_usd,calculated,bcra_treasury_deposits_usd_calculated,https://www.bcra.gob.ar/consulta-de-series-estadisticas-en-formato-txt/,65cd4837b5fa20caddfefeb0c185922057b23beeedd84eae1467f335299b03b7,2026-08-08T00:02:00Z
bcra_treasury_deposits_usd_monthly_change,2010-04,monthly,-747.278182,million_usd,calculated,bcra_treasury_deposits_usd_calculated,https://www.bcra.gob.ar/consulta-de-series-estadisticas-en-formato-txt/,65cd4837b5fa20caddfefeb0c185922057b23beeedd84eae1467f335299b03b7,2026-08-08T00:02:00Z
bcra_treasury_deposits_usd_monthly_change,2010-05,monthly,-131.853175,million_usd,calculated,bcra_treasury_deposits_usd_calculated,https://www.bcra.gob.ar/consulta-de-series-estadisticas-en-formato-txt/,65cd4837b5fa20caddfefeb0c185922057b23beeedd84eae1467f335299b03b7,2026-08-08T00:02:00Z
bcra_treasury_deposits_usd_monthly_change,2010-06,monthly,-192.864238,million_usd,calculated,bcra_treasury_deposits_usd_calculated,https://www.bcra.gob.ar/consulta-de-series-estadisticas-en-formato-txt/,65cd4837b5fa20caddfefeb0c185922057b23beeedd84eae1467f335299b03b7,2026-08-08T00:02:00Z
bcra_treasury_deposits_usd_monthly_change,2010-07,monthly,2073.554089,million_usd,calculated,bcra_treasury_deposits_usd_calculated,https://www.bcra.gob.ar/consulta-de-series-estadisticas-en-formato-txt/,65cd4837b5fa20caddfefeb0c185922057b23beeedd84eae1467f335299b03b7,2026-08-08T00:02:00Z
bcra_treasury_deposits_usd_monthly_change,2010-08,monthly,-2384.737971,million_usd,calculated,bcra_treasury_deposits_usd_calculated,https://www.bcra.gob.ar/consulta-de-series-estadisticas-en-formato-txt/,65cd4837b5fa20caddfefeb0c185922057b23beeedd84eae1467f335299b03b7,2026-08-08T00:02:00Z
bcra_treasury_deposits_usd_monthly_change,2010-09,monthly,-448.143817,million_usd,calculated,bcra_treasury_deposits_usd_calculated,https://www.bcra.gob.ar/consulta-de-series-estadisticas-en-formato-txt/,65cd4837b5fa20caddfefeb0c185922057b23beeedd84eae1467f335299b03b7,2026-08-08T00:02:00Z
bcra_treasury_deposits_usd_monthly_change,2010-10,monthly,-174.047126,million_usd,calculated,bcra_treasury_deposits_usd_calculated,https://www.bcra.gob.ar/consulta-de-series-estadisticas-en-formato-txt/,65cd4837b5fa20caddfefeb0c185922057b23beeedd84eae1467f335299b03b7,2026-08-08T00:02:00Z
bcra_treasury_deposits_usd_monthly_change,2010-11,monthly,-36.154279,million_usd,calculated,bcra_treasury_deposits_usd_calculated,https://www.bcra.gob.ar/consulta-de-series-estadisticas-en-formato-txt/,65cd4837b5fa20caddfefeb0c185922057b23beeedd84eae1467f335299b03b7,2026-08-08T00:02:00Z
bcra_treasury_deposits_usd_monthly_change,2010-12,monthly,-760.604442,million_usd,calculated,bcra_treasury_deposits_usd_calculated,https://www.bcra.gob.ar/consulta-de-series-estadisticas-en-formato-txt/,65cd4837b5fa20caddfefeb0c185922057b23beeedd84eae1467f335299b03b7,2026-08-08T00:02:00Z
bcra_treasury_deposits_usd_monthly_change,2011-01,monthly,7208.418788,million_usd,calculated,bcra_treasury_deposits_usd_calculated,https://www.bcra.gob.ar/consulta-de-series-estadisticas-en-formato-txt/,65cd4837b5fa20caddfefeb0c185922057b23beeedd84eae1467f335299b03b7,2026-08-08T00:02:00Z
bcra_treasury_deposits_usd_monthly_change,2011-02,monthly,-164.418364,million_usd,calculated,bcra_treasury_deposits_usd_calculated,https://www.bcra.gob.ar/consulta-de-series-estadisticas-en-formato-txt/,65cd4837b5fa20caddfefeb0c185922057b23beeedd84eae1467f335299b03b7,2026-08-08T00:02:00Z
bcra_treasury_deposits_usd_monthly_change,2011-03,monthly,186.913552,million_usd,calculated,bcra_treasury_deposits_usd_calculated,https://www.bcra.gob.ar/consulta-de-series-estadisticas-en-formato-txt/,65cd4837b5fa20caddfefeb0c185922057b23beeedd84eae1467f335299b03b7,2026-08-08T00:02:00Z
bcra_treasury_deposits_usd_monthly_change,2011-04,monthly,-581.122656,million_usd,calculated,bcra_treasury_deposits_usd_calculated,https://www.bcra.gob.ar/consulta-de-series-estadisticas-en-formato-txt/,65cd4837b5fa20caddfefeb0c185922057b23beeedd84eae1467f335299b03b7,2026-08-08T00:02:00Z
bcra_treasury_deposits_usd_monthly_change,2011-05,monthly,-297.313618,million_usd,calculated,bcra_treasury_deposits_usd_calculated,https://www.bcra.gob.ar/consulta-de-series-estadisticas-en-formato-txt/,65cd4837b5fa20caddfefeb0c185922057b23beeedd84eae1467f335299b03b7,2026-08-08T00:02:00Z
bcra_treasury_deposits_usd_monthly_change,2011-06,monthly,-712.170603,million_usd,calculated,bcra_treasury_deposits_usd_calculated,https://www.bcra.gob.ar/consulta-de-series-estadisticas-en-formato-txt/,65cd4837b5fa20caddfefeb0c185922057b23beeedd84eae1467f335299b03b7,2026-08-08T00:02:00Z
bcra_treasury_deposits_usd_monthly_change,2011-07,monthly,-203.212313,million_usd,calculated,bcra_treasury_deposits_usd_calculated,https://www.bcra.gob.ar/consulta-de-series-estadisticas-en-formato-txt/,65cd4837b5fa20caddfefeb0c185922057b23beeedd84eae1467f335299b03b7,2026-08-08T00:02:00Z
bcra_treasury_deposits_usd_monthly_change,2011-08,monthly,-2159.978686,million_usd,calculated,bcra_treasury_deposits_usd_calculated,https://www.bcra.gob.ar/consulta-de-series-estadisticas-en-formato-txt/,65cd4837b5fa20caddfefeb0c185922057b23beeedd84eae1467f335299b03b7,2026-08-08T00:02:00Z
bcra_treasury_deposits_usd_monthly_change,2011-09,monthly,-511.354549,million_usd,calculated,bcra_treasury_deposits_usd_calculated,https://www.bcra.gob.ar/consulta-de-series-estadisticas-en-formato-txt/,65cd4837b5fa20caddfefeb0c185922057b23beeedd84eae1467f335299b03b7,2026-08-08T00:02:00Z
bcra_treasury_deposits_usd_monthly_change,2011-10,monthly,-727.641570,million_usd,calculated,bcra_treasury_deposits_usd_calculated,https://www.bcra.gob.ar/consulta-de-series-estadisticas-en-formato-txt/,65cd4837b5fa20caddfefeb0c185922057b23beeedd84eae1467f335299b03b7,2026-08-08T00:02:00Z
bcra_treasury_deposits_usd_monthly_change,2011-11,monthly,-173.706948,million_usd,calculated,bcra_treasury_deposits_usd_calculated,https://www.bcra.gob.ar/consulta-de-series-estadisticas-en-formato-txt/,65cd4837b5fa20caddfefeb0c185922057b23beeedd84eae1467f335299b03b7,2026-08-08T00:02:00Z
bcra_treasury_deposits_usd_monthly_change,2011-12,monthly,-1729.274051,million_usd,calculated,bcra_treasury_deposits_usd_calculated,https://www.bcra.gob.ar/consulta-de-series-estadisticas-en-formato-txt/,65cd4837b5fa20caddfefeb0c185922057b23beeedd84eae1467f335299b03b7,2026-08-08T00:02:00Z
bcra_treasury_deposits_usd_monthly_change,2012-01,monthly,-185.807596,million_usd,calculated,bcra_treasury_deposits_usd_calculated,https://www.bcra.gob.ar/consulta-de-series-estadisticas-en-formato-txt/,65cd4837b5fa20caddfefeb0c185922057b23beeedd84eae1467f335299b03b7,2026-08-08T00:02:00Z
bcra_treasury_deposits_usd_monthly_change,2012-02,monthly,-71.285774,million_usd,calculated,bcra_treasury_deposits_usd_calculated,https://www.bcra.gob.ar/consulta-de-series-estadisticas-en-formato-txt/,65cd4837b5fa20caddfefeb0c185922057b23beeedd84eae1467f335299b03b7,2026-08-08T00:02:00Z
bcra_treasury_deposits_usd_monthly_change,2012-03,monthly,101.769660,million_usd,calculated,bcra_treasury_deposits_usd_calculated,https://www.bcra.gob.ar/consulta-de-series-estadisticas-en-formato-txt/,65cd4837b5fa20caddfefeb0c185922057b23beeedd84eae1467f335299b03b7,2026-08-08T00:02:00Z
bcra_treasury_deposits_usd_monthly_change,2012-04,monthly,2131.783153,million_usd,calculated,bcra_treasury_deposits_usd_calculated,https://www.bcra.gob.ar/consulta-de-series-estadisticas-en-formato-txt/,65cd4837b5fa20caddfefeb0c185922057b23beeedd84eae1467f335299b03b7,2026-08-08T00:02:00Z
bcra_treasury_deposits_usd_monthly_change,2012-05,monthly,-574.033715,million_usd,calculated,bcra_treasury_deposits_usd_calculated,https://www.bcra.gob.ar/consulta-de-series-estadisticas-en-formato-txt/,65cd4837b5fa20caddfefeb0c185922057b23beeedd84eae1467f335299b03b7,2026-08-08T00:02:00Z
bcra_treasury_deposits_usd_monthly_change,2012-06,monthly,-488.422386,million_usd,calculated,bcra_treasury_deposits_usd_calculated,https://www.bcra.gob.ar/consulta-de-series-estadisticas-en-formato-txt/,65cd4837b5fa20caddfefeb0c185922057b23beeedd84eae1467f335299b03b7,2026-08-08T00:02:00Z
bcra_treasury_deposits_usd_monthly_change,2012-07,monthly,3721.750773,million_usd,calculated,bcra_treasury_deposits_usd_calculated,https://www.bcra.gob.ar/consulta-de-series-estadisticas-en-formato-txt/,65cd4837b5fa20caddfefeb0c185922057b23beeedd84eae1467f335299b03b7,2026-08-08T00:02:00Z
bcra_treasury_deposits_usd_monthly_change,2012-08,monthly,-2446.100086,million_usd,calculated,bcra_treasury_deposits_usd_calculated,https://www.bcra.gob.ar/consulta-de-series-estadisticas-en-formato-txt/,65cd4837b5fa20caddfefeb0c185922057b23beeedd84eae1467f335299b03b7,2026-08-08T00:02:00Z
bcra_treasury_deposits_usd_monthly_change,2012-09,monthly,-377.321673,million_usd,calculated,bcra_treasury_deposits_usd_calculated,https://www.bcra.gob.ar/consulta-de-series-estadisticas-en-formato-txt/,65cd4837b5fa20caddfefeb0c185922057b23beeedd84eae1467f335299b03b7,2026-08-08T00:02:00Z
bcra_treasury_deposits_usd_monthly_change,2012-10,monthly,529.979329,million_usd,calculated,bcra_treasury_deposits_usd_calculated,https://www.bcra.gob.ar/consulta-de-series-estadisticas-en-formato-txt/,65cd4837b5fa20caddfefeb0c185922057b23beeedd84eae1467f335299b03b7,2026-08-08T00:02:00Z
bcra_treasury_deposits_usd_monthly_change,2012-11,monthly,-404.522965,million_usd,calculated,bcra_treasury_deposits_usd_calculated,https://www.bcra.gob.ar/consulta-de-series-estadisticas-en-formato-txt/,65cd4837b5fa20caddfefeb0c185922057b23beeedd84eae1467f335299b03b7,2026-08-08T00:02:00Z
bcra_treasury_deposits_usd_monthly_change,2012-12,monthly,-2149.562009,million_usd,calculated,bcra_treasury_deposits_usd_calculated,https://www.bcra.gob.ar/consulta-de-series-estadisticas-en-formato-txt/,65cd4837b5fa20caddfefeb0c185922057b23beeedd84eae1467f335299b03b7,2026-08-08T00:02:00Z
bcra_treasury_deposits_usd_monthly_change,2013-01,monthly,-116.090353,million_usd,calculated,bcra_treasury_deposits_usd_calculated,https://www.bcra.gob.ar/consulta-de-series-estadisticas-en-formato-txt/,65cd4837b5fa20caddfefeb0c185922057b23beeedd84eae1467f335299b03b7,2026-08-08T00:02:00Z
bcra_treasury_deposits_usd_monthly_change,2013-02,monthly,-48.879122,million_usd,calculated,bcra_treasury_deposits_usd_calculated,https://www.bcra.gob.ar/consulta-de-series-estadisticas-en-formato-txt/,65cd4837b5fa20caddfefeb0c185922057b23beeedd84eae1467f335299b03b7,2026-08-08T00:02:00Z
bcra_treasury_deposits_usd_monthly_change,2013-03,monthly,8.111715,million_usd,calculated,bcra_treasury_deposits_usd_calculated,https://www.bcra.gob.ar/consulta-de-series-estadisticas-en-formato-txt/,65cd4837b5fa20caddfefeb0c185922057b23beeedd84eae1467f335299b03b7,2026-08-08T00:02:00Z
bcra_treasury_deposits_usd_monthly_change,2013-04,monthly,33.774787,million_usd,calculated,bcra_treasury_deposits_usd_calculated,https://www.bcra.gob.ar/consulta-de-series-estadisticas-en-formato-txt/,65cd4837b5fa20caddfefeb0c185922057b23beeedd84eae1467f335299b03b7,2026-08-08T00:02:00Z
bcra_treasury_deposits_usd_monthly_change,2013-05,monthly,149.570928,million_usd,calculated,bcra_treasury_deposits_usd_calculated,https://www.bcra.gob.ar/consulta-de-series-estadisticas-en-formato-txt/,65cd4837b5fa20caddfefeb0c185922057b23beeedd84eae1467f335299b03b7,2026-08-08T00:02:00Z
bcra_treasury_deposits_usd_monthly_change,2013-06,monthly,-14.697019,million_usd,calculated,bcra_treasury_deposits_usd_calculated,https://www.bcra.gob.ar/consulta-de-series-estadisticas-en-formato-txt/,65cd4837b5fa20caddfefeb0c185922057b23beeedd84eae1467f335299b03b7,2026-08-08T00:02:00Z
bcra_treasury_deposits_usd_monthly_change,2013-07,monthly,-107.614007,million_usd,calculated,bcra_treasury_deposits_usd_calculated,https://www.bcra.gob.ar/consulta-de-series-estadisticas-en-formato-txt/,65cd4837b5fa20caddfefeb0c185922057b23beeedd84eae1467f335299b03b7,2026-08-08T00:02:00Z
bcra_treasury_deposits_usd_monthly_change,2013-08,monthly,9334.478537,million_usd,calculated,bcra_treasury_deposits_usd_calculated,https://www.bcra.gob.ar/consulta-de-series-estadisticas-en-formato-txt/,65cd4837b5fa20caddfefeb0c185922057b23beeedd84eae1467f335299b03b7,2026-08-08T00:02:00Z
bcra_treasury_deposits_usd_monthly_change,2013-09,monthly,-4675.040766,million_usd,calculated,bcra_treasury_deposits_usd_calculated,https://www.bcra.gob.ar/consulta-de-series-estadisticas-en-formato-txt/,65cd4837b5fa20caddfefeb0c185922057b23beeedd84eae1467f335299b03b7,2026-08-08T00:02:00Z
bcra_treasury_deposits_usd_monthly_change,2013-10,monthly,-1805.561809,million_usd,calculated,bcra_treasury_deposits_usd_calculated,https://www.bcra.gob.ar/consulta-de-series-estadisticas-en-formato-txt/,65cd4837b5fa20caddfefeb0c185922057b23beeedd84eae1467f335299b03b7,2026-08-08T00:02:00Z
bcra_treasury_deposits_usd_monthly_change,2013-11,monthly,-1886.132267,million_usd,calculated,bcra_treasury_deposits_usd_calculated,https://www.bcra.gob.ar/consulta-de-series-estadisticas-en-formato-txt/,65cd4837b5fa20caddfefeb0c185922057b23beeedd84eae1467f335299b03b7,2026-08-08T00:02:00Z
bcra_treasury_deposits_usd_monthly_change,2013-12,monthly,-691.950348,million_usd,calculated,bcra_treasury_deposits_usd_calculated,https://www.bcra.gob.ar/consulta-de-series-estadisticas-en-formato-txt/,65cd4837b5fa20caddfefeb0c185922057b23beeedd84eae1467f335299b03b7,2026-08-08T00:02:00Z
bcra_treasury_deposits_usd_monthly_change,2014-01,monthly,-361.803171,million_usd,calculated,bcra_treasury_deposits_usd_calculated,https://www.bcra.gob.ar/consulta-de-series-estadisticas-en-formato-txt/,65cd4837b5fa20caddfefeb0c185922057b23beeedd84eae1467f335299b03b7,2026-08-08T00:02:00Z
bcra_treasury_deposits_usd_monthly_change,2014-02,monthly,28.190581,million_usd,calculated,bcra_treasury_deposits_usd_calculated,https://www.bcra.gob.ar/consulta-de-series-estadisticas-en-formato-txt/,65cd4837b5fa20caddfefeb0c185922057b23beeedd84eae1467f335299b03b7,2026-08-08T00:02:00Z
bcra_treasury_deposits_usd_monthly_change,2014-03,monthly,185.979621,million_usd,calculated,bcra_treasury_deposits_usd_calculated,https://www.bcra.gob.ar/consulta-de-series-estadisticas-en-formato-txt/,65cd4837b5fa20caddfefeb0c185922057b23beeedd84eae1467f335299b03b7,2026-08-08T00:02:00Z
bcra_treasury_deposits_usd_monthly_change,2014-04,monthly,581.496356,million_usd,calculated,bcra_treasury_deposits_usd_calculated,https://www.bcra.gob.ar/consulta-de-series-estadisticas-en-formato-txt/,65cd4837b5fa20caddfefeb0c185922057b23beeedd84eae1467f335299b03b7,2026-08-08T00:02:00Z
bcra_treasury_deposits_usd_monthly_change,2014-05,monthly,-412.887723,million_usd,calculated,bcra_treasury_deposits_usd_calculated,https://www.bcra.gob.ar/consulta-de-series-estadisticas-en-formato-txt/,65cd4837b5fa20caddfefeb0c185922057b23beeedd84eae1467f335299b03b7,2026-08-08T00:02:00Z
bcra_treasury_deposits_usd_monthly_change,2014-06,monthly,-342.830178,million_usd,calculated,bcra_treasury_deposits_usd_calculated,https://www.bcra.gob.ar/consulta-de-series-estadisticas-en-formato-txt/,65cd4837b5fa20caddfefeb0c185922057b23beeedd84eae1467f335299b03b7,2026-08-08T00:02:00Z
bcra_treasury_deposits_usd_monthly_change,2014-07,monthly,-66.671758,million_usd,calculated,bcra_treasury_deposits_usd_calculated,https://www.bcra.gob.ar/consulta-de-series-estadisticas-en-formato-txt/,65cd4837b5fa20caddfefeb0c185922057b23beeedd84eae1467f335299b03b7,2026-08-08T00:02:00Z
bcra_treasury_deposits_usd_monthly_change,2014-08,monthly,15.963567,million_usd,calculated,bcra_treasury_deposits_usd_calculated,https://www.bcra.gob.ar/consulta-de-series-estadisticas-en-formato-txt/,65cd4837b5fa20caddfefeb0c185922057b23beeedd84eae1467f335299b03b7,2026-08-08T00:02:00Z
bcra_treasury_deposits_usd_monthly_change,2014-09,monthly,51.509539,million_usd,calculated,bcra_treasury_deposits_usd_calculated,https://www.bcra.gob.ar/consulta-de-series-estadisticas-en-formato-txt/,65cd4837b5fa20caddfefeb0c185922057b23beeedd84eae1467f335299b03b7,2026-08-08T00:02:00Z
bcra_treasury_deposits_usd_monthly_change,2014-10,monthly,18.561503,million_usd,calculated,bcra_treasury_deposits_usd_calculated,https://www.bcra.gob.ar/consulta-de-series-estadisticas-en-formato-txt/,65cd4837b5fa20caddfefeb0c185922057b23beeedd84eae1467f335299b03b7,2026-08-08T00:02:00Z
bcra_treasury_deposits_usd_monthly_change,2014-11,monthly,220.186340,million_usd,calculated,bcra_treasury_deposits_usd_calculated,https://www.bcra.gob.ar/consulta-de-series-estadisticas-en-formato-txt/,65cd4837b5fa20caddfefeb0c185922057b23beeedd84eae1467f335299b03b7,2026-08-08T00:02:00Z
bcra_treasury_deposits_usd_monthly_change,2014-12,monthly,796.796865,million_usd,calculated,bcra_treasury_deposits_usd_calculated,https://www.bcra.gob.ar/consulta-de-series-estadisticas-en-formato-txt/,65cd4837b5fa20caddfefeb0c185922057b23beeedd84eae1467f335299b03b7,2026-08-08T00:02:00Z
bcra_treasury_deposits_usd_monthly_change,2015-01,monthly,-1098.418752,million_usd,calculated,bcra_treasury_deposits_usd_calculated,https://www.bcra.gob.ar/consulta-de-series-estadisticas-en-formato-txt/,65cd4837b5fa20caddfefeb0c185922057b23beeedd84eae1467f335299b03b7,2026-08-08T00:02:00Z
bcra_treasury_deposits_usd_monthly_change,2015-02,monthly,-16.254685,million_usd,calculated,bcra_treasury_deposits_usd_calculated,https://www.bcra.gob.ar/consulta-de-series-estadisticas-en-formato-txt/,65cd4837b5fa20caddfefeb0c185922057b23beeedd84eae1467f335299b03b7,2026-08-08T00:02:00Z
bcra_treasury_deposits_usd_monthly_change,2015-03,monthly,30.747288,million_usd,calculated,bcra_treasury_deposits_usd_calculated,https://www.bcra.gob.ar/consulta-de-series-estadisticas-en-formato-txt/,65cd4837b5fa20caddfefeb0c185922057b23beeedd84eae1467f335299b03b7,2026-08-08T00:02:00Z
bcra_treasury_deposits_usd_monthly_change,2015-04,monthly,1511.765112,million_usd,calculated,bcra_treasury_deposits_usd_calculated,https://www.bcra.gob.ar/consulta-de-series-estadisticas-en-formato-txt/,65cd4837b5fa20caddfefeb0c185922057b23beeedd84eae1467f335299b03b7,2026-08-08T00:02:00Z
bcra_treasury_deposits_usd_monthly_change,2015-05,monthly,-1284.166127,million_usd,calculated,bcra_treasury_deposits_usd_calculated,https://www.bcra.gob.ar/consulta-de-series-estadisticas-en-formato-txt/,65cd4837b5fa20caddfefeb0c185922057b23beeedd84eae1467f335299b03b7,2026-08-08T00:02:00Z
bcra_treasury_deposits_usd_monthly_change,2015-06,monthly,-265.665484,million_usd,calculated,bcra_treasury_deposits_usd_calculated,https://www.bcra.gob.ar/consulta-de-series-estadisticas-en-formato-txt/,65cd4837b5fa20caddfefeb0c185922057b23beeedd84eae1467f335299b03b7,2026-08-08T00:02:00Z
bcra_treasury_deposits_usd_monthly_change,2015-07,monthly,224.771758,million_usd,calculated,bcra_treasury_deposits_usd_calculated,https://www.bcra.gob.ar/consulta-de-series-estadisticas-en-formato-txt/,65cd4837b5fa20caddfefeb0c185922057b23beeedd84eae1467f335299b03b7,2026-08-08T00:02:00Z
bcra_treasury_deposits_usd_monthly_change,2015-08,monthly,-139.549029,million_usd,calculated,bcra_treasury_deposits_usd_calculated,https://www.bcra.gob.ar/consulta-de-series-estadisticas-en-formato-txt/,65cd4837b5fa20caddfefeb0c185922057b23beeedd84eae1467f335299b03b7,2026-08-08T00:02:00Z
bcra_treasury_deposits_usd_monthly_change,2015-09,monthly,5921.121081,million_usd,calculated,bcra_treasury_deposits_usd_calculated,https://www.bcra.gob.ar/consulta-de-series-estadisticas-en-formato-txt/,65cd4837b5fa20caddfefeb0c185922057b23beeedd84eae1467f335299b03b7,2026-08-08T00:02:00Z
bcra_treasury_deposits_usd_monthly_change,2015-10,monthly,-5733.570100,million_usd,calculated,bcra_treasury_deposits_usd_calculated,https://www.bcra.gob.ar/consulta-de-series-estadisticas-en-formato-txt/,65cd4837b5fa20caddfefeb0c185922057b23beeedd84eae1467f335299b03b7,2026-08-08T00:02:00Z
bcra_treasury_deposits_usd_monthly_change,2015-11,monthly,-277.760209,million_usd,calculated,bcra_treasury_deposits_usd_calculated,https://www.bcra.gob.ar/consulta-de-series-estadisticas-en-formato-txt/,65cd4837b5fa20caddfefeb0c185922057b23beeedd84eae1467f335299b03b7,2026-08-08T00:02:00Z
bcra_treasury_deposits_usd_monthly_change,2015-12,monthly,185.779314,million_usd,calculated,bcra_treasury_deposits_usd_calculated,https://www.bcra.gob.ar/consulta-de-series-estadisticas-en-formato-txt/,65cd4837b5fa20caddfefeb0c185922057b23beeedd84eae1467f335299b03b7,2026-08-08T00:02:00Z
bcra_treasury_deposits_usd_monthly_change,2016-01,monthly,-174.316590,million_usd,calculated,bcra_treasury_deposits_usd_calculated,https://www.bcra.gob.ar/consulta-de-series-estadisticas-en-formato-txt/,65cd4837b5fa20caddfefeb0c185922057b23beeedd84eae1467f335299b03b7,2026-08-08T00:02:00Z
bcra_treasury_deposits_usd_monthly_change,2016-02,monthly,78.193871,million_usd,calculated,bcra_treasury_deposits_usd_calculated,https://www.bcra.gob.ar/consulta-de-series-estadisticas-en-formato-txt/,65cd4837b5fa20caddfefeb0c185922057b23beeedd84eae1467f335299b03b7,2026-08-08T00:02:00Z
bcra_treasury_deposits_usd_monthly_change,2016-03,monthly,-30.204153,million_usd,calculated,bcra_treasury_deposits_usd_calculated,https://www.bcra.gob.ar/consulta-de-series-estadisticas-en-formato-txt/,65cd4837b5fa20caddfefeb0c185922057b23beeedd84eae1467f335299b03b7,2026-08-08T00:02:00Z
bcra_treasury_deposits_usd_monthly_change,2016-04,monthly,6094.386178,million_usd,calculated,bcra_treasury_deposits_usd_calculated,https://www.bcra.gob.ar/consulta-de-series-estadisticas-en-formato-txt/,65cd4837b5fa20caddfefeb0c185922057b23beeedd84eae1467f335299b03b7,2026-08-08T00:02:00Z
bcra_treasury_deposits_usd_monthly_change,2016-05,monthly,-4601.561124,million_usd,calculated,bcra_treasury_deposits_usd_calculated,https://www.bcra.gob.ar/consulta-de-series-estadisticas-en-formato-txt/,65cd4837b5fa20caddfefeb0c185922057b23beeedd84eae1467f335299b03b7,2026-08-08T00:02:00Z
bcra_treasury_deposits_usd_monthly_change,2016-06,monthly,-1389.044801,million_usd,calculated,bcra_treasury_deposits_usd_calculated,https://www.bcra.gob.ar/consulta-de-series-estadisticas-en-formato-txt/,65cd4837b5fa20caddfefeb0c185922057b23beeedd84eae1467f335299b03b7,2026-08-08T00:02:00Z
bcra_treasury_deposits_usd_monthly_change,2016-07,monthly,570.507692,million_usd,calculated,bcra_treasury_deposits_usd_calculated,https://www.bcra.gob.ar/consulta-de-series-estadisticas-en-formato-txt/,65cd4837b5fa20caddfefeb0c185922057b23beeedd84eae1467f335299b03b7,2026-08-08T00:02:00Z
bcra_treasury_deposits_usd_monthly_change,2016-08,monthly,-646.988014,million_usd,calculated,bcra_treasury_deposits_usd_calculated,https://www.bcra.gob.ar/consulta-de-series-estadisticas-en-formato-txt/,65cd4837b5fa20caddfefeb0c185922057b23beeedd84eae1467f335299b03b7,2026-08-08T00:02:00Z
bcra_treasury_deposits_usd_monthly_change,2016-09,monthly,-20.468799,million_usd,calculated,bcra_treasury_deposits_usd_calculated,https://www.bcra.gob.ar/consulta-de-series-estadisticas-en-formato-txt/,65cd4837b5fa20caddfefeb0c185922057b23beeedd84eae1467f335299b03b7,2026-08-08T00:02:00Z
bcra_treasury_deposits_usd_monthly_change,2016-10,monthly,731.878829,million_usd,calculated,bcra_treasury_deposits_usd_calculated,https://www.bcra.gob.ar/consulta-de-series-estadisticas-en-formato-txt/,65cd4837b5fa20caddfefeb0c185922057b23beeedd84eae1467f335299b03b7,2026-08-08T00:02:00Z
bcra_treasury_deposits_usd_monthly_change,2016-11,monthly,759.571426,million_usd,calculated,bcra_treasury_deposits_usd_calculated,https://www.bcra.gob.ar/consulta-de-series-estadisticas-en-formato-txt/,65cd4837b5fa20caddfefeb0c185922057b23beeedd84eae1467f335299b03b7,2026-08-08T00:02:00Z
bcra_treasury_deposits_usd_monthly_change,2016-12,monthly,-437.854326,million_usd,calculated,bcra_treasury_deposits_usd_calculated,https://www.bcra.gob.ar/consulta-de-series-estadisticas-en-formato-txt/,65cd4837b5fa20caddfefeb0c185922057b23beeedd84eae1467f335299b03b7,2026-08-08T00:02:00Z
bcra_treasury_deposits_usd_monthly_change,2017-01,monthly,-293.921833,million_usd,calculated,bcra_treasury_deposits_usd_calculated,https://www.bcra.gob.ar/consulta-de-series-estadisticas-en-formato-txt/,65cd4837b5fa20caddfefeb0c185922057b23beeedd84eae1467f335299b03b7,2026-08-08T00:02:00Z
bcra_treasury_deposits_usd_monthly_change,2017-02,monthly,1749.364121,million_usd,calculated,bcra_treasury_deposits_usd_calculated,https://www.bcra.gob.ar/consulta-de-series-estadisticas-en-formato-txt/,65cd4837b5fa20caddfefeb0c185922057b23beeedd84eae1467f335299b03b7,2026-08-08T00:02:00Z
bcra_treasury_deposits_usd_monthly_change,2017-03,monthly,-2487.943306,million_usd,calculated,bcra_treasury_deposits_usd_calculated,https://www.bcra.gob.ar/consulta-de-series-estadisticas-en-formato-txt/,65cd4837b5fa20caddfefeb0c185922057b23beeedd84eae1467f335299b03b7,2026-08-08T00:02:00Z
bcra_treasury_deposits_usd_monthly_change,2017-04,monthly,937.077371,million_usd,calculated,bcra_treasury_deposits_usd_calculated,https://www.bcra.gob.ar/consulta-de-series-estadisticas-en-formato-txt/,65cd4837b5fa20caddfefeb0c185922057b23beeedd84eae1467f335299b03b7,2026-08-08T00:02:00Z
bcra_treasury_deposits_usd_monthly_change,2017-05,monthly,27.992482,million_usd,calculated,bcra_treasury_deposits_usd_calculated,https://www.bcra.gob.ar/consulta-de-series-estadisticas-en-formato-txt/,65cd4837b5fa20caddfefeb0c185922057b23beeedd84eae1467f335299b03b7,2026-08-08T00:02:00Z
bcra_treasury_deposits_usd_monthly_change,2017-06,monthly,3595.702425,million_usd,calculated,bcra_treasury_deposits_usd_calculated,https://www.bcra.gob.ar/consulta-de-series-estadisticas-en-formato-txt/,65cd4837b5fa20caddfefeb0c185922057b23beeedd84eae1467f335299b03b7,2026-08-08T00:02:00Z
bcra_treasury_deposits_usd_monthly_change,2017-07,monthly,-3793.991554,million_usd,calculated,bcra_treasury_deposits_usd_calculated,https://www.bcra.gob.ar/consulta-de-series-estadisticas-en-formato-txt/,65cd4837b5fa20caddfefeb0c185922057b23beeedd84eae1467f335299b03b7,2026-08-08T00:02:00Z
bcra_treasury_deposits_usd_monthly_change,2017-08,monthly,219.086225,million_usd,calculated,bcra_treasury_deposits_usd_calculated,https://www.bcra.gob.ar/consulta-de-series-estadisticas-en-formato-txt/,65cd4837b5fa20caddfefeb0c185922057b23beeedd84eae1467f335299b03b7,2026-08-08T00:02:00Z
bcra_treasury_deposits_usd_monthly_change,2017-09,monthly,-1094.703563,million_usd,calculated,bcra_treasury_deposits_usd_calculated,https://www.bcra.gob.ar/consulta-de-series-estadisticas-en-formato-txt/,65cd4837b5fa20caddfefeb0c185922057b23beeedd84eae1467f335299b03b7,2026-08-08T00:02:00Z
bcra_treasury_deposits_usd_monthly_change,2017-10,monthly,888.407064,million_usd,calculated,bcra_treasury_deposits_usd_calculated,https://www.bcra.gob.ar/consulta-de-series-estadisticas-en-formato-txt/,65cd4837b5fa20caddfefeb0c185922057b23beeedd84eae1467f335299b03b7,2026-08-08T00:02:00Z
bcra_treasury_deposits_usd_monthly_change,2017-11,monthly,480.852163,million_usd,calculated,bcra_treasury_deposits_usd_calculated,https://www.bcra.gob.ar/consulta-de-series-estadisticas-en-formato-txt/,65cd4837b5fa20caddfefeb0c185922057b23beeedd84eae1467f335299b03b7,2026-08-08T00:02:00Z
bcra_treasury_deposits_usd_monthly_change,2017-12,monthly,552.001004,million_usd,calculated,bcra_treasury_deposits_usd_calculated,https://www.bcra.gob.ar/consulta-de-series-estadisticas-en-formato-txt/,65cd4837b5fa20caddfefeb0c185922057b23beeedd84eae1467f335299b03b7,2026-08-08T00:02:00Z
bcra_treasury_deposits_usd_monthly_change,2018-01,monthly,-237.354807,million_usd,calculated,bcra_treasury_deposits_usd_calculated,https://www.bcra.gob.ar/consulta-de-series-estadisticas-en-formato-txt/,65cd4837b5fa20caddfefeb0c185922057b23beeedd84eae1467f335299b03b7,2026-08-08T00:02:00Z
bcra_treasury_deposits_usd_monthly_change,2018-02,monthly,-1129.743721,million_usd,calculated,bcra_treasury_deposits_usd_calculated,https://www.bcra.gob.ar/consulta-de-series-estadisticas-en-formato-txt/,65cd4837b5fa20caddfefeb0c185922057b23beeedd84eae1467f335299b03b7,2026-08-08T00:02:00Z
bcra_treasury_deposits_usd_monthly_change,2018-03,monthly,1585.408262,million_usd,calculated,bcra_treasury_deposits_usd_calculated,https://www.bcra.gob.ar/consulta-de-series-estadisticas-en-formato-txt/,65cd4837b5fa20caddfefeb0c185922057b23beeedd84eae1467f335299b03b7,2026-08-08T00:02:00Z
bcra_treasury_deposits_usd_monthly_change,2018-04,monthly,-512.409000,million_usd,calculated,bcra_treasury_deposits_usd_calculated,https://www.bcra.gob.ar/consulta-de-series-estadisticas-en-formato-txt/,65cd4837b5fa20caddfefeb0c185922057b23beeedd84eae1467f335299b03b7,2026-08-08T00:02:00Z
bcra_treasury_deposits_usd_monthly_change,2018-05,monthly,-1595.686574,million_usd,calculated,bcra_treasury_deposits_usd_calculated,https://www.bcra.gob.ar/consulta-de-series-estadisticas-en-formato-txt/,65cd4837b5fa20caddfefeb0c185922057b23beeedd84eae1467f335299b03b7,2026-08-08T00:02:00Z
bcra_treasury_deposits_usd_monthly_change,2018-06,monthly,12690.773787,million_usd,calculated,bcra_treasury_deposits_usd_calculated,https://www.bcra.gob.ar/consulta-de-series-estadisticas-en-formato-txt/,65cd4837b5fa20caddfefeb0c185922057b23beeedd84eae1467f335299b03b7,2026-08-08T00:02:00Z
bcra_treasury_deposits_usd_monthly_change,2018-07,monthly,-4073.961596,million_usd,calculated,bcra_treasury_deposits_usd_calculated,https://www.bcra.gob.ar/consulta-de-series-estadisticas-en-formato-txt/,65cd4837b5fa20caddfefeb0c185922057b23beeedd84eae1467f335299b03b7,2026-08-08T00:02:00Z
bcra_treasury_deposits_usd_monthly_change,2018-08,monthly,-1145.255179,million_usd,calculated,bcra_treasury_deposits_usd_calculated,https://www.bcra.gob.ar/consulta-de-series-estadisticas-en-formato-txt/,65cd4837b5fa20caddfefeb0c185922057b23beeedd84eae1467f335299b03b7,2026-08-08T00:02:00Z
bcra_treasury_deposits_usd_monthly_change,2018-09,monthly,-16.961648,million_usd,calculated,bcra_treasury_deposits_usd_calculated,https://www.bcra.gob.ar/consulta-de-series-estadisticas-en-formato-txt/,65cd4837b5fa20caddfefeb0c185922057b23beeedd84eae1467f335299b03b7,2026-08-08T00:02:00Z
bcra_treasury_deposits_usd_monthly_change,2018-10,monthly,6335.499611,million_usd,calculated,bcra_treasury_deposits_usd_calculated,https://www.bcra.gob.ar/consulta-de-series-estadisticas-en-formato-txt/,65cd4837b5fa20caddfefeb0c185922057b23beeedd84eae1467f335299b03b7,2026-08-08T00:02:00Z
bcra_treasury_deposits_usd_monthly_change,2018-11,monthly,-3366.780921,million_usd,calculated,bcra_treasury_deposits_usd_calculated,https://www.bcra.gob.ar/consulta-de-series-estadisticas-en-formato-txt/,65cd4837b5fa20caddfefeb0c185922057b23beeedd84eae1467f335299b03b7,2026-08-08T00:02:00Z
bcra_treasury_deposits_usd_monthly_change,2018-12,monthly,3451.407328,million_usd,calculated,bcra_treasury_deposits_usd_calculated,https://www.bcra.gob.ar/consulta-de-series-estadisticas-en-formato-txt/,65cd4837b5fa20caddfefeb0c185922057b23beeedd84eae1467f335299b03b7,2026-08-08T00:02:00Z
bcra_treasury_deposits_usd_monthly_change,2019-01,monthly,-1094.149889,million_usd,calculated,bcra_treasury_deposits_usd_calculated,https://www.bcra.gob.ar/consulta-de-series-estadisticas-en-formato-txt/,65cd4837b5fa20caddfefeb0c185922057b23beeedd84eae1467f335299b03b7,2026-08-08T00:02:00Z
bcra_treasury_deposits_usd_monthly_change,2019-02,monthly,845.008104,million_usd,calculated,bcra_treasury_deposits_usd_calculated,https://www.bcra.gob.ar/consulta-de-series-estadisticas-en-formato-txt/,65cd4837b5fa20caddfefeb0c185922057b23beeedd84eae1467f335299b03b7,2026-08-08T00:02:00Z
bcra_treasury_deposits_usd_monthly_change,2019-03,monthly,-3400.155942,million_usd,calculated,bcra_treasury_deposits_usd_calculated,https://www.bcra.gob.ar/consulta-de-series-estadisticas-en-formato-txt/,65cd4837b5fa20caddfefeb0c185922057b23beeedd84eae1467f335299b03b7,2026-08-08T00:02:00Z
bcra_treasury_deposits_usd_monthly_change,2019-04,monthly,5089.148544,million_usd,calculated,bcra_treasury_deposits_usd_calculated,https://www.bcra.gob.ar/consulta-de-series-estadisticas-en-formato-txt/,65cd4837b5fa20caddfefeb0c185922057b23beeedd84eae1467f335299b03b7,2026-08-08T00:02:00Z
bcra_treasury_deposits_usd_monthly_change,2019-05,monthly,-6923.225807,million_usd,calculated,bcra_treasury_deposits_usd_calculated,https://www.bcra.gob.ar/consulta-de-series-estadisticas-en-formato-txt/,65cd4837b5fa20caddfefeb0c185922057b23beeedd84eae1467f335299b03b7,2026-08-08T00:02:00Z
bcra_treasury_deposits_usd_monthly_change,2019-06,monthly,1247.308785,million_usd,calculated,bcra_treasury_deposits_usd_calculated,https://www.bcra.gob.ar/consulta-de-series-estadisticas-en-formato-txt/,65cd4837b5fa20caddfefeb0c185922057b23beeedd84eae1467f335299b03b7,2026-08-08T00:02:00Z
bcra_treasury_deposits_usd_monthly_change,2019-07,monthly,1594.625403,million_usd,calculated,bcra_treasury_deposits_usd_calculated,https://www.bcra.gob.ar/consulta-de-series-estadisticas-en-formato-txt/,65cd4837b5fa20caddfefeb0c185922057b23beeedd84eae1467f335299b03b7,2026-08-08T00:02:00Z
bcra_treasury_deposits_usd_monthly_change,2019-08,monthly,-4071.463428,million_usd,calculated,bcra_treasury_deposits_usd_calculated,https://www.bcra.gob.ar/consulta-de-series-estadisticas-en-formato-txt/,65cd4837b5fa20caddfefeb0c185922057b23beeedd84eae1467f335299b03b7,2026-08-08T00:02:00Z
bcra_treasury_deposits_usd_monthly_change,2019-09,monthly,-2994.616946,million_usd,calculated,bcra_treasury_deposits_usd_calculated,https://www.bcra.gob.ar/consulta-de-series-estadisticas-en-formato-txt/,65cd4837b5fa20caddfefeb0c185922057b23beeedd84eae1467f335299b03b7,2026-08-08T00:02:00Z
bcra_treasury_deposits_usd_monthly_change,2019-10,monthly,-2023.360590,million_usd,calculated,bcra_treasury_deposits_usd_calculated,https://www.bcra.gob.ar/consulta-de-series-estadisticas-en-formato-txt/,65cd4837b5fa20caddfefeb0c185922057b23beeedd84eae1467f335299b03b7,2026-08-08T00:02:00Z
bcra_treasury_deposits_usd_monthly_change,2019-11,monthly,-1822.901913,million_usd,calculated,bcra_treasury_deposits_usd_calculated,https://www.bcra.gob.ar/consulta-de-series-estadisticas-en-formato-txt/,65cd4837b5fa20caddfefeb0c185922057b23beeedd84eae1467f335299b03b7,2026-08-08T00:02:00Z
bcra_treasury_deposits_usd_monthly_change,2019-12,monthly,-23.341093,million_usd,calculated,bcra_treasury_deposits_usd_calculated,https://www.bcra.gob.ar/consulta-de-series-estadisticas-en-formato-txt/,65cd4837b5fa20caddfefeb0c185922057b23beeedd84eae1467f335299b03b7,2026-08-08T00:02:00Z
bcra_treasury_deposits_usd_monthly_change,2020-01,monthly,-280.389515,million_usd,calculated,bcra_treasury_deposits_usd_calculated,https://www.bcra.gob.ar/consulta-de-series-estadisticas-en-formato-txt/,65cd4837b5fa20caddfefeb0c185922057b23beeedd84eae1467f335299b03b7,2026-08-08T00:02:00Z
bcra_treasury_deposits_usd_monthly_change,2020-02,monthly,-14.634728,million_usd,calculated,bcra_treasury_deposits_usd_calculated,https://www.bcra.gob.ar/consulta-de-series-estadisticas-en-formato-txt/,65cd4837b5fa20caddfefeb0c185922057b23beeedd84eae1467f335299b03b7,2026-08-08T00:02:00Z
bcra_treasury_deposits_usd_monthly_change,2020-03,monthly,30.446536,million_usd,calculated,bcra_treasury_deposits_usd_calculated,https://www.bcra.gob.ar/consulta-de-series-estadisticas-en-formato-txt/,65cd4837b5fa20caddfefeb0c185922057b23beeedd84eae1467f335299b03b7,2026-08-08T00:02:00Z
bcra_treasury_deposits_usd_monthly_change,2020-04,monthly,25.408331,million_usd,calculated,bcra_treasury_deposits_usd_calculated,https://www.bcra.gob.ar/consulta-de-series-estadisticas-en-formato-txt/,65cd4837b5fa20caddfefeb0c185922057b23beeedd84eae1467f335299b03b7,2026-08-08T00:02:00Z
bcra_treasury_deposits_usd_monthly_change,2020-05,monthly,-49.765807,million_usd,calculated,bcra_treasury_deposits_usd_calculated,https://www.bcra.gob.ar/consulta-de-series-estadisticas-en-formato-txt/,65cd4837b5fa20caddfefeb0c185922057b23beeedd84eae1467f335299b03b7,2026-08-08T00:02:00Z
bcra_treasury_deposits_usd_monthly_change,2020-06,monthly,29.824867,million_usd,calculated,bcra_treasury_deposits_usd_calculated,https://www.bcra.gob.ar/consulta-de-series-estadisticas-en-formato-txt/,65cd4837b5fa20caddfefeb0c185922057b23beeedd84eae1467f335299b03b7,2026-08-08T00:02:00Z
bcra_treasury_deposits_usd_monthly_change,2020-07,monthly,-32.685696,million_usd,calculated,bcra_treasury_deposits_usd_calculated,https://www.bcra.gob.ar/consulta-de-series-estadisticas-en-formato-txt/,65cd4837b5fa20caddfefeb0c185922057b23beeedd84eae1467f335299b03b7,2026-08-08T00:02:00Z
bcra_treasury_deposits_usd_monthly_change,2020-08,monthly,23.284358,million_usd,calculated,bcra_treasury_deposits_usd_calculated,https://www.bcra.gob.ar/consulta-de-series-estadisticas-en-formato-txt/,65cd4837b5fa20caddfefeb0c185922057b23beeedd84eae1467f335299b03b7,2026-08-08T00:02:00Z
bcra_treasury_deposits_usd_monthly_change,2020-09,monthly,7.515843,million_usd,calculated,bcra_treasury_deposits_usd_calculated,https://www.bcra.gob.ar/consulta-de-series-estadisticas-en-formato-txt/,65cd4837b5fa20caddfefeb0c185922057b23beeedd84eae1467f335299b03b7,2026-08-08T00:02:00Z
bcra_treasury_deposits_usd_monthly_change,2020-10,monthly,-12.500694,million_usd,calculated,bcra_treasury_deposits_usd_calculated,https://www.bcra.gob.ar/consulta-de-series-estadisticas-en-formato-txt/,65cd4837b5fa20caddfefeb0c185922057b23beeedd84eae1467f335299b03b7,2026-08-08T00:02:00Z
bcra_treasury_deposits_usd_monthly_change,2020-11,monthly,21.361082,million_usd,calculated,bcra_treasury_deposits_usd_calculated,https://www.bcra.gob.ar/consulta-de-series-estadisticas-en-formato-txt/,65cd4837b5fa20caddfefeb0c185922057b23beeedd84eae1467f335299b03b7,2026-08-08T00:02:00Z
bcra_treasury_deposits_usd_monthly_change,2020-12,monthly,411.231700,million_usd,calculated,bcra_treasury_deposits_usd_calculated,https://www.bcra.gob.ar/consulta-de-series-estadisticas-en-formato-txt/,65cd4837b5fa20caddfefeb0c185922057b23beeedd84eae1467f335299b03b7,2026-08-08T00:02:00Z
bcra_treasury_deposits_usd_monthly_change,2021-01,monthly,-405.626534,million_usd,calculated,bcra_treasury_deposits_usd_calculated,https://www.bcra.gob.ar/consulta-de-series-estadisticas-en-formato-txt/,65cd4837b5fa20caddfefeb0c185922057b23beeedd84eae1467f335299b03b7,2026-08-08T00:02:00Z
bcra_treasury_deposits_usd_monthly_change,2021-02,monthly,-38.501963,million_usd,calculated,bcra_treasury_deposits_usd_calculated,https://www.bcra.gob.ar/consulta-de-series-estadisticas-en-formato-txt/,65cd4837b5fa20caddfefeb0c185922057b23beeedd84eae1467f335299b03b7,2026-08-08T00:02:00Z
bcra_treasury_deposits_usd_monthly_change,2021-03,monthly,74.002699,million_usd,calculated,bcra_treasury_deposits_usd_calculated,https://www.bcra.gob.ar/consulta-de-series-estadisticas-en-formato-txt/,65cd4837b5fa20caddfefeb0c185922057b23beeedd84eae1467f335299b03b7,2026-08-08T00:02:00Z
bcra_treasury_deposits_usd_monthly_change,2021-04,monthly,-81.368429,million_usd,calculated,bcra_treasury_deposits_usd_calculated,https://www.bcra.gob.ar/consulta-de-series-estadisticas-en-formato-txt/,65cd4837b5fa20caddfefeb0c185922057b23beeedd84eae1467f335299b03b7,2026-08-08T00:02:00Z
bcra_treasury_deposits_usd_monthly_change,2021-05,monthly,6.511468,million_usd,calculated,bcra_treasury_deposits_usd_calculated,https://www.bcra.gob.ar/consulta-de-series-estadisticas-en-formato-txt/,65cd4837b5fa20caddfefeb0c185922057b23beeedd84eae1467f335299b03b7,2026-08-08T00:02:00Z
bcra_treasury_deposits_usd_monthly_change,2021-06,monthly,-5.686615,million_usd,calculated,bcra_treasury_deposits_usd_calculated,https://www.bcra.gob.ar/consulta-de-series-estadisticas-en-formato-txt/,65cd4837b5fa20caddfefeb0c185922057b23beeedd84eae1467f335299b03b7,2026-08-08T00:02:00Z
bcra_treasury_deposits_usd_monthly_change,2021-07,monthly,237.717887,million_usd,calculated,bcra_treasury_deposits_usd_calculated,https://www.bcra.gob.ar/consulta-de-series-estadisticas-en-formato-txt/,65cd4837b5fa20caddfefeb0c185922057b23beeedd84eae1467f335299b03b7,2026-08-08T00:02:00Z
bcra_treasury_deposits_usd_monthly_change,2021-08,monthly,-58.019667,million_usd,calculated,bcra_treasury_deposits_usd_calculated,https://www.bcra.gob.ar/consulta-de-series-estadisticas-en-formato-txt/,65cd4837b5fa20caddfefeb0c185922057b23beeedd84eae1467f335299b03b7,2026-08-08T00:02:00Z
bcra_treasury_deposits_usd_monthly_change,2021-09,monthly,-48.473008,million_usd,calculated,bcra_treasury_deposits_usd_calculated,https://www.bcra.gob.ar/consulta-de-series-estadisticas-en-formato-txt/,65cd4837b5fa20caddfefeb0c185922057b23beeedd84eae1467f335299b03b7,2026-08-08T00:02:00Z
bcra_treasury_deposits_usd_monthly_change,2021-10,monthly,46.754096,million_usd,calculated,bcra_treasury_deposits_usd_calculated,https://www.bcra.gob.ar/consulta-de-series-estadisticas-en-formato-txt/,65cd4837b5fa20caddfefeb0c185922057b23beeedd84eae1467f335299b03b7,2026-08-08T00:02:00Z
bcra_treasury_deposits_usd_monthly_change,2021-11,monthly,769.453069,million_usd,calculated,bcra_treasury_deposits_usd_calculated,https://www.bcra.gob.ar/consulta-de-series-estadisticas-en-formato-txt/,65cd4837b5fa20caddfefeb0c185922057b23beeedd84eae1467f335299b03b7,2026-08-08T00:02:00Z
bcra_treasury_deposits_usd_monthly_change,2021-12,monthly,-199.192898,million_usd,calculated,bcra_treasury_deposits_usd_calculated,https://www.bcra.gob.ar/consulta-de-series-estadisticas-en-formato-txt/,65cd4837b5fa20caddfefeb0c185922057b23beeedd84eae1467f335299b03b7,2026-08-08T00:02:00Z
bcra_treasury_deposits_usd_monthly_change,2022-01,monthly,149.002029,million_usd,calculated,bcra_treasury_deposits_usd_calculated,https://www.bcra.gob.ar/consulta-de-series-estadisticas-en-formato-txt/,65cd4837b5fa20caddfefeb0c185922057b23beeedd84eae1467f335299b03b7,2026-08-08T00:02:00Z
bcra_treasury_deposits_usd_monthly_change,2022-02,monthly,-785.050132,million_usd,calculated,bcra_treasury_deposits_usd_calculated,https://www.bcra.gob.ar/consulta-de-series-estadisticas-en-formato-txt/,65cd4837b5fa20caddfefeb0c185922057b23beeedd84eae1467f335299b03b7,2026-08-08T00:02:00Z
bcra_treasury_deposits_usd_monthly_change,2022-03,monthly,6735.850877,million_usd,calculated,bcra_treasury_deposits_usd_calculated,https://www.bcra.gob.ar/consulta-de-series-estadisticas-en-formato-txt/,65cd4837b5fa20caddfefeb0c185922057b23beeedd84eae1467f335299b03b7,2026-08-08T00:02:00Z
bcra_treasury_deposits_usd_monthly_change,2022-04,monthly,-952.212922,million_usd,calculated,bcra_treasury_deposits_usd_calculated,https://www.bcra.gob.ar/consulta-de-series-estadisticas-en-formato-txt/,65cd4837b5fa20caddfefeb0c185922057b23beeedd84eae1467f335299b03b7,2026-08-08T00:02:00Z
bcra_treasury_deposits_usd_monthly_change,2022-05,monthly,-3019.364107,million_usd,calculated,bcra_treasury_deposits_usd_calculated,https://www.bcra.gob.ar/consulta-de-series-estadisticas-en-formato-txt/,65cd4837b5fa20caddfefeb0c185922057b23beeedd84eae1467f335299b03b7,2026-08-08T00:02:00Z
bcra_treasury_deposits_usd_monthly_change,2022-06,monthly,1262.095804,million_usd,calculated,bcra_treasury_deposits_usd_calculated,https://www.bcra.gob.ar/consulta-de-series-estadisticas-en-formato-txt/,65cd4837b5fa20caddfefeb0c185922057b23beeedd84eae1467f335299b03b7,2026-08-08T00:02:00Z
bcra_treasury_deposits_usd_monthly_change,2022-07,monthly,-1965.191810,million_usd,calculated,bcra_treasury_deposits_usd_calculated,https://www.bcra.gob.ar/consulta-de-series-estadisticas-en-formato-txt/,65cd4837b5fa20caddfefeb0c185922057b23beeedd84eae1467f335299b03b7,2026-08-08T00:02:00Z
bcra_treasury_deposits_usd_monthly_change,2022-08,monthly,-204.939780,million_usd,calculated,bcra_treasury_deposits_usd_calculated,https://www.bcra.gob.ar/consulta-de-series-estadisticas-en-formato-txt/,65cd4837b5fa20caddfefeb0c185922057b23beeedd84eae1467f335299b03b7,2026-08-08T00:02:00Z
bcra_treasury_deposits_usd_monthly_change,2022-09,monthly,-1876.554624,million_usd,calculated,bcra_treasury_deposits_usd_calculated,https://www.bcra.gob.ar/consulta-de-series-estadisticas-en-formato-txt/,65cd4837b5fa20caddfefeb0c185922057b23beeedd84eae1467f335299b03b7,2026-08-08T00:02:00Z
bcra_treasury_deposits_usd_monthly_change,2022-10,monthly,3099.491757,million_usd,calculated,bcra_treasury_deposits_usd_calculated,https://www.bcra.gob.ar/consulta-de-series-estadisticas-en-formato-txt/,65cd4837b5fa20caddfefeb0c185922057b23beeedd84eae1467f335299b03b7,2026-08-08T00:02:00Z
bcra_treasury_deposits_usd_monthly_change,2022-11,monthly,-743.789902,million_usd,calculated,bcra_treasury_deposits_usd_calculated,https://www.bcra.gob.ar/consulta-de-series-estadisticas-en-formato-txt/,65cd4837b5fa20caddfefeb0c185922057b23beeedd84eae1467f335299b03b7,2026-08-08T00:02:00Z
bcra_treasury_deposits_usd_monthly_change,2022-12,monthly,2314.282670,million_usd,calculated,bcra_treasury_deposits_usd_calculated,https://www.bcra.gob.ar/consulta-de-series-estadisticas-en-formato-txt/,65cd4837b5fa20caddfefeb0c185922057b23beeedd84eae1467f335299b03b7,2026-08-08T00:02:00Z
bcra_treasury_deposits_usd_monthly_change,2023-01,monthly,-3513.878628,million_usd,calculated,bcra_treasury_deposits_usd_calculated,https://www.bcra.gob.ar/consulta-de-series-estadisticas-en-formato-txt/,65cd4837b5fa20caddfefeb0c185922057b23beeedd84eae1467f335299b03b7,2026-08-08T00:02:00Z
bcra_treasury_deposits_usd_monthly_change,2023-02,monthly,-916.946768,million_usd,calculated,bcra_treasury_deposits_usd_calculated,https://www.bcra.gob.ar/consulta-de-series-estadisticas-en-formato-txt/,65cd4837b5fa20caddfefeb0c185922057b23beeedd84eae1467f335299b03b7,2026-08-08T00:02:00Z
bcra_treasury_deposits_usd_monthly_change,2023-03,monthly,3009.377369,million_usd,calculated,bcra_treasury_deposits_usd_calculated,https://www.bcra.gob.ar/consulta-de-series-estadisticas-en-formato-txt/,65cd4837b5fa20caddfefeb0c185922057b23beeedd84eae1467f335299b03b7,2026-08-08T00:02:00Z
bcra_treasury_deposits_usd_monthly_change,2023-04,monthly,-2987.639388,million_usd,calculated,bcra_treasury_deposits_usd_calculated,https://www.bcra.gob.ar/consulta-de-series-estadisticas-en-formato-txt/,65cd4837b5fa20caddfefeb0c185922057b23beeedd84eae1467f335299b03b7,2026-08-08T00:02:00Z
bcra_treasury_deposits_usd_monthly_change,2023-05,monthly,-330.654908,million_usd,calculated,bcra_treasury_deposits_usd_calculated,https://www.bcra.gob.ar/consulta-de-series-estadisticas-en-formato-txt/,65cd4837b5fa20caddfefeb0c185922057b23beeedd84eae1467f335299b03b7,2026-08-08T00:02:00Z
bcra_treasury_deposits_usd_monthly_change,2023-06,monthly,25.139446,million_usd,calculated,bcra_treasury_deposits_usd_calculated,https://www.bcra.gob.ar/consulta-de-series-estadisticas-en-formato-txt/,65cd4837b5fa20caddfefeb0c185922057b23beeedd84eae1467f335299b03b7,2026-08-08T00:02:00Z
bcra_treasury_deposits_usd_monthly_change,2023-07,monthly,-54.200091,million_usd,calculated,bcra_treasury_deposits_usd_calculated,https://www.bcra.gob.ar/consulta-de-series-estadisticas-en-formato-txt/,65cd4837b5fa20caddfefeb0c185922057b23beeedd84eae1467f335299b03b7,2026-08-08T00:02:00Z
bcra_treasury_deposits_usd_monthly_change,2023-08,monthly,4200.777745,million_usd,calculated,bcra_treasury_deposits_usd_calculated,https://www.bcra.gob.ar/consulta-de-series-estadisticas-en-formato-txt/,65cd4837b5fa20caddfefeb0c185922057b23beeedd84eae1467f335299b03b7,2026-08-08T00:02:00Z
bcra_treasury_deposits_usd_monthly_change,2023-09,monthly,-660.692817,million_usd,calculated,bcra_treasury_deposits_usd_calculated,https://www.bcra.gob.ar/consulta-de-series-estadisticas-en-formato-txt/,65cd4837b5fa20caddfefeb0c185922057b23beeedd84eae1467f335299b03b7,2026-08-08T00:02:00Z
bcra_treasury_deposits_usd_monthly_change,2023-10,monthly,-2407.951640,million_usd,calculated,bcra_treasury_deposits_usd_calculated,https://www.bcra.gob.ar/consulta-de-series-estadisticas-en-formato-txt/,65cd4837b5fa20caddfefeb0c185922057b23beeedd84eae1467f335299b03b7,2026-08-08T00:02:00Z
bcra_treasury_deposits_usd_monthly_change,2023-11,monthly,-1126.463016,million_usd,calculated,bcra_treasury_deposits_usd_calculated,https://www.bcra.gob.ar/consulta-de-series-estadisticas-en-formato-txt/,65cd4837b5fa20caddfefeb0c185922057b23beeedd84eae1467f335299b03b7,2026-08-08T00:02:00Z
bcra_treasury_deposits_usd_monthly_change,2023-12,monthly,-1.289635,million_usd,calculated,bcra_treasury_deposits_usd_calculated,https://www.bcra.gob.ar/consulta-de-series-estadisticas-en-formato-txt/,65cd4837b5fa20caddfefeb0c185922057b23beeedd84eae1467f335299b03b7,2026-08-08T00:02:00Z
bcra_treasury_deposits_usd_monthly_change,2024-01,monthly,2704.626923,million_usd,calculated,bcra_treasury_deposits_usd_calculated,https://www.bcra.gob.ar/consulta-de-series-estadisticas-en-formato-txt/,65cd4837b5fa20caddfefeb0c185922057b23beeedd84eae1467f335299b03b7,2026-08-08T00:02:00Z
bcra_treasury_deposits_usd_monthly_change,2024-02,monthly,-1002.538478,million_usd,calculated,bcra_treasury_deposits_usd_calculated,https://www.bcra.gob.ar/consulta-de-series-estadisticas-en-formato-txt/,65cd4837b5fa20caddfefeb0c185922057b23beeedd84eae1467f335299b03b7,2026-08-08T00:02:00Z
bcra_treasury_deposits_usd_monthly_change,2024-03,monthly,-731.053796,million_usd,calculated,bcra_treasury_deposits_usd_calculated,https://www.bcra.gob.ar/consulta-de-series-estadisticas-en-formato-txt/,65cd4837b5fa20caddfefeb0c185922057b23beeedd84eae1467f335299b03b7,2026-08-08T00:02:00Z
bcra_treasury_deposits_usd_monthly_change,2024-04,monthly,49.996207,million_usd,calculated,bcra_treasury_deposits_usd_calculated,https://www.bcra.gob.ar/consulta-de-series-estadisticas-en-formato-txt/,65cd4837b5fa20caddfefeb0c185922057b23beeedd84eae1467f335299b03b7,2026-08-08T00:02:00Z
bcra_treasury_deposits_usd_monthly_change,2024-05,monthly,-655.892624,million_usd,calculated,bcra_treasury_deposits_usd_calculated,https://www.bcra.gob.ar/consulta-de-series-estadisticas-en-formato-txt/,65cd4837b5fa20caddfefeb0c185922057b23beeedd84eae1467f335299b03b7,2026-08-08T00:02:00Z
bcra_treasury_deposits_usd_monthly_change,2024-06,monthly,605.907773,million_usd,calculated,bcra_treasury_deposits_usd_calculated,https://www.bcra.gob.ar/consulta-de-series-estadisticas-en-formato-txt/,65cd4837b5fa20caddfefeb0c185922057b23beeedd84eae1467f335299b03b7,2026-08-08T00:02:00Z
bcra_treasury_deposits_usd_monthly_change,2024-07,monthly,208.932249,million_usd,calculated,bcra_treasury_deposits_usd_calculated,https://www.bcra.gob.ar/consulta-de-series-estadisticas-en-formato-txt/,65cd4837b5fa20caddfefeb0c185922057b23beeedd84eae1467f335299b03b7,2026-08-08T00:02:00Z
bcra_treasury_deposits_usd_monthly_change,2024-08,monthly,-407.473289,million_usd,calculated,bcra_treasury_deposits_usd_calculated,https://www.bcra.gob.ar/consulta-de-series-estadisticas-en-formato-txt/,65cd4837b5fa20caddfefeb0c185922057b23beeedd84eae1467f335299b03b7,2026-08-08T00:02:00Z
bcra_treasury_deposits_usd_monthly_change,2024-09,monthly,751.685917,million_usd,calculated,bcra_treasury_deposits_usd_calculated,https://www.bcra.gob.ar/consulta-de-series-estadisticas-en-formato-txt/,65cd4837b5fa20caddfefeb0c185922057b23beeedd84eae1467f335299b03b7,2026-08-08T00:02:00Z
bcra_treasury_deposits_usd_monthly_change,2024-10,monthly,-311.082674,million_usd,calculated,bcra_treasury_deposits_usd_calculated,https://www.bcra.gob.ar/consulta-de-series-estadisticas-en-formato-txt/,65cd4837b5fa20caddfefeb0c185922057b23beeedd84eae1467f335299b03b7,2026-08-08T00:02:00Z
bcra_treasury_deposits_usd_monthly_change,2024-11,monthly,2284.295598,million_usd,calculated,bcra_treasury_deposits_usd_calculated,https://www.bcra.gob.ar/consulta-de-series-estadisticas-en-formato-txt/,65cd4837b5fa20caddfefeb0c185922057b23beeedd84eae1467f335299b03b7,2026-08-08T00:02:00Z
bcra_treasury_deposits_usd_monthly_change,2024-12,monthly,2434.448114,million_usd,calculated,bcra_treasury_deposits_usd_calculated,https://www.bcra.gob.ar/consulta-de-series-estadisticas-en-formato-txt/,65cd4837b5fa20caddfefeb0c185922057b23beeedd84eae1467f335299b03b7,2026-08-08T00:02:00Z
bcra_treasury_deposits_usd_monthly_change,2025-01,monthly,-2808.622474,million_usd,calculated,bcra_treasury_deposits_usd_calculated,https://www.bcra.gob.ar/consulta-de-series-estadisticas-en-formato-txt/,65cd4837b5fa20caddfefeb0c185922057b23beeedd84eae1467f335299b03b7,2026-08-08T00:02:00Z
bcra_treasury_deposits_usd_monthly_change,2025-02,monthly,-426.395131,million_usd,calculated,bcra_treasury_deposits_usd_calculated,https://www.bcra.gob.ar/consulta-de-series-estadisticas-en-formato-txt/,65cd4837b5fa20caddfefeb0c185922057b23beeedd84eae1467f335299b03b7,2026-08-08T00:02:00Z
bcra_treasury_deposits_usd_monthly_change,2025-03,monthly,-808.203700,million_usd,calculated,bcra_treasury_deposits_usd_calculated,https://www.bcra.gob.ar/consulta-de-series-estadisticas-en-formato-txt/,65cd4837b5fa20caddfefeb0c185922057b23beeedd84eae1467f335299b03b7,2026-08-08T00:02:00Z
bcra_treasury_deposits_usd_monthly_change,2025-04,monthly,13496.433886,million_usd,calculated,bcra_treasury_deposits_usd_calculated,https://www.bcra.gob.ar/consulta-de-series-estadisticas-en-formato-txt/,65cd4837b5fa20caddfefeb0c185922057b23beeedd84eae1467f335299b03b7,2026-08-08T00:02:00Z
bcra_treasury_deposits_usd_monthly_change,2025-05,monthly,-12380.377467,million_usd,calculated,bcra_treasury_deposits_usd_calculated,https://www.bcra.gob.ar/consulta-de-series-estadisticas-en-formato-txt/,65cd4837b5fa20caddfefeb0c185922057b23beeedd84eae1467f335299b03b7,2026-08-08T00:02:00Z
bcra_treasury_deposits_usd_monthly_change,2025-06,monthly,1612.235867,million_usd,calculated,bcra_treasury_deposits_usd_calculated,https://www.bcra.gob.ar/consulta-de-series-estadisticas-en-formato-txt/,65cd4837b5fa20caddfefeb0c185922057b23beeedd84eae1467f335299b03b7,2026-08-08T00:02:00Z
bcra_treasury_deposits_usd_monthly_change,2025-07,monthly,-1971.900482,million_usd,calculated,bcra_treasury_deposits_usd_calculated,https://www.bcra.gob.ar/consulta-de-series-estadisticas-en-formato-txt/,65cd4837b5fa20caddfefeb0c185922057b23beeedd84eae1467f335299b03b7,2026-08-08T00:02:00Z
bcra_treasury_deposits_usd_monthly_change,2025-08,monthly,-1022.152690,million_usd,calculated,bcra_treasury_deposits_usd_calculated,https://www.bcra.gob.ar/consulta-de-series-estadisticas-en-formato-txt/,65cd4837b5fa20caddfefeb0c185922057b23beeedd84eae1467f335299b03b7,2026-08-08T00:02:00Z
bcra_treasury_deposits_usd_monthly_change,2025-09,monthly,641.681896,million_usd,calculated,bcra_treasury_deposits_usd_calculated,https://www.bcra.gob.ar/consulta-de-series-estadisticas-en-formato-txt/,65cd4837b5fa20caddfefeb0c185922057b23beeedd84eae1467f335299b03b7,2026-08-08T00:02:00Z
bcra_treasury_deposits_usd_monthly_change,2025-10,monthly,-2235.457643,million_usd,calculated,bcra_treasury_deposits_usd_calculated,https://www.bcra.gob.ar/consulta-de-series-estadisticas-en-formato-txt/,65cd4837b5fa20caddfefeb0c185922057b23beeedd84eae1467f335299b03b7,2026-08-08T00:02:00Z
bcra_treasury_deposits_usd_monthly_change,2025-11,monthly,120.607179,million_usd,calculated,bcra_treasury_deposits_usd_calculated,https://www.bcra.gob.ar/consulta-de-series-estadisticas-en-formato-txt/,65cd4837b5fa20caddfefeb0c185922057b23beeedd84eae1467f335299b03b7,2026-08-08T00:02:00Z
bcra_treasury_deposits_usd_monthly_change,2025-12,monthly,1757.308640,million_usd,calculated,bcra_treasury_deposits_usd_calculated,https://www.bcra.gob.ar/consulta-de-series-estadisticas-en-formato-txt/,65cd4837b5fa20caddfefeb0c185922057b23beeedd84eae1467f335299b03b7,2026-08-08T00:02:00Z
bcra_treasury_deposits_usd_monthly_change,2026-01,monthly,-1443.615782,million_usd,calculated,bcra_treasury_deposits_usd_calculated,https://www.bcra.gob.ar/consulta-de-series-estadisticas-en-formato-txt/,65cd4837b5fa20caddfefeb0c185922057b23beeedd84eae1467f335299b03b7,2026-08-08T00:02:00Z
bcra_treasury_deposits_usd_monthly_change,2026-02,monthly,6.546993,million_usd,calculated,bcra_treasury_deposits_usd_calculated,https://www.bcra.gob.ar/consulta-de-series-estadisticas-en-formato-txt/,65cd4837b5fa20caddfefeb0c185922057b23beeedd84eae1467f335299b03b7,2026-08-08T00:02:00Z
bcra_treasury_deposits_usd_monthly_change,2026-03,monthly,-47.507051,million_usd,calculated,bcra_treasury_deposits_usd_calculated,https://www.bcra.gob.ar/consulta-de-series-estadisticas-en-formato-txt/,65cd4837b5fa20caddfefeb0c185922057b23beeedd84eae1467f335299b03b7,2026-08-08T00:02:00Z
bcra_treasury_deposits_usd_monthly_change,2026-04,monthly,879.771693,million_usd,calculated,bcra_treasury_deposits_usd_calculated,https://www.bcra.gob.ar/consulta-de-series-estadisticas-en-formato-txt/,65cd4837b5fa20caddfefeb0c185922057b23beeedd84eae1467f335299b03b7,2026-08-08T00:02:00Z
bcra_treasury_deposits_usd_monthly_change,2026-05,monthly,1692.828936,million_usd,calculated,bcra_treasury_deposits_usd_calculated,https://www.bcra.gob.ar/consulta-de-series-estadisticas-en-formato-txt/,65cd4837b5fa20caddfefeb0c185922057b23beeedd84eae1467f335299b03b7,2026-08-08T00:02:00Z
bcra_treasury_deposits_usd_monthly_change,2026-06,monthly,861.828594,million_usd,calculated,bcra_treasury_deposits_usd_calculated,https://www.bcra.gob.ar/consulta-de-series-estadisticas-en-formato-txt/,65cd4837b5fa20caddfefeb0c185922057b23beeedd84eae1467f335299b03b7,2026-08-08T00:02:00Z
