series_id,snapshot_date,period,frequency,service_type,category,detail_level,source_row,instrument,value,unit,status,source_id,source_url,source_sha256,retrieved_at
mecon_treasury_maturity_capital_total,2026-03-31,2026-04,monthly,capital,total,total,13,Total,22790.981383,million_usd,official_projection,mecon_quarterly_treasury_maturity_profile,https://www.argentina.gob.ar/sites/default/files/deuda_publica_31-03-2026.xlsx,fad7687446da2e312d5f442e4d8e4fe53af87303a5fbdbe1030e8b241473aeee,2026-09-30T02:20:59Z
mecon_treasury_maturity_capital_row_14,2026-03-31,2026-04,monthly,capital,total,term,14,CORTO PLAZO,22391.372483,million_usd,official_projection,mecon_quarterly_treasury_maturity_profile,https://www.argentina.gob.ar/sites/default/files/deuda_publica_31-03-2026.xlsx,fad7687446da2e312d5f442e4d8e4fe53af87303a5fbdbe1030e8b241473aeee,2026-09-30T02:20:59Z
mecon_treasury_maturity_capital_row_15,2026-03-31,2026-04,monthly,capital,total,term,15,MEDIANO Y LARGO PLAZO,399.608900,million_usd,official_projection,mecon_quarterly_treasury_maturity_profile,https://www.argentina.gob.ar/sites/default/files/deuda_publica_31-03-2026.xlsx,fad7687446da2e312d5f442e4d8e4fe53af87303a5fbdbe1030e8b241473aeee,2026-09-30T02:20:59Z
mecon_treasury_maturity_capital_loans,2026-03-31,2026-04,monthly,capital,loans,category,17,Préstamos,384.468516,million_usd,official_projection,mecon_quarterly_treasury_maturity_profile,https://www.argentina.gob.ar/sites/default/files/deuda_publica_31-03-2026.xlsx,fad7687446da2e312d5f442e4d8e4fe53af87303a5fbdbe1030e8b241473aeee,2026-09-30T02:20:59Z
mecon_treasury_maturity_capital_row_18,2026-03-31,2026-04,monthly,capital,loans,detail,18,Organismos Internacionales,148.502870,million_usd,official_projection,mecon_quarterly_treasury_maturity_profile,https://www.argentina.gob.ar/sites/default/files/deuda_publica_31-03-2026.xlsx,fad7687446da2e312d5f442e4d8e4fe53af87303a5fbdbe1030e8b241473aeee,2026-09-30T02:20:59Z
mecon_treasury_maturity_capital_row_19,2026-03-31,2026-04,monthly,capital,loans,detail,19,. BIRF,38.568166,million_usd,official_projection,mecon_quarterly_treasury_maturity_profile,https://www.argentina.gob.ar/sites/default/files/deuda_publica_31-03-2026.xlsx,fad7687446da2e312d5f442e4d8e4fe53af87303a5fbdbe1030e8b241473aeee,2026-09-30T02:20:59Z
mecon_treasury_maturity_capital_row_20,2026-03-31,2026-04,monthly,capital,loans,detail,20,. BID,66.996236,million_usd,official_projection,mecon_quarterly_treasury_maturity_profile,https://www.argentina.gob.ar/sites/default/files/deuda_publica_31-03-2026.xlsx,fad7687446da2e312d5f442e4d8e4fe53af87303a5fbdbe1030e8b241473aeee,2026-09-30T02:20:59Z
mecon_treasury_maturity_capital_row_22,2026-03-31,2026-04,monthly,capital,loans,detail,22,. Otros,42.938468,million_usd,official_projection,mecon_quarterly_treasury_maturity_profile,https://www.argentina.gob.ar/sites/default/files/deuda_publica_31-03-2026.xlsx,fad7687446da2e312d5f442e4d8e4fe53af87303a5fbdbe1030e8b241473aeee,2026-09-30T02:20:59Z
mecon_treasury_maturity_capital_row_23,2026-03-31,2026-04,monthly,capital,loans,detail,23,Banca Comercial,7.897800,million_usd,official_projection,mecon_quarterly_treasury_maturity_profile,https://www.argentina.gob.ar/sites/default/files/deuda_publica_31-03-2026.xlsx,fad7687446da2e312d5f442e4d8e4fe53af87303a5fbdbe1030e8b241473aeee,2026-09-30T02:20:59Z
mecon_treasury_maturity_capital_row_26,2026-03-31,2026-04,monthly,capital,loans,detail,26,. En moneda extranjera,7.897800,million_usd,official_projection,mecon_quarterly_treasury_maturity_profile,https://www.argentina.gob.ar/sites/default/files/deuda_publica_31-03-2026.xlsx,fad7687446da2e312d5f442e4d8e4fe53af87303a5fbdbe1030e8b241473aeee,2026-09-30T02:20:59Z
mecon_treasury_maturity_capital_row_27,2026-03-31,2026-04,monthly,capital,loans,detail,27,Otros,7.897800,million_usd,official_projection,mecon_quarterly_treasury_maturity_profile,https://www.argentina.gob.ar/sites/default/files/deuda_publica_31-03-2026.xlsx,fad7687446da2e312d5f442e4d8e4fe53af87303a5fbdbe1030e8b241473aeee,2026-09-30T02:20:59Z
mecon_treasury_maturity_capital_row_28,2026-03-31,2026-04,monthly,capital,loans,detail,28,Organismos Oficiales,5.169550,million_usd,official_projection,mecon_quarterly_treasury_maturity_profile,https://www.argentina.gob.ar/sites/default/files/deuda_publica_31-03-2026.xlsx,fad7687446da2e312d5f442e4d8e4fe53af87303a5fbdbe1030e8b241473aeee,2026-09-30T02:20:59Z
mecon_treasury_maturity_capital_row_29,2026-03-31,2026-04,monthly,capital,loans,detail,29,Avales,222.898296,million_usd,official_projection,mecon_quarterly_treasury_maturity_profile,https://www.argentina.gob.ar/sites/default/files/deuda_publica_31-03-2026.xlsx,fad7687446da2e312d5f442e4d8e4fe53af87303a5fbdbe1030e8b241473aeee,2026-09-30T02:20:59Z
mecon_treasury_maturity_capital_row_30,2026-03-31,2026-04,monthly,capital,loans,detail,30,. En moneda nacional,0.000498,million_usd,official_projection,mecon_quarterly_treasury_maturity_profile,https://www.argentina.gob.ar/sites/default/files/deuda_publica_31-03-2026.xlsx,fad7687446da2e312d5f442e4d8e4fe53af87303a5fbdbe1030e8b241473aeee,2026-09-30T02:20:59Z
mecon_treasury_maturity_capital_row_31,2026-03-31,2026-04,monthly,capital,loans,detail,31,. En moneda extranjera,222.897798,million_usd,official_projection,mecon_quarterly_treasury_maturity_profile,https://www.argentina.gob.ar/sites/default/files/deuda_publica_31-03-2026.xlsx,fad7687446da2e312d5f442e4d8e4fe53af87303a5fbdbe1030e8b241473aeee,2026-09-30T02:20:59Z
mecon_treasury_maturity_capital_bcra_advances,2026-03-31,2026-04,monthly,capital,bcra_advances,category,33,Adelantos transitorios BCRA,339.994466,million_usd,official_projection,mecon_quarterly_treasury_maturity_profile,https://www.argentina.gob.ar/sites/default/files/deuda_publica_31-03-2026.xlsx,fad7687446da2e312d5f442e4d8e4fe53af87303a5fbdbe1030e8b241473aeee,2026-09-30T02:20:59Z
mecon_treasury_maturity_capital_securities,2026-03-31,2026-04,monthly,capital,securities,category,35,Títulos públicos y Letras del Tesoro,22066.518401,million_usd,official_projection,mecon_quarterly_treasury_maturity_profile,https://www.argentina.gob.ar/sites/default/files/deuda_publica_31-03-2026.xlsx,fad7687446da2e312d5f442e4d8e4fe53af87303a5fbdbe1030e8b241473aeee,2026-09-30T02:20:59Z
mecon_treasury_maturity_capital_row_53,2026-03-31,2026-04,monthly,capital,securities,detail,53,"BONAR/$/6,72763943919512%/31-12-2028",0.244717,million_usd,official_projection,mecon_quarterly_treasury_maturity_profile,https://www.argentina.gob.ar/sites/default/files/deuda_publica_31-03-2026.xlsx,fad7687446da2e312d5f442e4d8e4fe53af87303a5fbdbe1030e8b241473aeee,2026-09-30T02:20:59Z
mecon_treasury_maturity_capital_row_91,2026-03-31,2026-04,monthly,capital,securities,detail,91,LETRAS DEL TESORO,22051.378017,million_usd,official_projection,mecon_quarterly_treasury_maturity_profile,https://www.argentina.gob.ar/sites/default/files/deuda_publica_31-03-2026.xlsx,fad7687446da2e312d5f442e4d8e4fe53af87303a5fbdbe1030e8b241473aeee,2026-09-30T02:20:59Z
mecon_treasury_maturity_capital_row_92,2026-03-31,2026-04,monthly,capital,securities,detail,92,. En moneda nacional,22051.378017,million_usd,official_projection,mecon_quarterly_treasury_maturity_profile,https://www.argentina.gob.ar/sites/default/files/deuda_publica_31-03-2026.xlsx,fad7687446da2e312d5f442e4d8e4fe53af87303a5fbdbe1030e8b241473aeee,2026-09-30T02:20:59Z
mecon_treasury_maturity_capital_row_94,2026-03-31,2026-04,monthly,capital,securities,detail,94,OTROS (1),14.895667,million_usd,official_projection,mecon_quarterly_treasury_maturity_profile,https://www.argentina.gob.ar/sites/default/files/deuda_publica_31-03-2026.xlsx,fad7687446da2e312d5f442e4d8e4fe53af87303a5fbdbe1030e8b241473aeee,2026-09-30T02:20:59Z
mecon_treasury_maturity_capital_row_95,2026-03-31,2026-04,monthly,capital,securities,detail,95,En moneda nacional,1.676626,million_usd,official_projection,mecon_quarterly_treasury_maturity_profile,https://www.argentina.gob.ar/sites/default/files/deuda_publica_31-03-2026.xlsx,fad7687446da2e312d5f442e4d8e4fe53af87303a5fbdbe1030e8b241473aeee,2026-09-30T02:20:59Z
mecon_treasury_maturity_capital_row_96,2026-03-31,2026-04,monthly,capital,securities,detail,96,· Ajustable por CER,1.676527,million_usd,official_projection,mecon_quarterly_treasury_maturity_profile,https://www.argentina.gob.ar/sites/default/files/deuda_publica_31-03-2026.xlsx,fad7687446da2e312d5f442e4d8e4fe53af87303a5fbdbe1030e8b241473aeee,2026-09-30T02:20:59Z
mecon_treasury_maturity_capital_row_97,2026-03-31,2026-04,monthly,capital,securities,detail,97,· Bonos de consolidación,1.455975,million_usd,official_projection,mecon_quarterly_treasury_maturity_profile,https://www.argentina.gob.ar/sites/default/files/deuda_publica_31-03-2026.xlsx,fad7687446da2e312d5f442e4d8e4fe53af87303a5fbdbe1030e8b241473aeee,2026-09-30T02:20:59Z
mecon_treasury_maturity_capital_row_98,2026-03-31,2026-04,monthly,capital,securities,detail,98,· Otros,0.220553,million_usd,official_projection,mecon_quarterly_treasury_maturity_profile,https://www.argentina.gob.ar/sites/default/files/deuda_publica_31-03-2026.xlsx,fad7687446da2e312d5f442e4d8e4fe53af87303a5fbdbe1030e8b241473aeee,2026-09-30T02:20:59Z
mecon_treasury_maturity_capital_row_99,2026-03-31,2026-04,monthly,capital,securities,detail,99,· No ajustable por CER,0.000098,million_usd,official_projection,mecon_quarterly_treasury_maturity_profile,https://www.argentina.gob.ar/sites/default/files/deuda_publica_31-03-2026.xlsx,fad7687446da2e312d5f442e4d8e4fe53af87303a5fbdbe1030e8b241473aeee,2026-09-30T02:20:59Z
mecon_treasury_maturity_capital_row_100,2026-03-31,2026-04,monthly,capital,securities,detail,100,· Bonos de consolidación,0.000098,million_usd,official_projection,mecon_quarterly_treasury_maturity_profile,https://www.argentina.gob.ar/sites/default/files/deuda_publica_31-03-2026.xlsx,fad7687446da2e312d5f442e4d8e4fe53af87303a5fbdbe1030e8b241473aeee,2026-09-30T02:20:59Z
mecon_treasury_maturity_capital_row_102,2026-03-31,2026-04,monthly,capital,securities,detail,102,En moneda extranjera,13.219041,million_usd,official_projection,mecon_quarterly_treasury_maturity_profile,https://www.argentina.gob.ar/sites/default/files/deuda_publica_31-03-2026.xlsx,fad7687446da2e312d5f442e4d8e4fe53af87303a5fbdbe1030e8b241473aeee,2026-09-30T02:20:59Z
mecon_treasury_maturity_capital_row_103,2026-03-31,2026-04,monthly,capital,securities,detail,103,· Bonos de consolidación,3.065243,million_usd,official_projection,mecon_quarterly_treasury_maturity_profile,https://www.argentina.gob.ar/sites/default/files/deuda_publica_31-03-2026.xlsx,fad7687446da2e312d5f442e4d8e4fe53af87303a5fbdbe1030e8b241473aeee,2026-09-30T02:20:59Z
mecon_treasury_maturity_capital_row_104,2026-03-31,2026-04,monthly,capital,securities,detail,104,· Otros,10.153798,million_usd,official_projection,mecon_quarterly_treasury_maturity_profile,https://www.argentina.gob.ar/sites/default/files/deuda_publica_31-03-2026.xlsx,fad7687446da2e312d5f442e4d8e4fe53af87303a5fbdbe1030e8b241473aeee,2026-09-30T02:20:59Z
mecon_treasury_maturity_capital_row_106,2026-03-31,2026-04,monthly,capital,securities,detail,106,TOTAL DEUDA DENOMINADA EN PESOS,22393.294324,million_usd,official_projection,mecon_quarterly_treasury_maturity_profile,https://www.argentina.gob.ar/sites/default/files/deuda_publica_31-03-2026.xlsx,fad7687446da2e312d5f442e4d8e4fe53af87303a5fbdbe1030e8b241473aeee,2026-09-30T02:20:59Z
mecon_treasury_maturity_capital_row_107,2026-03-31,2026-04,monthly,capital,securities,detail,107,· Deuda ajustable por CER,1.676527,million_usd,official_projection,mecon_quarterly_treasury_maturity_profile,https://www.argentina.gob.ar/sites/default/files/deuda_publica_31-03-2026.xlsx,fad7687446da2e312d5f442e4d8e4fe53af87303a5fbdbe1030e8b241473aeee,2026-09-30T02:20:59Z
mecon_treasury_maturity_capital_row_108,2026-03-31,2026-04,monthly,capital,securities,detail,108,· Deuda no ajustable por CER,22391.617797,million_usd,official_projection,mecon_quarterly_treasury_maturity_profile,https://www.argentina.gob.ar/sites/default/files/deuda_publica_31-03-2026.xlsx,fad7687446da2e312d5f442e4d8e4fe53af87303a5fbdbe1030e8b241473aeee,2026-09-30T02:20:59Z
mecon_treasury_maturity_capital_row_109,2026-03-31,2026-04,monthly,capital,securities,detail,109,TOTAL DEUDA EN MONEDA EXTRANJERA,397.687059,million_usd,official_projection,mecon_quarterly_treasury_maturity_profile,https://www.argentina.gob.ar/sites/default/files/deuda_publica_31-03-2026.xlsx,fad7687446da2e312d5f442e4d8e4fe53af87303a5fbdbe1030e8b241473aeee,2026-09-30T02:20:59Z
mecon_treasury_maturity_interest_total,2026-03-31,2026-04,monthly,interest,total,total,13,Total,304.280868,million_usd,official_projection,mecon_quarterly_treasury_maturity_profile,https://www.argentina.gob.ar/sites/default/files/deuda_publica_31-03-2026.xlsx,fad7687446da2e312d5f442e4d8e4fe53af87303a5fbdbe1030e8b241473aeee,2026-09-30T02:20:59Z
mecon_treasury_maturity_interest_row_15,2026-03-31,2026-04,monthly,interest,total,term,15,MEDIANO Y LARGO PLAZO,304.280868,million_usd,official_projection,mecon_quarterly_treasury_maturity_profile,https://www.argentina.gob.ar/sites/default/files/deuda_publica_31-03-2026.xlsx,fad7687446da2e312d5f442e4d8e4fe53af87303a5fbdbe1030e8b241473aeee,2026-09-30T02:20:59Z
mecon_treasury_maturity_interest_loans,2026-03-31,2026-04,monthly,interest,loans,category,17,Préstamos,250.221616,million_usd,official_projection,mecon_quarterly_treasury_maturity_profile,https://www.argentina.gob.ar/sites/default/files/deuda_publica_31-03-2026.xlsx,fad7687446da2e312d5f442e4d8e4fe53af87303a5fbdbe1030e8b241473aeee,2026-09-30T02:20:59Z
mecon_treasury_maturity_interest_row_18,2026-03-31,2026-04,monthly,interest,loans,detail,18,Organismos Internacionales,221.152566,million_usd,official_projection,mecon_quarterly_treasury_maturity_profile,https://www.argentina.gob.ar/sites/default/files/deuda_publica_31-03-2026.xlsx,fad7687446da2e312d5f442e4d8e4fe53af87303a5fbdbe1030e8b241473aeee,2026-09-30T02:20:59Z
mecon_treasury_maturity_interest_row_19,2026-03-31,2026-04,monthly,interest,loans,detail,19,. BIRF,125.077045,million_usd,official_projection,mecon_quarterly_treasury_maturity_profile,https://www.argentina.gob.ar/sites/default/files/deuda_publica_31-03-2026.xlsx,fad7687446da2e312d5f442e4d8e4fe53af87303a5fbdbe1030e8b241473aeee,2026-09-30T02:20:59Z
mecon_treasury_maturity_interest_row_20,2026-03-31,2026-04,monthly,interest,loans,detail,20,. BID,54.559366,million_usd,official_projection,mecon_quarterly_treasury_maturity_profile,https://www.argentina.gob.ar/sites/default/files/deuda_publica_31-03-2026.xlsx,fad7687446da2e312d5f442e4d8e4fe53af87303a5fbdbe1030e8b241473aeee,2026-09-30T02:20:59Z
mecon_treasury_maturity_interest_row_22,2026-03-31,2026-04,monthly,interest,loans,detail,22,. Otros,41.516155,million_usd,official_projection,mecon_quarterly_treasury_maturity_profile,https://www.argentina.gob.ar/sites/default/files/deuda_publica_31-03-2026.xlsx,fad7687446da2e312d5f442e4d8e4fe53af87303a5fbdbe1030e8b241473aeee,2026-09-30T02:20:59Z
mecon_treasury_maturity_interest_row_23,2026-03-31,2026-04,monthly,interest,loans,detail,23,Préstamos Garantizados,4.534000,million_usd,official_projection,mecon_quarterly_treasury_maturity_profile,https://www.argentina.gob.ar/sites/default/files/deuda_publica_31-03-2026.xlsx,fad7687446da2e312d5f442e4d8e4fe53af87303a5fbdbe1030e8b241473aeee,2026-09-30T02:20:59Z
mecon_treasury_maturity_interest_row_24,2026-03-31,2026-04,monthly,interest,loans,detail,24,. En moneda nacional ajustable por CER,4.534000,million_usd,official_projection,mecon_quarterly_treasury_maturity_profile,https://www.argentina.gob.ar/sites/default/files/deuda_publica_31-03-2026.xlsx,fad7687446da2e312d5f442e4d8e4fe53af87303a5fbdbe1030e8b241473aeee,2026-09-30T02:20:59Z
mecon_treasury_maturity_interest_row_25,2026-03-31,2026-04,monthly,interest,loans,detail,25,Banca Comercial,0.782841,million_usd,official_projection,mecon_quarterly_treasury_maturity_profile,https://www.argentina.gob.ar/sites/default/files/deuda_publica_31-03-2026.xlsx,fad7687446da2e312d5f442e4d8e4fe53af87303a5fbdbe1030e8b241473aeee,2026-09-30T02:20:59Z
mecon_treasury_maturity_interest_row_26,2026-03-31,2026-04,monthly,interest,loans,detail,26,. En moneda extranjera,0.782841,million_usd,official_projection,mecon_quarterly_treasury_maturity_profile,https://www.argentina.gob.ar/sites/default/files/deuda_publica_31-03-2026.xlsx,fad7687446da2e312d5f442e4d8e4fe53af87303a5fbdbe1030e8b241473aeee,2026-09-30T02:20:59Z
mecon_treasury_maturity_interest_row_27,2026-03-31,2026-04,monthly,interest,loans,detail,27,Otros,0.782841,million_usd,official_projection,mecon_quarterly_treasury_maturity_profile,https://www.argentina.gob.ar/sites/default/files/deuda_publica_31-03-2026.xlsx,fad7687446da2e312d5f442e4d8e4fe53af87303a5fbdbe1030e8b241473aeee,2026-09-30T02:20:59Z
mecon_treasury_maturity_interest_row_28,2026-03-31,2026-04,monthly,interest,loans,detail,28,Organismos Oficiales,1.806628,million_usd,official_projection,mecon_quarterly_treasury_maturity_profile,https://www.argentina.gob.ar/sites/default/files/deuda_publica_31-03-2026.xlsx,fad7687446da2e312d5f442e4d8e4fe53af87303a5fbdbe1030e8b241473aeee,2026-09-30T02:20:59Z
mecon_treasury_maturity_interest_row_32,2026-03-31,2026-04,monthly,interest,loans,detail,32,Avales,21.945582,million_usd,official_projection,mecon_quarterly_treasury_maturity_profile,https://www.argentina.gob.ar/sites/default/files/deuda_publica_31-03-2026.xlsx,fad7687446da2e312d5f442e4d8e4fe53af87303a5fbdbe1030e8b241473aeee,2026-09-30T02:20:59Z
mecon_treasury_maturity_interest_row_33,2026-03-31,2026-04,monthly,interest,loans,detail,33,. En moneda nacional,0.007914,million_usd,official_projection,mecon_quarterly_treasury_maturity_profile,https://www.argentina.gob.ar/sites/default/files/deuda_publica_31-03-2026.xlsx,fad7687446da2e312d5f442e4d8e4fe53af87303a5fbdbe1030e8b241473aeee,2026-09-30T02:20:59Z
mecon_treasury_maturity_interest_row_34,2026-03-31,2026-04,monthly,interest,loans,detail,34,. En moneda extranjera,21.937668,million_usd,official_projection,mecon_quarterly_treasury_maturity_profile,https://www.argentina.gob.ar/sites/default/files/deuda_publica_31-03-2026.xlsx,fad7687446da2e312d5f442e4d8e4fe53af87303a5fbdbe1030e8b241473aeee,2026-09-30T02:20:59Z
mecon_treasury_maturity_interest_securities,2026-03-31,2026-04,monthly,interest,securities,category,36,Títulos públicos y Letras del Tesoro,54.059252,million_usd,official_projection,mecon_quarterly_treasury_maturity_profile,https://www.argentina.gob.ar/sites/default/files/deuda_publica_31-03-2026.xlsx,fad7687446da2e312d5f442e4d8e4fe53af87303a5fbdbe1030e8b241473aeee,2026-09-30T02:20:59Z
mecon_treasury_maturity_interest_row_57,2026-03-31,2026-04,monthly,interest,securities,detail,57,"BONAR/$/6,72763943919512%/31-12-2028",0.049590,million_usd,official_projection,mecon_quarterly_treasury_maturity_profile,https://www.argentina.gob.ar/sites/default/files/deuda_publica_31-03-2026.xlsx,fad7687446da2e312d5f442e4d8e4fe53af87303a5fbdbe1030e8b241473aeee,2026-09-30T02:20:59Z
mecon_treasury_maturity_interest_row_59,2026-03-31,2026-04,monthly,interest,securities,detail,59,BONAR/U$S/6%/29-10-2027,3.726852,million_usd,official_projection,mecon_quarterly_treasury_maturity_profile,https://www.argentina.gob.ar/sites/default/files/deuda_publica_31-03-2026.xlsx,fad7687446da2e312d5f442e4d8e4fe53af87303a5fbdbe1030e8b241473aeee,2026-09-30T02:20:59Z
mecon_treasury_maturity_interest_row_60,2026-03-31,2026-04,monthly,interest,securities,detail,60,BONAR/U$S/6%/31-10-2028,0.930772,million_usd,official_projection,mecon_quarterly_treasury_maturity_profile,https://www.argentina.gob.ar/sites/default/files/deuda_publica_31-03-2026.xlsx,fad7687446da2e312d5f442e4d8e4fe53af87303a5fbdbe1030e8b241473aeee,2026-09-30T02:20:59Z
mecon_treasury_maturity_interest_row_83,2026-03-31,2026-04,monthly,interest,securities,detail,83,"BONTE/$/15,50%/17-10-2026",5.412483,million_usd,official_projection,mecon_quarterly_treasury_maturity_profile,https://www.argentina.gob.ar/sites/default/files/deuda_publica_31-03-2026.xlsx,fad7687446da2e312d5f442e4d8e4fe53af87303a5fbdbe1030e8b241473aeee,2026-09-30T02:20:59Z
mecon_treasury_maturity_interest_row_85,2026-03-31,2026-04,monthly,interest,securities,detail,85,BONTE/$/BADLAR/05-07-2030,1.201409,million_usd,official_projection,mecon_quarterly_treasury_maturity_profile,https://www.argentina.gob.ar/sites/default/files/deuda_publica_31-03-2026.xlsx,fad7687446da2e312d5f442e4d8e4fe53af87303a5fbdbe1030e8b241473aeee,2026-09-30T02:20:59Z
mecon_treasury_maturity_interest_row_90,2026-03-31,2026-04,monthly,interest,securities,detail,90,LETRA INTRANSFERIBLE - BCRA,42.738146,million_usd,official_projection,mecon_quarterly_treasury_maturity_profile,https://www.argentina.gob.ar/sites/default/files/deuda_publica_31-03-2026.xlsx,fad7687446da2e312d5f442e4d8e4fe53af87303a5fbdbe1030e8b241473aeee,2026-09-30T02:20:59Z
mecon_treasury_maturity_interest_row_104,2026-03-31,2026-04,monthly,interest,securities,detail,104,TOTAL DEUDA DENOMINADA EN PESOS,11.205395,million_usd,official_projection,mecon_quarterly_treasury_maturity_profile,https://www.argentina.gob.ar/sites/default/files/deuda_publica_31-03-2026.xlsx,fad7687446da2e312d5f442e4d8e4fe53af87303a5fbdbe1030e8b241473aeee,2026-09-30T02:20:59Z
mecon_treasury_maturity_interest_row_105,2026-03-31,2026-04,monthly,interest,securities,detail,105,· Deuda ajustable por CER,4.534000,million_usd,official_projection,mecon_quarterly_treasury_maturity_profile,https://www.argentina.gob.ar/sites/default/files/deuda_publica_31-03-2026.xlsx,fad7687446da2e312d5f442e4d8e4fe53af87303a5fbdbe1030e8b241473aeee,2026-09-30T02:20:59Z
mecon_treasury_maturity_interest_row_106,2026-03-31,2026-04,monthly,interest,securities,detail,106,· Deuda no ajustable por CER,6.671395,million_usd,official_projection,mecon_quarterly_treasury_maturity_profile,https://www.argentina.gob.ar/sites/default/files/deuda_publica_31-03-2026.xlsx,fad7687446da2e312d5f442e4d8e4fe53af87303a5fbdbe1030e8b241473aeee,2026-09-30T02:20:59Z
mecon_treasury_maturity_interest_row_107,2026-03-31,2026-04,monthly,interest,securities,detail,107,TOTAL DEUDA EN MONEDA EXTRANJERA,293.075473,million_usd,official_projection,mecon_quarterly_treasury_maturity_profile,https://www.argentina.gob.ar/sites/default/files/deuda_publica_31-03-2026.xlsx,fad7687446da2e312d5f442e4d8e4fe53af87303a5fbdbe1030e8b241473aeee,2026-09-30T02:20:59Z
mecon_treasury_maturity_capital_total,2026-03-31,2026-05,monthly,capital,total,total,13,Total,18951.271695,million_usd,official_projection,mecon_quarterly_treasury_maturity_profile,https://www.argentina.gob.ar/sites/default/files/deuda_publica_31-03-2026.xlsx,fad7687446da2e312d5f442e4d8e4fe53af87303a5fbdbe1030e8b241473aeee,2026-09-30T02:20:59Z
mecon_treasury_maturity_capital_row_14,2026-03-31,2026-05,monthly,capital,total,term,14,CORTO PLAZO,17367.954678,million_usd,official_projection,mecon_quarterly_treasury_maturity_profile,https://www.argentina.gob.ar/sites/default/files/deuda_publica_31-03-2026.xlsx,fad7687446da2e312d5f442e4d8e4fe53af87303a5fbdbe1030e8b241473aeee,2026-09-30T02:20:59Z
mecon_treasury_maturity_capital_row_15,2026-03-31,2026-05,monthly,capital,total,term,15,MEDIANO Y LARGO PLAZO,1583.317018,million_usd,official_projection,mecon_quarterly_treasury_maturity_profile,https://www.argentina.gob.ar/sites/default/files/deuda_publica_31-03-2026.xlsx,fad7687446da2e312d5f442e4d8e4fe53af87303a5fbdbe1030e8b241473aeee,2026-09-30T02:20:59Z
mecon_treasury_maturity_capital_loans,2026-03-31,2026-05,monthly,capital,loans,category,17,Préstamos,252.333854,million_usd,official_projection,mecon_quarterly_treasury_maturity_profile,https://www.argentina.gob.ar/sites/default/files/deuda_publica_31-03-2026.xlsx,fad7687446da2e312d5f442e4d8e4fe53af87303a5fbdbe1030e8b241473aeee,2026-09-30T02:20:59Z
mecon_treasury_maturity_capital_row_18,2026-03-31,2026-05,monthly,capital,loans,detail,18,Organismos Internacionales,219.847522,million_usd,official_projection,mecon_quarterly_treasury_maturity_profile,https://www.argentina.gob.ar/sites/default/files/deuda_publica_31-03-2026.xlsx,fad7687446da2e312d5f442e4d8e4fe53af87303a5fbdbe1030e8b241473aeee,2026-09-30T02:20:59Z
mecon_treasury_maturity_capital_row_19,2026-03-31,2026-05,monthly,capital,loans,detail,19,. BIRF,29.079874,million_usd,official_projection,mecon_quarterly_treasury_maturity_profile,https://www.argentina.gob.ar/sites/default/files/deuda_publica_31-03-2026.xlsx,fad7687446da2e312d5f442e4d8e4fe53af87303a5fbdbe1030e8b241473aeee,2026-09-30T02:20:59Z
mecon_treasury_maturity_capital_row_20,2026-03-31,2026-05,monthly,capital,loans,detail,20,. BID,165.813732,million_usd,official_projection,mecon_quarterly_treasury_maturity_profile,https://www.argentina.gob.ar/sites/default/files/deuda_publica_31-03-2026.xlsx,fad7687446da2e312d5f442e4d8e4fe53af87303a5fbdbe1030e8b241473aeee,2026-09-30T02:20:59Z
mecon_treasury_maturity_capital_row_22,2026-03-31,2026-05,monthly,capital,loans,detail,22,. Otros,24.953916,million_usd,official_projection,mecon_quarterly_treasury_maturity_profile,https://www.argentina.gob.ar/sites/default/files/deuda_publica_31-03-2026.xlsx,fad7687446da2e312d5f442e4d8e4fe53af87303a5fbdbe1030e8b241473aeee,2026-09-30T02:20:59Z
mecon_treasury_maturity_capital_row_23,2026-03-31,2026-05,monthly,capital,loans,detail,23,Banca Comercial,23.567528,million_usd,official_projection,mecon_quarterly_treasury_maturity_profile,https://www.argentina.gob.ar/sites/default/files/deuda_publica_31-03-2026.xlsx,fad7687446da2e312d5f442e4d8e4fe53af87303a5fbdbe1030e8b241473aeee,2026-09-30T02:20:59Z
mecon_treasury_maturity_capital_row_26,2026-03-31,2026-05,monthly,capital,loans,detail,26,. En moneda extranjera,23.567528,million_usd,official_projection,mecon_quarterly_treasury_maturity_profile,https://www.argentina.gob.ar/sites/default/files/deuda_publica_31-03-2026.xlsx,fad7687446da2e312d5f442e4d8e4fe53af87303a5fbdbe1030e8b241473aeee,2026-09-30T02:20:59Z
mecon_treasury_maturity_capital_row_27,2026-03-31,2026-05,monthly,capital,loans,detail,27,Otros,23.567528,million_usd,official_projection,mecon_quarterly_treasury_maturity_profile,https://www.argentina.gob.ar/sites/default/files/deuda_publica_31-03-2026.xlsx,fad7687446da2e312d5f442e4d8e4fe53af87303a5fbdbe1030e8b241473aeee,2026-09-30T02:20:59Z
mecon_treasury_maturity_capital_row_28,2026-03-31,2026-05,monthly,capital,loans,detail,28,Organismos Oficiales,1.660421,million_usd,official_projection,mecon_quarterly_treasury_maturity_profile,https://www.argentina.gob.ar/sites/default/files/deuda_publica_31-03-2026.xlsx,fad7687446da2e312d5f442e4d8e4fe53af87303a5fbdbe1030e8b241473aeee,2026-09-30T02:20:59Z
mecon_treasury_maturity_capital_row_29,2026-03-31,2026-05,monthly,capital,loans,detail,29,Avales,7.258384,million_usd,official_projection,mecon_quarterly_treasury_maturity_profile,https://www.argentina.gob.ar/sites/default/files/deuda_publica_31-03-2026.xlsx,fad7687446da2e312d5f442e4d8e4fe53af87303a5fbdbe1030e8b241473aeee,2026-09-30T02:20:59Z
mecon_treasury_maturity_capital_row_31,2026-03-31,2026-05,monthly,capital,loans,detail,31,. En moneda extranjera,7.258384,million_usd,official_projection,mecon_quarterly_treasury_maturity_profile,https://www.argentina.gob.ar/sites/default/files/deuda_publica_31-03-2026.xlsx,fad7687446da2e312d5f442e4d8e4fe53af87303a5fbdbe1030e8b241473aeee,2026-09-30T02:20:59Z
mecon_treasury_maturity_capital_bcra_advances,2026-03-31,2026-05,monthly,capital,bcra_advances,category,33,Adelantos transitorios BCRA,422.742889,million_usd,official_projection,mecon_quarterly_treasury_maturity_profile,https://www.argentina.gob.ar/sites/default/files/deuda_publica_31-03-2026.xlsx,fad7687446da2e312d5f442e4d8e4fe53af87303a5fbdbe1030e8b241473aeee,2026-09-30T02:20:59Z
mecon_treasury_maturity_capital_securities,2026-03-31,2026-05,monthly,capital,securities,category,35,Títulos públicos y Letras del Tesoro,18276.194953,million_usd,official_projection,mecon_quarterly_treasury_maturity_profile,https://www.argentina.gob.ar/sites/default/files/deuda_publica_31-03-2026.xlsx,fad7687446da2e312d5f442e4d8e4fe53af87303a5fbdbe1030e8b241473aeee,2026-09-30T02:20:59Z
mecon_treasury_maturity_capital_row_53,2026-03-31,2026-05,monthly,capital,securities,detail,53,"BONAR/$/6,72763943919512%/31-12-2028",0.246089,million_usd,official_projection,mecon_quarterly_treasury_maturity_profile,https://www.argentina.gob.ar/sites/default/files/deuda_publica_31-03-2026.xlsx,fad7687446da2e312d5f442e4d8e4fe53af87303a5fbdbe1030e8b241473aeee,2026-09-30T02:20:59Z
mecon_treasury_maturity_capital_row_56,2026-03-31,2026-05,monthly,capital,securities,detail,56,BONTE/$/BADLAR+400PB/17-08-31,0.213465,million_usd,official_projection,mecon_quarterly_treasury_maturity_profile,https://www.argentina.gob.ar/sites/default/files/deuda_publica_31-03-2026.xlsx,fad7687446da2e312d5f442e4d8e4fe53af87303a5fbdbe1030e8b241473aeee,2026-09-30T02:20:59Z
mecon_treasury_maturity_capital_row_58,2026-03-31,2026-05,monthly,capital,securities,detail,58,"BONTE/$/43,25%/23-05-2027",100.236094,million_usd,official_projection,mecon_quarterly_treasury_maturity_profile,https://www.argentina.gob.ar/sites/default/files/deuda_publica_31-03-2026.xlsx,fad7687446da2e312d5f442e4d8e4fe53af87303a5fbdbe1030e8b241473aeee,2026-09-30T02:20:59Z
mecon_treasury_maturity_capital_row_68,2026-03-31,2026-05,monthly,capital,securities,detail,68,BONCER/$+CER/2%/09-11-2026,1039.060130,million_usd,official_projection,mecon_quarterly_treasury_maturity_profile,https://www.argentina.gob.ar/sites/default/files/deuda_publica_31-03-2026.xlsx,fad7687446da2e312d5f442e4d8e4fe53af87303a5fbdbe1030e8b241473aeee,2026-09-30T02:20:59Z
mecon_treasury_maturity_capital_row_69,2026-03-31,2026-05,monthly,capital,securities,detail,69,"BONCER/$+CER/2,25%/09-11-2028",186.067748,million_usd,official_projection,mecon_quarterly_treasury_maturity_profile,https://www.argentina.gob.ar/sites/default/files/deuda_publica_31-03-2026.xlsx,fad7687446da2e312d5f442e4d8e4fe53af87303a5fbdbe1030e8b241473aeee,2026-09-30T02:20:59Z
mecon_treasury_maturity_capital_row_91,2026-03-31,2026-05,monthly,capital,securities,detail,91,LETRAS DEL TESORO,16945.211789,million_usd,official_projection,mecon_quarterly_treasury_maturity_profile,https://www.argentina.gob.ar/sites/default/files/deuda_publica_31-03-2026.xlsx,fad7687446da2e312d5f442e4d8e4fe53af87303a5fbdbe1030e8b241473aeee,2026-09-30T02:20:59Z
mecon_treasury_maturity_capital_row_92,2026-03-31,2026-05,monthly,capital,securities,detail,92,. En moneda nacional,16945.211789,million_usd,official_projection,mecon_quarterly_treasury_maturity_profile,https://www.argentina.gob.ar/sites/default/files/deuda_publica_31-03-2026.xlsx,fad7687446da2e312d5f442e4d8e4fe53af87303a5fbdbe1030e8b241473aeee,2026-09-30T02:20:59Z
mecon_treasury_maturity_capital_row_94,2026-03-31,2026-05,monthly,capital,securities,detail,94,OTROS (1),5.159637,million_usd,official_projection,mecon_quarterly_treasury_maturity_profile,https://www.argentina.gob.ar/sites/default/files/deuda_publica_31-03-2026.xlsx,fad7687446da2e312d5f442e4d8e4fe53af87303a5fbdbe1030e8b241473aeee,2026-09-30T02:20:59Z
mecon_treasury_maturity_capital_row_95,2026-03-31,2026-05,monthly,capital,securities,detail,95,En moneda nacional,5.159637,million_usd,official_projection,mecon_quarterly_treasury_maturity_profile,https://www.argentina.gob.ar/sites/default/files/deuda_publica_31-03-2026.xlsx,fad7687446da2e312d5f442e4d8e4fe53af87303a5fbdbe1030e8b241473aeee,2026-09-30T02:20:59Z
mecon_treasury_maturity_capital_row_99,2026-03-31,2026-05,monthly,capital,securities,detail,99,· No ajustable por CER,5.159637,million_usd,official_projection,mecon_quarterly_treasury_maturity_profile,https://www.argentina.gob.ar/sites/default/files/deuda_publica_31-03-2026.xlsx,fad7687446da2e312d5f442e4d8e4fe53af87303a5fbdbe1030e8b241473aeee,2026-09-30T02:20:59Z
mecon_treasury_maturity_capital_row_100,2026-03-31,2026-05,monthly,capital,securities,detail,100,· Bonos de consolidación,5.159637,million_usd,official_projection,mecon_quarterly_treasury_maturity_profile,https://www.argentina.gob.ar/sites/default/files/deuda_publica_31-03-2026.xlsx,fad7687446da2e312d5f442e4d8e4fe53af87303a5fbdbe1030e8b241473aeee,2026-09-30T02:20:59Z
mecon_treasury_maturity_capital_row_106,2026-03-31,2026-05,monthly,capital,securities,detail,106,TOTAL DEUDA DENOMINADA EN PESOS,18698.937841,million_usd,official_projection,mecon_quarterly_treasury_maturity_profile,https://www.argentina.gob.ar/sites/default/files/deuda_publica_31-03-2026.xlsx,fad7687446da2e312d5f442e4d8e4fe53af87303a5fbdbe1030e8b241473aeee,2026-09-30T02:20:59Z
mecon_treasury_maturity_capital_row_107,2026-03-31,2026-05,monthly,capital,securities,detail,107,· Deuda ajustable por CER,8742.186655,million_usd,official_projection,mecon_quarterly_treasury_maturity_profile,https://www.argentina.gob.ar/sites/default/files/deuda_publica_31-03-2026.xlsx,fad7687446da2e312d5f442e4d8e4fe53af87303a5fbdbe1030e8b241473aeee,2026-09-30T02:20:59Z
mecon_treasury_maturity_capital_row_108,2026-03-31,2026-05,monthly,capital,securities,detail,108,· Deuda no ajustable por CER,9956.751186,million_usd,official_projection,mecon_quarterly_treasury_maturity_profile,https://www.argentina.gob.ar/sites/default/files/deuda_publica_31-03-2026.xlsx,fad7687446da2e312d5f442e4d8e4fe53af87303a5fbdbe1030e8b241473aeee,2026-09-30T02:20:59Z
mecon_treasury_maturity_capital_row_109,2026-03-31,2026-05,monthly,capital,securities,detail,109,TOTAL DEUDA EN MONEDA EXTRANJERA,252.333854,million_usd,official_projection,mecon_quarterly_treasury_maturity_profile,https://www.argentina.gob.ar/sites/default/files/deuda_publica_31-03-2026.xlsx,fad7687446da2e312d5f442e4d8e4fe53af87303a5fbdbe1030e8b241473aeee,2026-09-30T02:20:59Z
mecon_treasury_maturity_interest_total,2026-03-31,2026-05,monthly,interest,total,total,13,Total,1262.577719,million_usd,official_projection,mecon_quarterly_treasury_maturity_profile,https://www.argentina.gob.ar/sites/default/files/deuda_publica_31-03-2026.xlsx,fad7687446da2e312d5f442e4d8e4fe53af87303a5fbdbe1030e8b241473aeee,2026-09-30T02:20:59Z
mecon_treasury_maturity_interest_row_15,2026-03-31,2026-05,monthly,interest,total,term,15,MEDIANO Y LARGO PLAZO,1262.577719,million_usd,official_projection,mecon_quarterly_treasury_maturity_profile,https://www.argentina.gob.ar/sites/default/files/deuda_publica_31-03-2026.xlsx,fad7687446da2e312d5f442e4d8e4fe53af87303a5fbdbe1030e8b241473aeee,2026-09-30T02:20:59Z
mecon_treasury_maturity_interest_loans,2026-03-31,2026-05,monthly,interest,loans,category,17,Préstamos,956.608582,million_usd,official_projection,mecon_quarterly_treasury_maturity_profile,https://www.argentina.gob.ar/sites/default/files/deuda_publica_31-03-2026.xlsx,fad7687446da2e312d5f442e4d8e4fe53af87303a5fbdbe1030e8b241473aeee,2026-09-30T02:20:59Z
mecon_treasury_maturity_interest_row_18,2026-03-31,2026-05,monthly,interest,loans,detail,18,Organismos Internacionales,948.479180,million_usd,official_projection,mecon_quarterly_treasury_maturity_profile,https://www.argentina.gob.ar/sites/default/files/deuda_publica_31-03-2026.xlsx,fad7687446da2e312d5f442e4d8e4fe53af87303a5fbdbe1030e8b241473aeee,2026-09-30T02:20:59Z
mecon_treasury_maturity_interest_row_19,2026-03-31,2026-05,monthly,interest,loans,detail,19,. BIRF,26.469608,million_usd,official_projection,mecon_quarterly_treasury_maturity_profile,https://www.argentina.gob.ar/sites/default/files/deuda_publica_31-03-2026.xlsx,fad7687446da2e312d5f442e4d8e4fe53af87303a5fbdbe1030e8b241473aeee,2026-09-30T02:20:59Z
mecon_treasury_maturity_interest_row_20,2026-03-31,2026-05,monthly,interest,loans,detail,20,. BID,138.655187,million_usd,official_projection,mecon_quarterly_treasury_maturity_profile,https://www.argentina.gob.ar/sites/default/files/deuda_publica_31-03-2026.xlsx,fad7687446da2e312d5f442e4d8e4fe53af87303a5fbdbe1030e8b241473aeee,2026-09-30T02:20:59Z
mecon_treasury_maturity_interest_row_21,2026-03-31,2026-05,monthly,interest,loans,detail,21,. FMI,752.504371,million_usd,official_projection,mecon_quarterly_treasury_maturity_profile,https://www.argentina.gob.ar/sites/default/files/deuda_publica_31-03-2026.xlsx,fad7687446da2e312d5f442e4d8e4fe53af87303a5fbdbe1030e8b241473aeee,2026-09-30T02:20:59Z
mecon_treasury_maturity_interest_row_22,2026-03-31,2026-05,monthly,interest,loans,detail,22,. Otros,30.850013,million_usd,official_projection,mecon_quarterly_treasury_maturity_profile,https://www.argentina.gob.ar/sites/default/files/deuda_publica_31-03-2026.xlsx,fad7687446da2e312d5f442e4d8e4fe53af87303a5fbdbe1030e8b241473aeee,2026-09-30T02:20:59Z
mecon_treasury_maturity_interest_row_23,2026-03-31,2026-05,monthly,interest,loans,detail,23,Préstamos Garantizados,4.424701,million_usd,official_projection,mecon_quarterly_treasury_maturity_profile,https://www.argentina.gob.ar/sites/default/files/deuda_publica_31-03-2026.xlsx,fad7687446da2e312d5f442e4d8e4fe53af87303a5fbdbe1030e8b241473aeee,2026-09-30T02:20:59Z
mecon_treasury_maturity_interest_row_24,2026-03-31,2026-05,monthly,interest,loans,detail,24,. En moneda nacional ajustable por CER,4.424701,million_usd,official_projection,mecon_quarterly_treasury_maturity_profile,https://www.argentina.gob.ar/sites/default/files/deuda_publica_31-03-2026.xlsx,fad7687446da2e312d5f442e4d8e4fe53af87303a5fbdbe1030e8b241473aeee,2026-09-30T02:20:59Z
mecon_treasury_maturity_interest_row_25,2026-03-31,2026-05,monthly,interest,loans,detail,25,Banca Comercial,1.835204,million_usd,official_projection,mecon_quarterly_treasury_maturity_profile,https://www.argentina.gob.ar/sites/default/files/deuda_publica_31-03-2026.xlsx,fad7687446da2e312d5f442e4d8e4fe53af87303a5fbdbe1030e8b241473aeee,2026-09-30T02:20:59Z
mecon_treasury_maturity_interest_row_26,2026-03-31,2026-05,monthly,interest,loans,detail,26,. En moneda extranjera,1.835204,million_usd,official_projection,mecon_quarterly_treasury_maturity_profile,https://www.argentina.gob.ar/sites/default/files/deuda_publica_31-03-2026.xlsx,fad7687446da2e312d5f442e4d8e4fe53af87303a5fbdbe1030e8b241473aeee,2026-09-30T02:20:59Z
mecon_treasury_maturity_interest_row_27,2026-03-31,2026-05,monthly,interest,loans,detail,27,Otros,1.835204,million_usd,official_projection,mecon_quarterly_treasury_maturity_profile,https://www.argentina.gob.ar/sites/default/files/deuda_publica_31-03-2026.xlsx,fad7687446da2e312d5f442e4d8e4fe53af87303a5fbdbe1030e8b241473aeee,2026-09-30T02:20:59Z
mecon_treasury_maturity_interest_row_28,2026-03-31,2026-05,monthly,interest,loans,detail,28,Organismos Oficiales,0.987820,million_usd,official_projection,mecon_quarterly_treasury_maturity_profile,https://www.argentina.gob.ar/sites/default/files/deuda_publica_31-03-2026.xlsx,fad7687446da2e312d5f442e4d8e4fe53af87303a5fbdbe1030e8b241473aeee,2026-09-30T02:20:59Z
mecon_treasury_maturity_interest_row_32,2026-03-31,2026-05,monthly,interest,loans,detail,32,Avales,0.881676,million_usd,official_projection,mecon_quarterly_treasury_maturity_profile,https://www.argentina.gob.ar/sites/default/files/deuda_publica_31-03-2026.xlsx,fad7687446da2e312d5f442e4d8e4fe53af87303a5fbdbe1030e8b241473aeee,2026-09-30T02:20:59Z
mecon_treasury_maturity_interest_row_34,2026-03-31,2026-05,monthly,interest,loans,detail,34,. En moneda extranjera,0.881676,million_usd,official_projection,mecon_quarterly_treasury_maturity_profile,https://www.argentina.gob.ar/sites/default/files/deuda_publica_31-03-2026.xlsx,fad7687446da2e312d5f442e4d8e4fe53af87303a5fbdbe1030e8b241473aeee,2026-09-30T02:20:59Z
mecon_treasury_maturity_interest_securities,2026-03-31,2026-05,monthly,interest,securities,category,36,Títulos públicos y Letras del Tesoro,305.969137,million_usd,official_projection,mecon_quarterly_treasury_maturity_profile,https://www.argentina.gob.ar/sites/default/files/deuda_publica_31-03-2026.xlsx,fad7687446da2e312d5f442e4d8e4fe53af87303a5fbdbe1030e8b241473aeee,2026-09-30T02:20:59Z
mecon_treasury_maturity_interest_row_57,2026-03-31,2026-05,monthly,interest,securities,detail,57,"BONAR/$/6,72763943919512%/31-12-2028",0.048218,million_usd,official_projection,mecon_quarterly_treasury_maturity_profile,https://www.argentina.gob.ar/sites/default/files/deuda_publica_31-03-2026.xlsx,fad7687446da2e312d5f442e4d8e4fe53af87303a5fbdbe1030e8b241473aeee,2026-09-30T02:20:59Z
mecon_treasury_maturity_interest_row_59,2026-03-31,2026-05,monthly,interest,securities,detail,59,BONAR/U$S/6%/29-10-2027,3.602624,million_usd,official_projection,mecon_quarterly_treasury_maturity_profile,https://www.argentina.gob.ar/sites/default/files/deuda_publica_31-03-2026.xlsx,fad7687446da2e312d5f442e4d8e4fe53af87303a5fbdbe1030e8b241473aeee,2026-09-30T02:20:59Z
mecon_treasury_maturity_interest_row_60,2026-03-31,2026-05,monthly,interest,securities,detail,60,BONAR/U$S/6%/31-10-2028,0.899747,million_usd,official_projection,mecon_quarterly_treasury_maturity_profile,https://www.argentina.gob.ar/sites/default/files/deuda_publica_31-03-2026.xlsx,fad7687446da2e312d5f442e4d8e4fe53af87303a5fbdbe1030e8b241473aeee,2026-09-30T02:20:59Z
mecon_treasury_maturity_interest_row_62,2026-03-31,2026-05,monthly,interest,securities,detail,62,"BONCER/$/2,50%+CER/30-11-2031",15.188228,million_usd,official_projection,mecon_quarterly_treasury_maturity_profile,https://www.argentina.gob.ar/sites/default/files/deuda_publica_31-03-2026.xlsx,fad7687446da2e312d5f442e4d8e4fe53af87303a5fbdbe1030e8b241473aeee,2026-09-30T02:20:59Z
mecon_treasury_maturity_interest_row_63,2026-03-31,2026-05,monthly,interest,securities,detail,63,BONCER/$+CER/2%/09-11-2026,20.781203,million_usd,official_projection,mecon_quarterly_treasury_maturity_profile,https://www.argentina.gob.ar/sites/default/files/deuda_publica_31-03-2026.xlsx,fad7687446da2e312d5f442e4d8e4fe53af87303a5fbdbe1030e8b241473aeee,2026-09-30T02:20:59Z
mecon_treasury_maturity_interest_row_64,2026-03-31,2026-05,monthly,interest,securities,detail,64,"BONCER/$+CER/2,25%/09-11-2028",12.559573,million_usd,official_projection,mecon_quarterly_treasury_maturity_profile,https://www.argentina.gob.ar/sites/default/files/deuda_publica_31-03-2026.xlsx,fad7687446da2e312d5f442e4d8e4fe53af87303a5fbdbe1030e8b241473aeee,2026-09-30T02:20:59Z
mecon_treasury_maturity_interest_row_84,2026-03-31,2026-05,monthly,interest,securities,detail,84,"BONTE/$/43,25%/23-05-2027",32.824123,million_usd,official_projection,mecon_quarterly_treasury_maturity_profile,https://www.argentina.gob.ar/sites/default/files/deuda_publica_31-03-2026.xlsx,fad7687446da2e312d5f442e4d8e4fe53af87303a5fbdbe1030e8b241473aeee,2026-09-30T02:20:59Z
mecon_treasury_maturity_interest_row_86,2026-03-31,2026-05,monthly,interest,securities,detail,86,BONTE/$/BADLAR/23-11-2027,3.521167,million_usd,official_projection,mecon_quarterly_treasury_maturity_profile,https://www.argentina.gob.ar/sites/default/files/deuda_publica_31-03-2026.xlsx,fad7687446da2e312d5f442e4d8e4fe53af87303a5fbdbe1030e8b241473aeee,2026-09-30T02:20:59Z
mecon_treasury_maturity_interest_row_87,2026-03-31,2026-05,monthly,interest,securities,detail,87,"BONTE/$/29,50%/30-05-2030",180.466588,million_usd,official_projection,mecon_quarterly_treasury_maturity_profile,https://www.argentina.gob.ar/sites/default/files/deuda_publica_31-03-2026.xlsx,fad7687446da2e312d5f442e4d8e4fe53af87303a5fbdbe1030e8b241473aeee,2026-09-30T02:20:59Z
mecon_treasury_maturity_interest_row_88,2026-03-31,2026-05,monthly,interest,securities,detail,88,BONTE/$/BADLAR+400PB/17-08-31,0.379593,million_usd,official_projection,mecon_quarterly_treasury_maturity_profile,https://www.argentina.gob.ar/sites/default/files/deuda_publica_31-03-2026.xlsx,fad7687446da2e312d5f442e4d8e4fe53af87303a5fbdbe1030e8b241473aeee,2026-09-30T02:20:59Z
mecon_treasury_maturity_interest_row_89,2026-03-31,2026-05,monthly,interest,securities,detail,89,"BONTE/U$S/6,5%/30-11-2029",30.333333,million_usd,official_projection,mecon_quarterly_treasury_maturity_profile,https://www.argentina.gob.ar/sites/default/files/deuda_publica_31-03-2026.xlsx,fad7687446da2e312d5f442e4d8e4fe53af87303a5fbdbe1030e8b241473aeee,2026-09-30T02:20:59Z
mecon_treasury_maturity_interest_row_94,2026-03-31,2026-05,monthly,interest,securities,detail,94,OTROS (1),5.364739,million_usd,official_projection,mecon_quarterly_treasury_maturity_profile,https://www.argentina.gob.ar/sites/default/files/deuda_publica_31-03-2026.xlsx,fad7687446da2e312d5f442e4d8e4fe53af87303a5fbdbe1030e8b241473aeee,2026-09-30T02:20:59Z
mecon_treasury_maturity_interest_row_95,2026-03-31,2026-05,monthly,interest,securities,detail,95,. En moneda nacional,5.364739,million_usd,official_projection,mecon_quarterly_treasury_maturity_profile,https://www.argentina.gob.ar/sites/default/files/deuda_publica_31-03-2026.xlsx,fad7687446da2e312d5f442e4d8e4fe53af87303a5fbdbe1030e8b241473aeee,2026-09-30T02:20:59Z
mecon_treasury_maturity_interest_row_98,2026-03-31,2026-05,monthly,interest,securities,detail,98,· No ajustable por CER,5.364739,million_usd,official_projection,mecon_quarterly_treasury_maturity_profile,https://www.argentina.gob.ar/sites/default/files/deuda_publica_31-03-2026.xlsx,fad7687446da2e312d5f442e4d8e4fe53af87303a5fbdbe1030e8b241473aeee,2026-09-30T02:20:59Z
mecon_treasury_maturity_interest_row_99,2026-03-31,2026-05,monthly,interest,securities,detail,99,· Bonos de consolidación,5.364739,million_usd,official_projection,mecon_quarterly_treasury_maturity_profile,https://www.argentina.gob.ar/sites/default/files/deuda_publica_31-03-2026.xlsx,fad7687446da2e312d5f442e4d8e4fe53af87303a5fbdbe1030e8b241473aeee,2026-09-30T02:20:59Z
mecon_treasury_maturity_interest_row_104,2026-03-31,2026-05,monthly,interest,securities,detail,104,TOTAL DEUDA DENOMINADA EN PESOS,275.558133,million_usd,official_projection,mecon_quarterly_treasury_maturity_profile,https://www.argentina.gob.ar/sites/default/files/deuda_publica_31-03-2026.xlsx,fad7687446da2e312d5f442e4d8e4fe53af87303a5fbdbe1030e8b241473aeee,2026-09-30T02:20:59Z
mecon_treasury_maturity_interest_row_105,2026-03-31,2026-05,monthly,interest,securities,detail,105,· Deuda ajustable por CER,52.953704,million_usd,official_projection,mecon_quarterly_treasury_maturity_profile,https://www.argentina.gob.ar/sites/default/files/deuda_publica_31-03-2026.xlsx,fad7687446da2e312d5f442e4d8e4fe53af87303a5fbdbe1030e8b241473aeee,2026-09-30T02:20:59Z
mecon_treasury_maturity_interest_row_106,2026-03-31,2026-05,monthly,interest,securities,detail,106,· Deuda no ajustable por CER,222.604429,million_usd,official_projection,mecon_quarterly_treasury_maturity_profile,https://www.argentina.gob.ar/sites/default/files/deuda_publica_31-03-2026.xlsx,fad7687446da2e312d5f442e4d8e4fe53af87303a5fbdbe1030e8b241473aeee,2026-09-30T02:20:59Z
mecon_treasury_maturity_interest_row_107,2026-03-31,2026-05,monthly,interest,securities,detail,107,TOTAL DEUDA EN MONEDA EXTRANJERA,987.019585,million_usd,official_projection,mecon_quarterly_treasury_maturity_profile,https://www.argentina.gob.ar/sites/default/files/deuda_publica_31-03-2026.xlsx,fad7687446da2e312d5f442e4d8e4fe53af87303a5fbdbe1030e8b241473aeee,2026-09-30T02:20:59Z
mecon_treasury_maturity_capital_total,2026-03-31,2026-06,monthly,capital,total,total,13,Total,14170.201183,million_usd,official_projection,mecon_quarterly_treasury_maturity_profile,https://www.argentina.gob.ar/sites/default/files/deuda_publica_31-03-2026.xlsx,fad7687446da2e312d5f442e4d8e4fe53af87303a5fbdbe1030e8b241473aeee,2026-09-30T02:20:59Z
mecon_treasury_maturity_capital_row_14,2026-03-31,2026-06,monthly,capital,total,term,14,CORTO PLAZO,480.057258,million_usd,official_projection,mecon_quarterly_treasury_maturity_profile,https://www.argentina.gob.ar/sites/default/files/deuda_publica_31-03-2026.xlsx,fad7687446da2e312d5f442e4d8e4fe53af87303a5fbdbe1030e8b241473aeee,2026-09-30T02:20:59Z
mecon_treasury_maturity_capital_row_15,2026-03-31,2026-06,monthly,capital,total,term,15,MEDIANO Y LARGO PLAZO,13690.143925,million_usd,official_projection,mecon_quarterly_treasury_maturity_profile,https://www.argentina.gob.ar/sites/default/files/deuda_publica_31-03-2026.xlsx,fad7687446da2e312d5f442e4d8e4fe53af87303a5fbdbe1030e8b241473aeee,2026-09-30T02:20:59Z
mecon_treasury_maturity_capital_loans,2026-03-31,2026-06,monthly,capital,loans,category,17,Préstamos,137.051435,million_usd,official_projection,mecon_quarterly_treasury_maturity_profile,https://www.argentina.gob.ar/sites/default/files/deuda_publica_31-03-2026.xlsx,fad7687446da2e312d5f442e4d8e4fe53af87303a5fbdbe1030e8b241473aeee,2026-09-30T02:20:59Z
mecon_treasury_maturity_capital_row_18,2026-03-31,2026-06,monthly,capital,loans,detail,18,Organismos Internacionales,118.244489,million_usd,official_projection,mecon_quarterly_treasury_maturity_profile,https://www.argentina.gob.ar/sites/default/files/deuda_publica_31-03-2026.xlsx,fad7687446da2e312d5f442e4d8e4fe53af87303a5fbdbe1030e8b241473aeee,2026-09-30T02:20:59Z
mecon_treasury_maturity_capital_row_19,2026-03-31,2026-06,monthly,capital,loans,detail,19,. BIRF,42.560399,million_usd,official_projection,mecon_quarterly_treasury_maturity_profile,https://www.argentina.gob.ar/sites/default/files/deuda_publica_31-03-2026.xlsx,fad7687446da2e312d5f442e4d8e4fe53af87303a5fbdbe1030e8b241473aeee,2026-09-30T02:20:59Z
mecon_treasury_maturity_capital_row_20,2026-03-31,2026-06,monthly,capital,loans,detail,20,. BID,21.341358,million_usd,official_projection,mecon_quarterly_treasury_maturity_profile,https://www.argentina.gob.ar/sites/default/files/deuda_publica_31-03-2026.xlsx,fad7687446da2e312d5f442e4d8e4fe53af87303a5fbdbe1030e8b241473aeee,2026-09-30T02:20:59Z
mecon_treasury_maturity_capital_row_22,2026-03-31,2026-06,monthly,capital,loans,detail,22,. Otros,54.342732,million_usd,official_projection,mecon_quarterly_treasury_maturity_profile,https://www.argentina.gob.ar/sites/default/files/deuda_publica_31-03-2026.xlsx,fad7687446da2e312d5f442e4d8e4fe53af87303a5fbdbe1030e8b241473aeee,2026-09-30T02:20:59Z
mecon_treasury_maturity_capital_row_23,2026-03-31,2026-06,monthly,capital,loans,detail,23,Banca Comercial,2.466670,million_usd,official_projection,mecon_quarterly_treasury_maturity_profile,https://www.argentina.gob.ar/sites/default/files/deuda_publica_31-03-2026.xlsx,fad7687446da2e312d5f442e4d8e4fe53af87303a5fbdbe1030e8b241473aeee,2026-09-30T02:20:59Z
mecon_treasury_maturity_capital_row_26,2026-03-31,2026-06,monthly,capital,loans,detail,26,. En moneda extranjera,2.466670,million_usd,official_projection,mecon_quarterly_treasury_maturity_profile,https://www.argentina.gob.ar/sites/default/files/deuda_publica_31-03-2026.xlsx,fad7687446da2e312d5f442e4d8e4fe53af87303a5fbdbe1030e8b241473aeee,2026-09-30T02:20:59Z
mecon_treasury_maturity_capital_row_27,2026-03-31,2026-06,monthly,capital,loans,detail,27,Otros,2.466670,million_usd,official_projection,mecon_quarterly_treasury_maturity_profile,https://www.argentina.gob.ar/sites/default/files/deuda_publica_31-03-2026.xlsx,fad7687446da2e312d5f442e4d8e4fe53af87303a5fbdbe1030e8b241473aeee,2026-09-30T02:20:59Z
mecon_treasury_maturity_capital_row_28,2026-03-31,2026-06,monthly,capital,loans,detail,28,Organismos Oficiales,1.364965,million_usd,official_projection,mecon_quarterly_treasury_maturity_profile,https://www.argentina.gob.ar/sites/default/files/deuda_publica_31-03-2026.xlsx,fad7687446da2e312d5f442e4d8e4fe53af87303a5fbdbe1030e8b241473aeee,2026-09-30T02:20:59Z
mecon_treasury_maturity_capital_row_29,2026-03-31,2026-06,monthly,capital,loans,detail,29,Avales,14.975310,million_usd,official_projection,mecon_quarterly_treasury_maturity_profile,https://www.argentina.gob.ar/sites/default/files/deuda_publica_31-03-2026.xlsx,fad7687446da2e312d5f442e4d8e4fe53af87303a5fbdbe1030e8b241473aeee,2026-09-30T02:20:59Z
mecon_treasury_maturity_capital_row_31,2026-03-31,2026-06,monthly,capital,loans,detail,31,. En moneda extranjera,14.975310,million_usd,official_projection,mecon_quarterly_treasury_maturity_profile,https://www.argentina.gob.ar/sites/default/files/deuda_publica_31-03-2026.xlsx,fad7687446da2e312d5f442e4d8e4fe53af87303a5fbdbe1030e8b241473aeee,2026-09-30T02:20:59Z
mecon_treasury_maturity_capital_bcra_advances,2026-03-31,2026-06,monthly,capital,bcra_advances,category,33,Adelantos transitorios BCRA,472.244669,million_usd,official_projection,mecon_quarterly_treasury_maturity_profile,https://www.argentina.gob.ar/sites/default/files/deuda_publica_31-03-2026.xlsx,fad7687446da2e312d5f442e4d8e4fe53af87303a5fbdbe1030e8b241473aeee,2026-09-30T02:20:59Z
mecon_treasury_maturity_capital_securities,2026-03-31,2026-06,monthly,capital,securities,category,35,Títulos públicos y Letras del Tesoro,13560.905078,million_usd,official_projection,mecon_quarterly_treasury_maturity_profile,https://www.argentina.gob.ar/sites/default/files/deuda_publica_31-03-2026.xlsx,fad7687446da2e312d5f442e4d8e4fe53af87303a5fbdbe1030e8b241473aeee,2026-09-30T02:20:59Z
mecon_treasury_maturity_capital_row_36,2026-03-31,2026-06,monthly,capital,securities,detail,36,"Discount/$+CER/5,83%/2033",100.543063,million_usd,official_projection,mecon_quarterly_treasury_maturity_profile,https://www.argentina.gob.ar/sites/default/files/deuda_publica_31-03-2026.xlsx,fad7687446da2e312d5f442e4d8e4fe53af87303a5fbdbe1030e8b241473aeee,2026-09-30T02:20:59Z
mecon_treasury_maturity_capital_row_37,2026-03-31,2026-06,monthly,capital,securities,detail,37,Emisión Canje 2005,97.633989,million_usd,official_projection,mecon_quarterly_treasury_maturity_profile,https://www.argentina.gob.ar/sites/default/files/deuda_publica_31-03-2026.xlsx,fad7687446da2e312d5f442e4d8e4fe53af87303a5fbdbe1030e8b241473aeee,2026-09-30T02:20:59Z
mecon_treasury_maturity_capital_row_38,2026-03-31,2026-06,monthly,capital,securities,detail,38,Emisión Canje 2010,2.909075,million_usd,official_projection,mecon_quarterly_treasury_maturity_profile,https://www.argentina.gob.ar/sites/default/files/deuda_publica_31-03-2026.xlsx,fad7687446da2e312d5f442e4d8e4fe53af87303a5fbdbe1030e8b241473aeee,2026-09-30T02:20:59Z
mecon_treasury_maturity_capital_row_39,2026-03-31,2026-06,monthly,capital,securities,detail,39,"Discount/JPY/4,33%/2033",3.095152,million_usd,official_projection,mecon_quarterly_treasury_maturity_profile,https://www.argentina.gob.ar/sites/default/files/deuda_publica_31-03-2026.xlsx,fad7687446da2e312d5f442e4d8e4fe53af87303a5fbdbe1030e8b241473aeee,2026-09-30T02:20:59Z
mecon_treasury_maturity_capital_row_40,2026-03-31,2026-06,monthly,capital,securities,detail,40,Emisión Canje 2005,2.135550,million_usd,official_projection,mecon_quarterly_treasury_maturity_profile,https://www.argentina.gob.ar/sites/default/files/deuda_publica_31-03-2026.xlsx,fad7687446da2e312d5f442e4d8e4fe53af87303a5fbdbe1030e8b241473aeee,2026-09-30T02:20:59Z
mecon_treasury_maturity_capital_row_41,2026-03-31,2026-06,monthly,capital,securities,detail,41,Emisión Canje 2010,0.959602,million_usd,official_projection,mecon_quarterly_treasury_maturity_profile,https://www.argentina.gob.ar/sites/default/files/deuda_publica_31-03-2026.xlsx,fad7687446da2e312d5f442e4d8e4fe53af87303a5fbdbe1030e8b241473aeee,2026-09-30T02:20:59Z
mecon_treasury_maturity_capital_row_53,2026-03-31,2026-06,monthly,capital,securities,detail,53,"BONAR/$/6,72763943919512%/31-12-2028",0.247469,million_usd,official_projection,mecon_quarterly_treasury_maturity_profile,https://www.argentina.gob.ar/sites/default/files/deuda_publica_31-03-2026.xlsx,fad7687446da2e312d5f442e4d8e4fe53af87303a5fbdbe1030e8b241473aeee,2026-09-30T02:20:59Z
mecon_treasury_maturity_capital_row_57,2026-03-31,2026-06,monthly,capital,securities,detail,57,BONTE /$/ BADLAR/22-12-2026,0.509628,million_usd,official_projection,mecon_quarterly_treasury_maturity_profile,https://www.argentina.gob.ar/sites/default/files/deuda_publica_31-03-2026.xlsx,fad7687446da2e312d5f442e4d8e4fe53af87303a5fbdbe1030e8b241473aeee,2026-09-30T02:20:59Z
mecon_treasury_maturity_capital_row_60,2026-03-31,2026-06,monthly,capital,securities,detail,60,BONTE/U$S/30-06-2026,1905.642583,million_usd,official_projection,mecon_quarterly_treasury_maturity_profile,https://www.argentina.gob.ar/sites/default/files/deuda_publica_31-03-2026.xlsx,fad7687446da2e312d5f442e4d8e4fe53af87303a5fbdbe1030e8b241473aeee,2026-09-30T02:20:59Z
mecon_treasury_maturity_capital_row_62,2026-03-31,2026-06,monthly,capital,securities,detail,62,BONTE/DLK/30-06-2026,22.054321,million_usd,official_projection,mecon_quarterly_treasury_maturity_profile,https://www.argentina.gob.ar/sites/default/files/deuda_publica_31-03-2026.xlsx,fad7687446da2e312d5f442e4d8e4fe53af87303a5fbdbe1030e8b241473aeee,2026-09-30T02:20:59Z
mecon_treasury_maturity_capital_row_65,2026-03-31,2026-06,monthly,capital,securities,detail,65,BONCER/$/0%+CER/30-06-2026,5863.309880,million_usd,official_projection,mecon_quarterly_treasury_maturity_profile,https://www.argentina.gob.ar/sites/default/files/deuda_publica_31-03-2026.xlsx,fad7687446da2e312d5f442e4d8e4fe53af87303a5fbdbe1030e8b241473aeee,2026-09-30T02:20:59Z
mecon_treasury_maturity_capital_row_82,2026-03-31,2026-06,monthly,capital,securities,detail,82,BONCAP DUAL/$/30-06-2026,3869.543233,million_usd,official_projection,mecon_quarterly_treasury_maturity_profile,https://www.argentina.gob.ar/sites/default/files/deuda_publica_31-03-2026.xlsx,fad7687446da2e312d5f442e4d8e4fe53af87303a5fbdbe1030e8b241473aeee,2026-09-30T02:20:59Z
mecon_treasury_maturity_capital_row_83,2026-03-31,2026-06,monthly,capital,securities,detail,83,BONCAP/$/30-06-2026,1795.959749,million_usd,official_projection,mecon_quarterly_treasury_maturity_profile,https://www.argentina.gob.ar/sites/default/files/deuda_publica_31-03-2026.xlsx,fad7687446da2e312d5f442e4d8e4fe53af87303a5fbdbe1030e8b241473aeee,2026-09-30T02:20:59Z
mecon_treasury_maturity_capital_row_106,2026-03-31,2026-06,monthly,capital,securities,detail,106,TOTAL DEUDA DENOMINADA EN PESOS,14030.054596,million_usd,official_projection,mecon_quarterly_treasury_maturity_profile,https://www.argentina.gob.ar/sites/default/files/deuda_publica_31-03-2026.xlsx,fad7687446da2e312d5f442e4d8e4fe53af87303a5fbdbe1030e8b241473aeee,2026-09-30T02:20:59Z
mecon_treasury_maturity_capital_row_107,2026-03-31,2026-06,monthly,capital,securities,detail,107,· Deuda ajustable por CER,5963.852943,million_usd,official_projection,mecon_quarterly_treasury_maturity_profile,https://www.argentina.gob.ar/sites/default/files/deuda_publica_31-03-2026.xlsx,fad7687446da2e312d5f442e4d8e4fe53af87303a5fbdbe1030e8b241473aeee,2026-09-30T02:20:59Z
mecon_treasury_maturity_capital_row_108,2026-03-31,2026-06,monthly,capital,securities,detail,108,· Deuda no ajustable por CER,8066.201652,million_usd,official_projection,mecon_quarterly_treasury_maturity_profile,https://www.argentina.gob.ar/sites/default/files/deuda_publica_31-03-2026.xlsx,fad7687446da2e312d5f442e4d8e4fe53af87303a5fbdbe1030e8b241473aeee,2026-09-30T02:20:59Z
mecon_treasury_maturity_capital_row_109,2026-03-31,2026-06,monthly,capital,securities,detail,109,TOTAL DEUDA EN MONEDA EXTRANJERA,140.146587,million_usd,official_projection,mecon_quarterly_treasury_maturity_profile,https://www.argentina.gob.ar/sites/default/files/deuda_publica_31-03-2026.xlsx,fad7687446da2e312d5f442e4d8e4fe53af87303a5fbdbe1030e8b241473aeee,2026-09-30T02:20:59Z
mecon_treasury_maturity_interest_total,2026-03-31,2026-06,monthly,interest,total,total,13,Total,452.936690,million_usd,official_projection,mecon_quarterly_treasury_maturity_profile,https://www.argentina.gob.ar/sites/default/files/deuda_publica_31-03-2026.xlsx,fad7687446da2e312d5f442e4d8e4fe53af87303a5fbdbe1030e8b241473aeee,2026-09-30T02:20:59Z
mecon_treasury_maturity_interest_row_15,2026-03-31,2026-06,monthly,interest,total,term,15,MEDIANO Y LARGO PLAZO,452.936690,million_usd,official_projection,mecon_quarterly_treasury_maturity_profile,https://www.argentina.gob.ar/sites/default/files/deuda_publica_31-03-2026.xlsx,fad7687446da2e312d5f442e4d8e4fe53af87303a5fbdbe1030e8b241473aeee,2026-09-30T02:20:59Z
mecon_treasury_maturity_interest_loans,2026-03-31,2026-06,monthly,interest,loans,category,17,Préstamos,173.213781,million_usd,official_projection,mecon_quarterly_treasury_maturity_profile,https://www.argentina.gob.ar/sites/default/files/deuda_publica_31-03-2026.xlsx,fad7687446da2e312d5f442e4d8e4fe53af87303a5fbdbe1030e8b241473aeee,2026-09-30T02:20:59Z
mecon_treasury_maturity_interest_row_18,2026-03-31,2026-06,monthly,interest,loans,detail,18,Organismos Internacionales,138.861297,million_usd,official_projection,mecon_quarterly_treasury_maturity_profile,https://www.argentina.gob.ar/sites/default/files/deuda_publica_31-03-2026.xlsx,fad7687446da2e312d5f442e4d8e4fe53af87303a5fbdbe1030e8b241473aeee,2026-09-30T02:20:59Z
mecon_treasury_maturity_interest_row_19,2026-03-31,2026-06,monthly,interest,loans,detail,19,. BIRF,78.942816,million_usd,official_projection,mecon_quarterly_treasury_maturity_profile,https://www.argentina.gob.ar/sites/default/files/deuda_publica_31-03-2026.xlsx,fad7687446da2e312d5f442e4d8e4fe53af87303a5fbdbe1030e8b241473aeee,2026-09-30T02:20:59Z
mecon_treasury_maturity_interest_row_20,2026-03-31,2026-06,monthly,interest,loans,detail,20,. BID,30.430374,million_usd,official_projection,mecon_quarterly_treasury_maturity_profile,https://www.argentina.gob.ar/sites/default/files/deuda_publica_31-03-2026.xlsx,fad7687446da2e312d5f442e4d8e4fe53af87303a5fbdbe1030e8b241473aeee,2026-09-30T02:20:59Z
mecon_treasury_maturity_interest_row_22,2026-03-31,2026-06,monthly,interest,loans,detail,22,. Otros,29.488107,million_usd,official_projection,mecon_quarterly_treasury_maturity_profile,https://www.argentina.gob.ar/sites/default/files/deuda_publica_31-03-2026.xlsx,fad7687446da2e312d5f442e4d8e4fe53af87303a5fbdbe1030e8b241473aeee,2026-09-30T02:20:59Z
mecon_treasury_maturity_interest_row_23,2026-03-31,2026-06,monthly,interest,loans,detail,23,Préstamos Garantizados,4.534000,million_usd,official_projection,mecon_quarterly_treasury_maturity_profile,https://www.argentina.gob.ar/sites/default/files/deuda_publica_31-03-2026.xlsx,fad7687446da2e312d5f442e4d8e4fe53af87303a5fbdbe1030e8b241473aeee,2026-09-30T02:20:59Z
mecon_treasury_maturity_interest_row_24,2026-03-31,2026-06,monthly,interest,loans,detail,24,. En moneda nacional ajustable por CER,4.534000,million_usd,official_projection,mecon_quarterly_treasury_maturity_profile,https://www.argentina.gob.ar/sites/default/files/deuda_publica_31-03-2026.xlsx,fad7687446da2e312d5f442e4d8e4fe53af87303a5fbdbe1030e8b241473aeee,2026-09-30T02:20:59Z
mecon_treasury_maturity_interest_row_25,2026-03-31,2026-06,monthly,interest,loans,detail,25,Banca Comercial,0.187834,million_usd,official_projection,mecon_quarterly_treasury_maturity_profile,https://www.argentina.gob.ar/sites/default/files/deuda_publica_31-03-2026.xlsx,fad7687446da2e312d5f442e4d8e4fe53af87303a5fbdbe1030e8b241473aeee,2026-09-30T02:20:59Z
mecon_treasury_maturity_interest_row_26,2026-03-31,2026-06,monthly,interest,loans,detail,26,. En moneda extranjera,0.187834,million_usd,official_projection,mecon_quarterly_treasury_maturity_profile,https://www.argentina.gob.ar/sites/default/files/deuda_publica_31-03-2026.xlsx,fad7687446da2e312d5f442e4d8e4fe53af87303a5fbdbe1030e8b241473aeee,2026-09-30T02:20:59Z
mecon_treasury_maturity_interest_row_27,2026-03-31,2026-06,monthly,interest,loans,detail,27,Otros,0.187834,million_usd,official_projection,mecon_quarterly_treasury_maturity_profile,https://www.argentina.gob.ar/sites/default/files/deuda_publica_31-03-2026.xlsx,fad7687446da2e312d5f442e4d8e4fe53af87303a5fbdbe1030e8b241473aeee,2026-09-30T02:20:59Z
mecon_treasury_maturity_interest_row_28,2026-03-31,2026-06,monthly,interest,loans,detail,28,Organismos Oficiales,28.771549,million_usd,official_projection,mecon_quarterly_treasury_maturity_profile,https://www.argentina.gob.ar/sites/default/files/deuda_publica_31-03-2026.xlsx,fad7687446da2e312d5f442e4d8e4fe53af87303a5fbdbe1030e8b241473aeee,2026-09-30T02:20:59Z
mecon_treasury_maturity_interest_row_32,2026-03-31,2026-06,monthly,interest,loans,detail,32,Avales,0.859101,million_usd,official_projection,mecon_quarterly_treasury_maturity_profile,https://www.argentina.gob.ar/sites/default/files/deuda_publica_31-03-2026.xlsx,fad7687446da2e312d5f442e4d8e4fe53af87303a5fbdbe1030e8b241473aeee,2026-09-30T02:20:59Z
mecon_treasury_maturity_interest_row_34,2026-03-31,2026-06,monthly,interest,loans,detail,34,. En moneda extranjera,0.859101,million_usd,official_projection,mecon_quarterly_treasury_maturity_profile,https://www.argentina.gob.ar/sites/default/files/deuda_publica_31-03-2026.xlsx,fad7687446da2e312d5f442e4d8e4fe53af87303a5fbdbe1030e8b241473aeee,2026-09-30T02:20:59Z
mecon_treasury_maturity_interest_securities,2026-03-31,2026-06,monthly,interest,securities,category,36,Títulos públicos y Letras del Tesoro,279.722909,million_usd,official_projection,mecon_quarterly_treasury_maturity_profile,https://www.argentina.gob.ar/sites/default/files/deuda_publica_31-03-2026.xlsx,fad7687446da2e312d5f442e4d8e4fe53af87303a5fbdbe1030e8b241473aeee,2026-09-30T02:20:59Z
mecon_treasury_maturity_interest_row_49,2026-03-31,2026-06,monthly,interest,securities,detail,49,DESCUENTO,47.965445,million_usd,official_projection,mecon_quarterly_treasury_maturity_profile,https://www.argentina.gob.ar/sites/default/files/deuda_publica_31-03-2026.xlsx,fad7687446da2e312d5f442e4d8e4fe53af87303a5fbdbe1030e8b241473aeee,2026-09-30T02:20:59Z
mecon_treasury_maturity_interest_row_50,2026-03-31,2026-06,monthly,interest,securities,detail,50,"Discount/$+CER/5,83%/2033",46.893285,million_usd,official_projection,mecon_quarterly_treasury_maturity_profile,https://www.argentina.gob.ar/sites/default/files/deuda_publica_31-03-2026.xlsx,fad7687446da2e312d5f442e4d8e4fe53af87303a5fbdbe1030e8b241473aeee,2026-09-30T02:20:59Z
mecon_treasury_maturity_interest_row_51,2026-03-31,2026-06,monthly,interest,securities,detail,51,Emisión Canje 2005,45.536492,million_usd,official_projection,mecon_quarterly_treasury_maturity_profile,https://www.argentina.gob.ar/sites/default/files/deuda_publica_31-03-2026.xlsx,fad7687446da2e312d5f442e4d8e4fe53af87303a5fbdbe1030e8b241473aeee,2026-09-30T02:20:59Z
mecon_treasury_maturity_interest_row_52,2026-03-31,2026-06,monthly,interest,securities,detail,52,Emisión Canje 2010,1.356792,million_usd,official_projection,mecon_quarterly_treasury_maturity_profile,https://www.argentina.gob.ar/sites/default/files/deuda_publica_31-03-2026.xlsx,fad7687446da2e312d5f442e4d8e4fe53af87303a5fbdbe1030e8b241473aeee,2026-09-30T02:20:59Z
mecon_treasury_maturity_interest_row_53,2026-03-31,2026-06,monthly,interest,securities,detail,53,"Discount/JPY/4,33%/2033",1.072161,million_usd,official_projection,mecon_quarterly_treasury_maturity_profile,https://www.argentina.gob.ar/sites/default/files/deuda_publica_31-03-2026.xlsx,fad7687446da2e312d5f442e4d8e4fe53af87303a5fbdbe1030e8b241473aeee,2026-09-30T02:20:59Z
mecon_treasury_maturity_interest_row_54,2026-03-31,2026-06,monthly,interest,securities,detail,54,Emisión Canje 2005,0.739754,million_usd,official_projection,mecon_quarterly_treasury_maturity_profile,https://www.argentina.gob.ar/sites/default/files/deuda_publica_31-03-2026.xlsx,fad7687446da2e312d5f442e4d8e4fe53af87303a5fbdbe1030e8b241473aeee,2026-09-30T02:20:59Z
mecon_treasury_maturity_interest_row_55,2026-03-31,2026-06,monthly,interest,securities,detail,55,Emisión Canje 2010,0.332406,million_usd,official_projection,mecon_quarterly_treasury_maturity_profile,https://www.argentina.gob.ar/sites/default/files/deuda_publica_31-03-2026.xlsx,fad7687446da2e312d5f442e4d8e4fe53af87303a5fbdbe1030e8b241473aeee,2026-09-30T02:20:59Z
mecon_treasury_maturity_interest_row_56,2026-03-31,2026-06,monthly,interest,securities,detail,56,"CUASIPAR/$+CER/3,31%/2045",196.581630,million_usd,official_projection,mecon_quarterly_treasury_maturity_profile,https://www.argentina.gob.ar/sites/default/files/deuda_publica_31-03-2026.xlsx,fad7687446da2e312d5f442e4d8e4fe53af87303a5fbdbe1030e8b241473aeee,2026-09-30T02:20:59Z
mecon_treasury_maturity_interest_row_57,2026-03-31,2026-06,monthly,interest,securities,detail,57,"BONAR/$/6,72763943919512%/31-12-2028",0.046838,million_usd,official_projection,mecon_quarterly_treasury_maturity_profile,https://www.argentina.gob.ar/sites/default/files/deuda_publica_31-03-2026.xlsx,fad7687446da2e312d5f442e4d8e4fe53af87303a5fbdbe1030e8b241473aeee,2026-09-30T02:20:59Z
mecon_treasury_maturity_interest_row_59,2026-03-31,2026-06,monthly,interest,securities,detail,59,BONAR/U$S/6%/29-10-2027,3.851081,million_usd,official_projection,mecon_quarterly_treasury_maturity_profile,https://www.argentina.gob.ar/sites/default/files/deuda_publica_31-03-2026.xlsx,fad7687446da2e312d5f442e4d8e4fe53af87303a5fbdbe1030e8b241473aeee,2026-09-30T02:20:59Z
mecon_treasury_maturity_interest_row_60,2026-03-31,2026-06,monthly,interest,securities,detail,60,BONAR/U$S/6%/31-10-2028,0.961798,million_usd,official_projection,mecon_quarterly_treasury_maturity_profile,https://www.argentina.gob.ar/sites/default/files/deuda_publica_31-03-2026.xlsx,fad7687446da2e312d5f442e4d8e4fe53af87303a5fbdbe1030e8b241473aeee,2026-09-30T02:20:59Z
mecon_treasury_maturity_interest_row_82,2026-03-31,2026-06,monthly,interest,securities,detail,82,BONTE /$/ BADLAR/22-12-2026,0.112329,million_usd,official_projection,mecon_quarterly_treasury_maturity_profile,https://www.argentina.gob.ar/sites/default/files/deuda_publica_31-03-2026.xlsx,fad7687446da2e312d5f442e4d8e4fe53af87303a5fbdbe1030e8b241473aeee,2026-09-30T02:20:59Z
mecon_treasury_maturity_interest_row_90,2026-03-31,2026-06,monthly,interest,securities,detail,90,LETRA INTRANSFERIBLE - BCRA,30.203787,million_usd,official_projection,mecon_quarterly_treasury_maturity_profile,https://www.argentina.gob.ar/sites/default/files/deuda_publica_31-03-2026.xlsx,fad7687446da2e312d5f442e4d8e4fe53af87303a5fbdbe1030e8b241473aeee,2026-09-30T02:20:59Z
mecon_treasury_maturity_interest_row_104,2026-03-31,2026-06,monthly,interest,securities,detail,104,TOTAL DEUDA DENOMINADA EN PESOS,248.168082,million_usd,official_projection,mecon_quarterly_treasury_maturity_profile,https://www.argentina.gob.ar/sites/default/files/deuda_publica_31-03-2026.xlsx,fad7687446da2e312d5f442e4d8e4fe53af87303a5fbdbe1030e8b241473aeee,2026-09-30T02:20:59Z
mecon_treasury_maturity_interest_row_105,2026-03-31,2026-06,monthly,interest,securities,detail,105,· Deuda ajustable por CER,248.008914,million_usd,official_projection,mecon_quarterly_treasury_maturity_profile,https://www.argentina.gob.ar/sites/default/files/deuda_publica_31-03-2026.xlsx,fad7687446da2e312d5f442e4d8e4fe53af87303a5fbdbe1030e8b241473aeee,2026-09-30T02:20:59Z
mecon_treasury_maturity_interest_row_106,2026-03-31,2026-06,monthly,interest,securities,detail,106,· Deuda no ajustable por CER,0.159168,million_usd,official_projection,mecon_quarterly_treasury_maturity_profile,https://www.argentina.gob.ar/sites/default/files/deuda_publica_31-03-2026.xlsx,fad7687446da2e312d5f442e4d8e4fe53af87303a5fbdbe1030e8b241473aeee,2026-09-30T02:20:59Z
mecon_treasury_maturity_interest_row_107,2026-03-31,2026-06,monthly,interest,securities,detail,107,TOTAL DEUDA EN MONEDA EXTRANJERA,204.768608,million_usd,official_projection,mecon_quarterly_treasury_maturity_profile,https://www.argentina.gob.ar/sites/default/files/deuda_publica_31-03-2026.xlsx,fad7687446da2e312d5f442e4d8e4fe53af87303a5fbdbe1030e8b241473aeee,2026-09-30T02:20:59Z
mecon_treasury_maturity_capital_total,2026-03-31,2026-07,monthly,capital,total,total,13,Total,8292.628135,million_usd,official_projection,mecon_quarterly_treasury_maturity_profile,https://www.argentina.gob.ar/sites/default/files/deuda_publica_31-03-2026.xlsx,fad7687446da2e312d5f442e4d8e4fe53af87303a5fbdbe1030e8b241473aeee,2026-09-30T02:20:59Z
mecon_treasury_maturity_capital_row_14,2026-03-31,2026-07,monthly,capital,total,term,14,CORTO PLAZO,5247.831700,million_usd,official_projection,mecon_quarterly_treasury_maturity_profile,https://www.argentina.gob.ar/sites/default/files/deuda_publica_31-03-2026.xlsx,fad7687446da2e312d5f442e4d8e4fe53af87303a5fbdbe1030e8b241473aeee,2026-09-30T02:20:59Z
mecon_treasury_maturity_capital_row_15,2026-03-31,2026-07,monthly,capital,total,term,15,MEDIANO Y LARGO PLAZO,3044.796435,million_usd,official_projection,mecon_quarterly_treasury_maturity_profile,https://www.argentina.gob.ar/sites/default/files/deuda_publica_31-03-2026.xlsx,fad7687446da2e312d5f442e4d8e4fe53af87303a5fbdbe1030e8b241473aeee,2026-09-30T02:20:59Z
mecon_treasury_maturity_capital_loans,2026-03-31,2026-07,monthly,capital,loans,category,17,Préstamos,335.854795,million_usd,official_projection,mecon_quarterly_treasury_maturity_profile,https://www.argentina.gob.ar/sites/default/files/deuda_publica_31-03-2026.xlsx,fad7687446da2e312d5f442e4d8e4fe53af87303a5fbdbe1030e8b241473aeee,2026-09-30T02:20:59Z
mecon_treasury_maturity_capital_row_18,2026-03-31,2026-07,monthly,capital,loans,detail,18,Organismos Internacionales,96.352709,million_usd,official_projection,mecon_quarterly_treasury_maturity_profile,https://www.argentina.gob.ar/sites/default/files/deuda_publica_31-03-2026.xlsx,fad7687446da2e312d5f442e4d8e4fe53af87303a5fbdbe1030e8b241473aeee,2026-09-30T02:20:59Z
mecon_treasury_maturity_capital_row_19,2026-03-31,2026-07,monthly,capital,loans,detail,19,. BIRF,3.270479,million_usd,official_projection,mecon_quarterly_treasury_maturity_profile,https://www.argentina.gob.ar/sites/default/files/deuda_publica_31-03-2026.xlsx,fad7687446da2e312d5f442e4d8e4fe53af87303a5fbdbe1030e8b241473aeee,2026-09-30T02:20:59Z
mecon_treasury_maturity_capital_row_20,2026-03-31,2026-07,monthly,capital,loans,detail,20,. BID,58.302040,million_usd,official_projection,mecon_quarterly_treasury_maturity_profile,https://www.argentina.gob.ar/sites/default/files/deuda_publica_31-03-2026.xlsx,fad7687446da2e312d5f442e4d8e4fe53af87303a5fbdbe1030e8b241473aeee,2026-09-30T02:20:59Z
mecon_treasury_maturity_capital_row_22,2026-03-31,2026-07,monthly,capital,loans,detail,22,. Otros,34.780190,million_usd,official_projection,mecon_quarterly_treasury_maturity_profile,https://www.argentina.gob.ar/sites/default/files/deuda_publica_31-03-2026.xlsx,fad7687446da2e312d5f442e4d8e4fe53af87303a5fbdbe1030e8b241473aeee,2026-09-30T02:20:59Z
mecon_treasury_maturity_capital_row_28,2026-03-31,2026-07,monthly,capital,loans,detail,28,Organismos Oficiales,231.129441,million_usd,official_projection,mecon_quarterly_treasury_maturity_profile,https://www.argentina.gob.ar/sites/default/files/deuda_publica_31-03-2026.xlsx,fad7687446da2e312d5f442e4d8e4fe53af87303a5fbdbe1030e8b241473aeee,2026-09-30T02:20:59Z
mecon_treasury_maturity_capital_row_29,2026-03-31,2026-07,monthly,capital,loans,detail,29,Avales,8.372645,million_usd,official_projection,mecon_quarterly_treasury_maturity_profile,https://www.argentina.gob.ar/sites/default/files/deuda_publica_31-03-2026.xlsx,fad7687446da2e312d5f442e4d8e4fe53af87303a5fbdbe1030e8b241473aeee,2026-09-30T02:20:59Z
mecon_treasury_maturity_capital_row_31,2026-03-31,2026-07,monthly,capital,loans,detail,31,. En moneda extranjera,8.372645,million_usd,official_projection,mecon_quarterly_treasury_maturity_profile,https://www.argentina.gob.ar/sites/default/files/deuda_publica_31-03-2026.xlsx,fad7687446da2e312d5f442e4d8e4fe53af87303a5fbdbe1030e8b241473aeee,2026-09-30T02:20:59Z
mecon_treasury_maturity_capital_bcra_advances,2026-03-31,2026-07,monthly,capital,bcra_advances,category,33,Adelantos transitorios BCRA,80.997554,million_usd,official_projection,mecon_quarterly_treasury_maturity_profile,https://www.argentina.gob.ar/sites/default/files/deuda_publica_31-03-2026.xlsx,fad7687446da2e312d5f442e4d8e4fe53af87303a5fbdbe1030e8b241473aeee,2026-09-30T02:20:59Z
mecon_treasury_maturity_capital_securities,2026-03-31,2026-07,monthly,capital,securities,category,35,Títulos públicos y Letras del Tesoro,7875.775786,million_usd,official_projection,mecon_quarterly_treasury_maturity_profile,https://www.argentina.gob.ar/sites/default/files/deuda_publica_31-03-2026.xlsx,fad7687446da2e312d5f442e4d8e4fe53af87303a5fbdbe1030e8b241473aeee,2026-09-30T02:20:59Z
mecon_treasury_maturity_capital_row_42,2026-03-31,2026-07,monthly,capital,securities,detail,42,"BONO GLOBAL/EUR/0,125%/09-07-2030",107.738032,million_usd,official_projection,mecon_quarterly_treasury_maturity_profile,https://www.argentina.gob.ar/sites/default/files/deuda_publica_31-03-2026.xlsx,fad7687446da2e312d5f442e4d8e4fe53af87303a5fbdbe1030e8b241473aeee,2026-09-30T02:20:59Z
mecon_treasury_maturity_capital_row_43,2026-03-31,2026-07,monthly,capital,securities,detail,43,"BONO GLOBAL/EUR/0,50%/09-07-2029",10.443644,million_usd,official_projection,mecon_quarterly_treasury_maturity_profile,https://www.argentina.gob.ar/sites/default/files/deuda_publica_31-03-2026.xlsx,fad7687446da2e312d5f442e4d8e4fe53af87303a5fbdbe1030e8b241473aeee,2026-09-30T02:20:59Z
mecon_treasury_maturity_capital_row_44,2026-03-31,2026-07,monthly,capital,securities,detail,44,BONO GLOBAL/EUR/STEP UP/09-07-2046,6.515574,million_usd,official_projection,mecon_quarterly_treasury_maturity_profile,https://www.argentina.gob.ar/sites/default/files/deuda_publica_31-03-2026.xlsx,fad7687446da2e312d5f442e4d8e4fe53af87303a5fbdbe1030e8b241473aeee,2026-09-30T02:20:59Z
mecon_treasury_maturity_capital_row_46,2026-03-31,2026-07,monthly,capital,securities,detail,46,"BONO GLOBAL/U$S/1,00%/09-07-2029",262.052444,million_usd,official_projection,mecon_quarterly_treasury_maturity_profile,https://www.argentina.gob.ar/sites/default/files/deuda_publica_31-03-2026.xlsx,fad7687446da2e312d5f442e4d8e4fe53af87303a5fbdbe1030e8b241473aeee,2026-09-30T02:20:59Z
mecon_treasury_maturity_capital_row_47,2026-03-31,2026-07,monthly,capital,securities,detail,47,BONO GLOBAL/U$S/STEP UP/09-07-2030,1086.994477,million_usd,official_projection,mecon_quarterly_treasury_maturity_profile,https://www.argentina.gob.ar/sites/default/files/deuda_publica_31-03-2026.xlsx,fad7687446da2e312d5f442e4d8e4fe53af87303a5fbdbe1030e8b241473aeee,2026-09-30T02:20:59Z
mecon_treasury_maturity_capital_row_48,2026-03-31,2026-07,monthly,capital,securities,detail,48,BONO GLOBAL/U$S/STEP UP/09-07-2046,47.545389,million_usd,official_projection,mecon_quarterly_treasury_maturity_profile,https://www.argentina.gob.ar/sites/default/files/deuda_publica_31-03-2026.xlsx,fad7687446da2e312d5f442e4d8e4fe53af87303a5fbdbe1030e8b241473aeee,2026-09-30T02:20:59Z
mecon_treasury_maturity_capital_row_50,2026-03-31,2026-07,monthly,capital,securities,detail,50,"BONO R.A./U$S/1,00%/09-07-2029",139.411866,million_usd,official_projection,mecon_quarterly_treasury_maturity_profile,https://www.argentina.gob.ar/sites/default/files/deuda_publica_31-03-2026.xlsx,fad7687446da2e312d5f442e4d8e4fe53af87303a5fbdbe1030e8b241473aeee,2026-09-30T02:20:59Z
mecon_treasury_maturity_capital_row_51,2026-03-31,2026-07,monthly,capital,securities,detail,51,BONO R.A./U$S/STEP UP/09-07-2030,1047.344014,million_usd,official_projection,mecon_quarterly_treasury_maturity_profile,https://www.argentina.gob.ar/sites/default/files/deuda_publica_31-03-2026.xlsx,fad7687446da2e312d5f442e4d8e4fe53af87303a5fbdbe1030e8b241473aeee,2026-09-30T02:20:59Z
mecon_treasury_maturity_capital_row_53,2026-03-31,2026-07,monthly,capital,securities,detail,53,"BONAR/$/6,72763943919512%/31-12-2028",0.248856,million_usd,official_projection,mecon_quarterly_treasury_maturity_profile,https://www.argentina.gob.ar/sites/default/files/deuda_publica_31-03-2026.xlsx,fad7687446da2e312d5f442e4d8e4fe53af87303a5fbdbe1030e8b241473aeee,2026-09-30T02:20:59Z
mecon_treasury_maturity_capital_row_55,2026-03-31,2026-07,monthly,capital,securities,detail,55,BONTE/$/BADLAR/05-07-2030,1.857267,million_usd,official_projection,mecon_quarterly_treasury_maturity_profile,https://www.argentina.gob.ar/sites/default/files/deuda_publica_31-03-2026.xlsx,fad7687446da2e312d5f442e4d8e4fe53af87303a5fbdbe1030e8b241473aeee,2026-09-30T02:20:59Z
mecon_treasury_maturity_capital_row_91,2026-03-31,2026-07,monthly,capital,securities,detail,91,LETRAS DEL TESORO,5165.624223,million_usd,official_projection,mecon_quarterly_treasury_maturity_profile,https://www.argentina.gob.ar/sites/default/files/deuda_publica_31-03-2026.xlsx,fad7687446da2e312d5f442e4d8e4fe53af87303a5fbdbe1030e8b241473aeee,2026-09-30T02:20:59Z
mecon_treasury_maturity_capital_row_92,2026-03-31,2026-07,monthly,capital,securities,detail,92,. En moneda nacional,5165.624223,million_usd,official_projection,mecon_quarterly_treasury_maturity_profile,https://www.argentina.gob.ar/sites/default/files/deuda_publica_31-03-2026.xlsx,fad7687446da2e312d5f442e4d8e4fe53af87303a5fbdbe1030e8b241473aeee,2026-09-30T02:20:59Z
mecon_treasury_maturity_capital_row_106,2026-03-31,2026-07,monthly,capital,securities,detail,106,TOTAL DEUDA DENOMINADA EN PESOS,5248.727900,million_usd,official_projection,mecon_quarterly_treasury_maturity_profile,https://www.argentina.gob.ar/sites/default/files/deuda_publica_31-03-2026.xlsx,fad7687446da2e312d5f442e4d8e4fe53af87303a5fbdbe1030e8b241473aeee,2026-09-30T02:20:59Z
mecon_treasury_maturity_capital_row_107,2026-03-31,2026-07,monthly,capital,securities,detail,107,· Deuda ajustable por CER,1080.275742,million_usd,official_projection,mecon_quarterly_treasury_maturity_profile,https://www.argentina.gob.ar/sites/default/files/deuda_publica_31-03-2026.xlsx,fad7687446da2e312d5f442e4d8e4fe53af87303a5fbdbe1030e8b241473aeee,2026-09-30T02:20:59Z
mecon_treasury_maturity_capital_row_108,2026-03-31,2026-07,monthly,capital,securities,detail,108,· Deuda no ajustable por CER,4168.452159,million_usd,official_projection,mecon_quarterly_treasury_maturity_profile,https://www.argentina.gob.ar/sites/default/files/deuda_publica_31-03-2026.xlsx,fad7687446da2e312d5f442e4d8e4fe53af87303a5fbdbe1030e8b241473aeee,2026-09-30T02:20:59Z
mecon_treasury_maturity_capital_row_109,2026-03-31,2026-07,monthly,capital,securities,detail,109,TOTAL DEUDA EN MONEDA EXTRANJERA,3043.900235,million_usd,official_projection,mecon_quarterly_treasury_maturity_profile,https://www.argentina.gob.ar/sites/default/files/deuda_publica_31-03-2026.xlsx,fad7687446da2e312d5f442e4d8e4fe53af87303a5fbdbe1030e8b241473aeee,2026-09-30T02:20:59Z
mecon_treasury_maturity_interest_total,2026-03-31,2026-07,monthly,interest,total,total,13,Total,2047.270894,million_usd,official_projection,mecon_quarterly_treasury_maturity_profile,https://www.argentina.gob.ar/sites/default/files/deuda_publica_31-03-2026.xlsx,fad7687446da2e312d5f442e4d8e4fe53af87303a5fbdbe1030e8b241473aeee,2026-09-30T02:20:59Z
mecon_treasury_maturity_interest_row_15,2026-03-31,2026-07,monthly,interest,total,term,15,MEDIANO Y LARGO PLAZO,2047.270894,million_usd,official_projection,mecon_quarterly_treasury_maturity_profile,https://www.argentina.gob.ar/sites/default/files/deuda_publica_31-03-2026.xlsx,fad7687446da2e312d5f442e4d8e4fe53af87303a5fbdbe1030e8b241473aeee,2026-09-30T02:20:59Z
mecon_treasury_maturity_interest_loans,2026-03-31,2026-07,monthly,interest,loans,category,17,Préstamos,203.028578,million_usd,official_projection,mecon_quarterly_treasury_maturity_profile,https://www.argentina.gob.ar/sites/default/files/deuda_publica_31-03-2026.xlsx,fad7687446da2e312d5f442e4d8e4fe53af87303a5fbdbe1030e8b241473aeee,2026-09-30T02:20:59Z
mecon_treasury_maturity_interest_row_18,2026-03-31,2026-07,monthly,interest,loans,detail,18,Organismos Internacionales,158.309677,million_usd,official_projection,mecon_quarterly_treasury_maturity_profile,https://www.argentina.gob.ar/sites/default/files/deuda_publica_31-03-2026.xlsx,fad7687446da2e312d5f442e4d8e4fe53af87303a5fbdbe1030e8b241473aeee,2026-09-30T02:20:59Z
mecon_treasury_maturity_interest_row_19,2026-03-31,2026-07,monthly,interest,loans,detail,19,. BIRF,37.509196,million_usd,official_projection,mecon_quarterly_treasury_maturity_profile,https://www.argentina.gob.ar/sites/default/files/deuda_publica_31-03-2026.xlsx,fad7687446da2e312d5f442e4d8e4fe53af87303a5fbdbe1030e8b241473aeee,2026-09-30T02:20:59Z
mecon_treasury_maturity_interest_row_20,2026-03-31,2026-07,monthly,interest,loans,detail,20,. BID,84.604783,million_usd,official_projection,mecon_quarterly_treasury_maturity_profile,https://www.argentina.gob.ar/sites/default/files/deuda_publica_31-03-2026.xlsx,fad7687446da2e312d5f442e4d8e4fe53af87303a5fbdbe1030e8b241473aeee,2026-09-30T02:20:59Z
mecon_treasury_maturity_interest_row_22,2026-03-31,2026-07,monthly,interest,loans,detail,22,. Otros,36.195699,million_usd,official_projection,mecon_quarterly_treasury_maturity_profile,https://www.argentina.gob.ar/sites/default/files/deuda_publica_31-03-2026.xlsx,fad7687446da2e312d5f442e4d8e4fe53af87303a5fbdbe1030e8b241473aeee,2026-09-30T02:20:59Z
mecon_treasury_maturity_interest_row_23,2026-03-31,2026-07,monthly,interest,loans,detail,23,Préstamos Garantizados,4.424701,million_usd,official_projection,mecon_quarterly_treasury_maturity_profile,https://www.argentina.gob.ar/sites/default/files/deuda_publica_31-03-2026.xlsx,fad7687446da2e312d5f442e4d8e4fe53af87303a5fbdbe1030e8b241473aeee,2026-09-30T02:20:59Z
mecon_treasury_maturity_interest_row_24,2026-03-31,2026-07,monthly,interest,loans,detail,24,. En moneda nacional ajustable por CER,4.424701,million_usd,official_projection,mecon_quarterly_treasury_maturity_profile,https://www.argentina.gob.ar/sites/default/files/deuda_publica_31-03-2026.xlsx,fad7687446da2e312d5f442e4d8e4fe53af87303a5fbdbe1030e8b241473aeee,2026-09-30T02:20:59Z
mecon_treasury_maturity_interest_row_28,2026-03-31,2026-07,monthly,interest,loans,detail,28,Organismos Oficiales,39.433372,million_usd,official_projection,mecon_quarterly_treasury_maturity_profile,https://www.argentina.gob.ar/sites/default/files/deuda_publica_31-03-2026.xlsx,fad7687446da2e312d5f442e4d8e4fe53af87303a5fbdbe1030e8b241473aeee,2026-09-30T02:20:59Z
mecon_treasury_maturity_interest_row_32,2026-03-31,2026-07,monthly,interest,loans,detail,32,Avales,0.860829,million_usd,official_projection,mecon_quarterly_treasury_maturity_profile,https://www.argentina.gob.ar/sites/default/files/deuda_publica_31-03-2026.xlsx,fad7687446da2e312d5f442e4d8e4fe53af87303a5fbdbe1030e8b241473aeee,2026-09-30T02:20:59Z
mecon_treasury_maturity_interest_row_34,2026-03-31,2026-07,monthly,interest,loans,detail,34,. En moneda extranjera,0.860829,million_usd,official_projection,mecon_quarterly_treasury_maturity_profile,https://www.argentina.gob.ar/sites/default/files/deuda_publica_31-03-2026.xlsx,fad7687446da2e312d5f442e4d8e4fe53af87303a5fbdbe1030e8b241473aeee,2026-09-30T02:20:59Z
mecon_treasury_maturity_interest_securities,2026-03-31,2026-07,monthly,interest,securities,category,36,Títulos públicos y Letras del Tesoro,1844.242316,million_usd,official_projection,mecon_quarterly_treasury_maturity_profile,https://www.argentina.gob.ar/sites/default/files/deuda_publica_31-03-2026.xlsx,fad7687446da2e312d5f442e4d8e4fe53af87303a5fbdbe1030e8b241473aeee,2026-09-30T02:20:59Z
mecon_treasury_maturity_interest_row_57,2026-03-31,2026-07,monthly,interest,securities,detail,57,"BONAR/$/6,72763943919512%/31-12-2028",0.045451,million_usd,official_projection,mecon_quarterly_treasury_maturity_profile,https://www.argentina.gob.ar/sites/default/files/deuda_publica_31-03-2026.xlsx,fad7687446da2e312d5f442e4d8e4fe53af87303a5fbdbe1030e8b241473aeee,2026-09-30T02:20:59Z
mecon_treasury_maturity_interest_row_59,2026-03-31,2026-07,monthly,interest,securities,detail,59,BONAR/U$S/6%/29-10-2027,3.726852,million_usd,official_projection,mecon_quarterly_treasury_maturity_profile,https://www.argentina.gob.ar/sites/default/files/deuda_publica_31-03-2026.xlsx,fad7687446da2e312d5f442e4d8e4fe53af87303a5fbdbe1030e8b241473aeee,2026-09-30T02:20:59Z
mecon_treasury_maturity_interest_row_60,2026-03-31,2026-07,monthly,interest,securities,detail,60,BONAR/U$S/6%/31-10-2028,0.930772,million_usd,official_projection,mecon_quarterly_treasury_maturity_profile,https://www.argentina.gob.ar/sites/default/files/deuda_publica_31-03-2026.xlsx,fad7687446da2e312d5f442e4d8e4fe53af87303a5fbdbe1030e8b241473aeee,2026-09-30T02:20:59Z
mecon_treasury_maturity_interest_row_65,2026-03-31,2026-07,monthly,interest,securities,detail,65,"BONO GLOBAL/EUR/0,125%/09-07-2030",0.606026,million_usd,official_projection,mecon_quarterly_treasury_maturity_profile,https://www.argentina.gob.ar/sites/default/files/deuda_publica_31-03-2026.xlsx,fad7687446da2e312d5f442e4d8e4fe53af87303a5fbdbe1030e8b241473aeee,2026-09-30T02:20:59Z
mecon_treasury_maturity_interest_row_66,2026-03-31,2026-07,monthly,interest,securities,detail,66,"BONO GLOBAL/EUR/0,50%/09-07-2029",0.182764,million_usd,official_projection,mecon_quarterly_treasury_maturity_profile,https://www.argentina.gob.ar/sites/default/files/deuda_publica_31-03-2026.xlsx,fad7687446da2e312d5f442e4d8e4fe53af87303a5fbdbe1030e8b241473aeee,2026-09-30T02:20:59Z
mecon_treasury_maturity_interest_row_67,2026-03-31,2026-07,monthly,interest,securities,detail,67,BONO GLOBAL/EUR/STEP UP/09-01-2038,19.871065,million_usd,official_projection,mecon_quarterly_treasury_maturity_profile,https://www.argentina.gob.ar/sites/default/files/deuda_publica_31-03-2026.xlsx,fad7687446da2e312d5f442e4d8e4fe53af87303a5fbdbe1030e8b241473aeee,2026-09-30T02:20:59Z
mecon_treasury_maturity_interest_row_68,2026-03-31,2026-07,monthly,interest,securities,detail,68,BONO GLOBAL/EUR/STEP UP/09-07-2035,6.688802,million_usd,official_projection,mecon_quarterly_treasury_maturity_profile,https://www.argentina.gob.ar/sites/default/files/deuda_publica_31-03-2026.xlsx,fad7687446da2e312d5f442e4d8e4fe53af87303a5fbdbe1030e8b241473aeee,2026-09-30T02:20:59Z
mecon_treasury_maturity_interest_row_69,2026-03-31,2026-07,monthly,interest,securities,detail,69,BONO GLOBAL/EUR/STEP UP/09-07-2041,27.254800,million_usd,official_projection,mecon_quarterly_treasury_maturity_profile,https://www.argentina.gob.ar/sites/default/files/deuda_publica_31-03-2026.xlsx,fad7687446da2e312d5f442e4d8e4fe53af87303a5fbdbe1030e8b241473aeee,2026-09-30T02:20:59Z
mecon_treasury_maturity_interest_row_70,2026-03-31,2026-07,monthly,interest,securities,detail,70,BONO GLOBAL/EUR/STEP UP/09-07-2046,5.342771,million_usd,official_projection,mecon_quarterly_treasury_maturity_profile,https://www.argentina.gob.ar/sites/default/files/deuda_publica_31-03-2026.xlsx,fad7687446da2e312d5f442e4d8e4fe53af87303a5fbdbe1030e8b241473aeee,2026-09-30T02:20:59Z
mecon_treasury_maturity_interest_row_71,2026-03-31,2026-07,monthly,interest,securities,detail,71,"BONO GLOBAL/U$S/1,00%/09-07-2029",9.171836,million_usd,official_projection,mecon_quarterly_treasury_maturity_profile,https://www.argentina.gob.ar/sites/default/files/deuda_publica_31-03-2026.xlsx,fad7687446da2e312d5f442e4d8e4fe53af87303a5fbdbe1030e8b241473aeee,2026-09-30T02:20:59Z
mecon_treasury_maturity_interest_row_72,2026-03-31,2026-07,monthly,interest,securities,detail,72,BONO GLOBAL/U$S/STEP UP/09-01-2038,284.625584,million_usd,official_projection,mecon_quarterly_treasury_maturity_profile,https://www.argentina.gob.ar/sites/default/files/deuda_publica_31-03-2026.xlsx,fad7687446da2e312d5f442e4d8e4fe53af87303a5fbdbe1030e8b241473aeee,2026-09-30T02:20:59Z
mecon_treasury_maturity_interest_row_73,2026-03-31,2026-07,monthly,interest,securities,detail,73,BONO GLOBAL/U$S/STEP UP/09-07-2030,36.686064,million_usd,official_projection,mecon_quarterly_treasury_maturity_profile,https://www.argentina.gob.ar/sites/default/files/deuda_publica_31-03-2026.xlsx,fad7687446da2e312d5f442e4d8e4fe53af87303a5fbdbe1030e8b241473aeee,2026-09-30T02:20:59Z
mecon_treasury_maturity_interest_row_74,2026-03-31,2026-07,monthly,interest,securities,detail,74,BONO GLOBAL/U$S/STEP UP/09-07-2035,421.499713,million_usd,official_projection,mecon_quarterly_treasury_maturity_profile,https://www.argentina.gob.ar/sites/default/files/deuda_publica_31-03-2026.xlsx,fad7687446da2e312d5f442e4d8e4fe53af87303a5fbdbe1030e8b241473aeee,2026-09-30T02:20:59Z
mecon_treasury_maturity_interest_row_75,2026-03-31,2026-07,monthly,interest,securities,detail,75,BONO GLOBAL/U$S/STEP UP/09-07-2041,183.436947,million_usd,official_projection,mecon_quarterly_treasury_maturity_profile,https://www.argentina.gob.ar/sites/default/files/deuda_publica_31-03-2026.xlsx,fad7687446da2e312d5f442e4d8e4fe53af87303a5fbdbe1030e8b241473aeee,2026-09-30T02:20:59Z
mecon_treasury_maturity_interest_row_76,2026-03-31,2026-07,monthly,interest,securities,detail,76,BONO GLOBAL/U$S/STEP UP/09-07-2046,40.205570,million_usd,official_projection,mecon_quarterly_treasury_maturity_profile,https://www.argentina.gob.ar/sites/default/files/deuda_publica_31-03-2026.xlsx,fad7687446da2e312d5f442e4d8e4fe53af87303a5fbdbe1030e8b241473aeee,2026-09-30T02:20:59Z
mecon_treasury_maturity_interest_row_77,2026-03-31,2026-07,monthly,interest,securities,detail,77,"BONO R.A./U$S/1,00%/09-07-2029",4.879415,million_usd,official_projection,mecon_quarterly_treasury_maturity_profile,https://www.argentina.gob.ar/sites/default/files/deuda_publica_31-03-2026.xlsx,fad7687446da2e312d5f442e4d8e4fe53af87303a5fbdbe1030e8b241473aeee,2026-09-30T02:20:59Z
mecon_treasury_maturity_interest_row_78,2026-03-31,2026-07,monthly,interest,securities,detail,78,BONO R.A./U$S/STEP UP/09-01-2038,251.582300,million_usd,official_projection,mecon_quarterly_treasury_maturity_profile,https://www.argentina.gob.ar/sites/default/files/deuda_publica_31-03-2026.xlsx,fad7687446da2e312d5f442e4d8e4fe53af87303a5fbdbe1030e8b241473aeee,2026-09-30T02:20:59Z
mecon_treasury_maturity_interest_row_79,2026-03-31,2026-07,monthly,interest,securities,detail,79,BONO R.A./U$S/STEP UP/09-07-2030,35.347860,million_usd,official_projection,mecon_quarterly_treasury_maturity_profile,https://www.argentina.gob.ar/sites/default/files/deuda_publica_31-03-2026.xlsx,fad7687446da2e312d5f442e4d8e4fe53af87303a5fbdbe1030e8b241473aeee,2026-09-30T02:20:59Z
mecon_treasury_maturity_interest_row_80,2026-03-31,2026-07,monthly,interest,securities,detail,80,BONO R.A./U$S/STEP UP/09-07-2035,326.981919,million_usd,official_projection,mecon_quarterly_treasury_maturity_profile,https://www.argentina.gob.ar/sites/default/files/deuda_publica_31-03-2026.xlsx,fad7687446da2e312d5f442e4d8e4fe53af87303a5fbdbe1030e8b241473aeee,2026-09-30T02:20:59Z
mecon_treasury_maturity_interest_row_81,2026-03-31,2026-07,monthly,interest,securities,detail,81,BONO R.A./U$S/STEP UP/09-07-2041,26.989091,million_usd,official_projection,mecon_quarterly_treasury_maturity_profile,https://www.argentina.gob.ar/sites/default/files/deuda_publica_31-03-2026.xlsx,fad7687446da2e312d5f442e4d8e4fe53af87303a5fbdbe1030e8b241473aeee,2026-09-30T02:20:59Z
mecon_treasury_maturity_interest_row_85,2026-03-31,2026-07,monthly,interest,securities,detail,85,BONTE/$/BADLAR/05-07-2030,1.214758,million_usd,official_projection,mecon_quarterly_treasury_maturity_profile,https://www.argentina.gob.ar/sites/default/files/deuda_publica_31-03-2026.xlsx,fad7687446da2e312d5f442e4d8e4fe53af87303a5fbdbe1030e8b241473aeee,2026-09-30T02:20:59Z
mecon_treasury_maturity_interest_row_90,2026-03-31,2026-07,monthly,interest,securities,detail,90,LETRA INTRANSFERIBLE - BCRA,156.971955,million_usd,official_projection,mecon_quarterly_treasury_maturity_profile,https://www.argentina.gob.ar/sites/default/files/deuda_publica_31-03-2026.xlsx,fad7687446da2e312d5f442e4d8e4fe53af87303a5fbdbe1030e8b241473aeee,2026-09-30T02:20:59Z
mecon_treasury_maturity_interest_row_104,2026-03-31,2026-07,monthly,interest,securities,detail,104,TOTAL DEUDA DENOMINADA EN PESOS,5.684909,million_usd,official_projection,mecon_quarterly_treasury_maturity_profile,https://www.argentina.gob.ar/sites/default/files/deuda_publica_31-03-2026.xlsx,fad7687446da2e312d5f442e4d8e4fe53af87303a5fbdbe1030e8b241473aeee,2026-09-30T02:20:59Z
mecon_treasury_maturity_interest_row_105,2026-03-31,2026-07,monthly,interest,securities,detail,105,· Deuda ajustable por CER,4.424701,million_usd,official_projection,mecon_quarterly_treasury_maturity_profile,https://www.argentina.gob.ar/sites/default/files/deuda_publica_31-03-2026.xlsx,fad7687446da2e312d5f442e4d8e4fe53af87303a5fbdbe1030e8b241473aeee,2026-09-30T02:20:59Z
mecon_treasury_maturity_interest_row_106,2026-03-31,2026-07,monthly,interest,securities,detail,106,· Deuda no ajustable por CER,1.260209,million_usd,official_projection,mecon_quarterly_treasury_maturity_profile,https://www.argentina.gob.ar/sites/default/files/deuda_publica_31-03-2026.xlsx,fad7687446da2e312d5f442e4d8e4fe53af87303a5fbdbe1030e8b241473aeee,2026-09-30T02:20:59Z
mecon_treasury_maturity_interest_row_107,2026-03-31,2026-07,monthly,interest,securities,detail,107,TOTAL DEUDA EN MONEDA EXTRANJERA,2041.585985,million_usd,official_projection,mecon_quarterly_treasury_maturity_profile,https://www.argentina.gob.ar/sites/default/files/deuda_publica_31-03-2026.xlsx,fad7687446da2e312d5f442e4d8e4fe53af87303a5fbdbe1030e8b241473aeee,2026-09-30T02:20:59Z
mecon_treasury_maturity_capital_total,2026-03-31,2026-08,monthly,capital,total,total,13,Total,6956.589214,million_usd,official_projection,mecon_quarterly_treasury_maturity_profile,https://www.argentina.gob.ar/sites/default/files/deuda_publica_31-03-2026.xlsx,fad7687446da2e312d5f442e4d8e4fe53af87303a5fbdbe1030e8b241473aeee,2026-09-30T02:20:59Z
mecon_treasury_maturity_capital_row_14,2026-03-31,2026-08,monthly,capital,total,term,14,CORTO PLAZO,6844.525255,million_usd,official_projection,mecon_quarterly_treasury_maturity_profile,https://www.argentina.gob.ar/sites/default/files/deuda_publica_31-03-2026.xlsx,fad7687446da2e312d5f442e4d8e4fe53af87303a5fbdbe1030e8b241473aeee,2026-09-30T02:20:59Z
mecon_treasury_maturity_capital_row_15,2026-03-31,2026-08,monthly,capital,total,term,15,MEDIANO Y LARGO PLAZO,112.063959,million_usd,official_projection,mecon_quarterly_treasury_maturity_profile,https://www.argentina.gob.ar/sites/default/files/deuda_publica_31-03-2026.xlsx,fad7687446da2e312d5f442e4d8e4fe53af87303a5fbdbe1030e8b241473aeee,2026-09-30T02:20:59Z
mecon_treasury_maturity_capital_loans,2026-03-31,2026-08,monthly,capital,loans,category,17,Préstamos,111.219672,million_usd,official_projection,mecon_quarterly_treasury_maturity_profile,https://www.argentina.gob.ar/sites/default/files/deuda_publica_31-03-2026.xlsx,fad7687446da2e312d5f442e4d8e4fe53af87303a5fbdbe1030e8b241473aeee,2026-09-30T02:20:59Z
mecon_treasury_maturity_capital_row_18,2026-03-31,2026-08,monthly,capital,loans,detail,18,Organismos Internacionales,92.014673,million_usd,official_projection,mecon_quarterly_treasury_maturity_profile,https://www.argentina.gob.ar/sites/default/files/deuda_publica_31-03-2026.xlsx,fad7687446da2e312d5f442e4d8e4fe53af87303a5fbdbe1030e8b241473aeee,2026-09-30T02:20:59Z
mecon_treasury_maturity_capital_row_19,2026-03-31,2026-08,monthly,capital,loans,detail,19,. BIRF,4.587491,million_usd,official_projection,mecon_quarterly_treasury_maturity_profile,https://www.argentina.gob.ar/sites/default/files/deuda_publica_31-03-2026.xlsx,fad7687446da2e312d5f442e4d8e4fe53af87303a5fbdbe1030e8b241473aeee,2026-09-30T02:20:59Z
mecon_treasury_maturity_capital_row_20,2026-03-31,2026-08,monthly,capital,loans,detail,20,. BID,50.815397,million_usd,official_projection,mecon_quarterly_treasury_maturity_profile,https://www.argentina.gob.ar/sites/default/files/deuda_publica_31-03-2026.xlsx,fad7687446da2e312d5f442e4d8e4fe53af87303a5fbdbe1030e8b241473aeee,2026-09-30T02:20:59Z
mecon_treasury_maturity_capital_row_22,2026-03-31,2026-08,monthly,capital,loans,detail,22,. Otros,36.611784,million_usd,official_projection,mecon_quarterly_treasury_maturity_profile,https://www.argentina.gob.ar/sites/default/files/deuda_publica_31-03-2026.xlsx,fad7687446da2e312d5f442e4d8e4fe53af87303a5fbdbe1030e8b241473aeee,2026-09-30T02:20:59Z
mecon_treasury_maturity_capital_row_23,2026-03-31,2026-08,monthly,capital,loans,detail,23,Banca Comercial,2.506953,million_usd,official_projection,mecon_quarterly_treasury_maturity_profile,https://www.argentina.gob.ar/sites/default/files/deuda_publica_31-03-2026.xlsx,fad7687446da2e312d5f442e4d8e4fe53af87303a5fbdbe1030e8b241473aeee,2026-09-30T02:20:59Z
mecon_treasury_maturity_capital_row_26,2026-03-31,2026-08,monthly,capital,loans,detail,26,. En moneda extranjera,2.506953,million_usd,official_projection,mecon_quarterly_treasury_maturity_profile,https://www.argentina.gob.ar/sites/default/files/deuda_publica_31-03-2026.xlsx,fad7687446da2e312d5f442e4d8e4fe53af87303a5fbdbe1030e8b241473aeee,2026-09-30T02:20:59Z
mecon_treasury_maturity_capital_row_27,2026-03-31,2026-08,monthly,capital,loans,detail,27,Otros,2.506953,million_usd,official_projection,mecon_quarterly_treasury_maturity_profile,https://www.argentina.gob.ar/sites/default/files/deuda_publica_31-03-2026.xlsx,fad7687446da2e312d5f442e4d8e4fe53af87303a5fbdbe1030e8b241473aeee,2026-09-30T02:20:59Z
mecon_treasury_maturity_capital_row_28,2026-03-31,2026-08,monthly,capital,loans,detail,28,Organismos Oficiales,4.756258,million_usd,official_projection,mecon_quarterly_treasury_maturity_profile,https://www.argentina.gob.ar/sites/default/files/deuda_publica_31-03-2026.xlsx,fad7687446da2e312d5f442e4d8e4fe53af87303a5fbdbe1030e8b241473aeee,2026-09-30T02:20:59Z
mecon_treasury_maturity_capital_row_29,2026-03-31,2026-08,monthly,capital,loans,detail,29,Avales,11.941788,million_usd,official_projection,mecon_quarterly_treasury_maturity_profile,https://www.argentina.gob.ar/sites/default/files/deuda_publica_31-03-2026.xlsx,fad7687446da2e312d5f442e4d8e4fe53af87303a5fbdbe1030e8b241473aeee,2026-09-30T02:20:59Z
mecon_treasury_maturity_capital_row_31,2026-03-31,2026-08,monthly,capital,loans,detail,31,. En moneda extranjera,11.941788,million_usd,official_projection,mecon_quarterly_treasury_maturity_profile,https://www.argentina.gob.ar/sites/default/files/deuda_publica_31-03-2026.xlsx,fad7687446da2e312d5f442e4d8e4fe53af87303a5fbdbe1030e8b241473aeee,2026-09-30T02:20:59Z
mecon_treasury_maturity_capital_bcra_advances,2026-03-31,2026-08,monthly,capital,bcra_advances,category,33,Adelantos transitorios BCRA,62.917743,million_usd,official_projection,mecon_quarterly_treasury_maturity_profile,https://www.argentina.gob.ar/sites/default/files/deuda_publica_31-03-2026.xlsx,fad7687446da2e312d5f442e4d8e4fe53af87303a5fbdbe1030e8b241473aeee,2026-09-30T02:20:59Z
mecon_treasury_maturity_capital_securities,2026-03-31,2026-08,monthly,capital,securities,category,35,Títulos públicos y Letras del Tesoro,6782.451799,million_usd,official_projection,mecon_quarterly_treasury_maturity_profile,https://www.argentina.gob.ar/sites/default/files/deuda_publica_31-03-2026.xlsx,fad7687446da2e312d5f442e4d8e4fe53af87303a5fbdbe1030e8b241473aeee,2026-09-30T02:20:59Z
mecon_treasury_maturity_capital_row_53,2026-03-31,2026-08,monthly,capital,securities,detail,53,"BONAR/$/6,72763943919512%/31-12-2028",0.250252,million_usd,official_projection,mecon_quarterly_treasury_maturity_profile,https://www.argentina.gob.ar/sites/default/files/deuda_publica_31-03-2026.xlsx,fad7687446da2e312d5f442e4d8e4fe53af87303a5fbdbe1030e8b241473aeee,2026-09-30T02:20:59Z
mecon_treasury_maturity_capital_row_56,2026-03-31,2026-08,monthly,capital,securities,detail,56,BONTE/$/BADLAR+400PB/17-08-31,0.213465,million_usd,official_projection,mecon_quarterly_treasury_maturity_profile,https://www.argentina.gob.ar/sites/default/files/deuda_publica_31-03-2026.xlsx,fad7687446da2e312d5f442e4d8e4fe53af87303a5fbdbe1030e8b241473aeee,2026-09-30T02:20:59Z
mecon_treasury_maturity_capital_row_91,2026-03-31,2026-08,monthly,capital,securities,detail,91,LETRAS DEL TESORO,6776.828445,million_usd,official_projection,mecon_quarterly_treasury_maturity_profile,https://www.argentina.gob.ar/sites/default/files/deuda_publica_31-03-2026.xlsx,fad7687446da2e312d5f442e4d8e4fe53af87303a5fbdbe1030e8b241473aeee,2026-09-30T02:20:59Z
mecon_treasury_maturity_capital_row_92,2026-03-31,2026-08,monthly,capital,securities,detail,92,. En moneda nacional,6776.828445,million_usd,official_projection,mecon_quarterly_treasury_maturity_profile,https://www.argentina.gob.ar/sites/default/files/deuda_publica_31-03-2026.xlsx,fad7687446da2e312d5f442e4d8e4fe53af87303a5fbdbe1030e8b241473aeee,2026-09-30T02:20:59Z
mecon_treasury_maturity_capital_row_94,2026-03-31,2026-08,monthly,capital,securities,detail,94,OTROS (1),5.159637,million_usd,official_projection,mecon_quarterly_treasury_maturity_profile,https://www.argentina.gob.ar/sites/default/files/deuda_publica_31-03-2026.xlsx,fad7687446da2e312d5f442e4d8e4fe53af87303a5fbdbe1030e8b241473aeee,2026-09-30T02:20:59Z
mecon_treasury_maturity_capital_row_95,2026-03-31,2026-08,monthly,capital,securities,detail,95,En moneda nacional,5.159637,million_usd,official_projection,mecon_quarterly_treasury_maturity_profile,https://www.argentina.gob.ar/sites/default/files/deuda_publica_31-03-2026.xlsx,fad7687446da2e312d5f442e4d8e4fe53af87303a5fbdbe1030e8b241473aeee,2026-09-30T02:20:59Z
mecon_treasury_maturity_capital_row_99,2026-03-31,2026-08,monthly,capital,securities,detail,99,· No ajustable por CER,5.159637,million_usd,official_projection,mecon_quarterly_treasury_maturity_profile,https://www.argentina.gob.ar/sites/default/files/deuda_publica_31-03-2026.xlsx,fad7687446da2e312d5f442e4d8e4fe53af87303a5fbdbe1030e8b241473aeee,2026-09-30T02:20:59Z
mecon_treasury_maturity_capital_row_100,2026-03-31,2026-08,monthly,capital,securities,detail,100,· Bonos de consolidación,5.159637,million_usd,official_projection,mecon_quarterly_treasury_maturity_profile,https://www.argentina.gob.ar/sites/default/files/deuda_publica_31-03-2026.xlsx,fad7687446da2e312d5f442e4d8e4fe53af87303a5fbdbe1030e8b241473aeee,2026-09-30T02:20:59Z
mecon_treasury_maturity_capital_row_106,2026-03-31,2026-08,monthly,capital,securities,detail,106,TOTAL DEUDA DENOMINADA EN PESOS,6845.369542,million_usd,official_projection,mecon_quarterly_treasury_maturity_profile,https://www.argentina.gob.ar/sites/default/files/deuda_publica_31-03-2026.xlsx,fad7687446da2e312d5f442e4d8e4fe53af87303a5fbdbe1030e8b241473aeee,2026-09-30T02:20:59Z
mecon_treasury_maturity_capital_row_108,2026-03-31,2026-08,monthly,capital,securities,detail,108,· Deuda no ajustable por CER,6845.369542,million_usd,official_projection,mecon_quarterly_treasury_maturity_profile,https://www.argentina.gob.ar/sites/default/files/deuda_publica_31-03-2026.xlsx,fad7687446da2e312d5f442e4d8e4fe53af87303a5fbdbe1030e8b241473aeee,2026-09-30T02:20:59Z
mecon_treasury_maturity_capital_row_109,2026-03-31,2026-08,monthly,capital,securities,detail,109,TOTAL DEUDA EN MONEDA EXTRANJERA,111.219672,million_usd,official_projection,mecon_quarterly_treasury_maturity_profile,https://www.argentina.gob.ar/sites/default/files/deuda_publica_31-03-2026.xlsx,fad7687446da2e312d5f442e4d8e4fe53af87303a5fbdbe1030e8b241473aeee,2026-09-30T02:20:59Z
mecon_treasury_maturity_interest_total,2026-03-31,2026-08,monthly,interest,total,total,13,Total,882.625589,million_usd,official_projection,mecon_quarterly_treasury_maturity_profile,https://www.argentina.gob.ar/sites/default/files/deuda_publica_31-03-2026.xlsx,fad7687446da2e312d5f442e4d8e4fe53af87303a5fbdbe1030e8b241473aeee,2026-09-30T02:20:59Z
mecon_treasury_maturity_interest_row_15,2026-03-31,2026-08,monthly,interest,total,term,15,MEDIANO Y LARGO PLAZO,882.625589,million_usd,official_projection,mecon_quarterly_treasury_maturity_profile,https://www.argentina.gob.ar/sites/default/files/deuda_publica_31-03-2026.xlsx,fad7687446da2e312d5f442e4d8e4fe53af87303a5fbdbe1030e8b241473aeee,2026-09-30T02:20:59Z
mecon_treasury_maturity_interest_loans,2026-03-31,2026-08,monthly,interest,loans,category,17,Préstamos,868.752114,million_usd,official_projection,mecon_quarterly_treasury_maturity_profile,https://www.argentina.gob.ar/sites/default/files/deuda_publica_31-03-2026.xlsx,fad7687446da2e312d5f442e4d8e4fe53af87303a5fbdbe1030e8b241473aeee,2026-09-30T02:20:59Z
mecon_treasury_maturity_interest_row_18,2026-03-31,2026-08,monthly,interest,loans,detail,18,Organismos Internacionales,861.499817,million_usd,official_projection,mecon_quarterly_treasury_maturity_profile,https://www.argentina.gob.ar/sites/default/files/deuda_publica_31-03-2026.xlsx,fad7687446da2e312d5f442e4d8e4fe53af87303a5fbdbe1030e8b241473aeee,2026-09-30T02:20:59Z
mecon_treasury_maturity_interest_row_19,2026-03-31,2026-08,monthly,interest,loans,detail,19,. BIRF,15.966837,million_usd,official_projection,mecon_quarterly_treasury_maturity_profile,https://www.argentina.gob.ar/sites/default/files/deuda_publica_31-03-2026.xlsx,fad7687446da2e312d5f442e4d8e4fe53af87303a5fbdbe1030e8b241473aeee,2026-09-30T02:20:59Z
mecon_treasury_maturity_interest_row_20,2026-03-31,2026-08,monthly,interest,loans,detail,20,. BID,39.104677,million_usd,official_projection,mecon_quarterly_treasury_maturity_profile,https://www.argentina.gob.ar/sites/default/files/deuda_publica_31-03-2026.xlsx,fad7687446da2e312d5f442e4d8e4fe53af87303a5fbdbe1030e8b241473aeee,2026-09-30T02:20:59Z
mecon_treasury_maturity_interest_row_21,2026-03-31,2026-08,monthly,interest,loans,detail,21,. FMI,784.699710,million_usd,official_projection,mecon_quarterly_treasury_maturity_profile,https://www.argentina.gob.ar/sites/default/files/deuda_publica_31-03-2026.xlsx,fad7687446da2e312d5f442e4d8e4fe53af87303a5fbdbe1030e8b241473aeee,2026-09-30T02:20:59Z
mecon_treasury_maturity_interest_row_22,2026-03-31,2026-08,monthly,interest,loans,detail,22,. Otros,21.728593,million_usd,official_projection,mecon_quarterly_treasury_maturity_profile,https://www.argentina.gob.ar/sites/default/files/deuda_publica_31-03-2026.xlsx,fad7687446da2e312d5f442e4d8e4fe53af87303a5fbdbe1030e8b241473aeee,2026-09-30T02:20:59Z
mecon_treasury_maturity_interest_row_23,2026-03-31,2026-08,monthly,interest,loans,detail,23,Préstamos Garantizados,4.534000,million_usd,official_projection,mecon_quarterly_treasury_maturity_profile,https://www.argentina.gob.ar/sites/default/files/deuda_publica_31-03-2026.xlsx,fad7687446da2e312d5f442e4d8e4fe53af87303a5fbdbe1030e8b241473aeee,2026-09-30T02:20:59Z
mecon_treasury_maturity_interest_row_24,2026-03-31,2026-08,monthly,interest,loans,detail,24,. En moneda nacional ajustable por CER,4.534000,million_usd,official_projection,mecon_quarterly_treasury_maturity_profile,https://www.argentina.gob.ar/sites/default/files/deuda_publica_31-03-2026.xlsx,fad7687446da2e312d5f442e4d8e4fe53af87303a5fbdbe1030e8b241473aeee,2026-09-30T02:20:59Z
mecon_treasury_maturity_interest_row_25,2026-03-31,2026-08,monthly,interest,loans,detail,25,Banca Comercial,0.017394,million_usd,official_projection,mecon_quarterly_treasury_maturity_profile,https://www.argentina.gob.ar/sites/default/files/deuda_publica_31-03-2026.xlsx,fad7687446da2e312d5f442e4d8e4fe53af87303a5fbdbe1030e8b241473aeee,2026-09-30T02:20:59Z
mecon_treasury_maturity_interest_row_26,2026-03-31,2026-08,monthly,interest,loans,detail,26,. En moneda extranjera,0.017394,million_usd,official_projection,mecon_quarterly_treasury_maturity_profile,https://www.argentina.gob.ar/sites/default/files/deuda_publica_31-03-2026.xlsx,fad7687446da2e312d5f442e4d8e4fe53af87303a5fbdbe1030e8b241473aeee,2026-09-30T02:20:59Z
mecon_treasury_maturity_interest_row_27,2026-03-31,2026-08,monthly,interest,loans,detail,27,Otros,0.017394,million_usd,official_projection,mecon_quarterly_treasury_maturity_profile,https://www.argentina.gob.ar/sites/default/files/deuda_publica_31-03-2026.xlsx,fad7687446da2e312d5f442e4d8e4fe53af87303a5fbdbe1030e8b241473aeee,2026-09-30T02:20:59Z
mecon_treasury_maturity_interest_row_28,2026-03-31,2026-08,monthly,interest,loans,detail,28,Organismos Oficiales,1.967539,million_usd,official_projection,mecon_quarterly_treasury_maturity_profile,https://www.argentina.gob.ar/sites/default/files/deuda_publica_31-03-2026.xlsx,fad7687446da2e312d5f442e4d8e4fe53af87303a5fbdbe1030e8b241473aeee,2026-09-30T02:20:59Z
mecon_treasury_maturity_interest_row_32,2026-03-31,2026-08,monthly,interest,loans,detail,32,Avales,0.733365,million_usd,official_projection,mecon_quarterly_treasury_maturity_profile,https://www.argentina.gob.ar/sites/default/files/deuda_publica_31-03-2026.xlsx,fad7687446da2e312d5f442e4d8e4fe53af87303a5fbdbe1030e8b241473aeee,2026-09-30T02:20:59Z
mecon_treasury_maturity_interest_row_34,2026-03-31,2026-08,monthly,interest,loans,detail,34,. En moneda extranjera,0.733365,million_usd,official_projection,mecon_quarterly_treasury_maturity_profile,https://www.argentina.gob.ar/sites/default/files/deuda_publica_31-03-2026.xlsx,fad7687446da2e312d5f442e4d8e4fe53af87303a5fbdbe1030e8b241473aeee,2026-09-30T02:20:59Z
mecon_treasury_maturity_interest_securities,2026-03-31,2026-08,monthly,interest,securities,category,36,Títulos públicos y Letras del Tesoro,13.873474,million_usd,official_projection,mecon_quarterly_treasury_maturity_profile,https://www.argentina.gob.ar/sites/default/files/deuda_publica_31-03-2026.xlsx,fad7687446da2e312d5f442e4d8e4fe53af87303a5fbdbe1030e8b241473aeee,2026-09-30T02:20:59Z
mecon_treasury_maturity_interest_row_57,2026-03-31,2026-08,monthly,interest,securities,detail,57,"BONAR/$/6,72763943919512%/31-12-2028",0.044056,million_usd,official_projection,mecon_quarterly_treasury_maturity_profile,https://www.argentina.gob.ar/sites/default/files/deuda_publica_31-03-2026.xlsx,fad7687446da2e312d5f442e4d8e4fe53af87303a5fbdbe1030e8b241473aeee,2026-09-30T02:20:59Z
mecon_treasury_maturity_interest_row_59,2026-03-31,2026-08,monthly,interest,securities,detail,59,BONAR/U$S/6%/29-10-2027,3.726852,million_usd,official_projection,mecon_quarterly_treasury_maturity_profile,https://www.argentina.gob.ar/sites/default/files/deuda_publica_31-03-2026.xlsx,fad7687446da2e312d5f442e4d8e4fe53af87303a5fbdbe1030e8b241473aeee,2026-09-30T02:20:59Z
mecon_treasury_maturity_interest_row_60,2026-03-31,2026-08,monthly,interest,securities,detail,60,BONAR/U$S/6%/31-10-2028,0.930772,million_usd,official_projection,mecon_quarterly_treasury_maturity_profile,https://www.argentina.gob.ar/sites/default/files/deuda_publica_31-03-2026.xlsx,fad7687446da2e312d5f442e4d8e4fe53af87303a5fbdbe1030e8b241473aeee,2026-09-30T02:20:59Z
mecon_treasury_maturity_interest_row_86,2026-03-31,2026-08,monthly,interest,securities,detail,86,BONTE/$/BADLAR/23-11-2027,3.639858,million_usd,official_projection,mecon_quarterly_treasury_maturity_profile,https://www.argentina.gob.ar/sites/default/files/deuda_publica_31-03-2026.xlsx,fad7687446da2e312d5f442e4d8e4fe53af87303a5fbdbe1030e8b241473aeee,2026-09-30T02:20:59Z
mecon_treasury_maturity_interest_row_88,2026-03-31,2026-08,monthly,interest,securities,detail,88,BONTE/$/BADLAR+400PB/17-08-31,0.374552,million_usd,official_projection,mecon_quarterly_treasury_maturity_profile,https://www.argentina.gob.ar/sites/default/files/deuda_publica_31-03-2026.xlsx,fad7687446da2e312d5f442e4d8e4fe53af87303a5fbdbe1030e8b241473aeee,2026-09-30T02:20:59Z
mecon_treasury_maturity_interest_row_94,2026-03-31,2026-08,monthly,interest,securities,detail,94,OTROS (1),5.157383,million_usd,official_projection,mecon_quarterly_treasury_maturity_profile,https://www.argentina.gob.ar/sites/default/files/deuda_publica_31-03-2026.xlsx,fad7687446da2e312d5f442e4d8e4fe53af87303a5fbdbe1030e8b241473aeee,2026-09-30T02:20:59Z
mecon_treasury_maturity_interest_row_95,2026-03-31,2026-08,monthly,interest,securities,detail,95,. En moneda nacional,5.157383,million_usd,official_projection,mecon_quarterly_treasury_maturity_profile,https://www.argentina.gob.ar/sites/default/files/deuda_publica_31-03-2026.xlsx,fad7687446da2e312d5f442e4d8e4fe53af87303a5fbdbe1030e8b241473aeee,2026-09-30T02:20:59Z
mecon_treasury_maturity_interest_row_98,2026-03-31,2026-08,monthly,interest,securities,detail,98,· No ajustable por CER,5.157383,million_usd,official_projection,mecon_quarterly_treasury_maturity_profile,https://www.argentina.gob.ar/sites/default/files/deuda_publica_31-03-2026.xlsx,fad7687446da2e312d5f442e4d8e4fe53af87303a5fbdbe1030e8b241473aeee,2026-09-30T02:20:59Z
mecon_treasury_maturity_interest_row_99,2026-03-31,2026-08,monthly,interest,securities,detail,99,· Bonos de consolidación,5.157383,million_usd,official_projection,mecon_quarterly_treasury_maturity_profile,https://www.argentina.gob.ar/sites/default/files/deuda_publica_31-03-2026.xlsx,fad7687446da2e312d5f442e4d8e4fe53af87303a5fbdbe1030e8b241473aeee,2026-09-30T02:20:59Z
mecon_treasury_maturity_interest_row_104,2026-03-31,2026-08,monthly,interest,securities,detail,104,TOTAL DEUDA DENOMINADA EN PESOS,13.749849,million_usd,official_projection,mecon_quarterly_treasury_maturity_profile,https://www.argentina.gob.ar/sites/default/files/deuda_publica_31-03-2026.xlsx,fad7687446da2e312d5f442e4d8e4fe53af87303a5fbdbe1030e8b241473aeee,2026-09-30T02:20:59Z
mecon_treasury_maturity_interest_row_105,2026-03-31,2026-08,monthly,interest,securities,detail,105,· Deuda ajustable por CER,4.534000,million_usd,official_projection,mecon_quarterly_treasury_maturity_profile,https://www.argentina.gob.ar/sites/default/files/deuda_publica_31-03-2026.xlsx,fad7687446da2e312d5f442e4d8e4fe53af87303a5fbdbe1030e8b241473aeee,2026-09-30T02:20:59Z
mecon_treasury_maturity_interest_row_106,2026-03-31,2026-08,monthly,interest,securities,detail,106,· Deuda no ajustable por CER,9.215849,million_usd,official_projection,mecon_quarterly_treasury_maturity_profile,https://www.argentina.gob.ar/sites/default/files/deuda_publica_31-03-2026.xlsx,fad7687446da2e312d5f442e4d8e4fe53af87303a5fbdbe1030e8b241473aeee,2026-09-30T02:20:59Z
mecon_treasury_maturity_interest_row_107,2026-03-31,2026-08,monthly,interest,securities,detail,107,TOTAL DEUDA EN MONEDA EXTRANJERA,868.875740,million_usd,official_projection,mecon_quarterly_treasury_maturity_profile,https://www.argentina.gob.ar/sites/default/files/deuda_publica_31-03-2026.xlsx,fad7687446da2e312d5f442e4d8e4fe53af87303a5fbdbe1030e8b241473aeee,2026-09-30T02:20:59Z
mecon_treasury_maturity_capital_total,2026-03-31,2026-09,monthly,capital,total,total,13,Total,6515.378627,million_usd,official_projection,mecon_quarterly_treasury_maturity_profile,https://www.argentina.gob.ar/sites/default/files/deuda_publica_31-03-2026.xlsx,fad7687446da2e312d5f442e4d8e4fe53af87303a5fbdbe1030e8b241473aeee,2026-09-30T02:20:59Z
mecon_treasury_maturity_capital_row_14,2026-03-31,2026-09,monthly,capital,total,term,14,CORTO PLAZO,1309.095386,million_usd,official_projection,mecon_quarterly_treasury_maturity_profile,https://www.argentina.gob.ar/sites/default/files/deuda_publica_31-03-2026.xlsx,fad7687446da2e312d5f442e4d8e4fe53af87303a5fbdbe1030e8b241473aeee,2026-09-30T02:20:59Z
mecon_treasury_maturity_capital_row_15,2026-03-31,2026-09,monthly,capital,total,term,15,MEDIANO Y LARGO PLAZO,5206.283241,million_usd,official_projection,mecon_quarterly_treasury_maturity_profile,https://www.argentina.gob.ar/sites/default/files/deuda_publica_31-03-2026.xlsx,fad7687446da2e312d5f442e4d8e4fe53af87303a5fbdbe1030e8b241473aeee,2026-09-30T02:20:59Z
mecon_treasury_maturity_capital_loans,2026-03-31,2026-09,monthly,capital,loans,category,17,Préstamos,1335.978726,million_usd,official_projection,mecon_quarterly_treasury_maturity_profile,https://www.argentina.gob.ar/sites/default/files/deuda_publica_31-03-2026.xlsx,fad7687446da2e312d5f442e4d8e4fe53af87303a5fbdbe1030e8b241473aeee,2026-09-30T02:20:59Z
mecon_treasury_maturity_capital_row_18,2026-03-31,2026-09,monthly,capital,loans,detail,18,Organismos Internacionales,1181.190976,million_usd,official_projection,mecon_quarterly_treasury_maturity_profile,https://www.argentina.gob.ar/sites/default/files/deuda_publica_31-03-2026.xlsx,fad7687446da2e312d5f442e4d8e4fe53af87303a5fbdbe1030e8b241473aeee,2026-09-30T02:20:59Z
mecon_treasury_maturity_capital_row_19,2026-03-31,2026-09,monthly,capital,loans,detail,19,. BIRF,69.801899,million_usd,official_projection,mecon_quarterly_treasury_maturity_profile,https://www.argentina.gob.ar/sites/default/files/deuda_publica_31-03-2026.xlsx,fad7687446da2e312d5f442e4d8e4fe53af87303a5fbdbe1030e8b241473aeee,2026-09-30T02:20:59Z
mecon_treasury_maturity_capital_row_20,2026-03-31,2026-09,monthly,capital,loans,detail,20,. BID,253.782938,million_usd,official_projection,mecon_quarterly_treasury_maturity_profile,https://www.argentina.gob.ar/sites/default/files/deuda_publica_31-03-2026.xlsx,fad7687446da2e312d5f442e4d8e4fe53af87303a5fbdbe1030e8b241473aeee,2026-09-30T02:20:59Z
mecon_treasury_maturity_capital_row_21,2026-03-31,2026-09,monthly,capital,loans,detail,21,. FMI,791.175007,million_usd,official_projection,mecon_quarterly_treasury_maturity_profile,https://www.argentina.gob.ar/sites/default/files/deuda_publica_31-03-2026.xlsx,fad7687446da2e312d5f442e4d8e4fe53af87303a5fbdbe1030e8b241473aeee,2026-09-30T02:20:59Z
mecon_treasury_maturity_capital_row_22,2026-03-31,2026-09,monthly,capital,loans,detail,22,. Otros,66.431132,million_usd,official_projection,mecon_quarterly_treasury_maturity_profile,https://www.argentina.gob.ar/sites/default/files/deuda_publica_31-03-2026.xlsx,fad7687446da2e312d5f442e4d8e4fe53af87303a5fbdbe1030e8b241473aeee,2026-09-30T02:20:59Z
mecon_treasury_maturity_capital_row_28,2026-03-31,2026-09,monthly,capital,loans,detail,28,Organismos Oficiales,147.625028,million_usd,official_projection,mecon_quarterly_treasury_maturity_profile,https://www.argentina.gob.ar/sites/default/files/deuda_publica_31-03-2026.xlsx,fad7687446da2e312d5f442e4d8e4fe53af87303a5fbdbe1030e8b241473aeee,2026-09-30T02:20:59Z
mecon_treasury_maturity_capital_row_29,2026-03-31,2026-09,monthly,capital,loans,detail,29,Avales,7.162722,million_usd,official_projection,mecon_quarterly_treasury_maturity_profile,https://www.argentina.gob.ar/sites/default/files/deuda_publica_31-03-2026.xlsx,fad7687446da2e312d5f442e4d8e4fe53af87303a5fbdbe1030e8b241473aeee,2026-09-30T02:20:59Z
mecon_treasury_maturity_capital_row_31,2026-03-31,2026-09,monthly,capital,loans,detail,31,. En moneda extranjera,7.162722,million_usd,official_projection,mecon_quarterly_treasury_maturity_profile,https://www.argentina.gob.ar/sites/default/files/deuda_publica_31-03-2026.xlsx,fad7687446da2e312d5f442e4d8e4fe53af87303a5fbdbe1030e8b241473aeee,2026-09-30T02:20:59Z
mecon_treasury_maturity_capital_bcra_advances,2026-03-31,2026-09,monthly,capital,bcra_advances,category,33,Adelantos transitorios BCRA,75.212015,million_usd,official_projection,mecon_quarterly_treasury_maturity_profile,https://www.argentina.gob.ar/sites/default/files/deuda_publica_31-03-2026.xlsx,fad7687446da2e312d5f442e4d8e4fe53af87303a5fbdbe1030e8b241473aeee,2026-09-30T02:20:59Z
mecon_treasury_maturity_capital_securities,2026-03-31,2026-09,monthly,capital,securities,category,35,Títulos públicos y Letras del Tesoro,5104.187887,million_usd,official_projection,mecon_quarterly_treasury_maturity_profile,https://www.argentina.gob.ar/sites/default/files/deuda_publica_31-03-2026.xlsx,fad7687446da2e312d5f442e4d8e4fe53af87303a5fbdbe1030e8b241473aeee,2026-09-30T02:20:59Z
mecon_treasury_maturity_capital_row_53,2026-03-31,2026-09,monthly,capital,securities,detail,53,"BONAR/$/6,72763943919512%/31-12-2028",0.251655,million_usd,official_projection,mecon_quarterly_treasury_maturity_profile,https://www.argentina.gob.ar/sites/default/files/deuda_publica_31-03-2026.xlsx,fad7687446da2e312d5f442e4d8e4fe53af87303a5fbdbe1030e8b241473aeee,2026-09-30T02:20:59Z
mecon_treasury_maturity_capital_row_57,2026-03-31,2026-09,monthly,capital,securities,detail,57,BONTE /$/ BADLAR/22-12-2026,0.509628,million_usd,official_projection,mecon_quarterly_treasury_maturity_profile,https://www.argentina.gob.ar/sites/default/files/deuda_publica_31-03-2026.xlsx,fad7687446da2e312d5f442e4d8e4fe53af87303a5fbdbe1030e8b241473aeee,2026-09-30T02:20:59Z
mecon_treasury_maturity_capital_row_79,2026-03-31,2026-09,monthly,capital,securities,detail,79,BONCAP DUAL/$/15-09-2026,3869.543233,million_usd,official_projection,mecon_quarterly_treasury_maturity_profile,https://www.argentina.gob.ar/sites/default/files/deuda_publica_31-03-2026.xlsx,fad7687446da2e312d5f442e4d8e4fe53af87303a5fbdbe1030e8b241473aeee,2026-09-30T02:20:59Z
mecon_treasury_maturity_capital_row_91,2026-03-31,2026-09,monthly,capital,securities,detail,91,LETRAS DEL TESORO,1233.883372,million_usd,official_projection,mecon_quarterly_treasury_maturity_profile,https://www.argentina.gob.ar/sites/default/files/deuda_publica_31-03-2026.xlsx,fad7687446da2e312d5f442e4d8e4fe53af87303a5fbdbe1030e8b241473aeee,2026-09-30T02:20:59Z
mecon_treasury_maturity_capital_row_92,2026-03-31,2026-09,monthly,capital,securities,detail,92,. En moneda nacional,1233.883372,million_usd,official_projection,mecon_quarterly_treasury_maturity_profile,https://www.argentina.gob.ar/sites/default/files/deuda_publica_31-03-2026.xlsx,fad7687446da2e312d5f442e4d8e4fe53af87303a5fbdbe1030e8b241473aeee,2026-09-30T02:20:59Z
mecon_treasury_maturity_capital_row_106,2026-03-31,2026-09,monthly,capital,securities,detail,106,TOTAL DEUDA DENOMINADA EN PESOS,5179.399902,million_usd,official_projection,mecon_quarterly_treasury_maturity_profile,https://www.argentina.gob.ar/sites/default/files/deuda_publica_31-03-2026.xlsx,fad7687446da2e312d5f442e4d8e4fe53af87303a5fbdbe1030e8b241473aeee,2026-09-30T02:20:59Z
mecon_treasury_maturity_capital_row_107,2026-03-31,2026-09,monthly,capital,securities,detail,107,· Deuda ajustable por CER,819.706047,million_usd,official_projection,mecon_quarterly_treasury_maturity_profile,https://www.argentina.gob.ar/sites/default/files/deuda_publica_31-03-2026.xlsx,fad7687446da2e312d5f442e4d8e4fe53af87303a5fbdbe1030e8b241473aeee,2026-09-30T02:20:59Z
mecon_treasury_maturity_capital_row_108,2026-03-31,2026-09,monthly,capital,securities,detail,108,· Deuda no ajustable por CER,4359.693855,million_usd,official_projection,mecon_quarterly_treasury_maturity_profile,https://www.argentina.gob.ar/sites/default/files/deuda_publica_31-03-2026.xlsx,fad7687446da2e312d5f442e4d8e4fe53af87303a5fbdbe1030e8b241473aeee,2026-09-30T02:20:59Z
mecon_treasury_maturity_capital_row_109,2026-03-31,2026-09,monthly,capital,securities,detail,109,TOTAL DEUDA EN MONEDA EXTRANJERA,1335.978726,million_usd,official_projection,mecon_quarterly_treasury_maturity_profile,https://www.argentina.gob.ar/sites/default/files/deuda_publica_31-03-2026.xlsx,fad7687446da2e312d5f442e4d8e4fe53af87303a5fbdbe1030e8b241473aeee,2026-09-30T02:20:59Z
mecon_treasury_maturity_interest_total,2026-03-31,2026-09,monthly,interest,total,total,13,Total,358.352668,million_usd,official_projection,mecon_quarterly_treasury_maturity_profile,https://www.argentina.gob.ar/sites/default/files/deuda_publica_31-03-2026.xlsx,fad7687446da2e312d5f442e4d8e4fe53af87303a5fbdbe1030e8b241473aeee,2026-09-30T02:20:59Z
mecon_treasury_maturity_interest_row_15,2026-03-31,2026-09,monthly,interest,total,term,15,MEDIANO Y LARGO PLAZO,358.352668,million_usd,official_projection,mecon_quarterly_treasury_maturity_profile,https://www.argentina.gob.ar/sites/default/files/deuda_publica_31-03-2026.xlsx,fad7687446da2e312d5f442e4d8e4fe53af87303a5fbdbe1030e8b241473aeee,2026-09-30T02:20:59Z
mecon_treasury_maturity_interest_loans,2026-03-31,2026-09,monthly,interest,loans,category,17,Préstamos,271.360413,million_usd,official_projection,mecon_quarterly_treasury_maturity_profile,https://www.argentina.gob.ar/sites/default/files/deuda_publica_31-03-2026.xlsx,fad7687446da2e312d5f442e4d8e4fe53af87303a5fbdbe1030e8b241473aeee,2026-09-30T02:20:59Z
mecon_treasury_maturity_interest_row_18,2026-03-31,2026-09,monthly,interest,loans,detail,18,Organismos Internacionales,245.117070,million_usd,official_projection,mecon_quarterly_treasury_maturity_profile,https://www.argentina.gob.ar/sites/default/files/deuda_publica_31-03-2026.xlsx,fad7687446da2e312d5f442e4d8e4fe53af87303a5fbdbe1030e8b241473aeee,2026-09-30T02:20:59Z
mecon_treasury_maturity_interest_row_19,2026-03-31,2026-09,monthly,interest,loans,detail,19,. BIRF,64.058832,million_usd,official_projection,mecon_quarterly_treasury_maturity_profile,https://www.argentina.gob.ar/sites/default/files/deuda_publica_31-03-2026.xlsx,fad7687446da2e312d5f442e4d8e4fe53af87303a5fbdbe1030e8b241473aeee,2026-09-30T02:20:59Z
mecon_treasury_maturity_interest_row_20,2026-03-31,2026-09,monthly,interest,loans,detail,20,. BID,122.495371,million_usd,official_projection,mecon_quarterly_treasury_maturity_profile,https://www.argentina.gob.ar/sites/default/files/deuda_publica_31-03-2026.xlsx,fad7687446da2e312d5f442e4d8e4fe53af87303a5fbdbe1030e8b241473aeee,2026-09-30T02:20:59Z
mecon_treasury_maturity_interest_row_22,2026-03-31,2026-09,monthly,interest,loans,detail,22,. Otros,58.562867,million_usd,official_projection,mecon_quarterly_treasury_maturity_profile,https://www.argentina.gob.ar/sites/default/files/deuda_publica_31-03-2026.xlsx,fad7687446da2e312d5f442e4d8e4fe53af87303a5fbdbe1030e8b241473aeee,2026-09-30T02:20:59Z
mecon_treasury_maturity_interest_row_23,2026-03-31,2026-09,monthly,interest,loans,detail,23,Préstamos Garantizados,4.534000,million_usd,official_projection,mecon_quarterly_treasury_maturity_profile,https://www.argentina.gob.ar/sites/default/files/deuda_publica_31-03-2026.xlsx,fad7687446da2e312d5f442e4d8e4fe53af87303a5fbdbe1030e8b241473aeee,2026-09-30T02:20:59Z
mecon_treasury_maturity_interest_row_24,2026-03-31,2026-09,monthly,interest,loans,detail,24,. En moneda nacional ajustable por CER,4.534000,million_usd,official_projection,mecon_quarterly_treasury_maturity_profile,https://www.argentina.gob.ar/sites/default/files/deuda_publica_31-03-2026.xlsx,fad7687446da2e312d5f442e4d8e4fe53af87303a5fbdbe1030e8b241473aeee,2026-09-30T02:20:59Z
mecon_treasury_maturity_interest_row_25,2026-03-31,2026-09,monthly,interest,loans,detail,25,Banca Comercial,0.541030,million_usd,official_projection,mecon_quarterly_treasury_maturity_profile,https://www.argentina.gob.ar/sites/default/files/deuda_publica_31-03-2026.xlsx,fad7687446da2e312d5f442e4d8e4fe53af87303a5fbdbe1030e8b241473aeee,2026-09-30T02:20:59Z
mecon_treasury_maturity_interest_row_26,2026-03-31,2026-09,monthly,interest,loans,detail,26,. En moneda extranjera,0.541030,million_usd,official_projection,mecon_quarterly_treasury_maturity_profile,https://www.argentina.gob.ar/sites/default/files/deuda_publica_31-03-2026.xlsx,fad7687446da2e312d5f442e4d8e4fe53af87303a5fbdbe1030e8b241473aeee,2026-09-30T02:20:59Z
mecon_treasury_maturity_interest_row_27,2026-03-31,2026-09,monthly,interest,loans,detail,27,Otros,0.541030,million_usd,official_projection,mecon_quarterly_treasury_maturity_profile,https://www.argentina.gob.ar/sites/default/files/deuda_publica_31-03-2026.xlsx,fad7687446da2e312d5f442e4d8e4fe53af87303a5fbdbe1030e8b241473aeee,2026-09-30T02:20:59Z
mecon_treasury_maturity_interest_row_28,2026-03-31,2026-09,monthly,interest,loans,detail,28,Organismos Oficiales,15.701597,million_usd,official_projection,mecon_quarterly_treasury_maturity_profile,https://www.argentina.gob.ar/sites/default/files/deuda_publica_31-03-2026.xlsx,fad7687446da2e312d5f442e4d8e4fe53af87303a5fbdbe1030e8b241473aeee,2026-09-30T02:20:59Z
mecon_treasury_maturity_interest_row_29,2026-03-31,2026-09,monthly,interest,loans,detail,29,Pagarés,4.737736,million_usd,official_projection,mecon_quarterly_treasury_maturity_profile,https://www.argentina.gob.ar/sites/default/files/deuda_publica_31-03-2026.xlsx,fad7687446da2e312d5f442e4d8e4fe53af87303a5fbdbe1030e8b241473aeee,2026-09-30T02:20:59Z
mecon_treasury_maturity_interest_row_30,2026-03-31,2026-09,monthly,interest,loans,detail,30,. En moneda nacional ajustable por CER,4.737736,million_usd,official_projection,mecon_quarterly_treasury_maturity_profile,https://www.argentina.gob.ar/sites/default/files/deuda_publica_31-03-2026.xlsx,fad7687446da2e312d5f442e4d8e4fe53af87303a5fbdbe1030e8b241473aeee,2026-09-30T02:20:59Z
mecon_treasury_maturity_interest_row_31,2026-03-31,2026-09,monthly,interest,loans,detail,31,Pagaré 2038 - B.N.A.,4.737736,million_usd,official_projection,mecon_quarterly_treasury_maturity_profile,https://www.argentina.gob.ar/sites/default/files/deuda_publica_31-03-2026.xlsx,fad7687446da2e312d5f442e4d8e4fe53af87303a5fbdbe1030e8b241473aeee,2026-09-30T02:20:59Z
mecon_treasury_maturity_interest_row_32,2026-03-31,2026-09,monthly,interest,loans,detail,32,Avales,0.728980,million_usd,official_projection,mecon_quarterly_treasury_maturity_profile,https://www.argentina.gob.ar/sites/default/files/deuda_publica_31-03-2026.xlsx,fad7687446da2e312d5f442e4d8e4fe53af87303a5fbdbe1030e8b241473aeee,2026-09-30T02:20:59Z
mecon_treasury_maturity_interest_row_34,2026-03-31,2026-09,monthly,interest,loans,detail,34,. En moneda extranjera,0.728980,million_usd,official_projection,mecon_quarterly_treasury_maturity_profile,https://www.argentina.gob.ar/sites/default/files/deuda_publica_31-03-2026.xlsx,fad7687446da2e312d5f442e4d8e4fe53af87303a5fbdbe1030e8b241473aeee,2026-09-30T02:20:59Z
mecon_treasury_maturity_interest_securities,2026-03-31,2026-09,monthly,interest,securities,category,36,Títulos públicos y Letras del Tesoro,86.992255,million_usd,official_projection,mecon_quarterly_treasury_maturity_profile,https://www.argentina.gob.ar/sites/default/files/deuda_publica_31-03-2026.xlsx,fad7687446da2e312d5f442e4d8e4fe53af87303a5fbdbe1030e8b241473aeee,2026-09-30T02:20:59Z
mecon_treasury_maturity_interest_row_37,2026-03-31,2026-09,monthly,interest,securities,detail,37,PAR,21.319521,million_usd,official_projection,mecon_quarterly_treasury_maturity_profile,https://www.argentina.gob.ar/sites/default/files/deuda_publica_31-03-2026.xlsx,fad7687446da2e312d5f442e4d8e4fe53af87303a5fbdbe1030e8b241473aeee,2026-09-30T02:20:59Z
mecon_treasury_maturity_interest_row_38,2026-03-31,2026-09,monthly,interest,securities,detail,38,Par/$+CER/T.Fija/2038,9.170937,million_usd,official_projection,mecon_quarterly_treasury_maturity_profile,https://www.argentina.gob.ar/sites/default/files/deuda_publica_31-03-2026.xlsx,fad7687446da2e312d5f442e4d8e4fe53af87303a5fbdbe1030e8b241473aeee,2026-09-30T02:20:59Z
mecon_treasury_maturity_interest_row_39,2026-03-31,2026-09,monthly,interest,securities,detail,39,Emisión Canje 2005,9.134608,million_usd,official_projection,mecon_quarterly_treasury_maturity_profile,https://www.argentina.gob.ar/sites/default/files/deuda_publica_31-03-2026.xlsx,fad7687446da2e312d5f442e4d8e4fe53af87303a5fbdbe1030e8b241473aeee,2026-09-30T02:20:59Z
mecon_treasury_maturity_interest_row_40,2026-03-31,2026-09,monthly,interest,securities,detail,40,Emisión Canje 2010,0.036328,million_usd,official_projection,mecon_quarterly_treasury_maturity_profile,https://www.argentina.gob.ar/sites/default/files/deuda_publica_31-03-2026.xlsx,fad7687446da2e312d5f442e4d8e4fe53af87303a5fbdbe1030e8b241473aeee,2026-09-30T02:20:59Z
mecon_treasury_maturity_interest_row_41,2026-03-31,2026-09,monthly,interest,securities,detail,41,Par/U$S/T.Fija/2038,0.671617,million_usd,official_projection,mecon_quarterly_treasury_maturity_profile,https://www.argentina.gob.ar/sites/default/files/deuda_publica_31-03-2026.xlsx,fad7687446da2e312d5f442e4d8e4fe53af87303a5fbdbe1030e8b241473aeee,2026-09-30T02:20:59Z
mecon_treasury_maturity_interest_row_42,2026-03-31,2026-09,monthly,interest,securities,detail,42,Emisión Canje 2010,0.671617,million_usd,official_projection,mecon_quarterly_treasury_maturity_profile,https://www.argentina.gob.ar/sites/default/files/deuda_publica_31-03-2026.xlsx,fad7687446da2e312d5f442e4d8e4fe53af87303a5fbdbe1030e8b241473aeee,2026-09-30T02:20:59Z
mecon_treasury_maturity_interest_row_43,2026-03-31,2026-09,monthly,interest,securities,detail,43,Leg. Nueva York,0.671617,million_usd,official_projection,mecon_quarterly_treasury_maturity_profile,https://www.argentina.gob.ar/sites/default/files/deuda_publica_31-03-2026.xlsx,fad7687446da2e312d5f442e4d8e4fe53af87303a5fbdbe1030e8b241473aeee,2026-09-30T02:20:59Z
mecon_treasury_maturity_interest_row_44,2026-03-31,2026-09,monthly,interest,securities,detail,44,Par/EUR/T.Fija/2038,11.094527,million_usd,official_projection,mecon_quarterly_treasury_maturity_profile,https://www.argentina.gob.ar/sites/default/files/deuda_publica_31-03-2026.xlsx,fad7687446da2e312d5f442e4d8e4fe53af87303a5fbdbe1030e8b241473aeee,2026-09-30T02:20:59Z
mecon_treasury_maturity_interest_row_45,2026-03-31,2026-09,monthly,interest,securities,detail,45,Emisión Canje 2010,11.094527,million_usd,official_projection,mecon_quarterly_treasury_maturity_profile,https://www.argentina.gob.ar/sites/default/files/deuda_publica_31-03-2026.xlsx,fad7687446da2e312d5f442e4d8e4fe53af87303a5fbdbe1030e8b241473aeee,2026-09-30T02:20:59Z
mecon_treasury_maturity_interest_row_46,2026-03-31,2026-09,monthly,interest,securities,detail,46,Par/JPY/T.Fija/2038,0.382440,million_usd,official_projection,mecon_quarterly_treasury_maturity_profile,https://www.argentina.gob.ar/sites/default/files/deuda_publica_31-03-2026.xlsx,fad7687446da2e312d5f442e4d8e4fe53af87303a5fbdbe1030e8b241473aeee,2026-09-30T02:20:59Z
mecon_treasury_maturity_interest_row_47,2026-03-31,2026-09,monthly,interest,securities,detail,47,Emisión Canje 2005,0.364417,million_usd,official_projection,mecon_quarterly_treasury_maturity_profile,https://www.argentina.gob.ar/sites/default/files/deuda_publica_31-03-2026.xlsx,fad7687446da2e312d5f442e4d8e4fe53af87303a5fbdbe1030e8b241473aeee,2026-09-30T02:20:59Z
mecon_treasury_maturity_interest_row_48,2026-03-31,2026-09,monthly,interest,securities,detail,48,Emisión Canje 2010,0.018023,million_usd,official_projection,mecon_quarterly_treasury_maturity_profile,https://www.argentina.gob.ar/sites/default/files/deuda_publica_31-03-2026.xlsx,fad7687446da2e312d5f442e4d8e4fe53af87303a5fbdbe1030e8b241473aeee,2026-09-30T02:20:59Z
mecon_treasury_maturity_interest_row_57,2026-03-31,2026-09,monthly,interest,securities,detail,57,"BONAR/$/6,72763943919512%/31-12-2028",0.042653,million_usd,official_projection,mecon_quarterly_treasury_maturity_profile,https://www.argentina.gob.ar/sites/default/files/deuda_publica_31-03-2026.xlsx,fad7687446da2e312d5f442e4d8e4fe53af87303a5fbdbe1030e8b241473aeee,2026-09-30T02:20:59Z
mecon_treasury_maturity_interest_row_58,2026-03-31,2026-09,monthly,interest,securities,detail,58,BONAR DUAL 2036/DLK/29-09-2036,9.613117,million_usd,official_projection,mecon_quarterly_treasury_maturity_profile,https://www.argentina.gob.ar/sites/default/files/deuda_publica_31-03-2026.xlsx,fad7687446da2e312d5f442e4d8e4fe53af87303a5fbdbe1030e8b241473aeee,2026-09-30T02:20:59Z
mecon_treasury_maturity_interest_row_59,2026-03-31,2026-09,monthly,interest,securities,detail,59,BONAR/U$S/6%/29-10-2027,3.726852,million_usd,official_projection,mecon_quarterly_treasury_maturity_profile,https://www.argentina.gob.ar/sites/default/files/deuda_publica_31-03-2026.xlsx,fad7687446da2e312d5f442e4d8e4fe53af87303a5fbdbe1030e8b241473aeee,2026-09-30T02:20:59Z
mecon_treasury_maturity_interest_row_60,2026-03-31,2026-09,monthly,interest,securities,detail,60,BONAR/U$S/6%/31-10-2028,0.930772,million_usd,official_projection,mecon_quarterly_treasury_maturity_profile,https://www.argentina.gob.ar/sites/default/files/deuda_publica_31-03-2026.xlsx,fad7687446da2e312d5f442e4d8e4fe53af87303a5fbdbe1030e8b241473aeee,2026-09-30T02:20:59Z
mecon_treasury_maturity_interest_row_82,2026-03-31,2026-09,monthly,interest,securities,detail,82,BONTE /$/ BADLAR/22-12-2026,0.074886,million_usd,official_projection,mecon_quarterly_treasury_maturity_profile,https://www.argentina.gob.ar/sites/default/files/deuda_publica_31-03-2026.xlsx,fad7687446da2e312d5f442e4d8e4fe53af87303a5fbdbe1030e8b241473aeee,2026-09-30T02:20:59Z
mecon_treasury_maturity_interest_row_90,2026-03-31,2026-09,monthly,interest,securities,detail,90,LETRA INTRANSFERIBLE - BCRA,51.258323,million_usd,official_projection,mecon_quarterly_treasury_maturity_profile,https://www.argentina.gob.ar/sites/default/files/deuda_publica_31-03-2026.xlsx,fad7687446da2e312d5f442e4d8e4fe53af87303a5fbdbe1030e8b241473aeee,2026-09-30T02:20:59Z
mecon_treasury_maturity_interest_row_94,2026-03-31,2026-09,monthly,interest,securities,detail,94,OTROS (1),0.026130,million_usd,official_projection,mecon_quarterly_treasury_maturity_profile,https://www.argentina.gob.ar/sites/default/files/deuda_publica_31-03-2026.xlsx,fad7687446da2e312d5f442e4d8e4fe53af87303a5fbdbe1030e8b241473aeee,2026-09-30T02:20:59Z
mecon_treasury_maturity_interest_row_100,2026-03-31,2026-09,monthly,interest,securities,detail,100,. En moneda extranjera,0.026130,million_usd,official_projection,mecon_quarterly_treasury_maturity_profile,https://www.argentina.gob.ar/sites/default/files/deuda_publica_31-03-2026.xlsx,fad7687446da2e312d5f442e4d8e4fe53af87303a5fbdbe1030e8b241473aeee,2026-09-30T02:20:59Z
mecon_treasury_maturity_interest_row_102,2026-03-31,2026-09,monthly,interest,securities,detail,102,· Otros,0.026130,million_usd,official_projection,mecon_quarterly_treasury_maturity_profile,https://www.argentina.gob.ar/sites/default/files/deuda_publica_31-03-2026.xlsx,fad7687446da2e312d5f442e4d8e4fe53af87303a5fbdbe1030e8b241473aeee,2026-09-30T02:20:59Z
mecon_treasury_maturity_interest_row_104,2026-03-31,2026-09,monthly,interest,securities,detail,104,TOTAL DEUDA DENOMINADA EN PESOS,28.173329,million_usd,official_projection,mecon_quarterly_treasury_maturity_profile,https://www.argentina.gob.ar/sites/default/files/deuda_publica_31-03-2026.xlsx,fad7687446da2e312d5f442e4d8e4fe53af87303a5fbdbe1030e8b241473aeee,2026-09-30T02:20:59Z
mecon_treasury_maturity_interest_row_105,2026-03-31,2026-09,monthly,interest,securities,detail,105,· Deuda ajustable por CER,18.442673,million_usd,official_projection,mecon_quarterly_treasury_maturity_profile,https://www.argentina.gob.ar/sites/default/files/deuda_publica_31-03-2026.xlsx,fad7687446da2e312d5f442e4d8e4fe53af87303a5fbdbe1030e8b241473aeee,2026-09-30T02:20:59Z
mecon_treasury_maturity_interest_row_106,2026-03-31,2026-09,monthly,interest,securities,detail,106,· Deuda no ajustable por CER,9.730656,million_usd,official_projection,mecon_quarterly_treasury_maturity_profile,https://www.argentina.gob.ar/sites/default/files/deuda_publica_31-03-2026.xlsx,fad7687446da2e312d5f442e4d8e4fe53af87303a5fbdbe1030e8b241473aeee,2026-09-30T02:20:59Z
mecon_treasury_maturity_interest_row_107,2026-03-31,2026-09,monthly,interest,securities,detail,107,TOTAL DEUDA EN MONEDA EXTRANJERA,330.179339,million_usd,official_projection,mecon_quarterly_treasury_maturity_profile,https://www.argentina.gob.ar/sites/default/files/deuda_publica_31-03-2026.xlsx,fad7687446da2e312d5f442e4d8e4fe53af87303a5fbdbe1030e8b241473aeee,2026-09-30T02:20:59Z
mecon_treasury_maturity_capital_total,2026-03-31,2026-10,monthly,capital,total,total,13,Total,10579.136094,million_usd,official_projection,mecon_quarterly_treasury_maturity_profile,https://www.argentina.gob.ar/sites/default/files/deuda_publica_31-03-2026.xlsx,fad7687446da2e312d5f442e4d8e4fe53af87303a5fbdbe1030e8b241473aeee,2026-09-30T02:20:59Z
mecon_treasury_maturity_capital_row_14,2026-03-31,2026-10,monthly,capital,total,term,14,CORTO PLAZO,6424.719723,million_usd,official_projection,mecon_quarterly_treasury_maturity_profile,https://www.argentina.gob.ar/sites/default/files/deuda_publica_31-03-2026.xlsx,fad7687446da2e312d5f442e4d8e4fe53af87303a5fbdbe1030e8b241473aeee,2026-09-30T02:20:59Z
mecon_treasury_maturity_capital_row_15,2026-03-31,2026-10,monthly,capital,total,term,15,MEDIANO Y LARGO PLAZO,4154.416371,million_usd,official_projection,mecon_quarterly_treasury_maturity_profile,https://www.argentina.gob.ar/sites/default/files/deuda_publica_31-03-2026.xlsx,fad7687446da2e312d5f442e4d8e4fe53af87303a5fbdbe1030e8b241473aeee,2026-09-30T02:20:59Z
mecon_treasury_maturity_capital_loans,2026-03-31,2026-10,monthly,capital,loans,category,17,Préstamos,190.172882,million_usd,official_projection,mecon_quarterly_treasury_maturity_profile,https://www.argentina.gob.ar/sites/default/files/deuda_publica_31-03-2026.xlsx,fad7687446da2e312d5f442e4d8e4fe53af87303a5fbdbe1030e8b241473aeee,2026-09-30T02:20:59Z
mecon_treasury_maturity_capital_row_18,2026-03-31,2026-10,monthly,capital,loans,detail,18,Organismos Internacionales,170.036030,million_usd,official_projection,mecon_quarterly_treasury_maturity_profile,https://www.argentina.gob.ar/sites/default/files/deuda_publica_31-03-2026.xlsx,fad7687446da2e312d5f442e4d8e4fe53af87303a5fbdbe1030e8b241473aeee,2026-09-30T02:20:59Z
mecon_treasury_maturity_capital_row_19,2026-03-31,2026-10,monthly,capital,loans,detail,19,. BIRF,63.196336,million_usd,official_projection,mecon_quarterly_treasury_maturity_profile,https://www.argentina.gob.ar/sites/default/files/deuda_publica_31-03-2026.xlsx,fad7687446da2e312d5f442e4d8e4fe53af87303a5fbdbe1030e8b241473aeee,2026-09-30T02:20:59Z
mecon_treasury_maturity_capital_row_20,2026-03-31,2026-10,monthly,capital,loans,detail,20,. BID,66.996236,million_usd,official_projection,mecon_quarterly_treasury_maturity_profile,https://www.argentina.gob.ar/sites/default/files/deuda_publica_31-03-2026.xlsx,fad7687446da2e312d5f442e4d8e4fe53af87303a5fbdbe1030e8b241473aeee,2026-09-30T02:20:59Z
mecon_treasury_maturity_capital_row_22,2026-03-31,2026-10,monthly,capital,loans,detail,22,. Otros,39.843457,million_usd,official_projection,mecon_quarterly_treasury_maturity_profile,https://www.argentina.gob.ar/sites/default/files/deuda_publica_31-03-2026.xlsx,fad7687446da2e312d5f442e4d8e4fe53af87303a5fbdbe1030e8b241473aeee,2026-09-30T02:20:59Z
mecon_treasury_maturity_capital_row_23,2026-03-31,2026-10,monthly,capital,loans,detail,23,Banca Comercial,7.897800,million_usd,official_projection,mecon_quarterly_treasury_maturity_profile,https://www.argentina.gob.ar/sites/default/files/deuda_publica_31-03-2026.xlsx,fad7687446da2e312d5f442e4d8e4fe53af87303a5fbdbe1030e8b241473aeee,2026-09-30T02:20:59Z
mecon_treasury_maturity_capital_row_26,2026-03-31,2026-10,monthly,capital,loans,detail,26,. En moneda extranjera,7.897800,million_usd,official_projection,mecon_quarterly_treasury_maturity_profile,https://www.argentina.gob.ar/sites/default/files/deuda_publica_31-03-2026.xlsx,fad7687446da2e312d5f442e4d8e4fe53af87303a5fbdbe1030e8b241473aeee,2026-09-30T02:20:59Z
mecon_treasury_maturity_capital_row_27,2026-03-31,2026-10,monthly,capital,loans,detail,27,Otros,7.897800,million_usd,official_projection,mecon_quarterly_treasury_maturity_profile,https://www.argentina.gob.ar/sites/default/files/deuda_publica_31-03-2026.xlsx,fad7687446da2e312d5f442e4d8e4fe53af87303a5fbdbe1030e8b241473aeee,2026-09-30T02:20:59Z
mecon_treasury_maturity_capital_row_28,2026-03-31,2026-10,monthly,capital,loans,detail,28,Organismos Oficiales,5.076331,million_usd,official_projection,mecon_quarterly_treasury_maturity_profile,https://www.argentina.gob.ar/sites/default/files/deuda_publica_31-03-2026.xlsx,fad7687446da2e312d5f442e4d8e4fe53af87303a5fbdbe1030e8b241473aeee,2026-09-30T02:20:59Z
mecon_treasury_maturity_capital_row_29,2026-03-31,2026-10,monthly,capital,loans,detail,29,Avales,7.162722,million_usd,official_projection,mecon_quarterly_treasury_maturity_profile,https://www.argentina.gob.ar/sites/default/files/deuda_publica_31-03-2026.xlsx,fad7687446da2e312d5f442e4d8e4fe53af87303a5fbdbe1030e8b241473aeee,2026-09-30T02:20:59Z
mecon_treasury_maturity_capital_row_31,2026-03-31,2026-10,monthly,capital,loans,detail,31,. En moneda extranjera,7.162722,million_usd,official_projection,mecon_quarterly_treasury_maturity_profile,https://www.argentina.gob.ar/sites/default/files/deuda_publica_31-03-2026.xlsx,fad7687446da2e312d5f442e4d8e4fe53af87303a5fbdbe1030e8b241473aeee,2026-09-30T02:20:59Z
mecon_treasury_maturity_capital_bcra_advances,2026-03-31,2026-10,monthly,capital,bcra_advances,category,33,Adelantos transitorios BCRA,0.000000,million_usd,official_projection,mecon_quarterly_treasury_maturity_profile,https://www.argentina.gob.ar/sites/default/files/deuda_publica_31-03-2026.xlsx,fad7687446da2e312d5f442e4d8e4fe53af87303a5fbdbe1030e8b241473aeee,2026-09-30T02:20:59Z
mecon_treasury_maturity_capital_securities,2026-03-31,2026-10,monthly,capital,securities,category,35,Títulos públicos y Letras del Tesoro,10388.963212,million_usd,official_projection,mecon_quarterly_treasury_maturity_profile,https://www.argentina.gob.ar/sites/default/files/deuda_publica_31-03-2026.xlsx,fad7687446da2e312d5f442e4d8e4fe53af87303a5fbdbe1030e8b241473aeee,2026-09-30T02:20:59Z
mecon_treasury_maturity_capital_row_53,2026-03-31,2026-10,monthly,capital,securities,detail,53,"BONAR/$/6,72763943919512%/31-12-2028",0.253065,million_usd,official_projection,mecon_quarterly_treasury_maturity_profile,https://www.argentina.gob.ar/sites/default/files/deuda_publica_31-03-2026.xlsx,fad7687446da2e312d5f442e4d8e4fe53af87303a5fbdbe1030e8b241473aeee,2026-09-30T02:20:59Z
mecon_treasury_maturity_capital_row_61,2026-03-31,2026-10,monthly,capital,securities,detail,61,"BONTE/$/15,50%/17-10-2026",69.838488,million_usd,official_projection,mecon_quarterly_treasury_maturity_profile,https://www.argentina.gob.ar/sites/default/files/deuda_publica_31-03-2026.xlsx,fad7687446da2e312d5f442e4d8e4fe53af87303a5fbdbe1030e8b241473aeee,2026-09-30T02:20:59Z
mecon_treasury_maturity_capital_row_67,2026-03-31,2026-10,monthly,capital,securities,detail,67,BONCER/$/0%+CER/30-10-2026,3894.151936,million_usd,official_projection,mecon_quarterly_treasury_maturity_profile,https://www.argentina.gob.ar/sites/default/files/deuda_publica_31-03-2026.xlsx,fad7687446da2e312d5f442e4d8e4fe53af87303a5fbdbe1030e8b241473aeee,2026-09-30T02:20:59Z
mecon_treasury_maturity_capital_row_91,2026-03-31,2026-10,monthly,capital,securities,detail,91,LETRAS DEL TESORO,6424.719723,million_usd,official_projection,mecon_quarterly_treasury_maturity_profile,https://www.argentina.gob.ar/sites/default/files/deuda_publica_31-03-2026.xlsx,fad7687446da2e312d5f442e4d8e4fe53af87303a5fbdbe1030e8b241473aeee,2026-09-30T02:20:59Z
mecon_treasury_maturity_capital_row_92,2026-03-31,2026-10,monthly,capital,securities,detail,92,. En moneda nacional,6424.719723,million_usd,official_projection,mecon_quarterly_treasury_maturity_profile,https://www.argentina.gob.ar/sites/default/files/deuda_publica_31-03-2026.xlsx,fad7687446da2e312d5f442e4d8e4fe53af87303a5fbdbe1030e8b241473aeee,2026-09-30T02:20:59Z
mecon_treasury_maturity_capital_row_106,2026-03-31,2026-10,monthly,capital,securities,detail,106,TOTAL DEUDA DENOMINADA EN PESOS,10388.963212,million_usd,official_projection,mecon_quarterly_treasury_maturity_profile,https://www.argentina.gob.ar/sites/default/files/deuda_publica_31-03-2026.xlsx,fad7687446da2e312d5f442e4d8e4fe53af87303a5fbdbe1030e8b241473aeee,2026-09-30T02:20:59Z
mecon_treasury_maturity_capital_row_107,2026-03-31,2026-10,monthly,capital,securities,detail,107,· Deuda ajustable por CER,3894.151936,million_usd,official_projection,mecon_quarterly_treasury_maturity_profile,https://www.argentina.gob.ar/sites/default/files/deuda_publica_31-03-2026.xlsx,fad7687446da2e312d5f442e4d8e4fe53af87303a5fbdbe1030e8b241473aeee,2026-09-30T02:20:59Z
mecon_treasury_maturity_capital_row_108,2026-03-31,2026-10,monthly,capital,securities,detail,108,· Deuda no ajustable por CER,6494.811276,million_usd,official_projection,mecon_quarterly_treasury_maturity_profile,https://www.argentina.gob.ar/sites/default/files/deuda_publica_31-03-2026.xlsx,fad7687446da2e312d5f442e4d8e4fe53af87303a5fbdbe1030e8b241473aeee,2026-09-30T02:20:59Z
mecon_treasury_maturity_capital_row_109,2026-03-31,2026-10,monthly,capital,securities,detail,109,TOTAL DEUDA EN MONEDA EXTRANJERA,190.172882,million_usd,official_projection,mecon_quarterly_treasury_maturity_profile,https://www.argentina.gob.ar/sites/default/files/deuda_publica_31-03-2026.xlsx,fad7687446da2e312d5f442e4d8e4fe53af87303a5fbdbe1030e8b241473aeee,2026-09-30T02:20:59Z
mecon_treasury_maturity_interest_total,2026-03-31,2026-10,monthly,interest,total,total,13,Total,277.521233,million_usd,official_projection,mecon_quarterly_treasury_maturity_profile,https://www.argentina.gob.ar/sites/default/files/deuda_publica_31-03-2026.xlsx,fad7687446da2e312d5f442e4d8e4fe53af87303a5fbdbe1030e8b241473aeee,2026-09-30T02:20:59Z
mecon_treasury_maturity_interest_row_15,2026-03-31,2026-10,monthly,interest,total,term,15,MEDIANO Y LARGO PLAZO,277.521233,million_usd,official_projection,mecon_quarterly_treasury_maturity_profile,https://www.argentina.gob.ar/sites/default/files/deuda_publica_31-03-2026.xlsx,fad7687446da2e312d5f442e4d8e4fe53af87303a5fbdbe1030e8b241473aeee,2026-09-30T02:20:59Z
mecon_treasury_maturity_interest_loans,2026-03-31,2026-10,monthly,interest,loans,category,17,Préstamos,223.353749,million_usd,official_projection,mecon_quarterly_treasury_maturity_profile,https://www.argentina.gob.ar/sites/default/files/deuda_publica_31-03-2026.xlsx,fad7687446da2e312d5f442e4d8e4fe53af87303a5fbdbe1030e8b241473aeee,2026-09-30T02:20:59Z
mecon_treasury_maturity_interest_row_18,2026-03-31,2026-10,monthly,interest,loans,detail,18,Organismos Internacionales,215.829313,million_usd,official_projection,mecon_quarterly_treasury_maturity_profile,https://www.argentina.gob.ar/sites/default/files/deuda_publica_31-03-2026.xlsx,fad7687446da2e312d5f442e4d8e4fe53af87303a5fbdbe1030e8b241473aeee,2026-09-30T02:20:59Z
mecon_treasury_maturity_interest_row_19,2026-03-31,2026-10,monthly,interest,loans,detail,19,. BIRF,120.045465,million_usd,official_projection,mecon_quarterly_treasury_maturity_profile,https://www.argentina.gob.ar/sites/default/files/deuda_publica_31-03-2026.xlsx,fad7687446da2e312d5f442e4d8e4fe53af87303a5fbdbe1030e8b241473aeee,2026-09-30T02:20:59Z
mecon_treasury_maturity_interest_row_20,2026-03-31,2026-10,monthly,interest,loans,detail,20,. BID,54.917149,million_usd,official_projection,mecon_quarterly_treasury_maturity_profile,https://www.argentina.gob.ar/sites/default/files/deuda_publica_31-03-2026.xlsx,fad7687446da2e312d5f442e4d8e4fe53af87303a5fbdbe1030e8b241473aeee,2026-09-30T02:20:59Z
mecon_treasury_maturity_interest_row_22,2026-03-31,2026-10,monthly,interest,loans,detail,22,. Otros,40.866699,million_usd,official_projection,mecon_quarterly_treasury_maturity_profile,https://www.argentina.gob.ar/sites/default/files/deuda_publica_31-03-2026.xlsx,fad7687446da2e312d5f442e4d8e4fe53af87303a5fbdbe1030e8b241473aeee,2026-09-30T02:20:59Z
mecon_treasury_maturity_interest_row_23,2026-03-31,2026-10,monthly,interest,loans,detail,23,Préstamos Garantizados,4.424701,million_usd,official_projection,mecon_quarterly_treasury_maturity_profile,https://www.argentina.gob.ar/sites/default/files/deuda_publica_31-03-2026.xlsx,fad7687446da2e312d5f442e4d8e4fe53af87303a5fbdbe1030e8b241473aeee,2026-09-30T02:20:59Z
mecon_treasury_maturity_interest_row_24,2026-03-31,2026-10,monthly,interest,loans,detail,24,. En moneda nacional ajustable por CER,4.424701,million_usd,official_projection,mecon_quarterly_treasury_maturity_profile,https://www.argentina.gob.ar/sites/default/files/deuda_publica_31-03-2026.xlsx,fad7687446da2e312d5f442e4d8e4fe53af87303a5fbdbe1030e8b241473aeee,2026-09-30T02:20:59Z
mecon_treasury_maturity_interest_row_25,2026-03-31,2026-10,monthly,interest,loans,detail,25,Banca Comercial,0.713925,million_usd,official_projection,mecon_quarterly_treasury_maturity_profile,https://www.argentina.gob.ar/sites/default/files/deuda_publica_31-03-2026.xlsx,fad7687446da2e312d5f442e4d8e4fe53af87303a5fbdbe1030e8b241473aeee,2026-09-30T02:20:59Z
mecon_treasury_maturity_interest_row_26,2026-03-31,2026-10,monthly,interest,loans,detail,26,. En moneda extranjera,0.713925,million_usd,official_projection,mecon_quarterly_treasury_maturity_profile,https://www.argentina.gob.ar/sites/default/files/deuda_publica_31-03-2026.xlsx,fad7687446da2e312d5f442e4d8e4fe53af87303a5fbdbe1030e8b241473aeee,2026-09-30T02:20:59Z
mecon_treasury_maturity_interest_row_27,2026-03-31,2026-10,monthly,interest,loans,detail,27,Otros,0.713925,million_usd,official_projection,mecon_quarterly_treasury_maturity_profile,https://www.argentina.gob.ar/sites/default/files/deuda_publica_31-03-2026.xlsx,fad7687446da2e312d5f442e4d8e4fe53af87303a5fbdbe1030e8b241473aeee,2026-09-30T02:20:59Z
mecon_treasury_maturity_interest_row_28,2026-03-31,2026-10,monthly,interest,loans,detail,28,Organismos Oficiales,1.708671,million_usd,official_projection,mecon_quarterly_treasury_maturity_profile,https://www.argentina.gob.ar/sites/default/files/deuda_publica_31-03-2026.xlsx,fad7687446da2e312d5f442e4d8e4fe53af87303a5fbdbe1030e8b241473aeee,2026-09-30T02:20:59Z
mecon_treasury_maturity_interest_row_32,2026-03-31,2026-10,monthly,interest,loans,detail,32,Avales,0.677140,million_usd,official_projection,mecon_quarterly_treasury_maturity_profile,https://www.argentina.gob.ar/sites/default/files/deuda_publica_31-03-2026.xlsx,fad7687446da2e312d5f442e4d8e4fe53af87303a5fbdbe1030e8b241473aeee,2026-09-30T02:20:59Z
mecon_treasury_maturity_interest_row_34,2026-03-31,2026-10,monthly,interest,loans,detail,34,. En moneda extranjera,0.677140,million_usd,official_projection,mecon_quarterly_treasury_maturity_profile,https://www.argentina.gob.ar/sites/default/files/deuda_publica_31-03-2026.xlsx,fad7687446da2e312d5f442e4d8e4fe53af87303a5fbdbe1030e8b241473aeee,2026-09-30T02:20:59Z
mecon_treasury_maturity_interest_securities,2026-03-31,2026-10,monthly,interest,securities,category,36,Títulos públicos y Letras del Tesoro,54.167484,million_usd,official_projection,mecon_quarterly_treasury_maturity_profile,https://www.argentina.gob.ar/sites/default/files/deuda_publica_31-03-2026.xlsx,fad7687446da2e312d5f442e4d8e4fe53af87303a5fbdbe1030e8b241473aeee,2026-09-30T02:20:59Z
mecon_treasury_maturity_interest_row_57,2026-03-31,2026-10,monthly,interest,securities,detail,57,"BONAR/$/6,72763943919512%/31-12-2028",0.041242,million_usd,official_projection,mecon_quarterly_treasury_maturity_profile,https://www.argentina.gob.ar/sites/default/files/deuda_publica_31-03-2026.xlsx,fad7687446da2e312d5f442e4d8e4fe53af87303a5fbdbe1030e8b241473aeee,2026-09-30T02:20:59Z
mecon_treasury_maturity_interest_row_59,2026-03-31,2026-10,monthly,interest,securities,detail,59,BONAR/U$S/6%/29-10-2027,3.726852,million_usd,official_projection,mecon_quarterly_treasury_maturity_profile,https://www.argentina.gob.ar/sites/default/files/deuda_publica_31-03-2026.xlsx,fad7687446da2e312d5f442e4d8e4fe53af87303a5fbdbe1030e8b241473aeee,2026-09-30T02:20:59Z
mecon_treasury_maturity_interest_row_60,2026-03-31,2026-10,monthly,interest,securities,detail,60,BONAR/U$S/6%/31-10-2028,0.930772,million_usd,official_projection,mecon_quarterly_treasury_maturity_profile,https://www.argentina.gob.ar/sites/default/files/deuda_publica_31-03-2026.xlsx,fad7687446da2e312d5f442e4d8e4fe53af87303a5fbdbe1030e8b241473aeee,2026-09-30T02:20:59Z
mecon_treasury_maturity_interest_row_83,2026-03-31,2026-10,monthly,interest,securities,detail,83,"BONTE/$/15,50%/17-10-2026",5.412483,million_usd,official_projection,mecon_quarterly_treasury_maturity_profile,https://www.argentina.gob.ar/sites/default/files/deuda_publica_31-03-2026.xlsx,fad7687446da2e312d5f442e4d8e4fe53af87303a5fbdbe1030e8b241473aeee,2026-09-30T02:20:59Z
mecon_treasury_maturity_interest_row_85,2026-03-31,2026-10,monthly,interest,securities,detail,85,BONTE/$/BADLAR/05-07-2030,1.091650,million_usd,official_projection,mecon_quarterly_treasury_maturity_profile,https://www.argentina.gob.ar/sites/default/files/deuda_publica_31-03-2026.xlsx,fad7687446da2e312d5f442e4d8e4fe53af87303a5fbdbe1030e8b241473aeee,2026-09-30T02:20:59Z
mecon_treasury_maturity_interest_row_90,2026-03-31,2026-10,monthly,interest,securities,detail,90,LETRA INTRANSFERIBLE - BCRA,42.964484,million_usd,official_projection,mecon_quarterly_treasury_maturity_profile,https://www.argentina.gob.ar/sites/default/files/deuda_publica_31-03-2026.xlsx,fad7687446da2e312d5f442e4d8e4fe53af87303a5fbdbe1030e8b241473aeee,2026-09-30T02:20:59Z
mecon_treasury_maturity_interest_row_104,2026-03-31,2026-10,monthly,interest,securities,detail,104,TOTAL DEUDA DENOMINADA EN PESOS,10.970076,million_usd,official_projection,mecon_quarterly_treasury_maturity_profile,https://www.argentina.gob.ar/sites/default/files/deuda_publica_31-03-2026.xlsx,fad7687446da2e312d5f442e4d8e4fe53af87303a5fbdbe1030e8b241473aeee,2026-09-30T02:20:59Z
mecon_treasury_maturity_interest_row_105,2026-03-31,2026-10,monthly,interest,securities,detail,105,· Deuda ajustable por CER,4.424701,million_usd,official_projection,mecon_quarterly_treasury_maturity_profile,https://www.argentina.gob.ar/sites/default/files/deuda_publica_31-03-2026.xlsx,fad7687446da2e312d5f442e4d8e4fe53af87303a5fbdbe1030e8b241473aeee,2026-09-30T02:20:59Z
mecon_treasury_maturity_interest_row_106,2026-03-31,2026-10,monthly,interest,securities,detail,106,· Deuda no ajustable por CER,6.545375,million_usd,official_projection,mecon_quarterly_treasury_maturity_profile,https://www.argentina.gob.ar/sites/default/files/deuda_publica_31-03-2026.xlsx,fad7687446da2e312d5f442e4d8e4fe53af87303a5fbdbe1030e8b241473aeee,2026-09-30T02:20:59Z
mecon_treasury_maturity_interest_row_107,2026-03-31,2026-10,monthly,interest,securities,detail,107,TOTAL DEUDA EN MONEDA EXTRANJERA,266.551158,million_usd,official_projection,mecon_quarterly_treasury_maturity_profile,https://www.argentina.gob.ar/sites/default/files/deuda_publica_31-03-2026.xlsx,fad7687446da2e312d5f442e4d8e4fe53af87303a5fbdbe1030e8b241473aeee,2026-09-30T02:20:59Z
mecon_treasury_maturity_capital_total,2026-03-31,2026-11,monthly,capital,total,total,13,Total,7306.493039,million_usd,official_projection,mecon_quarterly_treasury_maturity_profile,https://www.argentina.gob.ar/sites/default/files/deuda_publica_31-03-2026.xlsx,fad7687446da2e312d5f442e4d8e4fe53af87303a5fbdbe1030e8b241473aeee,2026-09-30T02:20:59Z
mecon_treasury_maturity_capital_row_14,2026-03-31,2026-11,monthly,capital,total,term,14,CORTO PLAZO,5775.881254,million_usd,official_projection,mecon_quarterly_treasury_maturity_profile,https://www.argentina.gob.ar/sites/default/files/deuda_publica_31-03-2026.xlsx,fad7687446da2e312d5f442e4d8e4fe53af87303a5fbdbe1030e8b241473aeee,2026-09-30T02:20:59Z
mecon_treasury_maturity_capital_row_15,2026-03-31,2026-11,monthly,capital,total,term,15,MEDIANO Y LARGO PLAZO,1530.611785,million_usd,official_projection,mecon_quarterly_treasury_maturity_profile,https://www.argentina.gob.ar/sites/default/files/deuda_publica_31-03-2026.xlsx,fad7687446da2e312d5f442e4d8e4fe53af87303a5fbdbe1030e8b241473aeee,2026-09-30T02:20:59Z
mecon_treasury_maturity_capital_loans,2026-03-31,2026-11,monthly,capital,loans,category,17,Préstamos,264.469854,million_usd,official_projection,mecon_quarterly_treasury_maturity_profile,https://www.argentina.gob.ar/sites/default/files/deuda_publica_31-03-2026.xlsx,fad7687446da2e312d5f442e4d8e4fe53af87303a5fbdbe1030e8b241473aeee,2026-09-30T02:20:59Z
mecon_treasury_maturity_capital_row_18,2026-03-31,2026-11,monthly,capital,loans,detail,18,Organismos Internacionales,214.782835,million_usd,official_projection,mecon_quarterly_treasury_maturity_profile,https://www.argentina.gob.ar/sites/default/files/deuda_publica_31-03-2026.xlsx,fad7687446da2e312d5f442e4d8e4fe53af87303a5fbdbe1030e8b241473aeee,2026-09-30T02:20:59Z
mecon_treasury_maturity_capital_row_19,2026-03-31,2026-11,monthly,capital,loans,detail,19,. BIRF,29.079874,million_usd,official_projection,mecon_quarterly_treasury_maturity_profile,https://www.argentina.gob.ar/sites/default/files/deuda_publica_31-03-2026.xlsx,fad7687446da2e312d5f442e4d8e4fe53af87303a5fbdbe1030e8b241473aeee,2026-09-30T02:20:59Z
mecon_treasury_maturity_capital_row_20,2026-03-31,2026-11,monthly,capital,loans,detail,20,. BID,149.147065,million_usd,official_projection,mecon_quarterly_treasury_maturity_profile,https://www.argentina.gob.ar/sites/default/files/deuda_publica_31-03-2026.xlsx,fad7687446da2e312d5f442e4d8e4fe53af87303a5fbdbe1030e8b241473aeee,2026-09-30T02:20:59Z
mecon_treasury_maturity_capital_row_22,2026-03-31,2026-11,monthly,capital,loans,detail,22,. Otros,36.555897,million_usd,official_projection,mecon_quarterly_treasury_maturity_profile,https://www.argentina.gob.ar/sites/default/files/deuda_publica_31-03-2026.xlsx,fad7687446da2e312d5f442e4d8e4fe53af87303a5fbdbe1030e8b241473aeee,2026-09-30T02:20:59Z
mecon_treasury_maturity_capital_row_23,2026-03-31,2026-11,monthly,capital,loans,detail,23,Banca Comercial,23.567528,million_usd,official_projection,mecon_quarterly_treasury_maturity_profile,https://www.argentina.gob.ar/sites/default/files/deuda_publica_31-03-2026.xlsx,fad7687446da2e312d5f442e4d8e4fe53af87303a5fbdbe1030e8b241473aeee,2026-09-30T02:20:59Z
mecon_treasury_maturity_capital_row_26,2026-03-31,2026-11,monthly,capital,loans,detail,26,. En moneda extranjera,23.567528,million_usd,official_projection,mecon_quarterly_treasury_maturity_profile,https://www.argentina.gob.ar/sites/default/files/deuda_publica_31-03-2026.xlsx,fad7687446da2e312d5f442e4d8e4fe53af87303a5fbdbe1030e8b241473aeee,2026-09-30T02:20:59Z
mecon_treasury_maturity_capital_row_27,2026-03-31,2026-11,monthly,capital,loans,detail,27,Otros,23.567528,million_usd,official_projection,mecon_quarterly_treasury_maturity_profile,https://www.argentina.gob.ar/sites/default/files/deuda_publica_31-03-2026.xlsx,fad7687446da2e312d5f442e4d8e4fe53af87303a5fbdbe1030e8b241473aeee,2026-09-30T02:20:59Z
mecon_treasury_maturity_capital_row_28,2026-03-31,2026-11,monthly,capital,loans,detail,28,Organismos Oficiales,1.625747,million_usd,official_projection,mecon_quarterly_treasury_maturity_profile,https://www.argentina.gob.ar/sites/default/files/deuda_publica_31-03-2026.xlsx,fad7687446da2e312d5f442e4d8e4fe53af87303a5fbdbe1030e8b241473aeee,2026-09-30T02:20:59Z
mecon_treasury_maturity_capital_row_29,2026-03-31,2026-11,monthly,capital,loans,detail,29,Avales,24.493744,million_usd,official_projection,mecon_quarterly_treasury_maturity_profile,https://www.argentina.gob.ar/sites/default/files/deuda_publica_31-03-2026.xlsx,fad7687446da2e312d5f442e4d8e4fe53af87303a5fbdbe1030e8b241473aeee,2026-09-30T02:20:59Z
mecon_treasury_maturity_capital_row_31,2026-03-31,2026-11,monthly,capital,loans,detail,31,. En moneda extranjera,24.493744,million_usd,official_projection,mecon_quarterly_treasury_maturity_profile,https://www.argentina.gob.ar/sites/default/files/deuda_publica_31-03-2026.xlsx,fad7687446da2e312d5f442e4d8e4fe53af87303a5fbdbe1030e8b241473aeee,2026-09-30T02:20:59Z
mecon_treasury_maturity_capital_bcra_advances,2026-03-31,2026-11,monthly,capital,bcra_advances,category,33,Adelantos transitorios BCRA,57.855396,million_usd,official_projection,mecon_quarterly_treasury_maturity_profile,https://www.argentina.gob.ar/sites/default/files/deuda_publica_31-03-2026.xlsx,fad7687446da2e312d5f442e4d8e4fe53af87303a5fbdbe1030e8b241473aeee,2026-09-30T02:20:59Z
mecon_treasury_maturity_capital_securities,2026-03-31,2026-11,monthly,capital,securities,category,35,Títulos públicos y Letras del Tesoro,6984.167790,million_usd,official_projection,mecon_quarterly_treasury_maturity_profile,https://www.argentina.gob.ar/sites/default/files/deuda_publica_31-03-2026.xlsx,fad7687446da2e312d5f442e4d8e4fe53af87303a5fbdbe1030e8b241473aeee,2026-09-30T02:20:59Z
mecon_treasury_maturity_capital_row_53,2026-03-31,2026-11,monthly,capital,securities,detail,53,"BONAR/$/6,72763943919512%/31-12-2028",0.254484,million_usd,official_projection,mecon_quarterly_treasury_maturity_profile,https://www.argentina.gob.ar/sites/default/files/deuda_publica_31-03-2026.xlsx,fad7687446da2e312d5f442e4d8e4fe53af87303a5fbdbe1030e8b241473aeee,2026-09-30T02:20:59Z
mecon_treasury_maturity_capital_row_56,2026-03-31,2026-11,monthly,capital,securities,detail,56,BONTE/$/BADLAR+400PB/17-08-31,0.213465,million_usd,official_projection,mecon_quarterly_treasury_maturity_profile,https://www.argentina.gob.ar/sites/default/files/deuda_publica_31-03-2026.xlsx,fad7687446da2e312d5f442e4d8e4fe53af87303a5fbdbe1030e8b241473aeee,2026-09-30T02:20:59Z
mecon_treasury_maturity_capital_row_59,2026-03-31,2026-11,monthly,capital,securities,detail,59,BONTE/$/BADLAR/23-11-2027,35.386467,million_usd,official_projection,mecon_quarterly_treasury_maturity_profile,https://www.argentina.gob.ar/sites/default/files/deuda_publica_31-03-2026.xlsx,fad7687446da2e312d5f442e4d8e4fe53af87303a5fbdbe1030e8b241473aeee,2026-09-30T02:20:59Z
mecon_treasury_maturity_capital_row_68,2026-03-31,2026-11,monthly,capital,securities,detail,68,BONCER/$+CER/2%/09-11-2026,1039.060130,million_usd,official_projection,mecon_quarterly_treasury_maturity_profile,https://www.argentina.gob.ar/sites/default/files/deuda_publica_31-03-2026.xlsx,fad7687446da2e312d5f442e4d8e4fe53af87303a5fbdbe1030e8b241473aeee,2026-09-30T02:20:59Z
mecon_treasury_maturity_capital_row_69,2026-03-31,2026-11,monthly,capital,securities,detail,69,"BONCER/$+CER/2,25%/09-11-2028",186.067748,million_usd,official_projection,mecon_quarterly_treasury_maturity_profile,https://www.argentina.gob.ar/sites/default/files/deuda_publica_31-03-2026.xlsx,fad7687446da2e312d5f442e4d8e4fe53af87303a5fbdbe1030e8b241473aeee,2026-09-30T02:20:59Z
mecon_treasury_maturity_capital_row_91,2026-03-31,2026-11,monthly,capital,securities,detail,91,LETRAS DEL TESORO,5718.025858,million_usd,official_projection,mecon_quarterly_treasury_maturity_profile,https://www.argentina.gob.ar/sites/default/files/deuda_publica_31-03-2026.xlsx,fad7687446da2e312d5f442e4d8e4fe53af87303a5fbdbe1030e8b241473aeee,2026-09-30T02:20:59Z
mecon_treasury_maturity_capital_row_92,2026-03-31,2026-11,monthly,capital,securities,detail,92,. En moneda nacional,5718.025858,million_usd,official_projection,mecon_quarterly_treasury_maturity_profile,https://www.argentina.gob.ar/sites/default/files/deuda_publica_31-03-2026.xlsx,fad7687446da2e312d5f442e4d8e4fe53af87303a5fbdbe1030e8b241473aeee,2026-09-30T02:20:59Z
mecon_treasury_maturity_capital_row_94,2026-03-31,2026-11,monthly,capital,securities,detail,94,OTROS (1),5.159637,million_usd,official_projection,mecon_quarterly_treasury_maturity_profile,https://www.argentina.gob.ar/sites/default/files/deuda_publica_31-03-2026.xlsx,fad7687446da2e312d5f442e4d8e4fe53af87303a5fbdbe1030e8b241473aeee,2026-09-30T02:20:59Z
mecon_treasury_maturity_capital_row_95,2026-03-31,2026-11,monthly,capital,securities,detail,95,En moneda nacional,5.159637,million_usd,official_projection,mecon_quarterly_treasury_maturity_profile,https://www.argentina.gob.ar/sites/default/files/deuda_publica_31-03-2026.xlsx,fad7687446da2e312d5f442e4d8e4fe53af87303a5fbdbe1030e8b241473aeee,2026-09-30T02:20:59Z
mecon_treasury_maturity_capital_row_99,2026-03-31,2026-11,monthly,capital,securities,detail,99,· No ajustable por CER,5.159637,million_usd,official_projection,mecon_quarterly_treasury_maturity_profile,https://www.argentina.gob.ar/sites/default/files/deuda_publica_31-03-2026.xlsx,fad7687446da2e312d5f442e4d8e4fe53af87303a5fbdbe1030e8b241473aeee,2026-09-30T02:20:59Z
mecon_treasury_maturity_capital_row_100,2026-03-31,2026-11,monthly,capital,securities,detail,100,· Bonos de consolidación,5.159637,million_usd,official_projection,mecon_quarterly_treasury_maturity_profile,https://www.argentina.gob.ar/sites/default/files/deuda_publica_31-03-2026.xlsx,fad7687446da2e312d5f442e4d8e4fe53af87303a5fbdbe1030e8b241473aeee,2026-09-30T02:20:59Z
mecon_treasury_maturity_capital_row_106,2026-03-31,2026-11,monthly,capital,securities,detail,106,TOTAL DEUDA DENOMINADA EN PESOS,7042.023186,million_usd,official_projection,mecon_quarterly_treasury_maturity_profile,https://www.argentina.gob.ar/sites/default/files/deuda_publica_31-03-2026.xlsx,fad7687446da2e312d5f442e4d8e4fe53af87303a5fbdbe1030e8b241473aeee,2026-09-30T02:20:59Z
mecon_treasury_maturity_capital_row_107,2026-03-31,2026-11,monthly,capital,securities,detail,107,· Deuda ajustable por CER,5561.377396,million_usd,official_projection,mecon_quarterly_treasury_maturity_profile,https://www.argentina.gob.ar/sites/default/files/deuda_publica_31-03-2026.xlsx,fad7687446da2e312d5f442e4d8e4fe53af87303a5fbdbe1030e8b241473aeee,2026-09-30T02:20:59Z
mecon_treasury_maturity_capital_row_108,2026-03-31,2026-11,monthly,capital,securities,detail,108,· Deuda no ajustable por CER,1480.645789,million_usd,official_projection,mecon_quarterly_treasury_maturity_profile,https://www.argentina.gob.ar/sites/default/files/deuda_publica_31-03-2026.xlsx,fad7687446da2e312d5f442e4d8e4fe53af87303a5fbdbe1030e8b241473aeee,2026-09-30T02:20:59Z
mecon_treasury_maturity_capital_row_109,2026-03-31,2026-11,monthly,capital,securities,detail,109,TOTAL DEUDA EN MONEDA EXTRANJERA,264.469854,million_usd,official_projection,mecon_quarterly_treasury_maturity_profile,https://www.argentina.gob.ar/sites/default/files/deuda_publica_31-03-2026.xlsx,fad7687446da2e312d5f442e4d8e4fe53af87303a5fbdbe1030e8b241473aeee,2026-09-30T02:20:59Z
mecon_treasury_maturity_interest_total,2026-03-31,2026-11,monthly,interest,total,total,13,Total,1262.046834,million_usd,official_projection,mecon_quarterly_treasury_maturity_profile,https://www.argentina.gob.ar/sites/default/files/deuda_publica_31-03-2026.xlsx,fad7687446da2e312d5f442e4d8e4fe53af87303a5fbdbe1030e8b241473aeee,2026-09-30T02:20:59Z
mecon_treasury_maturity_interest_row_15,2026-03-31,2026-11,monthly,interest,total,term,15,MEDIANO Y LARGO PLAZO,1262.046834,million_usd,official_projection,mecon_quarterly_treasury_maturity_profile,https://www.argentina.gob.ar/sites/default/files/deuda_publica_31-03-2026.xlsx,fad7687446da2e312d5f442e4d8e4fe53af87303a5fbdbe1030e8b241473aeee,2026-09-30T02:20:59Z
mecon_treasury_maturity_interest_loans,2026-03-31,2026-11,monthly,interest,loans,category,17,Préstamos,983.159828,million_usd,official_projection,mecon_quarterly_treasury_maturity_profile,https://www.argentina.gob.ar/sites/default/files/deuda_publica_31-03-2026.xlsx,fad7687446da2e312d5f442e4d8e4fe53af87303a5fbdbe1030e8b241473aeee,2026-09-30T02:20:59Z
mecon_treasury_maturity_interest_row_18,2026-03-31,2026-11,monthly,interest,loans,detail,18,Organismos Internacionales,975.572346,million_usd,official_projection,mecon_quarterly_treasury_maturity_profile,https://www.argentina.gob.ar/sites/default/files/deuda_publica_31-03-2026.xlsx,fad7687446da2e312d5f442e4d8e4fe53af87303a5fbdbe1030e8b241473aeee,2026-09-30T02:20:59Z
mecon_treasury_maturity_interest_row_19,2026-03-31,2026-11,monthly,interest,loans,detail,19,. BIRF,26.251826,million_usd,official_projection,mecon_quarterly_treasury_maturity_profile,https://www.argentina.gob.ar/sites/default/files/deuda_publica_31-03-2026.xlsx,fad7687446da2e312d5f442e4d8e4fe53af87303a5fbdbe1030e8b241473aeee,2026-09-30T02:20:59Z
mecon_treasury_maturity_interest_row_20,2026-03-31,2026-11,monthly,interest,loans,detail,20,. BID,138.634240,million_usd,official_projection,mecon_quarterly_treasury_maturity_profile,https://www.argentina.gob.ar/sites/default/files/deuda_publica_31-03-2026.xlsx,fad7687446da2e312d5f442e4d8e4fe53af87303a5fbdbe1030e8b241473aeee,2026-09-30T02:20:59Z
mecon_treasury_maturity_interest_row_21,2026-03-31,2026-11,monthly,interest,loans,detail,21,. FMI,779.789786,million_usd,official_projection,mecon_quarterly_treasury_maturity_profile,https://www.argentina.gob.ar/sites/default/files/deuda_publica_31-03-2026.xlsx,fad7687446da2e312d5f442e4d8e4fe53af87303a5fbdbe1030e8b241473aeee,2026-09-30T02:20:59Z
mecon_treasury_maturity_interest_row_22,2026-03-31,2026-11,monthly,interest,loans,detail,22,. Otros,30.896494,million_usd,official_projection,mecon_quarterly_treasury_maturity_profile,https://www.argentina.gob.ar/sites/default/files/deuda_publica_31-03-2026.xlsx,fad7687446da2e312d5f442e4d8e4fe53af87303a5fbdbe1030e8b241473aeee,2026-09-30T02:20:59Z
mecon_treasury_maturity_interest_row_23,2026-03-31,2026-11,monthly,interest,loans,detail,23,Préstamos Garantizados,4.534000,million_usd,official_projection,mecon_quarterly_treasury_maturity_profile,https://www.argentina.gob.ar/sites/default/files/deuda_publica_31-03-2026.xlsx,fad7687446da2e312d5f442e4d8e4fe53af87303a5fbdbe1030e8b241473aeee,2026-09-30T02:20:59Z
mecon_treasury_maturity_interest_row_24,2026-03-31,2026-11,monthly,interest,loans,detail,24,. En moneda nacional ajustable por CER,4.534000,million_usd,official_projection,mecon_quarterly_treasury_maturity_profile,https://www.argentina.gob.ar/sites/default/files/deuda_publica_31-03-2026.xlsx,fad7687446da2e312d5f442e4d8e4fe53af87303a5fbdbe1030e8b241473aeee,2026-09-30T02:20:59Z
mecon_treasury_maturity_interest_row_25,2026-03-31,2026-11,monthly,interest,loans,detail,25,Banca Comercial,1.499890,million_usd,official_projection,mecon_quarterly_treasury_maturity_profile,https://www.argentina.gob.ar/sites/default/files/deuda_publica_31-03-2026.xlsx,fad7687446da2e312d5f442e4d8e4fe53af87303a5fbdbe1030e8b241473aeee,2026-09-30T02:20:59Z
mecon_treasury_maturity_interest_row_26,2026-03-31,2026-11,monthly,interest,loans,detail,26,. En moneda extranjera,1.499890,million_usd,official_projection,mecon_quarterly_treasury_maturity_profile,https://www.argentina.gob.ar/sites/default/files/deuda_publica_31-03-2026.xlsx,fad7687446da2e312d5f442e4d8e4fe53af87303a5fbdbe1030e8b241473aeee,2026-09-30T02:20:59Z
mecon_treasury_maturity_interest_row_27,2026-03-31,2026-11,monthly,interest,loans,detail,27,Otros,1.499890,million_usd,official_projection,mecon_quarterly_treasury_maturity_profile,https://www.argentina.gob.ar/sites/default/files/deuda_publica_31-03-2026.xlsx,fad7687446da2e312d5f442e4d8e4fe53af87303a5fbdbe1030e8b241473aeee,2026-09-30T02:20:59Z
mecon_treasury_maturity_interest_row_28,2026-03-31,2026-11,monthly,interest,loans,detail,28,Organismos Oficiales,0.949847,million_usd,official_projection,mecon_quarterly_treasury_maturity_profile,https://www.argentina.gob.ar/sites/default/files/deuda_publica_31-03-2026.xlsx,fad7687446da2e312d5f442e4d8e4fe53af87303a5fbdbe1030e8b241473aeee,2026-09-30T02:20:59Z
mecon_treasury_maturity_interest_row_32,2026-03-31,2026-11,monthly,interest,loans,detail,32,Avales,0.603745,million_usd,official_projection,mecon_quarterly_treasury_maturity_profile,https://www.argentina.gob.ar/sites/default/files/deuda_publica_31-03-2026.xlsx,fad7687446da2e312d5f442e4d8e4fe53af87303a5fbdbe1030e8b241473aeee,2026-09-30T02:20:59Z
mecon_treasury_maturity_interest_row_34,2026-03-31,2026-11,monthly,interest,loans,detail,34,. En moneda extranjera,0.603745,million_usd,official_projection,mecon_quarterly_treasury_maturity_profile,https://www.argentina.gob.ar/sites/default/files/deuda_publica_31-03-2026.xlsx,fad7687446da2e312d5f442e4d8e4fe53af87303a5fbdbe1030e8b241473aeee,2026-09-30T02:20:59Z
mecon_treasury_maturity_interest_securities,2026-03-31,2026-11,monthly,interest,securities,category,36,Títulos públicos y Letras del Tesoro,278.887006,million_usd,official_projection,mecon_quarterly_treasury_maturity_profile,https://www.argentina.gob.ar/sites/default/files/deuda_publica_31-03-2026.xlsx,fad7687446da2e312d5f442e4d8e4fe53af87303a5fbdbe1030e8b241473aeee,2026-09-30T02:20:59Z
mecon_treasury_maturity_interest_row_57,2026-03-31,2026-11,monthly,interest,securities,detail,57,"BONAR/$/6,72763943919512%/31-12-2028",0.039823,million_usd,official_projection,mecon_quarterly_treasury_maturity_profile,https://www.argentina.gob.ar/sites/default/files/deuda_publica_31-03-2026.xlsx,fad7687446da2e312d5f442e4d8e4fe53af87303a5fbdbe1030e8b241473aeee,2026-09-30T02:20:59Z
mecon_treasury_maturity_interest_row_59,2026-03-31,2026-11,monthly,interest,securities,detail,59,BONAR/U$S/6%/29-10-2027,3.726852,million_usd,official_projection,mecon_quarterly_treasury_maturity_profile,https://www.argentina.gob.ar/sites/default/files/deuda_publica_31-03-2026.xlsx,fad7687446da2e312d5f442e4d8e4fe53af87303a5fbdbe1030e8b241473aeee,2026-09-30T02:20:59Z
mecon_treasury_maturity_interest_row_60,2026-03-31,2026-11,monthly,interest,securities,detail,60,BONAR/U$S/6%/31-10-2028,0.930772,million_usd,official_projection,mecon_quarterly_treasury_maturity_profile,https://www.argentina.gob.ar/sites/default/files/deuda_publica_31-03-2026.xlsx,fad7687446da2e312d5f442e4d8e4fe53af87303a5fbdbe1030e8b241473aeee,2026-09-30T02:20:59Z
mecon_treasury_maturity_interest_row_62,2026-03-31,2026-11,monthly,interest,securities,detail,62,"BONCER/$/2,50%+CER/30-11-2031",15.188228,million_usd,official_projection,mecon_quarterly_treasury_maturity_profile,https://www.argentina.gob.ar/sites/default/files/deuda_publica_31-03-2026.xlsx,fad7687446da2e312d5f442e4d8e4fe53af87303a5fbdbe1030e8b241473aeee,2026-09-30T02:20:59Z
mecon_treasury_maturity_interest_row_63,2026-03-31,2026-11,monthly,interest,securities,detail,63,BONCER/$+CER/2%/09-11-2026,10.390601,million_usd,official_projection,mecon_quarterly_treasury_maturity_profile,https://www.argentina.gob.ar/sites/default/files/deuda_publica_31-03-2026.xlsx,fad7687446da2e312d5f442e4d8e4fe53af87303a5fbdbe1030e8b241473aeee,2026-09-30T02:20:59Z
mecon_treasury_maturity_interest_row_64,2026-03-31,2026-11,monthly,interest,securities,detail,64,"BONCER/$+CER/2,25%/09-11-2028",10.466311,million_usd,official_projection,mecon_quarterly_treasury_maturity_profile,https://www.argentina.gob.ar/sites/default/files/deuda_publica_31-03-2026.xlsx,fad7687446da2e312d5f442e4d8e4fe53af87303a5fbdbe1030e8b241473aeee,2026-09-30T02:20:59Z
mecon_treasury_maturity_interest_row_84,2026-03-31,2026-11,monthly,interest,securities,detail,84,"BONTE/$/43,25%/23-05-2027",16.412062,million_usd,official_projection,mecon_quarterly_treasury_maturity_profile,https://www.argentina.gob.ar/sites/default/files/deuda_publica_31-03-2026.xlsx,fad7687446da2e312d5f442e4d8e4fe53af87303a5fbdbe1030e8b241473aeee,2026-09-30T02:20:59Z
mecon_treasury_maturity_interest_row_86,2026-03-31,2026-11,monthly,interest,securities,detail,86,BONTE/$/BADLAR/23-11-2027,3.639858,million_usd,official_projection,mecon_quarterly_treasury_maturity_profile,https://www.argentina.gob.ar/sites/default/files/deuda_publica_31-03-2026.xlsx,fad7687446da2e312d5f442e4d8e4fe53af87303a5fbdbe1030e8b241473aeee,2026-09-30T02:20:59Z
mecon_treasury_maturity_interest_row_87,2026-03-31,2026-11,monthly,interest,securities,detail,87,"BONTE/$/29,50%/30-05-2030",180.466588,million_usd,official_projection,mecon_quarterly_treasury_maturity_profile,https://www.argentina.gob.ar/sites/default/files/deuda_publica_31-03-2026.xlsx,fad7687446da2e312d5f442e4d8e4fe53af87303a5fbdbe1030e8b241473aeee,2026-09-30T02:20:59Z
mecon_treasury_maturity_interest_row_88,2026-03-31,2026-11,monthly,interest,securities,detail,88,BONTE/$/BADLAR+400PB/17-08-31,0.356716,million_usd,official_projection,mecon_quarterly_treasury_maturity_profile,https://www.argentina.gob.ar/sites/default/files/deuda_publica_31-03-2026.xlsx,fad7687446da2e312d5f442e4d8e4fe53af87303a5fbdbe1030e8b241473aeee,2026-09-30T02:20:59Z
mecon_treasury_maturity_interest_row_89,2026-03-31,2026-11,monthly,interest,securities,detail,89,"BONTE/U$S/6,5%/30-11-2029",32.500000,million_usd,official_projection,mecon_quarterly_treasury_maturity_profile,https://www.argentina.gob.ar/sites/default/files/deuda_publica_31-03-2026.xlsx,fad7687446da2e312d5f442e4d8e4fe53af87303a5fbdbe1030e8b241473aeee,2026-09-30T02:20:59Z
mecon_treasury_maturity_interest_row_94,2026-03-31,2026-11,monthly,interest,securities,detail,94,OTROS (1),4.769193,million_usd,official_projection,mecon_quarterly_treasury_maturity_profile,https://www.argentina.gob.ar/sites/default/files/deuda_publica_31-03-2026.xlsx,fad7687446da2e312d5f442e4d8e4fe53af87303a5fbdbe1030e8b241473aeee,2026-09-30T02:20:59Z
mecon_treasury_maturity_interest_row_95,2026-03-31,2026-11,monthly,interest,securities,detail,95,. En moneda nacional,4.769193,million_usd,official_projection,mecon_quarterly_treasury_maturity_profile,https://www.argentina.gob.ar/sites/default/files/deuda_publica_31-03-2026.xlsx,fad7687446da2e312d5f442e4d8e4fe53af87303a5fbdbe1030e8b241473aeee,2026-09-30T02:20:59Z
mecon_treasury_maturity_interest_row_98,2026-03-31,2026-11,monthly,interest,securities,detail,98,· No ajustable por CER,4.769193,million_usd,official_projection,mecon_quarterly_treasury_maturity_profile,https://www.argentina.gob.ar/sites/default/files/deuda_publica_31-03-2026.xlsx,fad7687446da2e312d5f442e4d8e4fe53af87303a5fbdbe1030e8b241473aeee,2026-09-30T02:20:59Z
mecon_treasury_maturity_interest_row_99,2026-03-31,2026-11,monthly,interest,securities,detail,99,· Bonos de consolidación,4.769193,million_usd,official_projection,mecon_quarterly_treasury_maturity_profile,https://www.argentina.gob.ar/sites/default/files/deuda_publica_31-03-2026.xlsx,fad7687446da2e312d5f442e4d8e4fe53af87303a5fbdbe1030e8b241473aeee,2026-09-30T02:20:59Z
mecon_treasury_maturity_interest_row_104,2026-03-31,2026-11,monthly,interest,securities,detail,104,TOTAL DEUDA DENOMINADA EN PESOS,246.263381,million_usd,official_projection,mecon_quarterly_treasury_maturity_profile,https://www.argentina.gob.ar/sites/default/files/deuda_publica_31-03-2026.xlsx,fad7687446da2e312d5f442e4d8e4fe53af87303a5fbdbe1030e8b241473aeee,2026-09-30T02:20:59Z
mecon_treasury_maturity_interest_row_105,2026-03-31,2026-11,monthly,interest,securities,detail,105,· Deuda ajustable por CER,40.579140,million_usd,official_projection,mecon_quarterly_treasury_maturity_profile,https://www.argentina.gob.ar/sites/default/files/deuda_publica_31-03-2026.xlsx,fad7687446da2e312d5f442e4d8e4fe53af87303a5fbdbe1030e8b241473aeee,2026-09-30T02:20:59Z
mecon_treasury_maturity_interest_row_106,2026-03-31,2026-11,monthly,interest,securities,detail,106,· Deuda no ajustable por CER,205.684241,million_usd,official_projection,mecon_quarterly_treasury_maturity_profile,https://www.argentina.gob.ar/sites/default/files/deuda_publica_31-03-2026.xlsx,fad7687446da2e312d5f442e4d8e4fe53af87303a5fbdbe1030e8b241473aeee,2026-09-30T02:20:59Z
mecon_treasury_maturity_interest_row_107,2026-03-31,2026-11,monthly,interest,securities,detail,107,TOTAL DEUDA EN MONEDA EXTRANJERA,1015.783453,million_usd,official_projection,mecon_quarterly_treasury_maturity_profile,https://www.argentina.gob.ar/sites/default/files/deuda_publica_31-03-2026.xlsx,fad7687446da2e312d5f442e4d8e4fe53af87303a5fbdbe1030e8b241473aeee,2026-09-30T02:20:59Z
mecon_treasury_maturity_capital_total,2026-03-31,2026-12,monthly,capital,total,total,13,Total,38883.739085,million_usd,official_projection,mecon_quarterly_treasury_maturity_profile,https://www.argentina.gob.ar/sites/default/files/deuda_publica_31-03-2026.xlsx,fad7687446da2e312d5f442e4d8e4fe53af87303a5fbdbe1030e8b241473aeee,2026-09-30T02:20:59Z
mecon_treasury_maturity_capital_row_14,2026-03-31,2026-12,monthly,capital,total,term,14,CORTO PLAZO,783.217422,million_usd,official_projection,mecon_quarterly_treasury_maturity_profile,https://www.argentina.gob.ar/sites/default/files/deuda_publica_31-03-2026.xlsx,fad7687446da2e312d5f442e4d8e4fe53af87303a5fbdbe1030e8b241473aeee,2026-09-30T02:20:59Z
mecon_treasury_maturity_capital_row_15,2026-03-31,2026-12,monthly,capital,total,term,15,MEDIANO Y LARGO PLAZO,38100.521662,million_usd,official_projection,mecon_quarterly_treasury_maturity_profile,https://www.argentina.gob.ar/sites/default/files/deuda_publica_31-03-2026.xlsx,fad7687446da2e312d5f442e4d8e4fe53af87303a5fbdbe1030e8b241473aeee,2026-09-30T02:20:59Z
mecon_treasury_maturity_capital_loans,2026-03-31,2026-12,monthly,capital,loans,category,17,Préstamos,962.975843,million_usd,official_projection,mecon_quarterly_treasury_maturity_profile,https://www.argentina.gob.ar/sites/default/files/deuda_publica_31-03-2026.xlsx,fad7687446da2e312d5f442e4d8e4fe53af87303a5fbdbe1030e8b241473aeee,2026-09-30T02:20:59Z
mecon_treasury_maturity_capital_row_18,2026-03-31,2026-12,monthly,capital,loans,detail,18,Organismos Internacionales,456.594658,million_usd,official_projection,mecon_quarterly_treasury_maturity_profile,https://www.argentina.gob.ar/sites/default/files/deuda_publica_31-03-2026.xlsx,fad7687446da2e312d5f442e4d8e4fe53af87303a5fbdbe1030e8b241473aeee,2026-09-30T02:20:59Z
mecon_treasury_maturity_capital_row_19,2026-03-31,2026-12,monthly,capital,loans,detail,19,. BIRF,42.560399,million_usd,official_projection,mecon_quarterly_treasury_maturity_profile,https://www.argentina.gob.ar/sites/default/files/deuda_publica_31-03-2026.xlsx,fad7687446da2e312d5f442e4d8e4fe53af87303a5fbdbe1030e8b241473aeee,2026-09-30T02:20:59Z
mecon_treasury_maturity_capital_row_20,2026-03-31,2026-12,monthly,capital,loans,detail,20,. BID,21.341358,million_usd,official_projection,mecon_quarterly_treasury_maturity_profile,https://www.argentina.gob.ar/sites/default/files/deuda_publica_31-03-2026.xlsx,fad7687446da2e312d5f442e4d8e4fe53af87303a5fbdbe1030e8b241473aeee,2026-09-30T02:20:59Z
mecon_treasury_maturity_capital_row_21,2026-03-31,2026-12,monthly,capital,loans,detail,21,. FMI,339.075003,million_usd,official_projection,mecon_quarterly_treasury_maturity_profile,https://www.argentina.gob.ar/sites/default/files/deuda_publica_31-03-2026.xlsx,fad7687446da2e312d5f442e4d8e4fe53af87303a5fbdbe1030e8b241473aeee,2026-09-30T02:20:59Z
mecon_treasury_maturity_capital_row_22,2026-03-31,2026-12,monthly,capital,loans,detail,22,. Otros,53.617898,million_usd,official_projection,mecon_quarterly_treasury_maturity_profile,https://www.argentina.gob.ar/sites/default/files/deuda_publica_31-03-2026.xlsx,fad7687446da2e312d5f442e4d8e4fe53af87303a5fbdbe1030e8b241473aeee,2026-09-30T02:20:59Z
mecon_treasury_maturity_capital_row_23,2026-03-31,2026-12,monthly,capital,loans,detail,23,Banca Comercial,497.853498,million_usd,official_projection,mecon_quarterly_treasury_maturity_profile,https://www.argentina.gob.ar/sites/default/files/deuda_publica_31-03-2026.xlsx,fad7687446da2e312d5f442e4d8e4fe53af87303a5fbdbe1030e8b241473aeee,2026-09-30T02:20:59Z
mecon_treasury_maturity_capital_row_24,2026-03-31,2026-12,monthly,capital,loans,detail,24,. En moneda nacional,495.386828,million_usd,official_projection,mecon_quarterly_treasury_maturity_profile,https://www.argentina.gob.ar/sites/default/files/deuda_publica_31-03-2026.xlsx,fad7687446da2e312d5f442e4d8e4fe53af87303a5fbdbe1030e8b241473aeee,2026-09-30T02:20:59Z
mecon_treasury_maturity_capital_row_25,2026-03-31,2026-12,monthly,capital,loans,detail,25,FUCO,495.386828,million_usd,official_projection,mecon_quarterly_treasury_maturity_profile,https://www.argentina.gob.ar/sites/default/files/deuda_publica_31-03-2026.xlsx,fad7687446da2e312d5f442e4d8e4fe53af87303a5fbdbe1030e8b241473aeee,2026-09-30T02:20:59Z
mecon_treasury_maturity_capital_row_26,2026-03-31,2026-12,monthly,capital,loans,detail,26,. En moneda extranjera,2.466670,million_usd,official_projection,mecon_quarterly_treasury_maturity_profile,https://www.argentina.gob.ar/sites/default/files/deuda_publica_31-03-2026.xlsx,fad7687446da2e312d5f442e4d8e4fe53af87303a5fbdbe1030e8b241473aeee,2026-09-30T02:20:59Z
mecon_treasury_maturity_capital_row_27,2026-03-31,2026-12,monthly,capital,loans,detail,27,Otros,2.466670,million_usd,official_projection,mecon_quarterly_treasury_maturity_profile,https://www.argentina.gob.ar/sites/default/files/deuda_publica_31-03-2026.xlsx,fad7687446da2e312d5f442e4d8e4fe53af87303a5fbdbe1030e8b241473aeee,2026-09-30T02:20:59Z
mecon_treasury_maturity_capital_row_28,2026-03-31,2026-12,monthly,capital,loans,detail,28,Organismos Oficiales,1.364965,million_usd,official_projection,mecon_quarterly_treasury_maturity_profile,https://www.argentina.gob.ar/sites/default/files/deuda_publica_31-03-2026.xlsx,fad7687446da2e312d5f442e4d8e4fe53af87303a5fbdbe1030e8b241473aeee,2026-09-30T02:20:59Z
mecon_treasury_maturity_capital_row_29,2026-03-31,2026-12,monthly,capital,loans,detail,29,Avales,7.162722,million_usd,official_projection,mecon_quarterly_treasury_maturity_profile,https://www.argentina.gob.ar/sites/default/files/deuda_publica_31-03-2026.xlsx,fad7687446da2e312d5f442e4d8e4fe53af87303a5fbdbe1030e8b241473aeee,2026-09-30T02:20:59Z
mecon_treasury_maturity_capital_row_31,2026-03-31,2026-12,monthly,capital,loans,detail,31,. En moneda extranjera,7.162722,million_usd,official_projection,mecon_quarterly_treasury_maturity_profile,https://www.argentina.gob.ar/sites/default/files/deuda_publica_31-03-2026.xlsx,fad7687446da2e312d5f442e4d8e4fe53af87303a5fbdbe1030e8b241473aeee,2026-09-30T02:20:59Z
mecon_treasury_maturity_capital_bcra_advances,2026-03-31,2026-12,monthly,capital,bcra_advances,category,33,Adelantos transitorios BCRA,783.217422,million_usd,official_projection,mecon_quarterly_treasury_maturity_profile,https://www.argentina.gob.ar/sites/default/files/deuda_publica_31-03-2026.xlsx,fad7687446da2e312d5f442e4d8e4fe53af87303a5fbdbe1030e8b241473aeee,2026-09-30T02:20:59Z
mecon_treasury_maturity_capital_securities,2026-03-31,2026-12,monthly,capital,securities,category,35,Títulos públicos y Letras del Tesoro,37137.545819,million_usd,official_projection,mecon_quarterly_treasury_maturity_profile,https://www.argentina.gob.ar/sites/default/files/deuda_publica_31-03-2026.xlsx,fad7687446da2e312d5f442e4d8e4fe53af87303a5fbdbe1030e8b241473aeee,2026-09-30T02:20:59Z
mecon_treasury_maturity_capital_row_36,2026-03-31,2026-12,monthly,capital,securities,detail,36,"Discount/$+CER/5,83%/2033",100.543063,million_usd,official_projection,mecon_quarterly_treasury_maturity_profile,https://www.argentina.gob.ar/sites/default/files/deuda_publica_31-03-2026.xlsx,fad7687446da2e312d5f442e4d8e4fe53af87303a5fbdbe1030e8b241473aeee,2026-09-30T02:20:59Z
mecon_treasury_maturity_capital_row_37,2026-03-31,2026-12,monthly,capital,securities,detail,37,Emisión Canje 2005,97.633989,million_usd,official_projection,mecon_quarterly_treasury_maturity_profile,https://www.argentina.gob.ar/sites/default/files/deuda_publica_31-03-2026.xlsx,fad7687446da2e312d5f442e4d8e4fe53af87303a5fbdbe1030e8b241473aeee,2026-09-30T02:20:59Z
mecon_treasury_maturity_capital_row_38,2026-03-31,2026-12,monthly,capital,securities,detail,38,Emisión Canje 2010,2.909075,million_usd,official_projection,mecon_quarterly_treasury_maturity_profile,https://www.argentina.gob.ar/sites/default/files/deuda_publica_31-03-2026.xlsx,fad7687446da2e312d5f442e4d8e4fe53af87303a5fbdbe1030e8b241473aeee,2026-09-30T02:20:59Z
mecon_treasury_maturity_capital_row_39,2026-03-31,2026-12,monthly,capital,securities,detail,39,"Discount/JPY/4,33%/2033",3.095152,million_usd,official_projection,mecon_quarterly_treasury_maturity_profile,https://www.argentina.gob.ar/sites/default/files/deuda_publica_31-03-2026.xlsx,fad7687446da2e312d5f442e4d8e4fe53af87303a5fbdbe1030e8b241473aeee,2026-09-30T02:20:59Z
mecon_treasury_maturity_capital_row_40,2026-03-31,2026-12,monthly,capital,securities,detail,40,Emisión Canje 2005,2.135550,million_usd,official_projection,mecon_quarterly_treasury_maturity_profile,https://www.argentina.gob.ar/sites/default/files/deuda_publica_31-03-2026.xlsx,fad7687446da2e312d5f442e4d8e4fe53af87303a5fbdbe1030e8b241473aeee,2026-09-30T02:20:59Z
mecon_treasury_maturity_capital_row_41,2026-03-31,2026-12,monthly,capital,securities,detail,41,Emisión Canje 2010,0.959602,million_usd,official_projection,mecon_quarterly_treasury_maturity_profile,https://www.argentina.gob.ar/sites/default/files/deuda_publica_31-03-2026.xlsx,fad7687446da2e312d5f442e4d8e4fe53af87303a5fbdbe1030e8b241473aeee,2026-09-30T02:20:59Z
mecon_treasury_maturity_capital_row_53,2026-03-31,2026-12,monthly,capital,securities,detail,53,"BONAR/$/6,72763943919512%/31-12-2028",0.255911,million_usd,official_projection,mecon_quarterly_treasury_maturity_profile,https://www.argentina.gob.ar/sites/default/files/deuda_publica_31-03-2026.xlsx,fad7687446da2e312d5f442e4d8e4fe53af87303a5fbdbe1030e8b241473aeee,2026-09-30T02:20:59Z
mecon_treasury_maturity_capital_row_57,2026-03-31,2026-12,monthly,capital,securities,detail,57,BONTE /$/ BADLAR/22-12-2026,0.509628,million_usd,official_projection,mecon_quarterly_treasury_maturity_profile,https://www.argentina.gob.ar/sites/default/files/deuda_publica_31-03-2026.xlsx,fad7687446da2e312d5f442e4d8e4fe53af87303a5fbdbe1030e8b241473aeee,2026-09-30T02:20:59Z
mecon_treasury_maturity_capital_row_64,2026-03-31,2026-12,monthly,capital,securities,detail,64,BONCER/$/0%+CER/15-12-2026,26565.233036,million_usd,official_projection,mecon_quarterly_treasury_maturity_profile,https://www.argentina.gob.ar/sites/default/files/deuda_publica_31-03-2026.xlsx,fad7687446da2e312d5f442e4d8e4fe53af87303a5fbdbe1030e8b241473aeee,2026-09-30T02:20:59Z
mecon_treasury_maturity_capital_row_80,2026-03-31,2026-12,monthly,capital,securities,detail,80,BONCAP DUAL/$/15-12-2026,10179.799529,million_usd,official_projection,mecon_quarterly_treasury_maturity_profile,https://www.argentina.gob.ar/sites/default/files/deuda_publica_31-03-2026.xlsx,fad7687446da2e312d5f442e4d8e4fe53af87303a5fbdbe1030e8b241473aeee,2026-09-30T02:20:59Z
mecon_treasury_maturity_capital_row_90,2026-03-31,2026-12,monthly,capital,securities,detail,90,Letras en Garantía,288.109500,million_usd,official_projection,mecon_quarterly_treasury_maturity_profile,https://www.argentina.gob.ar/sites/default/files/deuda_publica_31-03-2026.xlsx,fad7687446da2e312d5f442e4d8e4fe53af87303a5fbdbe1030e8b241473aeee,2026-09-30T02:20:59Z
mecon_treasury_maturity_capital_row_106,2026-03-31,2026-12,monthly,capital,securities,detail,106,TOTAL DEUDA DENOMINADA EN PESOS,38124.945417,million_usd,official_projection,mecon_quarterly_treasury_maturity_profile,https://www.argentina.gob.ar/sites/default/files/deuda_publica_31-03-2026.xlsx,fad7687446da2e312d5f442e4d8e4fe53af87303a5fbdbe1030e8b241473aeee,2026-09-30T02:20:59Z
mecon_treasury_maturity_capital_row_107,2026-03-31,2026-12,monthly,capital,securities,detail,107,· Deuda ajustable por CER,26665.776099,million_usd,official_projection,mecon_quarterly_treasury_maturity_profile,https://www.argentina.gob.ar/sites/default/files/deuda_publica_31-03-2026.xlsx,fad7687446da2e312d5f442e4d8e4fe53af87303a5fbdbe1030e8b241473aeee,2026-09-30T02:20:59Z
mecon_treasury_maturity_capital_row_108,2026-03-31,2026-12,monthly,capital,securities,detail,108,· Deuda no ajustable por CER,11459.169318,million_usd,official_projection,mecon_quarterly_treasury_maturity_profile,https://www.argentina.gob.ar/sites/default/files/deuda_publica_31-03-2026.xlsx,fad7687446da2e312d5f442e4d8e4fe53af87303a5fbdbe1030e8b241473aeee,2026-09-30T02:20:59Z
mecon_treasury_maturity_capital_row_109,2026-03-31,2026-12,monthly,capital,securities,detail,109,TOTAL DEUDA EN MONEDA EXTRANJERA,758.793667,million_usd,official_projection,mecon_quarterly_treasury_maturity_profile,https://www.argentina.gob.ar/sites/default/files/deuda_publica_31-03-2026.xlsx,fad7687446da2e312d5f442e4d8e4fe53af87303a5fbdbe1030e8b241473aeee,2026-09-30T02:20:59Z
mecon_treasury_maturity_interest_total,2026-03-31,2026-12,monthly,interest,total,total,13,Total,444.691071,million_usd,official_projection,mecon_quarterly_treasury_maturity_profile,https://www.argentina.gob.ar/sites/default/files/deuda_publica_31-03-2026.xlsx,fad7687446da2e312d5f442e4d8e4fe53af87303a5fbdbe1030e8b241473aeee,2026-09-30T02:20:59Z
mecon_treasury_maturity_interest_row_15,2026-03-31,2026-12,monthly,interest,total,term,15,MEDIANO Y LARGO PLAZO,444.691071,million_usd,official_projection,mecon_quarterly_treasury_maturity_profile,https://www.argentina.gob.ar/sites/default/files/deuda_publica_31-03-2026.xlsx,fad7687446da2e312d5f442e4d8e4fe53af87303a5fbdbe1030e8b241473aeee,2026-09-30T02:20:59Z
mecon_treasury_maturity_interest_loans,2026-03-31,2026-12,monthly,interest,loans,category,17,Préstamos,168.039037,million_usd,official_projection,mecon_quarterly_treasury_maturity_profile,https://www.argentina.gob.ar/sites/default/files/deuda_publica_31-03-2026.xlsx,fad7687446da2e312d5f442e4d8e4fe53af87303a5fbdbe1030e8b241473aeee,2026-09-30T02:20:59Z
mecon_treasury_maturity_interest_row_18,2026-03-31,2026-12,monthly,interest,loans,detail,18,Organismos Internacionales,137.790827,million_usd,official_projection,mecon_quarterly_treasury_maturity_profile,https://www.argentina.gob.ar/sites/default/files/deuda_publica_31-03-2026.xlsx,fad7687446da2e312d5f442e4d8e4fe53af87303a5fbdbe1030e8b241473aeee,2026-09-30T02:20:59Z
mecon_treasury_maturity_interest_row_19,2026-03-31,2026-12,monthly,interest,loans,detail,19,. BIRF,79.410044,million_usd,official_projection,mecon_quarterly_treasury_maturity_profile,https://www.argentina.gob.ar/sites/default/files/deuda_publica_31-03-2026.xlsx,fad7687446da2e312d5f442e4d8e4fe53af87303a5fbdbe1030e8b241473aeee,2026-09-30T02:20:59Z
mecon_treasury_maturity_interest_row_20,2026-03-31,2026-12,monthly,interest,loans,detail,20,. BID,30.282998,million_usd,official_projection,mecon_quarterly_treasury_maturity_profile,https://www.argentina.gob.ar/sites/default/files/deuda_publica_31-03-2026.xlsx,fad7687446da2e312d5f442e4d8e4fe53af87303a5fbdbe1030e8b241473aeee,2026-09-30T02:20:59Z
mecon_treasury_maturity_interest_row_22,2026-03-31,2026-12,monthly,interest,loans,detail,22,. Otros,28.097785,million_usd,official_projection,mecon_quarterly_treasury_maturity_profile,https://www.argentina.gob.ar/sites/default/files/deuda_publica_31-03-2026.xlsx,fad7687446da2e312d5f442e4d8e4fe53af87303a5fbdbe1030e8b241473aeee,2026-09-30T02:20:59Z
mecon_treasury_maturity_interest_row_23,2026-03-31,2026-12,monthly,interest,loans,detail,23,Préstamos Garantizados,4.424701,million_usd,official_projection,mecon_quarterly_treasury_maturity_profile,https://www.argentina.gob.ar/sites/default/files/deuda_publica_31-03-2026.xlsx,fad7687446da2e312d5f442e4d8e4fe53af87303a5fbdbe1030e8b241473aeee,2026-09-30T02:20:59Z
mecon_treasury_maturity_interest_row_24,2026-03-31,2026-12,monthly,interest,loans,detail,24,. En moneda nacional ajustable por CER,4.424701,million_usd,official_projection,mecon_quarterly_treasury_maturity_profile,https://www.argentina.gob.ar/sites/default/files/deuda_publica_31-03-2026.xlsx,fad7687446da2e312d5f442e4d8e4fe53af87303a5fbdbe1030e8b241473aeee,2026-09-30T02:20:59Z
mecon_treasury_maturity_interest_row_25,2026-03-31,2026-12,monthly,interest,loans,detail,25,Banca Comercial,0.366948,million_usd,official_projection,mecon_quarterly_treasury_maturity_profile,https://www.argentina.gob.ar/sites/default/files/deuda_publica_31-03-2026.xlsx,fad7687446da2e312d5f442e4d8e4fe53af87303a5fbdbe1030e8b241473aeee,2026-09-30T02:20:59Z
mecon_treasury_maturity_interest_row_26,2026-03-31,2026-12,monthly,interest,loans,detail,26,. En moneda extranjera,0.366948,million_usd,official_projection,mecon_quarterly_treasury_maturity_profile,https://www.argentina.gob.ar/sites/default/files/deuda_publica_31-03-2026.xlsx,fad7687446da2e312d5f442e4d8e4fe53af87303a5fbdbe1030e8b241473aeee,2026-09-30T02:20:59Z
mecon_treasury_maturity_interest_row_27,2026-03-31,2026-12,monthly,interest,loans,detail,27,Otros,0.366948,million_usd,official_projection,mecon_quarterly_treasury_maturity_profile,https://www.argentina.gob.ar/sites/default/files/deuda_publica_31-03-2026.xlsx,fad7687446da2e312d5f442e4d8e4fe53af87303a5fbdbe1030e8b241473aeee,2026-09-30T02:20:59Z
mecon_treasury_maturity_interest_row_28,2026-03-31,2026-12,monthly,interest,loans,detail,28,Organismos Oficiales,24.851277,million_usd,official_projection,mecon_quarterly_treasury_maturity_profile,https://www.argentina.gob.ar/sites/default/files/deuda_publica_31-03-2026.xlsx,fad7687446da2e312d5f442e4d8e4fe53af87303a5fbdbe1030e8b241473aeee,2026-09-30T02:20:59Z
mecon_treasury_maturity_interest_row_32,2026-03-31,2026-12,monthly,interest,loans,detail,32,Avales,0.605285,million_usd,official_projection,mecon_quarterly_treasury_maturity_profile,https://www.argentina.gob.ar/sites/default/files/deuda_publica_31-03-2026.xlsx,fad7687446da2e312d5f442e4d8e4fe53af87303a5fbdbe1030e8b241473aeee,2026-09-30T02:20:59Z
mecon_treasury_maturity_interest_row_34,2026-03-31,2026-12,monthly,interest,loans,detail,34,. En moneda extranjera,0.605285,million_usd,official_projection,mecon_quarterly_treasury_maturity_profile,https://www.argentina.gob.ar/sites/default/files/deuda_publica_31-03-2026.xlsx,fad7687446da2e312d5f442e4d8e4fe53af87303a5fbdbe1030e8b241473aeee,2026-09-30T02:20:59Z
mecon_treasury_maturity_interest_securities,2026-03-31,2026-12,monthly,interest,securities,category,36,Títulos públicos y Letras del Tesoro,276.652034,million_usd,official_projection,mecon_quarterly_treasury_maturity_profile,https://www.argentina.gob.ar/sites/default/files/deuda_publica_31-03-2026.xlsx,fad7687446da2e312d5f442e4d8e4fe53af87303a5fbdbe1030e8b241473aeee,2026-09-30T02:20:59Z
mecon_treasury_maturity_interest_row_49,2026-03-31,2026-12,monthly,interest,securities,detail,49,DESCUENTO,44.967605,million_usd,official_projection,mecon_quarterly_treasury_maturity_profile,https://www.argentina.gob.ar/sites/default/files/deuda_publica_31-03-2026.xlsx,fad7687446da2e312d5f442e4d8e4fe53af87303a5fbdbe1030e8b241473aeee,2026-09-30T02:20:59Z
mecon_treasury_maturity_interest_row_50,2026-03-31,2026-12,monthly,interest,securities,detail,50,"Discount/$+CER/5,83%/2033",43.962454,million_usd,official_projection,mecon_quarterly_treasury_maturity_profile,https://www.argentina.gob.ar/sites/default/files/deuda_publica_31-03-2026.xlsx,fad7687446da2e312d5f442e4d8e4fe53af87303a5fbdbe1030e8b241473aeee,2026-09-30T02:20:59Z
mecon_treasury_maturity_interest_row_51,2026-03-31,2026-12,monthly,interest,securities,detail,51,Emisión Canje 2005,42.690462,million_usd,official_projection,mecon_quarterly_treasury_maturity_profile,https://www.argentina.gob.ar/sites/default/files/deuda_publica_31-03-2026.xlsx,fad7687446da2e312d5f442e4d8e4fe53af87303a5fbdbe1030e8b241473aeee,2026-09-30T02:20:59Z
mecon_treasury_maturity_interest_row_52,2026-03-31,2026-12,monthly,interest,securities,detail,52,Emisión Canje 2010,1.271993,million_usd,official_projection,mecon_quarterly_treasury_maturity_profile,https://www.argentina.gob.ar/sites/default/files/deuda_publica_31-03-2026.xlsx,fad7687446da2e312d5f442e4d8e4fe53af87303a5fbdbe1030e8b241473aeee,2026-09-30T02:20:59Z
mecon_treasury_maturity_interest_row_53,2026-03-31,2026-12,monthly,interest,securities,detail,53,"Discount/JPY/4,33%/2033",1.005151,million_usd,official_projection,mecon_quarterly_treasury_maturity_profile,https://www.argentina.gob.ar/sites/default/files/deuda_publica_31-03-2026.xlsx,fad7687446da2e312d5f442e4d8e4fe53af87303a5fbdbe1030e8b241473aeee,2026-09-30T02:20:59Z
mecon_treasury_maturity_interest_row_54,2026-03-31,2026-12,monthly,interest,securities,detail,54,Emisión Canje 2005,0.693520,million_usd,official_projection,mecon_quarterly_treasury_maturity_profile,https://www.argentina.gob.ar/sites/default/files/deuda_publica_31-03-2026.xlsx,fad7687446da2e312d5f442e4d8e4fe53af87303a5fbdbe1030e8b241473aeee,2026-09-30T02:20:59Z
mecon_treasury_maturity_interest_row_55,2026-03-31,2026-12,monthly,interest,securities,detail,55,Emisión Canje 2010,0.311631,million_usd,official_projection,mecon_quarterly_treasury_maturity_profile,https://www.argentina.gob.ar/sites/default/files/deuda_publica_31-03-2026.xlsx,fad7687446da2e312d5f442e4d8e4fe53af87303a5fbdbe1030e8b241473aeee,2026-09-30T02:20:59Z
mecon_treasury_maturity_interest_row_56,2026-03-31,2026-12,monthly,interest,securities,detail,56,"CUASIPAR/$+CER/3,31%/2045",196.581630,million_usd,official_projection,mecon_quarterly_treasury_maturity_profile,https://www.argentina.gob.ar/sites/default/files/deuda_publica_31-03-2026.xlsx,fad7687446da2e312d5f442e4d8e4fe53af87303a5fbdbe1030e8b241473aeee,2026-09-30T02:20:59Z
mecon_treasury_maturity_interest_row_57,2026-03-31,2026-12,monthly,interest,securities,detail,57,"BONAR/$/6,72763943919512%/31-12-2028",0.038397,million_usd,official_projection,mecon_quarterly_treasury_maturity_profile,https://www.argentina.gob.ar/sites/default/files/deuda_publica_31-03-2026.xlsx,fad7687446da2e312d5f442e4d8e4fe53af87303a5fbdbe1030e8b241473aeee,2026-09-30T02:20:59Z
mecon_treasury_maturity_interest_row_59,2026-03-31,2026-12,monthly,interest,securities,detail,59,BONAR/U$S/6%/29-10-2027,3.726852,million_usd,official_projection,mecon_quarterly_treasury_maturity_profile,https://www.argentina.gob.ar/sites/default/files/deuda_publica_31-03-2026.xlsx,fad7687446da2e312d5f442e4d8e4fe53af87303a5fbdbe1030e8b241473aeee,2026-09-30T02:20:59Z
mecon_treasury_maturity_interest_row_60,2026-03-31,2026-12,monthly,interest,securities,detail,60,BONAR/U$S/6%/31-10-2028,0.930772,million_usd,official_projection,mecon_quarterly_treasury_maturity_profile,https://www.argentina.gob.ar/sites/default/files/deuda_publica_31-03-2026.xlsx,fad7687446da2e312d5f442e4d8e4fe53af87303a5fbdbe1030e8b241473aeee,2026-09-30T02:20:59Z
mecon_treasury_maturity_interest_row_82,2026-03-31,2026-12,monthly,interest,securities,detail,82,BONTE /$/ BADLAR/22-12-2026,0.037036,million_usd,official_projection,mecon_quarterly_treasury_maturity_profile,https://www.argentina.gob.ar/sites/default/files/deuda_publica_31-03-2026.xlsx,fad7687446da2e312d5f442e4d8e4fe53af87303a5fbdbe1030e8b241473aeee,2026-09-30T02:20:59Z
mecon_treasury_maturity_interest_row_90,2026-03-31,2026-12,monthly,interest,securities,detail,90,LETRA INTRANSFERIBLE - BCRA,30.369742,million_usd,official_projection,mecon_quarterly_treasury_maturity_profile,https://www.argentina.gob.ar/sites/default/files/deuda_publica_31-03-2026.xlsx,fad7687446da2e312d5f442e4d8e4fe53af87303a5fbdbe1030e8b241473aeee,2026-09-30T02:20:59Z
mecon_treasury_maturity_interest_row_104,2026-03-31,2026-12,monthly,interest,securities,detail,104,TOTAL DEUDA DENOMINADA EN PESOS,245.044217,million_usd,official_projection,mecon_quarterly_treasury_maturity_profile,https://www.argentina.gob.ar/sites/default/files/deuda_publica_31-03-2026.xlsx,fad7687446da2e312d5f442e4d8e4fe53af87303a5fbdbe1030e8b241473aeee,2026-09-30T02:20:59Z
mecon_treasury_maturity_interest_row_105,2026-03-31,2026-12,monthly,interest,securities,detail,105,· Deuda ajustable por CER,244.968785,million_usd,official_projection,mecon_quarterly_treasury_maturity_profile,https://www.argentina.gob.ar/sites/default/files/deuda_publica_31-03-2026.xlsx,fad7687446da2e312d5f442e4d8e4fe53af87303a5fbdbe1030e8b241473aeee,2026-09-30T02:20:59Z
mecon_treasury_maturity_interest_row_106,2026-03-31,2026-12,monthly,interest,securities,detail,106,· Deuda no ajustable por CER,0.075433,million_usd,official_projection,mecon_quarterly_treasury_maturity_profile,https://www.argentina.gob.ar/sites/default/files/deuda_publica_31-03-2026.xlsx,fad7687446da2e312d5f442e4d8e4fe53af87303a5fbdbe1030e8b241473aeee,2026-09-30T02:20:59Z
mecon_treasury_maturity_interest_row_107,2026-03-31,2026-12,monthly,interest,securities,detail,107,TOTAL DEUDA EN MONEDA EXTRANJERA,199.646854,million_usd,official_projection,mecon_quarterly_treasury_maturity_profile,https://www.argentina.gob.ar/sites/default/files/deuda_publica_31-03-2026.xlsx,fad7687446da2e312d5f442e4d8e4fe53af87303a5fbdbe1030e8b241473aeee,2026-09-30T02:20:59Z
mecon_treasury_maturity_capital_total,2026-03-31,2027-01,monthly,capital,total,total,13,Total,8290.403807,million_usd,official_projection,mecon_quarterly_treasury_maturity_profile,https://www.argentina.gob.ar/sites/default/files/deuda_publica_31-03-2026.xlsx,fad7687446da2e312d5f442e4d8e4fe53af87303a5fbdbe1030e8b241473aeee,2026-09-30T02:20:59Z
mecon_treasury_maturity_capital_row_14,2026-03-31,2027-01,monthly,capital,total,term,14,CORTO PLAZO,467.905515,million_usd,official_projection,mecon_quarterly_treasury_maturity_profile,https://www.argentina.gob.ar/sites/default/files/deuda_publica_31-03-2026.xlsx,fad7687446da2e312d5f442e4d8e4fe53af87303a5fbdbe1030e8b241473aeee,2026-09-30T02:20:59Z
mecon_treasury_maturity_capital_row_15,2026-03-31,2027-01,monthly,capital,total,term,15,MEDIANO Y LARGO PLAZO,7822.498293,million_usd,official_projection,mecon_quarterly_treasury_maturity_profile,https://www.argentina.gob.ar/sites/default/files/deuda_publica_31-03-2026.xlsx,fad7687446da2e312d5f442e4d8e4fe53af87303a5fbdbe1030e8b241473aeee,2026-09-30T02:20:59Z
mecon_treasury_maturity_capital_loans,2026-03-31,2027-01,monthly,capital,loans,category,17,Préstamos,343.699506,million_usd,official_projection,mecon_quarterly_treasury_maturity_profile,https://www.argentina.gob.ar/sites/default/files/deuda_publica_31-03-2026.xlsx,fad7687446da2e312d5f442e4d8e4fe53af87303a5fbdbe1030e8b241473aeee,2026-09-30T02:20:59Z
mecon_treasury_maturity_capital_row_18,2026-03-31,2027-01,monthly,capital,loans,detail,18,Organismos Internacionales,105.407343,million_usd,official_projection,mecon_quarterly_treasury_maturity_profile,https://www.argentina.gob.ar/sites/default/files/deuda_publica_31-03-2026.xlsx,fad7687446da2e312d5f442e4d8e4fe53af87303a5fbdbe1030e8b241473aeee,2026-09-30T02:20:59Z
mecon_treasury_maturity_capital_row_19,2026-03-31,2027-01,monthly,capital,loans,detail,19,. BIRF,8.126090,million_usd,official_projection,mecon_quarterly_treasury_maturity_profile,https://www.argentina.gob.ar/sites/default/files/deuda_publica_31-03-2026.xlsx,fad7687446da2e312d5f442e4d8e4fe53af87303a5fbdbe1030e8b241473aeee,2026-09-30T02:20:59Z
mecon_treasury_maturity_capital_row_20,2026-03-31,2027-01,monthly,capital,loans,detail,20,. BID,58.302040,million_usd,official_projection,mecon_quarterly_treasury_maturity_profile,https://www.argentina.gob.ar/sites/default/files/deuda_publica_31-03-2026.xlsx,fad7687446da2e312d5f442e4d8e4fe53af87303a5fbdbe1030e8b241473aeee,2026-09-30T02:20:59Z
mecon_treasury_maturity_capital_row_22,2026-03-31,2027-01,monthly,capital,loans,detail,22,. Otros,38.979213,million_usd,official_projection,mecon_quarterly_treasury_maturity_profile,https://www.argentina.gob.ar/sites/default/files/deuda_publica_31-03-2026.xlsx,fad7687446da2e312d5f442e4d8e4fe53af87303a5fbdbe1030e8b241473aeee,2026-09-30T02:20:59Z
mecon_treasury_maturity_capital_row_27,2026-03-31,2027-01,monthly,capital,loans,detail,27,Organismos Oficiales,231.129441,million_usd,official_projection,mecon_quarterly_treasury_maturity_profile,https://www.argentina.gob.ar/sites/default/files/deuda_publica_31-03-2026.xlsx,fad7687446da2e312d5f442e4d8e4fe53af87303a5fbdbe1030e8b241473aeee,2026-09-30T02:20:59Z
mecon_treasury_maturity_capital_row_28,2026-03-31,2027-01,monthly,capital,loans,detail,28,Avales,7.162722,million_usd,official_projection,mecon_quarterly_treasury_maturity_profile,https://www.argentina.gob.ar/sites/default/files/deuda_publica_31-03-2026.xlsx,fad7687446da2e312d5f442e4d8e4fe53af87303a5fbdbe1030e8b241473aeee,2026-09-30T02:20:59Z
mecon_treasury_maturity_capital_row_30,2026-03-31,2027-01,monthly,capital,loans,detail,30,. En moneda extranjera,7.162722,million_usd,official_projection,mecon_quarterly_treasury_maturity_profile,https://www.argentina.gob.ar/sites/default/files/deuda_publica_31-03-2026.xlsx,fad7687446da2e312d5f442e4d8e4fe53af87303a5fbdbe1030e8b241473aeee,2026-09-30T02:20:59Z
mecon_treasury_maturity_capital_bcra_advances,2026-03-31,2027-01,monthly,capital,bcra_advances,category,32,Adelantos transitorios BCRA,467.905515,million_usd,official_projection,mecon_quarterly_treasury_maturity_profile,https://www.argentina.gob.ar/sites/default/files/deuda_publica_31-03-2026.xlsx,fad7687446da2e312d5f442e4d8e4fe53af87303a5fbdbe1030e8b241473aeee,2026-09-30T02:20:59Z
mecon_treasury_maturity_capital_securities,2026-03-31,2027-01,monthly,capital,securities,category,34,Títulos públicos y Letras del Tesoro,7478.798787,million_usd,official_projection,mecon_quarterly_treasury_maturity_profile,https://www.argentina.gob.ar/sites/default/files/deuda_publica_31-03-2026.xlsx,fad7687446da2e312d5f442e4d8e4fe53af87303a5fbdbe1030e8b241473aeee,2026-09-30T02:20:59Z
mecon_treasury_maturity_capital_row_42,2026-03-31,2027-01,monthly,capital,securities,detail,42,"BONO GLOBAL/EUR/0,125%/09-07-2030",107.738032,million_usd,official_projection,mecon_quarterly_treasury_maturity_profile,https://www.argentina.gob.ar/sites/default/files/deuda_publica_31-03-2026.xlsx,fad7687446da2e312d5f442e4d8e4fe53af87303a5fbdbe1030e8b241473aeee,2026-09-30T02:20:59Z
mecon_treasury_maturity_capital_row_43,2026-03-31,2027-01,monthly,capital,securities,detail,43,"BONO GLOBAL/EUR/0,50%/09-07-2029",10.443644,million_usd,official_projection,mecon_quarterly_treasury_maturity_profile,https://www.argentina.gob.ar/sites/default/files/deuda_publica_31-03-2026.xlsx,fad7687446da2e312d5f442e4d8e4fe53af87303a5fbdbe1030e8b241473aeee,2026-09-30T02:20:59Z
mecon_treasury_maturity_capital_row_44,2026-03-31,2027-01,monthly,capital,securities,detail,44,BONO GLOBAL/EUR/STEP UP/09-07-2046,6.515574,million_usd,official_projection,mecon_quarterly_treasury_maturity_profile,https://www.argentina.gob.ar/sites/default/files/deuda_publica_31-03-2026.xlsx,fad7687446da2e312d5f442e4d8e4fe53af87303a5fbdbe1030e8b241473aeee,2026-09-30T02:20:59Z
mecon_treasury_maturity_capital_row_46,2026-03-31,2027-01,monthly,capital,securities,detail,46,"BONO GLOBAL/U$S/1,00%/09-07-2029",262.052444,million_usd,official_projection,mecon_quarterly_treasury_maturity_profile,https://www.argentina.gob.ar/sites/default/files/deuda_publica_31-03-2026.xlsx,fad7687446da2e312d5f442e4d8e4fe53af87303a5fbdbe1030e8b241473aeee,2026-09-30T02:20:59Z
mecon_treasury_maturity_capital_row_47,2026-03-31,2027-01,monthly,capital,securities,detail,47,BONO GLOBAL/U$S/STEP UP/09-07-2030,1086.994477,million_usd,official_projection,mecon_quarterly_treasury_maturity_profile,https://www.argentina.gob.ar/sites/default/files/deuda_publica_31-03-2026.xlsx,fad7687446da2e312d5f442e4d8e4fe53af87303a5fbdbe1030e8b241473aeee,2026-09-30T02:20:59Z
mecon_treasury_maturity_capital_row_48,2026-03-31,2027-01,monthly,capital,securities,detail,48,BONO GLOBAL/U$S/STEP UP/09-07-2046,47.545389,million_usd,official_projection,mecon_quarterly_treasury_maturity_profile,https://www.argentina.gob.ar/sites/default/files/deuda_publica_31-03-2026.xlsx,fad7687446da2e312d5f442e4d8e4fe53af87303a5fbdbe1030e8b241473aeee,2026-09-30T02:20:59Z
mecon_treasury_maturity_capital_row_50,2026-03-31,2027-01,monthly,capital,securities,detail,50,"BONO R.A./U$S/1,00%/09-07-2029",139.411866,million_usd,official_projection,mecon_quarterly_treasury_maturity_profile,https://www.argentina.gob.ar/sites/default/files/deuda_publica_31-03-2026.xlsx,fad7687446da2e312d5f442e4d8e4fe53af87303a5fbdbe1030e8b241473aeee,2026-09-30T02:20:59Z
mecon_treasury_maturity_capital_row_51,2026-03-31,2027-01,monthly,capital,securities,detail,51,BONO R.A./U$S/STEP UP/09-07-2030,1047.344014,million_usd,official_projection,mecon_quarterly_treasury_maturity_profile,https://www.argentina.gob.ar/sites/default/files/deuda_publica_31-03-2026.xlsx,fad7687446da2e312d5f442e4d8e4fe53af87303a5fbdbe1030e8b241473aeee,2026-09-30T02:20:59Z
mecon_treasury_maturity_capital_row_53,2026-03-31,2027-01,monthly,capital,securities,detail,53,"BONAR/$/6,72763943919512%/31-12-2028",0.257346,million_usd,official_projection,mecon_quarterly_treasury_maturity_profile,https://www.argentina.gob.ar/sites/default/files/deuda_publica_31-03-2026.xlsx,fad7687446da2e312d5f442e4d8e4fe53af87303a5fbdbe1030e8b241473aeee,2026-09-30T02:20:59Z
mecon_treasury_maturity_capital_row_55,2026-03-31,2027-01,monthly,capital,securities,detail,55,BONTE/$/BADLAR/05-07-2030,1.857267,million_usd,official_projection,mecon_quarterly_treasury_maturity_profile,https://www.argentina.gob.ar/sites/default/files/deuda_publica_31-03-2026.xlsx,fad7687446da2e312d5f442e4d8e4fe53af87303a5fbdbe1030e8b241473aeee,2026-09-30T02:20:59Z
mecon_treasury_maturity_capital_row_84,2026-03-31,2027-01,monthly,capital,securities,detail,84,BONCAP/$/15-01-2027,4768.632359,million_usd,official_projection,mecon_quarterly_treasury_maturity_profile,https://www.argentina.gob.ar/sites/default/files/deuda_publica_31-03-2026.xlsx,fad7687446da2e312d5f442e4d8e4fe53af87303a5fbdbe1030e8b241473aeee,2026-09-30T02:20:59Z
mecon_treasury_maturity_capital_row_94,2026-03-31,2027-01,monthly,capital,securities,detail,94,OTROS (1),0.006375,million_usd,official_projection,mecon_quarterly_treasury_maturity_profile,https://www.argentina.gob.ar/sites/default/files/deuda_publica_31-03-2026.xlsx,fad7687446da2e312d5f442e4d8e4fe53af87303a5fbdbe1030e8b241473aeee,2026-09-30T02:20:59Z
mecon_treasury_maturity_capital_row_95,2026-03-31,2027-01,monthly,capital,securities,detail,95,En moneda nacional,0.006375,million_usd,official_projection,mecon_quarterly_treasury_maturity_profile,https://www.argentina.gob.ar/sites/default/files/deuda_publica_31-03-2026.xlsx,fad7687446da2e312d5f442e4d8e4fe53af87303a5fbdbe1030e8b241473aeee,2026-09-30T02:20:59Z
mecon_treasury_maturity_capital_row_98,2026-03-31,2027-01,monthly,capital,securities,detail,98,· No ajustable por CER,0.006375,million_usd,official_projection,mecon_quarterly_treasury_maturity_profile,https://www.argentina.gob.ar/sites/default/files/deuda_publica_31-03-2026.xlsx,fad7687446da2e312d5f442e4d8e4fe53af87303a5fbdbe1030e8b241473aeee,2026-09-30T02:20:59Z
mecon_treasury_maturity_capital_row_100,2026-03-31,2027-01,monthly,capital,securities,detail,100,· Otros,0.006375,million_usd,official_projection,mecon_quarterly_treasury_maturity_profile,https://www.argentina.gob.ar/sites/default/files/deuda_publica_31-03-2026.xlsx,fad7687446da2e312d5f442e4d8e4fe53af87303a5fbdbe1030e8b241473aeee,2026-09-30T02:20:59Z
mecon_treasury_maturity_capital_row_106,2026-03-31,2027-01,monthly,capital,securities,detail,106,TOTAL DEUDA DENOMINADA EN PESOS,5238.658861,million_usd,official_projection,mecon_quarterly_treasury_maturity_profile,https://www.argentina.gob.ar/sites/default/files/deuda_publica_31-03-2026.xlsx,fad7687446da2e312d5f442e4d8e4fe53af87303a5fbdbe1030e8b241473aeee,2026-09-30T02:20:59Z
mecon_treasury_maturity_capital_row_108,2026-03-31,2027-01,monthly,capital,securities,detail,108,· Deuda no ajustable por CER,5238.658861,million_usd,official_projection,mecon_quarterly_treasury_maturity_profile,https://www.argentina.gob.ar/sites/default/files/deuda_publica_31-03-2026.xlsx,fad7687446da2e312d5f442e4d8e4fe53af87303a5fbdbe1030e8b241473aeee,2026-09-30T02:20:59Z
mecon_treasury_maturity_capital_row_109,2026-03-31,2027-01,monthly,capital,securities,detail,109,TOTAL DEUDA EN MONEDA EXTRANJERA,3051.744946,million_usd,official_projection,mecon_quarterly_treasury_maturity_profile,https://www.argentina.gob.ar/sites/default/files/deuda_publica_31-03-2026.xlsx,fad7687446da2e312d5f442e4d8e4fe53af87303a5fbdbe1030e8b241473aeee,2026-09-30T02:20:59Z
mecon_treasury_maturity_interest_total,2026-03-31,2027-01,monthly,interest,total,total,13,Total,2034.416821,million_usd,official_projection,mecon_quarterly_treasury_maturity_profile,https://www.argentina.gob.ar/sites/default/files/deuda_publica_31-03-2026.xlsx,fad7687446da2e312d5f442e4d8e4fe53af87303a5fbdbe1030e8b241473aeee,2026-09-30T02:20:59Z
mecon_treasury_maturity_interest_row_15,2026-03-31,2027-01,monthly,interest,total,term,15,MEDIANO Y LARGO PLAZO,2034.416821,million_usd,official_projection,mecon_quarterly_treasury_maturity_profile,https://www.argentina.gob.ar/sites/default/files/deuda_publica_31-03-2026.xlsx,fad7687446da2e312d5f442e4d8e4fe53af87303a5fbdbe1030e8b241473aeee,2026-09-30T02:20:59Z
mecon_treasury_maturity_interest_loans,2026-03-31,2027-01,monthly,interest,loans,category,17,Préstamos,198.912193,million_usd,official_projection,mecon_quarterly_treasury_maturity_profile,https://www.argentina.gob.ar/sites/default/files/deuda_publica_31-03-2026.xlsx,fad7687446da2e312d5f442e4d8e4fe53af87303a5fbdbe1030e8b241473aeee,2026-09-30T02:20:59Z
mecon_treasury_maturity_interest_row_18,2026-03-31,2027-01,monthly,interest,loans,detail,18,Organismos Internacionales,158.639520,million_usd,official_projection,mecon_quarterly_treasury_maturity_profile,https://www.argentina.gob.ar/sites/default/files/deuda_publica_31-03-2026.xlsx,fad7687446da2e312d5f442e4d8e4fe53af87303a5fbdbe1030e8b241473aeee,2026-09-30T02:20:59Z
mecon_treasury_maturity_interest_row_19,2026-03-31,2027-01,monthly,interest,loans,detail,19,. BIRF,38.036615,million_usd,official_projection,mecon_quarterly_treasury_maturity_profile,https://www.argentina.gob.ar/sites/default/files/deuda_publica_31-03-2026.xlsx,fad7687446da2e312d5f442e4d8e4fe53af87303a5fbdbe1030e8b241473aeee,2026-09-30T02:20:59Z
mecon_treasury_maturity_interest_row_20,2026-03-31,2027-01,monthly,interest,loans,detail,20,. BID,84.931726,million_usd,official_projection,mecon_quarterly_treasury_maturity_profile,https://www.argentina.gob.ar/sites/default/files/deuda_publica_31-03-2026.xlsx,fad7687446da2e312d5f442e4d8e4fe53af87303a5fbdbe1030e8b241473aeee,2026-09-30T02:20:59Z
mecon_treasury_maturity_interest_row_22,2026-03-31,2027-01,monthly,interest,loans,detail,22,. Otros,35.671179,million_usd,official_projection,mecon_quarterly_treasury_maturity_profile,https://www.argentina.gob.ar/sites/default/files/deuda_publica_31-03-2026.xlsx,fad7687446da2e312d5f442e4d8e4fe53af87303a5fbdbe1030e8b241473aeee,2026-09-30T02:20:59Z
mecon_treasury_maturity_interest_row_23,2026-03-31,2027-01,monthly,interest,loans,detail,23,Préstamos Garantizados,4.534000,million_usd,official_projection,mecon_quarterly_treasury_maturity_profile,https://www.argentina.gob.ar/sites/default/files/deuda_publica_31-03-2026.xlsx,fad7687446da2e312d5f442e4d8e4fe53af87303a5fbdbe1030e8b241473aeee,2026-09-30T02:20:59Z
mecon_treasury_maturity_interest_row_24,2026-03-31,2027-01,monthly,interest,loans,detail,24,. En moneda nacional ajustable por CER,4.534000,million_usd,official_projection,mecon_quarterly_treasury_maturity_profile,https://www.argentina.gob.ar/sites/default/files/deuda_publica_31-03-2026.xlsx,fad7687446da2e312d5f442e4d8e4fe53af87303a5fbdbe1030e8b241473aeee,2026-09-30T02:20:59Z
mecon_treasury_maturity_interest_row_27,2026-03-31,2027-01,monthly,interest,loans,detail,27,Organismos Oficiales,35.266706,million_usd,official_projection,mecon_quarterly_treasury_maturity_profile,https://www.argentina.gob.ar/sites/default/files/deuda_publica_31-03-2026.xlsx,fad7687446da2e312d5f442e4d8e4fe53af87303a5fbdbe1030e8b241473aeee,2026-09-30T02:20:59Z
mecon_treasury_maturity_interest_row_31,2026-03-31,2027-01,monthly,interest,loans,detail,31,Avales,0.471968,million_usd,official_projection,mecon_quarterly_treasury_maturity_profile,https://www.argentina.gob.ar/sites/default/files/deuda_publica_31-03-2026.xlsx,fad7687446da2e312d5f442e4d8e4fe53af87303a5fbdbe1030e8b241473aeee,2026-09-30T02:20:59Z
mecon_treasury_maturity_interest_row_33,2026-03-31,2027-01,monthly,interest,loans,detail,33,. En moneda extranjera,0.471968,million_usd,official_projection,mecon_quarterly_treasury_maturity_profile,https://www.argentina.gob.ar/sites/default/files/deuda_publica_31-03-2026.xlsx,fad7687446da2e312d5f442e4d8e4fe53af87303a5fbdbe1030e8b241473aeee,2026-09-30T02:20:59Z
mecon_treasury_maturity_interest_securities,2026-03-31,2027-01,monthly,interest,securities,category,35,Títulos públicos y Letras del Tesoro,1835.504628,million_usd,official_projection,mecon_quarterly_treasury_maturity_profile,https://www.argentina.gob.ar/sites/default/files/deuda_publica_31-03-2026.xlsx,fad7687446da2e312d5f442e4d8e4fe53af87303a5fbdbe1030e8b241473aeee,2026-09-30T02:20:59Z
mecon_treasury_maturity_interest_row_56,2026-03-31,2027-01,monthly,interest,securities,detail,56,"BONAR/$/6,72763943919512%/31-12-2028",0.036962,million_usd,official_projection,mecon_quarterly_treasury_maturity_profile,https://www.argentina.gob.ar/sites/default/files/deuda_publica_31-03-2026.xlsx,fad7687446da2e312d5f442e4d8e4fe53af87303a5fbdbe1030e8b241473aeee,2026-09-30T02:20:59Z
mecon_treasury_maturity_interest_row_58,2026-03-31,2027-01,monthly,interest,securities,detail,58,BONAR/U$S/6%/29-10-2027,3.602624,million_usd,official_projection,mecon_quarterly_treasury_maturity_profile,https://www.argentina.gob.ar/sites/default/files/deuda_publica_31-03-2026.xlsx,fad7687446da2e312d5f442e4d8e4fe53af87303a5fbdbe1030e8b241473aeee,2026-09-30T02:20:59Z
mecon_treasury_maturity_interest_row_59,2026-03-31,2027-01,monthly,interest,securities,detail,59,BONAR/U$S/6%/31-10-2028,0.899747,million_usd,official_projection,mecon_quarterly_treasury_maturity_profile,https://www.argentina.gob.ar/sites/default/files/deuda_publica_31-03-2026.xlsx,fad7687446da2e312d5f442e4d8e4fe53af87303a5fbdbe1030e8b241473aeee,2026-09-30T02:20:59Z
mecon_treasury_maturity_interest_row_64,2026-03-31,2027-01,monthly,interest,securities,detail,64,"BONO GLOBAL/EUR/0,125%/09-07-2030",0.538690,million_usd,official_projection,mecon_quarterly_treasury_maturity_profile,https://www.argentina.gob.ar/sites/default/files/deuda_publica_31-03-2026.xlsx,fad7687446da2e312d5f442e4d8e4fe53af87303a5fbdbe1030e8b241473aeee,2026-09-30T02:20:59Z
mecon_treasury_maturity_interest_row_65,2026-03-31,2027-01,monthly,interest,securities,detail,65,"BONO GLOBAL/EUR/0,50%/09-07-2029",0.156655,million_usd,official_projection,mecon_quarterly_treasury_maturity_profile,https://www.argentina.gob.ar/sites/default/files/deuda_publica_31-03-2026.xlsx,fad7687446da2e312d5f442e4d8e4fe53af87303a5fbdbe1030e8b241473aeee,2026-09-30T02:20:59Z
mecon_treasury_maturity_interest_row_66,2026-03-31,2027-01,monthly,interest,securities,detail,66,BONO GLOBAL/EUR/STEP UP/09-01-2038,19.871065,million_usd,official_projection,mecon_quarterly_treasury_maturity_profile,https://www.argentina.gob.ar/sites/default/files/deuda_publica_31-03-2026.xlsx,fad7687446da2e312d5f442e4d8e4fe53af87303a5fbdbe1030e8b241473aeee,2026-09-30T02:20:59Z
mecon_treasury_maturity_interest_row_67,2026-03-31,2027-01,monthly,interest,securities,detail,67,BONO GLOBAL/EUR/STEP UP/09-07-2035,6.688802,million_usd,official_projection,mecon_quarterly_treasury_maturity_profile,https://www.argentina.gob.ar/sites/default/files/deuda_publica_31-03-2026.xlsx,fad7687446da2e312d5f442e4d8e4fe53af87303a5fbdbe1030e8b241473aeee,2026-09-30T02:20:59Z
mecon_treasury_maturity_interest_row_68,2026-03-31,2027-01,monthly,interest,securities,detail,68,BONO GLOBAL/EUR/STEP UP/09-07-2041,27.254800,million_usd,official_projection,mecon_quarterly_treasury_maturity_profile,https://www.argentina.gob.ar/sites/default/files/deuda_publica_31-03-2026.xlsx,fad7687446da2e312d5f442e4d8e4fe53af87303a5fbdbe1030e8b241473aeee,2026-09-30T02:20:59Z
mecon_treasury_maturity_interest_row_69,2026-03-31,2027-01,monthly,interest,securities,detail,69,BONO GLOBAL/EUR/STEP UP/09-07-2046,5.375348,million_usd,official_projection,mecon_quarterly_treasury_maturity_profile,https://www.argentina.gob.ar/sites/default/files/deuda_publica_31-03-2026.xlsx,fad7687446da2e312d5f442e4d8e4fe53af87303a5fbdbe1030e8b241473aeee,2026-09-30T02:20:59Z
mecon_treasury_maturity_interest_row_70,2026-03-31,2027-01,monthly,interest,securities,detail,70,"BONO GLOBAL/U$S/1,00%/09-07-2029",7.861573,million_usd,official_projection,mecon_quarterly_treasury_maturity_profile,https://www.argentina.gob.ar/sites/default/files/deuda_publica_31-03-2026.xlsx,fad7687446da2e312d5f442e4d8e4fe53af87303a5fbdbe1030e8b241473aeee,2026-09-30T02:20:59Z
mecon_treasury_maturity_interest_row_71,2026-03-31,2027-01,monthly,interest,securities,detail,71,BONO GLOBAL/U$S/STEP UP/09-01-2038,284.625584,million_usd,official_projection,mecon_quarterly_treasury_maturity_profile,https://www.argentina.gob.ar/sites/default/files/deuda_publica_31-03-2026.xlsx,fad7687446da2e312d5f442e4d8e4fe53af87303a5fbdbe1030e8b241473aeee,2026-09-30T02:20:59Z
mecon_treasury_maturity_interest_row_72,2026-03-31,2027-01,monthly,interest,securities,detail,72,BONO GLOBAL/U$S/STEP UP/09-07-2030,32.609834,million_usd,official_projection,mecon_quarterly_treasury_maturity_profile,https://www.argentina.gob.ar/sites/default/files/deuda_publica_31-03-2026.xlsx,fad7687446da2e312d5f442e4d8e4fe53af87303a5fbdbe1030e8b241473aeee,2026-09-30T02:20:59Z
mecon_treasury_maturity_interest_row_73,2026-03-31,2027-01,monthly,interest,securities,detail,73,BONO GLOBAL/U$S/STEP UP/09-07-2035,421.499713,million_usd,official_projection,mecon_quarterly_treasury_maturity_profile,https://www.argentina.gob.ar/sites/default/files/deuda_publica_31-03-2026.xlsx,fad7687446da2e312d5f442e4d8e4fe53af87303a5fbdbe1030e8b241473aeee,2026-09-30T02:20:59Z
mecon_treasury_maturity_interest_row_74,2026-03-31,2027-01,monthly,interest,securities,detail,74,BONO GLOBAL/U$S/STEP UP/09-07-2041,183.436947,million_usd,official_projection,mecon_quarterly_treasury_maturity_profile,https://www.argentina.gob.ar/sites/default/files/deuda_publica_31-03-2026.xlsx,fad7687446da2e312d5f442e4d8e4fe53af87303a5fbdbe1030e8b241473aeee,2026-09-30T02:20:59Z
mecon_treasury_maturity_interest_row_75,2026-03-31,2027-01,monthly,interest,securities,detail,75,BONO GLOBAL/U$S/STEP UP/09-07-2046,39.224946,million_usd,official_projection,mecon_quarterly_treasury_maturity_profile,https://www.argentina.gob.ar/sites/default/files/deuda_publica_31-03-2026.xlsx,fad7687446da2e312d5f442e4d8e4fe53af87303a5fbdbe1030e8b241473aeee,2026-09-30T02:20:59Z
mecon_treasury_maturity_interest_row_76,2026-03-31,2027-01,monthly,interest,securities,detail,76,"BONO R.A./U$S/1,00%/09-07-2029",4.182356,million_usd,official_projection,mecon_quarterly_treasury_maturity_profile,https://www.argentina.gob.ar/sites/default/files/deuda_publica_31-03-2026.xlsx,fad7687446da2e312d5f442e4d8e4fe53af87303a5fbdbe1030e8b241473aeee,2026-09-30T02:20:59Z
mecon_treasury_maturity_interest_row_77,2026-03-31,2027-01,monthly,interest,securities,detail,77,BONO R.A./U$S/STEP UP/09-01-2038,251.582300,million_usd,official_projection,mecon_quarterly_treasury_maturity_profile,https://www.argentina.gob.ar/sites/default/files/deuda_publica_31-03-2026.xlsx,fad7687446da2e312d5f442e4d8e4fe53af87303a5fbdbe1030e8b241473aeee,2026-09-30T02:20:59Z
mecon_treasury_maturity_interest_row_78,2026-03-31,2027-01,monthly,interest,securities,detail,78,BONO R.A./U$S/STEP UP/09-07-2030,31.420320,million_usd,official_projection,mecon_quarterly_treasury_maturity_profile,https://www.argentina.gob.ar/sites/default/files/deuda_publica_31-03-2026.xlsx,fad7687446da2e312d5f442e4d8e4fe53af87303a5fbdbe1030e8b241473aeee,2026-09-30T02:20:59Z
mecon_treasury_maturity_interest_row_79,2026-03-31,2027-01,monthly,interest,securities,detail,79,BONO R.A./U$S/STEP UP/09-07-2035,326.981919,million_usd,official_projection,mecon_quarterly_treasury_maturity_profile,https://www.argentina.gob.ar/sites/default/files/deuda_publica_31-03-2026.xlsx,fad7687446da2e312d5f442e4d8e4fe53af87303a5fbdbe1030e8b241473aeee,2026-09-30T02:20:59Z
mecon_treasury_maturity_interest_row_80,2026-03-31,2027-01,monthly,interest,securities,detail,80,BONO R.A./U$S/STEP UP/09-07-2041,26.989091,million_usd,official_projection,mecon_quarterly_treasury_maturity_profile,https://www.argentina.gob.ar/sites/default/files/deuda_publica_31-03-2026.xlsx,fad7687446da2e312d5f442e4d8e4fe53af87303a5fbdbe1030e8b241473aeee,2026-09-30T02:20:59Z
mecon_treasury_maturity_interest_row_84,2026-03-31,2027-01,monthly,interest,securities,detail,84,BONTE/$/BADLAR/05-07-2030,1.091650,million_usd,official_projection,mecon_quarterly_treasury_maturity_profile,https://www.argentina.gob.ar/sites/default/files/deuda_publica_31-03-2026.xlsx,fad7687446da2e312d5f442e4d8e4fe53af87303a5fbdbe1030e8b241473aeee,2026-09-30T02:20:59Z
mecon_treasury_maturity_interest_row_89,2026-03-31,2027-01,monthly,interest,securities,detail,89,LETRA INTRANSFERIBLE - BCRA,159.573700,million_usd,official_projection,mecon_quarterly_treasury_maturity_profile,https://www.argentina.gob.ar/sites/default/files/deuda_publica_31-03-2026.xlsx,fad7687446da2e312d5f442e4d8e4fe53af87303a5fbdbe1030e8b241473aeee,2026-09-30T02:20:59Z
mecon_treasury_maturity_interest_row_102,2026-03-31,2027-01,monthly,interest,securities,detail,102,TOTAL DEUDA DENOMINADA EN PESOS,5.662612,million_usd,official_projection,mecon_quarterly_treasury_maturity_profile,https://www.argentina.gob.ar/sites/default/files/deuda_publica_31-03-2026.xlsx,fad7687446da2e312d5f442e4d8e4fe53af87303a5fbdbe1030e8b241473aeee,2026-09-30T02:20:59Z
mecon_treasury_maturity_interest_row_103,2026-03-31,2027-01,monthly,interest,securities,detail,103,· Deuda ajustable por CER,4.534000,million_usd,official_projection,mecon_quarterly_treasury_maturity_profile,https://www.argentina.gob.ar/sites/default/files/deuda_publica_31-03-2026.xlsx,fad7687446da2e312d5f442e4d8e4fe53af87303a5fbdbe1030e8b241473aeee,2026-09-30T02:20:59Z
mecon_treasury_maturity_interest_row_104,2026-03-31,2027-01,monthly,interest,securities,detail,104,· Deuda no ajustable por CER,1.128612,million_usd,official_projection,mecon_quarterly_treasury_maturity_profile,https://www.argentina.gob.ar/sites/default/files/deuda_publica_31-03-2026.xlsx,fad7687446da2e312d5f442e4d8e4fe53af87303a5fbdbe1030e8b241473aeee,2026-09-30T02:20:59Z
mecon_treasury_maturity_interest_row_105,2026-03-31,2027-01,monthly,interest,securities,detail,105,TOTAL DEUDA EN MONEDA EXTRANJERA,2028.754210,million_usd,official_projection,mecon_quarterly_treasury_maturity_profile,https://www.argentina.gob.ar/sites/default/files/deuda_publica_31-03-2026.xlsx,fad7687446da2e312d5f442e4d8e4fe53af87303a5fbdbe1030e8b241473aeee,2026-09-30T02:20:59Z
mecon_treasury_maturity_capital_total,2026-03-31,2027-02,monthly,capital,total,total,13,Total,3265.548938,million_usd,official_projection,mecon_quarterly_treasury_maturity_profile,https://www.argentina.gob.ar/sites/default/files/deuda_publica_31-03-2026.xlsx,fad7687446da2e312d5f442e4d8e4fe53af87303a5fbdbe1030e8b241473aeee,2026-09-30T02:20:59Z
mecon_treasury_maturity_capital_row_14,2026-03-31,2027-02,monthly,capital,total,term,14,CORTO PLAZO,28.927698,million_usd,official_projection,mecon_quarterly_treasury_maturity_profile,https://www.argentina.gob.ar/sites/default/files/deuda_publica_31-03-2026.xlsx,fad7687446da2e312d5f442e4d8e4fe53af87303a5fbdbe1030e8b241473aeee,2026-09-30T02:20:59Z
mecon_treasury_maturity_capital_row_15,2026-03-31,2027-02,monthly,capital,total,term,15,MEDIANO Y LARGO PLAZO,3236.621240,million_usd,official_projection,mecon_quarterly_treasury_maturity_profile,https://www.argentina.gob.ar/sites/default/files/deuda_publica_31-03-2026.xlsx,fad7687446da2e312d5f442e4d8e4fe53af87303a5fbdbe1030e8b241473aeee,2026-09-30T02:20:59Z
mecon_treasury_maturity_capital_loans,2026-03-31,2027-02,monthly,capital,loans,category,17,Préstamos,92.073173,million_usd,official_projection,mecon_quarterly_treasury_maturity_profile,https://www.argentina.gob.ar/sites/default/files/deuda_publica_31-03-2026.xlsx,fad7687446da2e312d5f442e4d8e4fe53af87303a5fbdbe1030e8b241473aeee,2026-09-30T02:20:59Z
mecon_treasury_maturity_capital_row_18,2026-03-31,2027-02,monthly,capital,loans,detail,18,Organismos Internacionales,80.427395,million_usd,official_projection,mecon_quarterly_treasury_maturity_profile,https://www.argentina.gob.ar/sites/default/files/deuda_publica_31-03-2026.xlsx,fad7687446da2e312d5f442e4d8e4fe53af87303a5fbdbe1030e8b241473aeee,2026-09-30T02:20:59Z
mecon_treasury_maturity_capital_row_19,2026-03-31,2027-02,monthly,capital,loans,detail,19,. BIRF,5.023009,million_usd,official_projection,mecon_quarterly_treasury_maturity_profile,https://www.argentina.gob.ar/sites/default/files/deuda_publica_31-03-2026.xlsx,fad7687446da2e312d5f442e4d8e4fe53af87303a5fbdbe1030e8b241473aeee,2026-09-30T02:20:59Z
mecon_treasury_maturity_capital_row_20,2026-03-31,2027-02,monthly,capital,loans,detail,20,. BID,41.783139,million_usd,official_projection,mecon_quarterly_treasury_maturity_profile,https://www.argentina.gob.ar/sites/default/files/deuda_publica_31-03-2026.xlsx,fad7687446da2e312d5f442e4d8e4fe53af87303a5fbdbe1030e8b241473aeee,2026-09-30T02:20:59Z
mecon_treasury_maturity_capital_row_22,2026-03-31,2027-02,monthly,capital,loans,detail,22,. Otros,33.621247,million_usd,official_projection,mecon_quarterly_treasury_maturity_profile,https://www.argentina.gob.ar/sites/default/files/deuda_publica_31-03-2026.xlsx,fad7687446da2e312d5f442e4d8e4fe53af87303a5fbdbe1030e8b241473aeee,2026-09-30T02:20:59Z
mecon_treasury_maturity_capital_row_27,2026-03-31,2027-02,monthly,capital,loans,detail,27,Organismos Oficiales,4.756258,million_usd,official_projection,mecon_quarterly_treasury_maturity_profile,https://www.argentina.gob.ar/sites/default/files/deuda_publica_31-03-2026.xlsx,fad7687446da2e312d5f442e4d8e4fe53af87303a5fbdbe1030e8b241473aeee,2026-09-30T02:20:59Z
mecon_treasury_maturity_capital_row_28,2026-03-31,2027-02,monthly,capital,loans,detail,28,Avales,6.889520,million_usd,official_projection,mecon_quarterly_treasury_maturity_profile,https://www.argentina.gob.ar/sites/default/files/deuda_publica_31-03-2026.xlsx,fad7687446da2e312d5f442e4d8e4fe53af87303a5fbdbe1030e8b241473aeee,2026-09-30T02:20:59Z
mecon_treasury_maturity_capital_row_30,2026-03-31,2027-02,monthly,capital,loans,detail,30,. En moneda extranjera,6.889520,million_usd,official_projection,mecon_quarterly_treasury_maturity_profile,https://www.argentina.gob.ar/sites/default/files/deuda_publica_31-03-2026.xlsx,fad7687446da2e312d5f442e4d8e4fe53af87303a5fbdbe1030e8b241473aeee,2026-09-30T02:20:59Z
mecon_treasury_maturity_capital_bcra_advances,2026-03-31,2027-02,monthly,capital,bcra_advances,category,32,Adelantos transitorios BCRA,28.927698,million_usd,official_projection,mecon_quarterly_treasury_maturity_profile,https://www.argentina.gob.ar/sites/default/files/deuda_publica_31-03-2026.xlsx,fad7687446da2e312d5f442e4d8e4fe53af87303a5fbdbe1030e8b241473aeee,2026-09-30T02:20:59Z
mecon_treasury_maturity_capital_securities,2026-03-31,2027-02,monthly,capital,securities,category,34,Títulos públicos y Letras del Tesoro,3144.548067,million_usd,official_projection,mecon_quarterly_treasury_maturity_profile,https://www.argentina.gob.ar/sites/default/files/deuda_publica_31-03-2026.xlsx,fad7687446da2e312d5f442e4d8e4fe53af87303a5fbdbe1030e8b241473aeee,2026-09-30T02:20:59Z
mecon_treasury_maturity_capital_row_53,2026-03-31,2027-02,monthly,capital,securities,detail,53,"BONAR/$/6,72763943919512%/31-12-2028",0.261156,million_usd,official_projection,mecon_quarterly_treasury_maturity_profile,https://www.argentina.gob.ar/sites/default/files/deuda_publica_31-03-2026.xlsx,fad7687446da2e312d5f442e4d8e4fe53af87303a5fbdbe1030e8b241473aeee,2026-09-30T02:20:59Z
mecon_treasury_maturity_capital_row_56,2026-03-31,2027-02,monthly,capital,securities,detail,56,BONTE/$/BADLAR+400PB/17-08-31,0.213465,million_usd,official_projection,mecon_quarterly_treasury_maturity_profile,https://www.argentina.gob.ar/sites/default/files/deuda_publica_31-03-2026.xlsx,fad7687446da2e312d5f442e4d8e4fe53af87303a5fbdbe1030e8b241473aeee,2026-09-30T02:20:59Z
mecon_treasury_maturity_capital_row_88,2026-03-31,2027-02,monthly,capital,securities,detail,88,"BONCAP/$/TAMAR+6,5%/26-02-2027",1910.754575,million_usd,official_projection,mecon_quarterly_treasury_maturity_profile,https://www.argentina.gob.ar/sites/default/files/deuda_publica_31-03-2026.xlsx,fad7687446da2e312d5f442e4d8e4fe53af87303a5fbdbe1030e8b241473aeee,2026-09-30T02:20:59Z
mecon_treasury_maturity_capital_row_91,2026-03-31,2027-02,monthly,capital,securities,detail,91,LETRAS DEL TESORO,1228.159233,million_usd,official_projection,mecon_quarterly_treasury_maturity_profile,https://www.argentina.gob.ar/sites/default/files/deuda_publica_31-03-2026.xlsx,fad7687446da2e312d5f442e4d8e4fe53af87303a5fbdbe1030e8b241473aeee,2026-09-30T02:20:59Z
mecon_treasury_maturity_capital_row_93,2026-03-31,2027-02,monthly,capital,securities,detail,93,. En moneda extranjera,1228.159233,million_usd,official_projection,mecon_quarterly_treasury_maturity_profile,https://www.argentina.gob.ar/sites/default/files/deuda_publica_31-03-2026.xlsx,fad7687446da2e312d5f442e4d8e4fe53af87303a5fbdbe1030e8b241473aeee,2026-09-30T02:20:59Z
mecon_treasury_maturity_capital_row_94,2026-03-31,2027-02,monthly,capital,securities,detail,94,OTROS (1),5.159637,million_usd,official_projection,mecon_quarterly_treasury_maturity_profile,https://www.argentina.gob.ar/sites/default/files/deuda_publica_31-03-2026.xlsx,fad7687446da2e312d5f442e4d8e4fe53af87303a5fbdbe1030e8b241473aeee,2026-09-30T02:20:59Z
mecon_treasury_maturity_capital_row_95,2026-03-31,2027-02,monthly,capital,securities,detail,95,En moneda nacional,5.159637,million_usd,official_projection,mecon_quarterly_treasury_maturity_profile,https://www.argentina.gob.ar/sites/default/files/deuda_publica_31-03-2026.xlsx,fad7687446da2e312d5f442e4d8e4fe53af87303a5fbdbe1030e8b241473aeee,2026-09-30T02:20:59Z
mecon_treasury_maturity_capital_row_98,2026-03-31,2027-02,monthly,capital,securities,detail,98,· No ajustable por CER,5.159637,million_usd,official_projection,mecon_quarterly_treasury_maturity_profile,https://www.argentina.gob.ar/sites/default/files/deuda_publica_31-03-2026.xlsx,fad7687446da2e312d5f442e4d8e4fe53af87303a5fbdbe1030e8b241473aeee,2026-09-30T02:20:59Z
mecon_treasury_maturity_capital_row_99,2026-03-31,2027-02,monthly,capital,securities,detail,99,· Bonos de consolidación,5.159637,million_usd,official_projection,mecon_quarterly_treasury_maturity_profile,https://www.argentina.gob.ar/sites/default/files/deuda_publica_31-03-2026.xlsx,fad7687446da2e312d5f442e4d8e4fe53af87303a5fbdbe1030e8b241473aeee,2026-09-30T02:20:59Z
mecon_treasury_maturity_capital_row_106,2026-03-31,2027-02,monthly,capital,securities,detail,106,TOTAL DEUDA DENOMINADA EN PESOS,1945.316532,million_usd,official_projection,mecon_quarterly_treasury_maturity_profile,https://www.argentina.gob.ar/sites/default/files/deuda_publica_31-03-2026.xlsx,fad7687446da2e312d5f442e4d8e4fe53af87303a5fbdbe1030e8b241473aeee,2026-09-30T02:20:59Z
mecon_treasury_maturity_capital_row_108,2026-03-31,2027-02,monthly,capital,securities,detail,108,· Deuda no ajustable por CER,1945.316532,million_usd,official_projection,mecon_quarterly_treasury_maturity_profile,https://www.argentina.gob.ar/sites/default/files/deuda_publica_31-03-2026.xlsx,fad7687446da2e312d5f442e4d8e4fe53af87303a5fbdbe1030e8b241473aeee,2026-09-30T02:20:59Z
mecon_treasury_maturity_capital_row_109,2026-03-31,2027-02,monthly,capital,securities,detail,109,TOTAL DEUDA EN MONEDA EXTRANJERA,1320.232406,million_usd,official_projection,mecon_quarterly_treasury_maturity_profile,https://www.argentina.gob.ar/sites/default/files/deuda_publica_31-03-2026.xlsx,fad7687446da2e312d5f442e4d8e4fe53af87303a5fbdbe1030e8b241473aeee,2026-09-30T02:20:59Z
mecon_treasury_maturity_interest_total,2026-03-31,2027-02,monthly,interest,total,total,13,Total,863.434094,million_usd,official_projection,mecon_quarterly_treasury_maturity_profile,https://www.argentina.gob.ar/sites/default/files/deuda_publica_31-03-2026.xlsx,fad7687446da2e312d5f442e4d8e4fe53af87303a5fbdbe1030e8b241473aeee,2026-09-30T02:20:59Z
mecon_treasury_maturity_interest_row_15,2026-03-31,2027-02,monthly,interest,total,term,15,MEDIANO Y LARGO PLAZO,863.434094,million_usd,official_projection,mecon_quarterly_treasury_maturity_profile,https://www.argentina.gob.ar/sites/default/files/deuda_publica_31-03-2026.xlsx,fad7687446da2e312d5f442e4d8e4fe53af87303a5fbdbe1030e8b241473aeee,2026-09-30T02:20:59Z
mecon_treasury_maturity_interest_loans,2026-03-31,2027-02,monthly,interest,loans,category,17,Préstamos,852.666900,million_usd,official_projection,mecon_quarterly_treasury_maturity_profile,https://www.argentina.gob.ar/sites/default/files/deuda_publica_31-03-2026.xlsx,fad7687446da2e312d5f442e4d8e4fe53af87303a5fbdbe1030e8b241473aeee,2026-09-30T02:20:59Z
mecon_treasury_maturity_interest_row_18,2026-03-31,2027-02,monthly,interest,loans,detail,18,Organismos Internacionales,845.809658,million_usd,official_projection,mecon_quarterly_treasury_maturity_profile,https://www.argentina.gob.ar/sites/default/files/deuda_publica_31-03-2026.xlsx,fad7687446da2e312d5f442e4d8e4fe53af87303a5fbdbe1030e8b241473aeee,2026-09-30T02:20:59Z
mecon_treasury_maturity_interest_row_19,2026-03-31,2027-02,monthly,interest,loans,detail,19,. BIRF,16.105785,million_usd,official_projection,mecon_quarterly_treasury_maturity_profile,https://www.argentina.gob.ar/sites/default/files/deuda_publica_31-03-2026.xlsx,fad7687446da2e312d5f442e4d8e4fe53af87303a5fbdbe1030e8b241473aeee,2026-09-30T02:20:59Z
mecon_treasury_maturity_interest_row_20,2026-03-31,2027-02,monthly,interest,loans,detail,20,. BID,38.561133,million_usd,official_projection,mecon_quarterly_treasury_maturity_profile,https://www.argentina.gob.ar/sites/default/files/deuda_publica_31-03-2026.xlsx,fad7687446da2e312d5f442e4d8e4fe53af87303a5fbdbe1030e8b241473aeee,2026-09-30T02:20:59Z
mecon_treasury_maturity_interest_row_21,2026-03-31,2027-02,monthly,interest,loans,detail,21,. FMI,770.273256,million_usd,official_projection,mecon_quarterly_treasury_maturity_profile,https://www.argentina.gob.ar/sites/default/files/deuda_publica_31-03-2026.xlsx,fad7687446da2e312d5f442e4d8e4fe53af87303a5fbdbe1030e8b241473aeee,2026-09-30T02:20:59Z
mecon_treasury_maturity_interest_row_22,2026-03-31,2027-02,monthly,interest,loans,detail,22,. Otros,20.869483,million_usd,official_projection,mecon_quarterly_treasury_maturity_profile,https://www.argentina.gob.ar/sites/default/files/deuda_publica_31-03-2026.xlsx,fad7687446da2e312d5f442e4d8e4fe53af87303a5fbdbe1030e8b241473aeee,2026-09-30T02:20:59Z
mecon_treasury_maturity_interest_row_23,2026-03-31,2027-02,monthly,interest,loans,detail,23,Préstamos Garantizados,4.534000,million_usd,official_projection,mecon_quarterly_treasury_maturity_profile,https://www.argentina.gob.ar/sites/default/files/deuda_publica_31-03-2026.xlsx,fad7687446da2e312d5f442e4d8e4fe53af87303a5fbdbe1030e8b241473aeee,2026-09-30T02:20:59Z
mecon_treasury_maturity_interest_row_24,2026-03-31,2027-02,monthly,interest,loans,detail,24,. En moneda nacional ajustable por CER,4.534000,million_usd,official_projection,mecon_quarterly_treasury_maturity_profile,https://www.argentina.gob.ar/sites/default/files/deuda_publica_31-03-2026.xlsx,fad7687446da2e312d5f442e4d8e4fe53af87303a5fbdbe1030e8b241473aeee,2026-09-30T02:20:59Z
mecon_treasury_maturity_interest_row_27,2026-03-31,2027-02,monthly,interest,loans,detail,27,Organismos Oficiales,1.857597,million_usd,official_projection,mecon_quarterly_treasury_maturity_profile,https://www.argentina.gob.ar/sites/default/files/deuda_publica_31-03-2026.xlsx,fad7687446da2e312d5f442e4d8e4fe53af87303a5fbdbe1030e8b241473aeee,2026-09-30T02:20:59Z
mecon_treasury_maturity_interest_row_31,2026-03-31,2027-02,monthly,interest,loans,detail,31,Avales,0.465645,million_usd,official_projection,mecon_quarterly_treasury_maturity_profile,https://www.argentina.gob.ar/sites/default/files/deuda_publica_31-03-2026.xlsx,fad7687446da2e312d5f442e4d8e4fe53af87303a5fbdbe1030e8b241473aeee,2026-09-30T02:20:59Z
mecon_treasury_maturity_interest_row_33,2026-03-31,2027-02,monthly,interest,loans,detail,33,. En moneda extranjera,0.465645,million_usd,official_projection,mecon_quarterly_treasury_maturity_profile,https://www.argentina.gob.ar/sites/default/files/deuda_publica_31-03-2026.xlsx,fad7687446da2e312d5f442e4d8e4fe53af87303a5fbdbe1030e8b241473aeee,2026-09-30T02:20:59Z
mecon_treasury_maturity_interest_securities,2026-03-31,2027-02,monthly,interest,securities,category,35,Títulos públicos y Letras del Tesoro,10.767194,million_usd,official_projection,mecon_quarterly_treasury_maturity_profile,https://www.argentina.gob.ar/sites/default/files/deuda_publica_31-03-2026.xlsx,fad7687446da2e312d5f442e4d8e4fe53af87303a5fbdbe1030e8b241473aeee,2026-09-30T02:20:59Z
mecon_treasury_maturity_interest_row_56,2026-03-31,2027-02,monthly,interest,securities,detail,56,"BONAR/$/6,72763943919512%/31-12-2028",0.035519,million_usd,official_projection,mecon_quarterly_treasury_maturity_profile,https://www.argentina.gob.ar/sites/default/files/deuda_publica_31-03-2026.xlsx,fad7687446da2e312d5f442e4d8e4fe53af87303a5fbdbe1030e8b241473aeee,2026-09-30T02:20:59Z
mecon_treasury_maturity_interest_row_58,2026-03-31,2027-02,monthly,interest,securities,detail,58,BONAR/U$S/6%/29-10-2027,3.354167,million_usd,official_projection,mecon_quarterly_treasury_maturity_profile,https://www.argentina.gob.ar/sites/default/files/deuda_publica_31-03-2026.xlsx,fad7687446da2e312d5f442e4d8e4fe53af87303a5fbdbe1030e8b241473aeee,2026-09-30T02:20:59Z
mecon_treasury_maturity_interest_row_59,2026-03-31,2027-02,monthly,interest,securities,detail,59,BONAR/U$S/6%/31-10-2028,0.837695,million_usd,official_projection,mecon_quarterly_treasury_maturity_profile,https://www.argentina.gob.ar/sites/default/files/deuda_publica_31-03-2026.xlsx,fad7687446da2e312d5f442e4d8e4fe53af87303a5fbdbe1030e8b241473aeee,2026-09-30T02:20:59Z
mecon_treasury_maturity_interest_row_85,2026-03-31,2027-02,monthly,interest,securities,detail,85,BONTE/$/BADLAR/23-11-2027,1.819929,million_usd,official_projection,mecon_quarterly_treasury_maturity_profile,https://www.argentina.gob.ar/sites/default/files/deuda_publica_31-03-2026.xlsx,fad7687446da2e312d5f442e4d8e4fe53af87303a5fbdbe1030e8b241473aeee,2026-09-30T02:20:59Z
mecon_treasury_maturity_interest_row_87,2026-03-31,2027-02,monthly,interest,securities,detail,87,BONTE/$/BADLAR+400PB/17-08-31,0.338881,million_usd,official_projection,mecon_quarterly_treasury_maturity_profile,https://www.argentina.gob.ar/sites/default/files/deuda_publica_31-03-2026.xlsx,fad7687446da2e312d5f442e4d8e4fe53af87303a5fbdbe1030e8b241473aeee,2026-09-30T02:20:59Z
mecon_treasury_maturity_interest_row_93,2026-03-31,2027-02,monthly,interest,securities,detail,93,OTROS (1),4.381003,million_usd,official_projection,mecon_quarterly_treasury_maturity_profile,https://www.argentina.gob.ar/sites/default/files/deuda_publica_31-03-2026.xlsx,fad7687446da2e312d5f442e4d8e4fe53af87303a5fbdbe1030e8b241473aeee,2026-09-30T02:20:59Z
mecon_treasury_maturity_interest_row_94,2026-03-31,2027-02,monthly,interest,securities,detail,94,. En moneda nacional,4.381003,million_usd,official_projection,mecon_quarterly_treasury_maturity_profile,https://www.argentina.gob.ar/sites/default/files/deuda_publica_31-03-2026.xlsx,fad7687446da2e312d5f442e4d8e4fe53af87303a5fbdbe1030e8b241473aeee,2026-09-30T02:20:59Z
mecon_treasury_maturity_interest_row_97,2026-03-31,2027-02,monthly,interest,securities,detail,97,· No ajustable por CER,4.381003,million_usd,official_projection,mecon_quarterly_treasury_maturity_profile,https://www.argentina.gob.ar/sites/default/files/deuda_publica_31-03-2026.xlsx,fad7687446da2e312d5f442e4d8e4fe53af87303a5fbdbe1030e8b241473aeee,2026-09-30T02:20:59Z
mecon_treasury_maturity_interest_row_98,2026-03-31,2027-02,monthly,interest,securities,detail,98,· Bonos de consolidación,4.381003,million_usd,official_projection,mecon_quarterly_treasury_maturity_profile,https://www.argentina.gob.ar/sites/default/files/deuda_publica_31-03-2026.xlsx,fad7687446da2e312d5f442e4d8e4fe53af87303a5fbdbe1030e8b241473aeee,2026-09-30T02:20:59Z
mecon_treasury_maturity_interest_row_102,2026-03-31,2027-02,monthly,interest,securities,detail,102,TOTAL DEUDA DENOMINADA EN PESOS,11.109331,million_usd,official_projection,mecon_quarterly_treasury_maturity_profile,https://www.argentina.gob.ar/sites/default/files/deuda_publica_31-03-2026.xlsx,fad7687446da2e312d5f442e4d8e4fe53af87303a5fbdbe1030e8b241473aeee,2026-09-30T02:20:59Z
mecon_treasury_maturity_interest_row_103,2026-03-31,2027-02,monthly,interest,securities,detail,103,· Deuda ajustable por CER,4.534000,million_usd,official_projection,mecon_quarterly_treasury_maturity_profile,https://www.argentina.gob.ar/sites/default/files/deuda_publica_31-03-2026.xlsx,fad7687446da2e312d5f442e4d8e4fe53af87303a5fbdbe1030e8b241473aeee,2026-09-30T02:20:59Z
mecon_treasury_maturity_interest_row_104,2026-03-31,2027-02,monthly,interest,securities,detail,104,· Deuda no ajustable por CER,6.575331,million_usd,official_projection,mecon_quarterly_treasury_maturity_profile,https://www.argentina.gob.ar/sites/default/files/deuda_publica_31-03-2026.xlsx,fad7687446da2e312d5f442e4d8e4fe53af87303a5fbdbe1030e8b241473aeee,2026-09-30T02:20:59Z
mecon_treasury_maturity_interest_row_105,2026-03-31,2027-02,monthly,interest,securities,detail,105,TOTAL DEUDA EN MONEDA EXTRANJERA,852.324763,million_usd,official_projection,mecon_quarterly_treasury_maturity_profile,https://www.argentina.gob.ar/sites/default/files/deuda_publica_31-03-2026.xlsx,fad7687446da2e312d5f442e4d8e4fe53af87303a5fbdbe1030e8b241473aeee,2026-09-30T02:20:59Z
mecon_treasury_maturity_capital_total,2026-03-31,2027-03,monthly,capital,total,total,13,Total,4402.321624,million_usd,official_projection,mecon_quarterly_treasury_maturity_profile,https://www.argentina.gob.ar/sites/default/files/deuda_publica_31-03-2026.xlsx,fad7687446da2e312d5f442e4d8e4fe53af87303a5fbdbe1030e8b241473aeee,2026-09-30T02:20:59Z
mecon_treasury_maturity_capital_row_14,2026-03-31,2027-03,monthly,capital,total,term,14,CORTO PLAZO,166.637530,million_usd,official_projection,mecon_quarterly_treasury_maturity_profile,https://www.argentina.gob.ar/sites/default/files/deuda_publica_31-03-2026.xlsx,fad7687446da2e312d5f442e4d8e4fe53af87303a5fbdbe1030e8b241473aeee,2026-09-30T02:20:59Z
mecon_treasury_maturity_capital_row_15,2026-03-31,2027-03,monthly,capital,total,term,15,MEDIANO Y LARGO PLAZO,4235.684095,million_usd,official_projection,mecon_quarterly_treasury_maturity_profile,https://www.argentina.gob.ar/sites/default/files/deuda_publica_31-03-2026.xlsx,fad7687446da2e312d5f442e4d8e4fe53af87303a5fbdbe1030e8b241473aeee,2026-09-30T02:20:59Z
mecon_treasury_maturity_capital_loans,2026-03-31,2027-03,monthly,capital,loans,category,17,Préstamos,1337.072352,million_usd,official_projection,mecon_quarterly_treasury_maturity_profile,https://www.argentina.gob.ar/sites/default/files/deuda_publica_31-03-2026.xlsx,fad7687446da2e312d5f442e4d8e4fe53af87303a5fbdbe1030e8b241473aeee,2026-09-30T02:20:59Z
mecon_treasury_maturity_capital_row_18,2026-03-31,2027-03,monthly,capital,loans,detail,18,Organismos Internacionales,1188.677311,million_usd,official_projection,mecon_quarterly_treasury_maturity_profile,https://www.argentina.gob.ar/sites/default/files/deuda_publica_31-03-2026.xlsx,fad7687446da2e312d5f442e4d8e4fe53af87303a5fbdbe1030e8b241473aeee,2026-09-30T02:20:59Z
mecon_treasury_maturity_capital_row_19,2026-03-31,2027-03,monthly,capital,loans,detail,19,. BIRF,70.255899,million_usd,official_projection,mecon_quarterly_treasury_maturity_profile,https://www.argentina.gob.ar/sites/default/files/deuda_publica_31-03-2026.xlsx,fad7687446da2e312d5f442e4d8e4fe53af87303a5fbdbe1030e8b241473aeee,2026-09-30T02:20:59Z
mecon_treasury_maturity_capital_row_20,2026-03-31,2027-03,monthly,capital,loans,detail,20,. BID,262.575568,million_usd,official_projection,mecon_quarterly_treasury_maturity_profile,https://www.argentina.gob.ar/sites/default/files/deuda_publica_31-03-2026.xlsx,fad7687446da2e312d5f442e4d8e4fe53af87303a5fbdbe1030e8b241473aeee,2026-09-30T02:20:59Z
mecon_treasury_maturity_capital_row_21,2026-03-31,2027-03,monthly,capital,loans,detail,21,. FMI,791.175007,million_usd,official_projection,mecon_quarterly_treasury_maturity_profile,https://www.argentina.gob.ar/sites/default/files/deuda_publica_31-03-2026.xlsx,fad7687446da2e312d5f442e4d8e4fe53af87303a5fbdbe1030e8b241473aeee,2026-09-30T02:20:59Z
mecon_treasury_maturity_capital_row_22,2026-03-31,2027-03,monthly,capital,loans,detail,22,. Otros,64.670837,million_usd,official_projection,mecon_quarterly_treasury_maturity_profile,https://www.argentina.gob.ar/sites/default/files/deuda_publica_31-03-2026.xlsx,fad7687446da2e312d5f442e4d8e4fe53af87303a5fbdbe1030e8b241473aeee,2026-09-30T02:20:59Z
mecon_treasury_maturity_capital_row_27,2026-03-31,2027-03,monthly,capital,loans,detail,27,Organismos Oficiales,141.505521,million_usd,official_projection,mecon_quarterly_treasury_maturity_profile,https://www.argentina.gob.ar/sites/default/files/deuda_publica_31-03-2026.xlsx,fad7687446da2e312d5f442e4d8e4fe53af87303a5fbdbe1030e8b241473aeee,2026-09-30T02:20:59Z
mecon_treasury_maturity_capital_row_28,2026-03-31,2027-03,monthly,capital,loans,detail,28,Avales,6.889520,million_usd,official_projection,mecon_quarterly_treasury_maturity_profile,https://www.argentina.gob.ar/sites/default/files/deuda_publica_31-03-2026.xlsx,fad7687446da2e312d5f442e4d8e4fe53af87303a5fbdbe1030e8b241473aeee,2026-09-30T02:20:59Z
mecon_treasury_maturity_capital_row_30,2026-03-31,2027-03,monthly,capital,loans,detail,30,. En moneda extranjera,6.889520,million_usd,official_projection,mecon_quarterly_treasury_maturity_profile,https://www.argentina.gob.ar/sites/default/files/deuda_publica_31-03-2026.xlsx,fad7687446da2e312d5f442e4d8e4fe53af87303a5fbdbe1030e8b241473aeee,2026-09-30T02:20:59Z
mecon_treasury_maturity_capital_bcra_advances,2026-03-31,2027-03,monthly,capital,bcra_advances,category,32,Adelantos transitorios BCRA,166.637530,million_usd,official_projection,mecon_quarterly_treasury_maturity_profile,https://www.argentina.gob.ar/sites/default/files/deuda_publica_31-03-2026.xlsx,fad7687446da2e312d5f442e4d8e4fe53af87303a5fbdbe1030e8b241473aeee,2026-09-30T02:20:59Z
mecon_treasury_maturity_capital_securities,2026-03-31,2027-03,monthly,capital,securities,category,34,Títulos públicos y Letras del Tesoro,2898.611743,million_usd,official_projection,mecon_quarterly_treasury_maturity_profile,https://www.argentina.gob.ar/sites/default/files/deuda_publica_31-03-2026.xlsx,fad7687446da2e312d5f442e4d8e4fe53af87303a5fbdbe1030e8b241473aeee,2026-09-30T02:20:59Z
mecon_treasury_maturity_capital_row_53,2026-03-31,2027-03,monthly,capital,securities,detail,53,"BONAR/$/6,72763943919512%/31-12-2028",0.259117,million_usd,official_projection,mecon_quarterly_treasury_maturity_profile,https://www.argentina.gob.ar/sites/default/files/deuda_publica_31-03-2026.xlsx,fad7687446da2e312d5f442e4d8e4fe53af87303a5fbdbe1030e8b241473aeee,2026-09-30T02:20:59Z
mecon_treasury_maturity_capital_row_70,2026-03-31,2027-03,monthly,capital,securities,detail,70,BONCER/$/0%+CER/31-03-2027,2898.352625,million_usd,official_projection,mecon_quarterly_treasury_maturity_profile,https://www.argentina.gob.ar/sites/default/files/deuda_publica_31-03-2026.xlsx,fad7687446da2e312d5f442e4d8e4fe53af87303a5fbdbe1030e8b241473aeee,2026-09-30T02:20:59Z
mecon_treasury_maturity_capital_row_106,2026-03-31,2027-03,monthly,capital,securities,detail,106,TOTAL DEUDA DENOMINADA EN PESOS,3065.249272,million_usd,official_projection,mecon_quarterly_treasury_maturity_profile,https://www.argentina.gob.ar/sites/default/files/deuda_publica_31-03-2026.xlsx,fad7687446da2e312d5f442e4d8e4fe53af87303a5fbdbe1030e8b241473aeee,2026-09-30T02:20:59Z
mecon_treasury_maturity_capital_row_107,2026-03-31,2027-03,monthly,capital,securities,detail,107,· Deuda ajustable por CER,2898.352625,million_usd,official_projection,mecon_quarterly_treasury_maturity_profile,https://www.argentina.gob.ar/sites/default/files/deuda_publica_31-03-2026.xlsx,fad7687446da2e312d5f442e4d8e4fe53af87303a5fbdbe1030e8b241473aeee,2026-09-30T02:20:59Z
mecon_treasury_maturity_capital_row_108,2026-03-31,2027-03,monthly,capital,securities,detail,108,· Deuda no ajustable por CER,166.896647,million_usd,official_projection,mecon_quarterly_treasury_maturity_profile,https://www.argentina.gob.ar/sites/default/files/deuda_publica_31-03-2026.xlsx,fad7687446da2e312d5f442e4d8e4fe53af87303a5fbdbe1030e8b241473aeee,2026-09-30T02:20:59Z
mecon_treasury_maturity_capital_row_109,2026-03-31,2027-03,monthly,capital,securities,detail,109,TOTAL DEUDA EN MONEDA EXTRANJERA,1337.072352,million_usd,official_projection,mecon_quarterly_treasury_maturity_profile,https://www.argentina.gob.ar/sites/default/files/deuda_publica_31-03-2026.xlsx,fad7687446da2e312d5f442e4d8e4fe53af87303a5fbdbe1030e8b241473aeee,2026-09-30T02:20:59Z
mecon_treasury_maturity_interest_total,2026-03-31,2027-03,monthly,interest,total,total,13,Total,340.014348,million_usd,official_projection,mecon_quarterly_treasury_maturity_profile,https://www.argentina.gob.ar/sites/default/files/deuda_publica_31-03-2026.xlsx,fad7687446da2e312d5f442e4d8e4fe53af87303a5fbdbe1030e8b241473aeee,2026-09-30T02:20:59Z
mecon_treasury_maturity_interest_row_15,2026-03-31,2027-03,monthly,interest,total,term,15,MEDIANO Y LARGO PLAZO,340.014348,million_usd,official_projection,mecon_quarterly_treasury_maturity_profile,https://www.argentina.gob.ar/sites/default/files/deuda_publica_31-03-2026.xlsx,fad7687446da2e312d5f442e4d8e4fe53af87303a5fbdbe1030e8b241473aeee,2026-09-30T02:20:59Z
mecon_treasury_maturity_interest_loans,2026-03-31,2027-03,monthly,interest,loans,category,17,Préstamos,252.921837,million_usd,official_projection,mecon_quarterly_treasury_maturity_profile,https://www.argentina.gob.ar/sites/default/files/deuda_publica_31-03-2026.xlsx,fad7687446da2e312d5f442e4d8e4fe53af87303a5fbdbe1030e8b241473aeee,2026-09-30T02:20:59Z
mecon_treasury_maturity_interest_row_18,2026-03-31,2027-03,monthly,interest,loans,detail,18,Organismos Internacionales,231.281943,million_usd,official_projection,mecon_quarterly_treasury_maturity_profile,https://www.argentina.gob.ar/sites/default/files/deuda_publica_31-03-2026.xlsx,fad7687446da2e312d5f442e4d8e4fe53af87303a5fbdbe1030e8b241473aeee,2026-09-30T02:20:59Z
mecon_treasury_maturity_interest_row_19,2026-03-31,2027-03,monthly,interest,loans,detail,19,. BIRF,61.391380,million_usd,official_projection,mecon_quarterly_treasury_maturity_profile,https://www.argentina.gob.ar/sites/default/files/deuda_publica_31-03-2026.xlsx,fad7687446da2e312d5f442e4d8e4fe53af87303a5fbdbe1030e8b241473aeee,2026-09-30T02:20:59Z
mecon_treasury_maturity_interest_row_20,2026-03-31,2027-03,monthly,interest,loans,detail,20,. BID,114.293927,million_usd,official_projection,mecon_quarterly_treasury_maturity_profile,https://www.argentina.gob.ar/sites/default/files/deuda_publica_31-03-2026.xlsx,fad7687446da2e312d5f442e4d8e4fe53af87303a5fbdbe1030e8b241473aeee,2026-09-30T02:20:59Z
mecon_treasury_maturity_interest_row_22,2026-03-31,2027-03,monthly,interest,loans,detail,22,. Otros,55.596636,million_usd,official_projection,mecon_quarterly_treasury_maturity_profile,https://www.argentina.gob.ar/sites/default/files/deuda_publica_31-03-2026.xlsx,fad7687446da2e312d5f442e4d8e4fe53af87303a5fbdbe1030e8b241473aeee,2026-09-30T02:20:59Z
mecon_treasury_maturity_interest_row_23,2026-03-31,2027-03,monthly,interest,loans,detail,23,Préstamos Garantizados,4.206102,million_usd,official_projection,mecon_quarterly_treasury_maturity_profile,https://www.argentina.gob.ar/sites/default/files/deuda_publica_31-03-2026.xlsx,fad7687446da2e312d5f442e4d8e4fe53af87303a5fbdbe1030e8b241473aeee,2026-09-30T02:20:59Z
mecon_treasury_maturity_interest_row_24,2026-03-31,2027-03,monthly,interest,loans,detail,24,. En moneda nacional ajustable por CER,4.206102,million_usd,official_projection,mecon_quarterly_treasury_maturity_profile,https://www.argentina.gob.ar/sites/default/files/deuda_publica_31-03-2026.xlsx,fad7687446da2e312d5f442e4d8e4fe53af87303a5fbdbe1030e8b241473aeee,2026-09-30T02:20:59Z
mecon_treasury_maturity_interest_row_27,2026-03-31,2027-03,monthly,interest,loans,detail,27,Organismos Oficiales,12.271515,million_usd,official_projection,mecon_quarterly_treasury_maturity_profile,https://www.argentina.gob.ar/sites/default/files/deuda_publica_31-03-2026.xlsx,fad7687446da2e312d5f442e4d8e4fe53af87303a5fbdbe1030e8b241473aeee,2026-09-30T02:20:59Z
mecon_treasury_maturity_interest_row_28,2026-03-31,2027-03,monthly,interest,loans,detail,28,Pagarés del Tesoro,4.737736,million_usd,official_projection,mecon_quarterly_treasury_maturity_profile,https://www.argentina.gob.ar/sites/default/files/deuda_publica_31-03-2026.xlsx,fad7687446da2e312d5f442e4d8e4fe53af87303a5fbdbe1030e8b241473aeee,2026-09-30T02:20:59Z
mecon_treasury_maturity_interest_row_29,2026-03-31,2027-03,monthly,interest,loans,detail,29,. En moneda nacional ajustable por CER,4.737736,million_usd,official_projection,mecon_quarterly_treasury_maturity_profile,https://www.argentina.gob.ar/sites/default/files/deuda_publica_31-03-2026.xlsx,fad7687446da2e312d5f442e4d8e4fe53af87303a5fbdbe1030e8b241473aeee,2026-09-30T02:20:59Z
mecon_treasury_maturity_interest_row_30,2026-03-31,2027-03,monthly,interest,loans,detail,30,Pagaré 2038 - B.N.A.,4.737736,million_usd,official_projection,mecon_quarterly_treasury_maturity_profile,https://www.argentina.gob.ar/sites/default/files/deuda_publica_31-03-2026.xlsx,fad7687446da2e312d5f442e4d8e4fe53af87303a5fbdbe1030e8b241473aeee,2026-09-30T02:20:59Z
mecon_treasury_maturity_interest_row_31,2026-03-31,2027-03,monthly,interest,loans,detail,31,Avales,0.424540,million_usd,official_projection,mecon_quarterly_treasury_maturity_profile,https://www.argentina.gob.ar/sites/default/files/deuda_publica_31-03-2026.xlsx,fad7687446da2e312d5f442e4d8e4fe53af87303a5fbdbe1030e8b241473aeee,2026-09-30T02:20:59Z
mecon_treasury_maturity_interest_row_33,2026-03-31,2027-03,monthly,interest,loans,detail,33,. En moneda extranjera,0.424540,million_usd,official_projection,mecon_quarterly_treasury_maturity_profile,https://www.argentina.gob.ar/sites/default/files/deuda_publica_31-03-2026.xlsx,fad7687446da2e312d5f442e4d8e4fe53af87303a5fbdbe1030e8b241473aeee,2026-09-30T02:20:59Z
mecon_treasury_maturity_interest_securities,2026-03-31,2027-03,monthly,interest,securities,category,35,Títulos públicos y Letras del Tesoro,87.092511,million_usd,official_projection,mecon_quarterly_treasury_maturity_profile,https://www.argentina.gob.ar/sites/default/files/deuda_publica_31-03-2026.xlsx,fad7687446da2e312d5f442e4d8e4fe53af87303a5fbdbe1030e8b241473aeee,2026-09-30T02:20:59Z
mecon_treasury_maturity_interest_row_36,2026-03-31,2027-03,monthly,interest,securities,detail,36,PAR,21.319521,million_usd,official_projection,mecon_quarterly_treasury_maturity_profile,https://www.argentina.gob.ar/sites/default/files/deuda_publica_31-03-2026.xlsx,fad7687446da2e312d5f442e4d8e4fe53af87303a5fbdbe1030e8b241473aeee,2026-09-30T02:20:59Z
mecon_treasury_maturity_interest_row_37,2026-03-31,2027-03,monthly,interest,securities,detail,37,Par/$+CER/T.Fija/2038,9.170937,million_usd,official_projection,mecon_quarterly_treasury_maturity_profile,https://www.argentina.gob.ar/sites/default/files/deuda_publica_31-03-2026.xlsx,fad7687446da2e312d5f442e4d8e4fe53af87303a5fbdbe1030e8b241473aeee,2026-09-30T02:20:59Z
mecon_treasury_maturity_interest_row_38,2026-03-31,2027-03,monthly,interest,securities,detail,38,Emisión Canje 2005,9.134608,million_usd,official_projection,mecon_quarterly_treasury_maturity_profile,https://www.argentina.gob.ar/sites/default/files/deuda_publica_31-03-2026.xlsx,fad7687446da2e312d5f442e4d8e4fe53af87303a5fbdbe1030e8b241473aeee,2026-09-30T02:20:59Z
mecon_treasury_maturity_interest_row_39,2026-03-31,2027-03,monthly,interest,securities,detail,39,Emisión Canje 2010,0.036328,million_usd,official_projection,mecon_quarterly_treasury_maturity_profile,https://www.argentina.gob.ar/sites/default/files/deuda_publica_31-03-2026.xlsx,fad7687446da2e312d5f442e4d8e4fe53af87303a5fbdbe1030e8b241473aeee,2026-09-30T02:20:59Z
mecon_treasury_maturity_interest_row_40,2026-03-31,2027-03,monthly,interest,securities,detail,40,Par/U$S/T.Fija/2038,0.671617,million_usd,official_projection,mecon_quarterly_treasury_maturity_profile,https://www.argentina.gob.ar/sites/default/files/deuda_publica_31-03-2026.xlsx,fad7687446da2e312d5f442e4d8e4fe53af87303a5fbdbe1030e8b241473aeee,2026-09-30T02:20:59Z
mecon_treasury_maturity_interest_row_41,2026-03-31,2027-03,monthly,interest,securities,detail,41,Emisión Canje 2010,0.671617,million_usd,official_projection,mecon_quarterly_treasury_maturity_profile,https://www.argentina.gob.ar/sites/default/files/deuda_publica_31-03-2026.xlsx,fad7687446da2e312d5f442e4d8e4fe53af87303a5fbdbe1030e8b241473aeee,2026-09-30T02:20:59Z
mecon_treasury_maturity_interest_row_42,2026-03-31,2027-03,monthly,interest,securities,detail,42,Leg. Nueva York,0.671617,million_usd,official_projection,mecon_quarterly_treasury_maturity_profile,https://www.argentina.gob.ar/sites/default/files/deuda_publica_31-03-2026.xlsx,fad7687446da2e312d5f442e4d8e4fe53af87303a5fbdbe1030e8b241473aeee,2026-09-30T02:20:59Z
mecon_treasury_maturity_interest_row_43,2026-03-31,2027-03,monthly,interest,securities,detail,43,Par/EUR/T.Fija/2038,11.094527,million_usd,official_projection,mecon_quarterly_treasury_maturity_profile,https://www.argentina.gob.ar/sites/default/files/deuda_publica_31-03-2026.xlsx,fad7687446da2e312d5f442e4d8e4fe53af87303a5fbdbe1030e8b241473aeee,2026-09-30T02:20:59Z
mecon_treasury_maturity_interest_row_44,2026-03-31,2027-03,monthly,interest,securities,detail,44,Emisión Canje 2010,11.094527,million_usd,official_projection,mecon_quarterly_treasury_maturity_profile,https://www.argentina.gob.ar/sites/default/files/deuda_publica_31-03-2026.xlsx,fad7687446da2e312d5f442e4d8e4fe53af87303a5fbdbe1030e8b241473aeee,2026-09-30T02:20:59Z
mecon_treasury_maturity_interest_row_45,2026-03-31,2027-03,monthly,interest,securities,detail,45,Par/JPY/T.Fija/2038,0.382440,million_usd,official_projection,mecon_quarterly_treasury_maturity_profile,https://www.argentina.gob.ar/sites/default/files/deuda_publica_31-03-2026.xlsx,fad7687446da2e312d5f442e4d8e4fe53af87303a5fbdbe1030e8b241473aeee,2026-09-30T02:20:59Z
mecon_treasury_maturity_interest_row_46,2026-03-31,2027-03,monthly,interest,securities,detail,46,Emisión Canje 2005,0.364417,million_usd,official_projection,mecon_quarterly_treasury_maturity_profile,https://www.argentina.gob.ar/sites/default/files/deuda_publica_31-03-2026.xlsx,fad7687446da2e312d5f442e4d8e4fe53af87303a5fbdbe1030e8b241473aeee,2026-09-30T02:20:59Z
mecon_treasury_maturity_interest_row_47,2026-03-31,2027-03,monthly,interest,securities,detail,47,Emisión Canje 2010,0.018023,million_usd,official_projection,mecon_quarterly_treasury_maturity_profile,https://www.argentina.gob.ar/sites/default/files/deuda_publica_31-03-2026.xlsx,fad7687446da2e312d5f442e4d8e4fe53af87303a5fbdbe1030e8b241473aeee,2026-09-30T02:20:59Z
mecon_treasury_maturity_interest_row_56,2026-03-31,2027-03,monthly,interest,securities,detail,56,"BONAR/$/6,72763943919512%/31-12-2028",0.034055,million_usd,official_projection,mecon_quarterly_treasury_maturity_profile,https://www.argentina.gob.ar/sites/default/files/deuda_publica_31-03-2026.xlsx,fad7687446da2e312d5f442e4d8e4fe53af87303a5fbdbe1030e8b241473aeee,2026-09-30T02:20:59Z
mecon_treasury_maturity_interest_row_57,2026-03-31,2027-03,monthly,interest,securities,detail,57,BONAR DUAL 2036/DLK/29-09-2036,9.613117,million_usd,official_projection,mecon_quarterly_treasury_maturity_profile,https://www.argentina.gob.ar/sites/default/files/deuda_publica_31-03-2026.xlsx,fad7687446da2e312d5f442e4d8e4fe53af87303a5fbdbe1030e8b241473aeee,2026-09-30T02:20:59Z
mecon_treasury_maturity_interest_row_58,2026-03-31,2027-03,monthly,interest,securities,detail,58,BONAR/U$S/6%/29-10-2027,4.347995,million_usd,official_projection,mecon_quarterly_treasury_maturity_profile,https://www.argentina.gob.ar/sites/default/files/deuda_publica_31-03-2026.xlsx,fad7687446da2e312d5f442e4d8e4fe53af87303a5fbdbe1030e8b241473aeee,2026-09-30T02:20:59Z
mecon_treasury_maturity_interest_row_59,2026-03-31,2027-03,monthly,interest,securities,detail,59,BONAR/U$S/6%/31-10-2028,1.085901,million_usd,official_projection,mecon_quarterly_treasury_maturity_profile,https://www.argentina.gob.ar/sites/default/files/deuda_publica_31-03-2026.xlsx,fad7687446da2e312d5f442e4d8e4fe53af87303a5fbdbe1030e8b241473aeee,2026-09-30T02:20:59Z
mecon_treasury_maturity_interest_row_89,2026-03-31,2027-03,monthly,interest,securities,detail,89,LETRA INTRANSFERIBLE - BCRA,50.665793,million_usd,official_projection,mecon_quarterly_treasury_maturity_profile,https://www.argentina.gob.ar/sites/default/files/deuda_publica_31-03-2026.xlsx,fad7687446da2e312d5f442e4d8e4fe53af87303a5fbdbe1030e8b241473aeee,2026-09-30T02:20:59Z
mecon_treasury_maturity_interest_row_93,2026-03-31,2027-03,monthly,interest,securities,detail,93,OTROS (1),0.026130,million_usd,official_projection,mecon_quarterly_treasury_maturity_profile,https://www.argentina.gob.ar/sites/default/files/deuda_publica_31-03-2026.xlsx,fad7687446da2e312d5f442e4d8e4fe53af87303a5fbdbe1030e8b241473aeee,2026-09-30T02:20:59Z
mecon_treasury_maturity_interest_row_99,2026-03-31,2027-03,monthly,interest,securities,detail,99,. En moneda extranjera,0.026130,million_usd,official_projection,mecon_quarterly_treasury_maturity_profile,https://www.argentina.gob.ar/sites/default/files/deuda_publica_31-03-2026.xlsx,fad7687446da2e312d5f442e4d8e4fe53af87303a5fbdbe1030e8b241473aeee,2026-09-30T02:20:59Z
mecon_treasury_maturity_interest_row_100,2026-03-31,2027-03,monthly,interest,securities,detail,100,· Otros,0.026130,million_usd,official_projection,mecon_quarterly_treasury_maturity_profile,https://www.argentina.gob.ar/sites/default/files/deuda_publica_31-03-2026.xlsx,fad7687446da2e312d5f442e4d8e4fe53af87303a5fbdbe1030e8b241473aeee,2026-09-30T02:20:59Z
mecon_treasury_maturity_interest_row_102,2026-03-31,2027-03,monthly,interest,securities,detail,102,TOTAL DEUDA DENOMINADA EN PESOS,27.761947,million_usd,official_projection,mecon_quarterly_treasury_maturity_profile,https://www.argentina.gob.ar/sites/default/files/deuda_publica_31-03-2026.xlsx,fad7687446da2e312d5f442e4d8e4fe53af87303a5fbdbe1030e8b241473aeee,2026-09-30T02:20:59Z
mecon_treasury_maturity_interest_row_103,2026-03-31,2027-03,monthly,interest,securities,detail,103,· Deuda ajustable por CER,18.114776,million_usd,official_projection,mecon_quarterly_treasury_maturity_profile,https://www.argentina.gob.ar/sites/default/files/deuda_publica_31-03-2026.xlsx,fad7687446da2e312d5f442e4d8e4fe53af87303a5fbdbe1030e8b241473aeee,2026-09-30T02:20:59Z
mecon_treasury_maturity_interest_row_104,2026-03-31,2027-03,monthly,interest,securities,detail,104,· Deuda no ajustable por CER,9.647172,million_usd,official_projection,mecon_quarterly_treasury_maturity_profile,https://www.argentina.gob.ar/sites/default/files/deuda_publica_31-03-2026.xlsx,fad7687446da2e312d5f442e4d8e4fe53af87303a5fbdbe1030e8b241473aeee,2026-09-30T02:20:59Z
mecon_treasury_maturity_interest_row_105,2026-03-31,2027-03,monthly,interest,securities,detail,105,TOTAL DEUDA EN MONEDA EXTRANJERA,312.252400,million_usd,official_projection,mecon_quarterly_treasury_maturity_profile,https://www.argentina.gob.ar/sites/default/files/deuda_publica_31-03-2026.xlsx,fad7687446da2e312d5f442e4d8e4fe53af87303a5fbdbe1030e8b241473aeee,2026-09-30T02:20:59Z
mecon_treasury_maturity_capital_total,2026-03-31,2027-04,monthly,capital,total,total,13,Total,9242.798397,million_usd,official_projection,mecon_quarterly_treasury_maturity_profile,https://www.argentina.gob.ar/sites/default/files/deuda_publica_31-03-2026.xlsx,fad7687446da2e312d5f442e4d8e4fe53af87303a5fbdbe1030e8b241473aeee,2026-09-30T02:20:59Z
mecon_treasury_maturity_capital_row_15,2026-03-31,2027-04,monthly,capital,total,term,15,MEDIANO Y LARGO PLAZO,9242.798397,million_usd,official_projection,mecon_quarterly_treasury_maturity_profile,https://www.argentina.gob.ar/sites/default/files/deuda_publica_31-03-2026.xlsx,fad7687446da2e312d5f442e4d8e4fe53af87303a5fbdbe1030e8b241473aeee,2026-09-30T02:20:59Z
mecon_treasury_maturity_capital_loans,2026-03-31,2027-04,monthly,capital,loans,category,17,Préstamos,536.035484,million_usd,official_projection,mecon_quarterly_treasury_maturity_profile,https://www.argentina.gob.ar/sites/default/files/deuda_publica_31-03-2026.xlsx,fad7687446da2e312d5f442e4d8e4fe53af87303a5fbdbe1030e8b241473aeee,2026-09-30T02:20:59Z
mecon_treasury_maturity_capital_row_18,2026-03-31,2027-04,monthly,capital,loans,detail,18,Organismos Internacionales,516.171834,million_usd,official_projection,mecon_quarterly_treasury_maturity_profile,https://www.argentina.gob.ar/sites/default/files/deuda_publica_31-03-2026.xlsx,fad7687446da2e312d5f442e4d8e4fe53af87303a5fbdbe1030e8b241473aeee,2026-09-30T02:20:59Z
mecon_treasury_maturity_capital_row_19,2026-03-31,2027-04,monthly,capital,loans,detail,19,. BIRF,69.196336,million_usd,official_projection,mecon_quarterly_treasury_maturity_profile,https://www.argentina.gob.ar/sites/default/files/deuda_publica_31-03-2026.xlsx,fad7687446da2e312d5f442e4d8e4fe53af87303a5fbdbe1030e8b241473aeee,2026-09-30T02:20:59Z
mecon_treasury_maturity_capital_row_20,2026-03-31,2027-04,monthly,capital,loans,detail,20,. BID,68.057037,million_usd,official_projection,mecon_quarterly_treasury_maturity_profile,https://www.argentina.gob.ar/sites/default/files/deuda_publica_31-03-2026.xlsx,fad7687446da2e312d5f442e4d8e4fe53af87303a5fbdbe1030e8b241473aeee,2026-09-30T02:20:59Z
mecon_treasury_maturity_capital_row_21,2026-03-31,2027-04,monthly,capital,loans,detail,21,. FMI,339.075003,million_usd,official_projection,mecon_quarterly_treasury_maturity_profile,https://www.argentina.gob.ar/sites/default/files/deuda_publica_31-03-2026.xlsx,fad7687446da2e312d5f442e4d8e4fe53af87303a5fbdbe1030e8b241473aeee,2026-09-30T02:20:59Z
mecon_treasury_maturity_capital_row_22,2026-03-31,2027-04,monthly,capital,loans,detail,22,. Otros,39.843457,million_usd,official_projection,mecon_quarterly_treasury_maturity_profile,https://www.argentina.gob.ar/sites/default/files/deuda_publica_31-03-2026.xlsx,fad7687446da2e312d5f442e4d8e4fe53af87303a5fbdbe1030e8b241473aeee,2026-09-30T02:20:59Z
mecon_treasury_maturity_capital_row_25,2026-03-31,2027-04,monthly,capital,loans,detail,25,Banca Comercial,7.897800,million_usd,official_projection,mecon_quarterly_treasury_maturity_profile,https://www.argentina.gob.ar/sites/default/files/deuda_publica_31-03-2026.xlsx,fad7687446da2e312d5f442e4d8e4fe53af87303a5fbdbe1030e8b241473aeee,2026-09-30T02:20:59Z
mecon_treasury_maturity_capital_row_26,2026-03-31,2027-04,monthly,capital,loans,detail,26,. En moneda extranjera,7.897800,million_usd,official_projection,mecon_quarterly_treasury_maturity_profile,https://www.argentina.gob.ar/sites/default/files/deuda_publica_31-03-2026.xlsx,fad7687446da2e312d5f442e4d8e4fe53af87303a5fbdbe1030e8b241473aeee,2026-09-30T02:20:59Z
mecon_treasury_maturity_capital_row_27,2026-03-31,2027-04,monthly,capital,loans,detail,27,Organismos Oficiales,5.076331,million_usd,official_projection,mecon_quarterly_treasury_maturity_profile,https://www.argentina.gob.ar/sites/default/files/deuda_publica_31-03-2026.xlsx,fad7687446da2e312d5f442e4d8e4fe53af87303a5fbdbe1030e8b241473aeee,2026-09-30T02:20:59Z
mecon_treasury_maturity_capital_row_28,2026-03-31,2027-04,monthly,capital,loans,detail,28,Avales,6.889520,million_usd,official_projection,mecon_quarterly_treasury_maturity_profile,https://www.argentina.gob.ar/sites/default/files/deuda_publica_31-03-2026.xlsx,fad7687446da2e312d5f442e4d8e4fe53af87303a5fbdbe1030e8b241473aeee,2026-09-30T02:20:59Z
mecon_treasury_maturity_capital_row_30,2026-03-31,2027-04,monthly,capital,loans,detail,30,. En moneda extranjera,6.889520,million_usd,official_projection,mecon_quarterly_treasury_maturity_profile,https://www.argentina.gob.ar/sites/default/files/deuda_publica_31-03-2026.xlsx,fad7687446da2e312d5f442e4d8e4fe53af87303a5fbdbe1030e8b241473aeee,2026-09-30T02:20:59Z
mecon_treasury_maturity_capital_bcra_advances,2026-03-31,2027-04,monthly,capital,bcra_advances,category,32,Adelantos transitorios BCRA,0.000000,million_usd,official_projection,mecon_quarterly_treasury_maturity_profile,https://www.argentina.gob.ar/sites/default/files/deuda_publica_31-03-2026.xlsx,fad7687446da2e312d5f442e4d8e4fe53af87303a5fbdbe1030e8b241473aeee,2026-09-30T02:20:59Z
mecon_treasury_maturity_capital_securities,2026-03-31,2027-04,monthly,capital,securities,category,34,Títulos públicos y Letras del Tesoro,8706.762913,million_usd,official_projection,mecon_quarterly_treasury_maturity_profile,https://www.argentina.gob.ar/sites/default/files/deuda_publica_31-03-2026.xlsx,fad7687446da2e312d5f442e4d8e4fe53af87303a5fbdbe1030e8b241473aeee,2026-09-30T02:20:59Z
mecon_treasury_maturity_capital_row_53,2026-03-31,2027-04,monthly,capital,securities,detail,53,"BONAR/$/6,72763943919512%/31-12-2028",0.261705,million_usd,official_projection,mecon_quarterly_treasury_maturity_profile,https://www.argentina.gob.ar/sites/default/files/deuda_publica_31-03-2026.xlsx,fad7687446da2e312d5f442e4d8e4fe53af87303a5fbdbe1030e8b241473aeee,2026-09-30T02:20:59Z
mecon_treasury_maturity_capital_row_71,2026-03-31,2027-04,monthly,capital,securities,detail,71,BONCER/$/0%+CER/30-04-2027,298.864463,million_usd,official_projection,mecon_quarterly_treasury_maturity_profile,https://www.argentina.gob.ar/sites/default/files/deuda_publica_31-03-2026.xlsx,fad7687446da2e312d5f442e4d8e4fe53af87303a5fbdbe1030e8b241473aeee,2026-09-30T02:20:59Z
mecon_treasury_maturity_capital_row_85,2026-03-31,2027-04,monthly,capital,securities,detail,85,BONCAP/$/30-04-2027,8407.636744,million_usd,official_projection,mecon_quarterly_treasury_maturity_profile,https://www.argentina.gob.ar/sites/default/files/deuda_publica_31-03-2026.xlsx,fad7687446da2e312d5f442e4d8e4fe53af87303a5fbdbe1030e8b241473aeee,2026-09-30T02:20:59Z
mecon_treasury_maturity_capital_row_106,2026-03-31,2027-04,monthly,capital,securities,detail,106,TOTAL DEUDA DENOMINADA EN PESOS,8706.762913,million_usd,official_projection,mecon_quarterly_treasury_maturity_profile,https://www.argentina.gob.ar/sites/default/files/deuda_publica_31-03-2026.xlsx,fad7687446da2e312d5f442e4d8e4fe53af87303a5fbdbe1030e8b241473aeee,2026-09-30T02:20:59Z
mecon_treasury_maturity_capital_row_107,2026-03-31,2027-04,monthly,capital,securities,detail,107,· Deuda ajustable por CER,298.864463,million_usd,official_projection,mecon_quarterly_treasury_maturity_profile,https://www.argentina.gob.ar/sites/default/files/deuda_publica_31-03-2026.xlsx,fad7687446da2e312d5f442e4d8e4fe53af87303a5fbdbe1030e8b241473aeee,2026-09-30T02:20:59Z
mecon_treasury_maturity_capital_row_108,2026-03-31,2027-04,monthly,capital,securities,detail,108,· Deuda no ajustable por CER,8407.898450,million_usd,official_projection,mecon_quarterly_treasury_maturity_profile,https://www.argentina.gob.ar/sites/default/files/deuda_publica_31-03-2026.xlsx,fad7687446da2e312d5f442e4d8e4fe53af87303a5fbdbe1030e8b241473aeee,2026-09-30T02:20:59Z
mecon_treasury_maturity_capital_row_109,2026-03-31,2027-04,monthly,capital,securities,detail,109,TOTAL DEUDA EN MONEDA EXTRANJERA,536.035484,million_usd,official_projection,mecon_quarterly_treasury_maturity_profile,https://www.argentina.gob.ar/sites/default/files/deuda_publica_31-03-2026.xlsx,fad7687446da2e312d5f442e4d8e4fe53af87303a5fbdbe1030e8b241473aeee,2026-09-30T02:20:59Z
mecon_treasury_maturity_interest_total,2026-03-31,2027-04,monthly,interest,total,total,13,Total,265.831000,million_usd,official_projection,mecon_quarterly_treasury_maturity_profile,https://www.argentina.gob.ar/sites/default/files/deuda_publica_31-03-2026.xlsx,fad7687446da2e312d5f442e4d8e4fe53af87303a5fbdbe1030e8b241473aeee,2026-09-30T02:20:59Z
mecon_treasury_maturity_interest_row_15,2026-03-31,2027-04,monthly,interest,total,term,15,MEDIANO Y LARGO PLAZO,265.831000,million_usd,official_projection,mecon_quarterly_treasury_maturity_profile,https://www.argentina.gob.ar/sites/default/files/deuda_publica_31-03-2026.xlsx,fad7687446da2e312d5f442e4d8e4fe53af87303a5fbdbe1030e8b241473aeee,2026-09-30T02:20:59Z
mecon_treasury_maturity_interest_loans,2026-03-31,2027-04,monthly,interest,loans,category,17,Préstamos,217.472430,million_usd,official_projection,mecon_quarterly_treasury_maturity_profile,https://www.argentina.gob.ar/sites/default/files/deuda_publica_31-03-2026.xlsx,fad7687446da2e312d5f442e4d8e4fe53af87303a5fbdbe1030e8b241473aeee,2026-09-30T02:20:59Z
mecon_treasury_maturity_interest_row_18,2026-03-31,2027-04,monthly,interest,loans,detail,18,Organismos Internacionales,210.366990,million_usd,official_projection,mecon_quarterly_treasury_maturity_profile,https://www.argentina.gob.ar/sites/default/files/deuda_publica_31-03-2026.xlsx,fad7687446da2e312d5f442e4d8e4fe53af87303a5fbdbe1030e8b241473aeee,2026-09-30T02:20:59Z
mecon_treasury_maturity_interest_row_19,2026-03-31,2027-04,monthly,interest,loans,detail,19,. BIRF,117.782912,million_usd,official_projection,mecon_quarterly_treasury_maturity_profile,https://www.argentina.gob.ar/sites/default/files/deuda_publica_31-03-2026.xlsx,fad7687446da2e312d5f442e4d8e4fe53af87303a5fbdbe1030e8b241473aeee,2026-09-30T02:20:59Z
mecon_treasury_maturity_interest_row_20,2026-03-31,2027-04,monthly,interest,loans,detail,20,. BID,53.174010,million_usd,official_projection,mecon_quarterly_treasury_maturity_profile,https://www.argentina.gob.ar/sites/default/files/deuda_publica_31-03-2026.xlsx,fad7687446da2e312d5f442e4d8e4fe53af87303a5fbdbe1030e8b241473aeee,2026-09-30T02:20:59Z
mecon_treasury_maturity_interest_row_22,2026-03-31,2027-04,monthly,interest,loans,detail,22,. Otros,39.410068,million_usd,official_projection,mecon_quarterly_treasury_maturity_profile,https://www.argentina.gob.ar/sites/default/files/deuda_publica_31-03-2026.xlsx,fad7687446da2e312d5f442e4d8e4fe53af87303a5fbdbe1030e8b241473aeee,2026-09-30T02:20:59Z
mecon_treasury_maturity_interest_row_23,2026-03-31,2027-04,monthly,interest,loans,detail,23,Préstamos Garantizados,4.534000,million_usd,official_projection,mecon_quarterly_treasury_maturity_profile,https://www.argentina.gob.ar/sites/default/files/deuda_publica_31-03-2026.xlsx,fad7687446da2e312d5f442e4d8e4fe53af87303a5fbdbe1030e8b241473aeee,2026-09-30T02:20:59Z
mecon_treasury_maturity_interest_row_24,2026-03-31,2027-04,monthly,interest,loans,detail,24,. En moneda nacional ajustable por CER,4.534000,million_usd,official_projection,mecon_quarterly_treasury_maturity_profile,https://www.argentina.gob.ar/sites/default/files/deuda_publica_31-03-2026.xlsx,fad7687446da2e312d5f442e4d8e4fe53af87303a5fbdbe1030e8b241473aeee,2026-09-30T02:20:59Z
mecon_treasury_maturity_interest_row_25,2026-03-31,2027-04,monthly,interest,loans,detail,25,Banca Comercial,0.632837,million_usd,official_projection,mecon_quarterly_treasury_maturity_profile,https://www.argentina.gob.ar/sites/default/files/deuda_publica_31-03-2026.xlsx,fad7687446da2e312d5f442e4d8e4fe53af87303a5fbdbe1030e8b241473aeee,2026-09-30T02:20:59Z
mecon_treasury_maturity_interest_row_26,2026-03-31,2027-04,monthly,interest,loans,detail,26,. En moneda extranjera,0.632837,million_usd,official_projection,mecon_quarterly_treasury_maturity_profile,https://www.argentina.gob.ar/sites/default/files/deuda_publica_31-03-2026.xlsx,fad7687446da2e312d5f442e4d8e4fe53af87303a5fbdbe1030e8b241473aeee,2026-09-30T02:20:59Z
mecon_treasury_maturity_interest_row_27,2026-03-31,2027-04,monthly,interest,loans,detail,27,Organismos Oficiales,1.609123,million_usd,official_projection,mecon_quarterly_treasury_maturity_profile,https://www.argentina.gob.ar/sites/default/files/deuda_publica_31-03-2026.xlsx,fad7687446da2e312d5f442e4d8e4fe53af87303a5fbdbe1030e8b241473aeee,2026-09-30T02:20:59Z
mecon_treasury_maturity_interest_row_31,2026-03-31,2027-04,monthly,interest,loans,detail,31,Avales,0.329480,million_usd,official_projection,mecon_quarterly_treasury_maturity_profile,https://www.argentina.gob.ar/sites/default/files/deuda_publica_31-03-2026.xlsx,fad7687446da2e312d5f442e4d8e4fe53af87303a5fbdbe1030e8b241473aeee,2026-09-30T02:20:59Z
mecon_treasury_maturity_interest_row_33,2026-03-31,2027-04,monthly,interest,loans,detail,33,. En moneda extranjera,0.329480,million_usd,official_projection,mecon_quarterly_treasury_maturity_profile,https://www.argentina.gob.ar/sites/default/files/deuda_publica_31-03-2026.xlsx,fad7687446da2e312d5f442e4d8e4fe53af87303a5fbdbe1030e8b241473aeee,2026-09-30T02:20:59Z
mecon_treasury_maturity_interest_securities,2026-03-31,2027-04,monthly,interest,securities,category,35,Títulos públicos y Letras del Tesoro,48.358570,million_usd,official_projection,mecon_quarterly_treasury_maturity_profile,https://www.argentina.gob.ar/sites/default/files/deuda_publica_31-03-2026.xlsx,fad7687446da2e312d5f442e4d8e4fe53af87303a5fbdbe1030e8b241473aeee,2026-09-30T02:20:59Z
mecon_treasury_maturity_interest_row_56,2026-03-31,2027-04,monthly,interest,securities,detail,56,"BONAR/$/6,72763943919512%/31-12-2028",0.032602,million_usd,official_projection,mecon_quarterly_treasury_maturity_profile,https://www.argentina.gob.ar/sites/default/files/deuda_publica_31-03-2026.xlsx,fad7687446da2e312d5f442e4d8e4fe53af87303a5fbdbe1030e8b241473aeee,2026-09-30T02:20:59Z
mecon_treasury_maturity_interest_row_58,2026-03-31,2027-04,monthly,interest,securities,detail,58,BONAR/U$S/6%/29-10-2027,3.726852,million_usd,official_projection,mecon_quarterly_treasury_maturity_profile,https://www.argentina.gob.ar/sites/default/files/deuda_publica_31-03-2026.xlsx,fad7687446da2e312d5f442e4d8e4fe53af87303a5fbdbe1030e8b241473aeee,2026-09-30T02:20:59Z
mecon_treasury_maturity_interest_row_59,2026-03-31,2027-04,monthly,interest,securities,detail,59,BONAR/U$S/6%/31-10-2028,0.930772,million_usd,official_projection,mecon_quarterly_treasury_maturity_profile,https://www.argentina.gob.ar/sites/default/files/deuda_publica_31-03-2026.xlsx,fad7687446da2e312d5f442e4d8e4fe53af87303a5fbdbe1030e8b241473aeee,2026-09-30T02:20:59Z
mecon_treasury_maturity_interest_row_84,2026-03-31,2027-04,monthly,interest,securities,detail,84,BONTE/$/BADLAR/05-07-2030,0.934429,million_usd,official_projection,mecon_quarterly_treasury_maturity_profile,https://www.argentina.gob.ar/sites/default/files/deuda_publica_31-03-2026.xlsx,fad7687446da2e312d5f442e4d8e4fe53af87303a5fbdbe1030e8b241473aeee,2026-09-30T02:20:59Z
mecon_treasury_maturity_interest_row_89,2026-03-31,2027-04,monthly,interest,securities,detail,89,LETRA INTRANSFERIBLE - BCRA,42.733914,million_usd,official_projection,mecon_quarterly_treasury_maturity_profile,https://www.argentina.gob.ar/sites/default/files/deuda_publica_31-03-2026.xlsx,fad7687446da2e312d5f442e4d8e4fe53af87303a5fbdbe1030e8b241473aeee,2026-09-30T02:20:59Z
mecon_treasury_maturity_interest_row_102,2026-03-31,2027-04,monthly,interest,securities,detail,102,TOTAL DEUDA DENOMINADA EN PESOS,5.501031,million_usd,official_projection,mecon_quarterly_treasury_maturity_profile,https://www.argentina.gob.ar/sites/default/files/deuda_publica_31-03-2026.xlsx,fad7687446da2e312d5f442e4d8e4fe53af87303a5fbdbe1030e8b241473aeee,2026-09-30T02:20:59Z
mecon_treasury_maturity_interest_row_103,2026-03-31,2027-04,monthly,interest,securities,detail,103,· Deuda ajustable por CER,4.534000,million_usd,official_projection,mecon_quarterly_treasury_maturity_profile,https://www.argentina.gob.ar/sites/default/files/deuda_publica_31-03-2026.xlsx,fad7687446da2e312d5f442e4d8e4fe53af87303a5fbdbe1030e8b241473aeee,2026-09-30T02:20:59Z
mecon_treasury_maturity_interest_row_104,2026-03-31,2027-04,monthly,interest,securities,detail,104,· Deuda no ajustable por CER,0.967031,million_usd,official_projection,mecon_quarterly_treasury_maturity_profile,https://www.argentina.gob.ar/sites/default/files/deuda_publica_31-03-2026.xlsx,fad7687446da2e312d5f442e4d8e4fe53af87303a5fbdbe1030e8b241473aeee,2026-09-30T02:20:59Z
mecon_treasury_maturity_interest_row_105,2026-03-31,2027-04,monthly,interest,securities,detail,105,TOTAL DEUDA EN MONEDA EXTRANJERA,260.329970,million_usd,official_projection,mecon_quarterly_treasury_maturity_profile,https://www.argentina.gob.ar/sites/default/files/deuda_publica_31-03-2026.xlsx,fad7687446da2e312d5f442e4d8e4fe53af87303a5fbdbe1030e8b241473aeee,2026-09-30T02:20:59Z
mecon_treasury_maturity_capital_total,2026-03-31,2027-05,monthly,capital,total,total,13,Total,4235.560467,million_usd,official_projection,mecon_quarterly_treasury_maturity_profile,https://www.argentina.gob.ar/sites/default/files/deuda_publica_31-03-2026.xlsx,fad7687446da2e312d5f442e4d8e4fe53af87303a5fbdbe1030e8b241473aeee,2026-09-30T02:20:59Z
mecon_treasury_maturity_capital_row_15,2026-03-31,2027-05,monthly,capital,total,term,15,MEDIANO Y LARGO PLAZO,4235.560467,million_usd,official_projection,mecon_quarterly_treasury_maturity_profile,https://www.argentina.gob.ar/sites/default/files/deuda_publica_31-03-2026.xlsx,fad7687446da2e312d5f442e4d8e4fe53af87303a5fbdbe1030e8b241473aeee,2026-09-30T02:20:59Z
mecon_treasury_maturity_capital_loans,2026-03-31,2027-05,monthly,capital,loans,category,17,Préstamos,261.102549,million_usd,official_projection,mecon_quarterly_treasury_maturity_profile,https://www.argentina.gob.ar/sites/default/files/deuda_publica_31-03-2026.xlsx,fad7687446da2e312d5f442e4d8e4fe53af87303a5fbdbe1030e8b241473aeee,2026-09-30T02:20:59Z
mecon_treasury_maturity_capital_row_18,2026-03-31,2027-05,monthly,capital,loans,detail,18,Organismos Internacionales,229.019755,million_usd,official_projection,mecon_quarterly_treasury_maturity_profile,https://www.argentina.gob.ar/sites/default/files/deuda_publica_31-03-2026.xlsx,fad7687446da2e312d5f442e4d8e4fe53af87303a5fbdbe1030e8b241473aeee,2026-09-30T02:20:59Z
mecon_treasury_maturity_capital_row_19,2026-03-31,2027-05,monthly,capital,loans,detail,19,. BIRF,29.079874,million_usd,official_projection,mecon_quarterly_treasury_maturity_profile,https://www.argentina.gob.ar/sites/default/files/deuda_publica_31-03-2026.xlsx,fad7687446da2e312d5f442e4d8e4fe53af87303a5fbdbe1030e8b241473aeee,2026-09-30T02:20:59Z
mecon_treasury_maturity_capital_row_20,2026-03-31,2027-05,monthly,capital,loans,detail,20,. BID,147.207622,million_usd,official_projection,mecon_quarterly_treasury_maturity_profile,https://www.argentina.gob.ar/sites/default/files/deuda_publica_31-03-2026.xlsx,fad7687446da2e312d5f442e4d8e4fe53af87303a5fbdbe1030e8b241473aeee,2026-09-30T02:20:59Z
mecon_treasury_maturity_capital_row_22,2026-03-31,2027-05,monthly,capital,loans,detail,22,. Otros,52.732259,million_usd,official_projection,mecon_quarterly_treasury_maturity_profile,https://www.argentina.gob.ar/sites/default/files/deuda_publica_31-03-2026.xlsx,fad7687446da2e312d5f442e4d8e4fe53af87303a5fbdbe1030e8b241473aeee,2026-09-30T02:20:59Z
mecon_treasury_maturity_capital_row_25,2026-03-31,2027-05,monthly,capital,loans,detail,25,Banca Comercial,23.567528,million_usd,official_projection,mecon_quarterly_treasury_maturity_profile,https://www.argentina.gob.ar/sites/default/files/deuda_publica_31-03-2026.xlsx,fad7687446da2e312d5f442e4d8e4fe53af87303a5fbdbe1030e8b241473aeee,2026-09-30T02:20:59Z
mecon_treasury_maturity_capital_row_26,2026-03-31,2027-05,monthly,capital,loans,detail,26,. En moneda extranjera,23.567528,million_usd,official_projection,mecon_quarterly_treasury_maturity_profile,https://www.argentina.gob.ar/sites/default/files/deuda_publica_31-03-2026.xlsx,fad7687446da2e312d5f442e4d8e4fe53af87303a5fbdbe1030e8b241473aeee,2026-09-30T02:20:59Z
mecon_treasury_maturity_capital_row_27,2026-03-31,2027-05,monthly,capital,loans,detail,27,Organismos Oficiales,1.625747,million_usd,official_projection,mecon_quarterly_treasury_maturity_profile,https://www.argentina.gob.ar/sites/default/files/deuda_publica_31-03-2026.xlsx,fad7687446da2e312d5f442e4d8e4fe53af87303a5fbdbe1030e8b241473aeee,2026-09-30T02:20:59Z
mecon_treasury_maturity_capital_row_28,2026-03-31,2027-05,monthly,capital,loans,detail,28,Avales,6.889520,million_usd,official_projection,mecon_quarterly_treasury_maturity_profile,https://www.argentina.gob.ar/sites/default/files/deuda_publica_31-03-2026.xlsx,fad7687446da2e312d5f442e4d8e4fe53af87303a5fbdbe1030e8b241473aeee,2026-09-30T02:20:59Z
mecon_treasury_maturity_capital_row_30,2026-03-31,2027-05,monthly,capital,loans,detail,30,. En moneda extranjera,6.889520,million_usd,official_projection,mecon_quarterly_treasury_maturity_profile,https://www.argentina.gob.ar/sites/default/files/deuda_publica_31-03-2026.xlsx,fad7687446da2e312d5f442e4d8e4fe53af87303a5fbdbe1030e8b241473aeee,2026-09-30T02:20:59Z
mecon_treasury_maturity_capital_bcra_advances,2026-03-31,2027-05,monthly,capital,bcra_advances,category,32,Adelantos transitorios BCRA,0.000000,million_usd,official_projection,mecon_quarterly_treasury_maturity_profile,https://www.argentina.gob.ar/sites/default/files/deuda_publica_31-03-2026.xlsx,fad7687446da2e312d5f442e4d8e4fe53af87303a5fbdbe1030e8b241473aeee,2026-09-30T02:20:59Z
mecon_treasury_maturity_capital_securities,2026-03-31,2027-05,monthly,capital,securities,category,34,Títulos públicos y Letras del Tesoro,3974.457918,million_usd,official_projection,mecon_quarterly_treasury_maturity_profile,https://www.argentina.gob.ar/sites/default/files/deuda_publica_31-03-2026.xlsx,fad7687446da2e312d5f442e4d8e4fe53af87303a5fbdbe1030e8b241473aeee,2026-09-30T02:20:59Z
mecon_treasury_maturity_capital_row_53,2026-03-31,2027-05,monthly,capital,securities,detail,53,"BONAR/$/6,72763943919512%/31-12-2028",0.263172,million_usd,official_projection,mecon_quarterly_treasury_maturity_profile,https://www.argentina.gob.ar/sites/default/files/deuda_publica_31-03-2026.xlsx,fad7687446da2e312d5f442e4d8e4fe53af87303a5fbdbe1030e8b241473aeee,2026-09-30T02:20:59Z
mecon_treasury_maturity_capital_row_56,2026-03-31,2027-05,monthly,capital,securities,detail,56,BONTE/$/BADLAR+400PB/17-08-31,0.213465,million_usd,official_projection,mecon_quarterly_treasury_maturity_profile,https://www.argentina.gob.ar/sites/default/files/deuda_publica_31-03-2026.xlsx,fad7687446da2e312d5f442e4d8e4fe53af87303a5fbdbe1030e8b241473aeee,2026-09-30T02:20:59Z
mecon_treasury_maturity_capital_row_58,2026-03-31,2027-05,monthly,capital,securities,detail,58,"BONTE/$/43,25%/23-05-2027",100.236094,million_usd,official_projection,mecon_quarterly_treasury_maturity_profile,https://www.argentina.gob.ar/sites/default/files/deuda_publica_31-03-2026.xlsx,fad7687446da2e312d5f442e4d8e4fe53af87303a5fbdbe1030e8b241473aeee,2026-09-30T02:20:59Z
mecon_treasury_maturity_capital_row_69,2026-03-31,2027-05,monthly,capital,securities,detail,69,"BONCER/$+CER/2,25%/09-11-2028",186.067748,million_usd,official_projection,mecon_quarterly_treasury_maturity_profile,https://www.argentina.gob.ar/sites/default/files/deuda_publica_31-03-2026.xlsx,fad7687446da2e312d5f442e4d8e4fe53af87303a5fbdbe1030e8b241473aeee,2026-09-30T02:20:59Z
mecon_treasury_maturity_capital_row_72,2026-03-31,2027-05,monthly,capital,securities,detail,72,"BONCER/$/2,50%+CER/30-11-2031",121.505826,million_usd,official_projection,mecon_quarterly_treasury_maturity_profile,https://www.argentina.gob.ar/sites/default/files/deuda_publica_31-03-2026.xlsx,fad7687446da2e312d5f442e4d8e4fe53af87303a5fbdbe1030e8b241473aeee,2026-09-30T02:20:59Z
mecon_treasury_maturity_capital_row_73,2026-03-31,2027-05,monthly,capital,securities,detail,73,BONCER/$/0%+CER/31-05-2027,2510.471564,million_usd,official_projection,mecon_quarterly_treasury_maturity_profile,https://www.argentina.gob.ar/sites/default/files/deuda_publica_31-03-2026.xlsx,fad7687446da2e312d5f442e4d8e4fe53af87303a5fbdbe1030e8b241473aeee,2026-09-30T02:20:59Z
mecon_treasury_maturity_capital_row_86,2026-03-31,2027-05,monthly,capital,securities,detail,86,BONCAP/$/31-05-2027,1050.540410,million_usd,official_projection,mecon_quarterly_treasury_maturity_profile,https://www.argentina.gob.ar/sites/default/files/deuda_publica_31-03-2026.xlsx,fad7687446da2e312d5f442e4d8e4fe53af87303a5fbdbe1030e8b241473aeee,2026-09-30T02:20:59Z
mecon_treasury_maturity_capital_row_94,2026-03-31,2027-05,monthly,capital,securities,detail,94,OTROS (1),5.159637,million_usd,official_projection,mecon_quarterly_treasury_maturity_profile,https://www.argentina.gob.ar/sites/default/files/deuda_publica_31-03-2026.xlsx,fad7687446da2e312d5f442e4d8e4fe53af87303a5fbdbe1030e8b241473aeee,2026-09-30T02:20:59Z
mecon_treasury_maturity_capital_row_95,2026-03-31,2027-05,monthly,capital,securities,detail,95,En moneda nacional,5.159637,million_usd,official_projection,mecon_quarterly_treasury_maturity_profile,https://www.argentina.gob.ar/sites/default/files/deuda_publica_31-03-2026.xlsx,fad7687446da2e312d5f442e4d8e4fe53af87303a5fbdbe1030e8b241473aeee,2026-09-30T02:20:59Z
mecon_treasury_maturity_capital_row_98,2026-03-31,2027-05,monthly,capital,securities,detail,98,· No ajustable por CER,5.159637,million_usd,official_projection,mecon_quarterly_treasury_maturity_profile,https://www.argentina.gob.ar/sites/default/files/deuda_publica_31-03-2026.xlsx,fad7687446da2e312d5f442e4d8e4fe53af87303a5fbdbe1030e8b241473aeee,2026-09-30T02:20:59Z
mecon_treasury_maturity_capital_row_99,2026-03-31,2027-05,monthly,capital,securities,detail,99,· Bonos de consolidación,5.159637,million_usd,official_projection,mecon_quarterly_treasury_maturity_profile,https://www.argentina.gob.ar/sites/default/files/deuda_publica_31-03-2026.xlsx,fad7687446da2e312d5f442e4d8e4fe53af87303a5fbdbe1030e8b241473aeee,2026-09-30T02:20:59Z
mecon_treasury_maturity_capital_row_106,2026-03-31,2027-05,monthly,capital,securities,detail,106,TOTAL DEUDA DENOMINADA EN PESOS,3974.457918,million_usd,official_projection,mecon_quarterly_treasury_maturity_profile,https://www.argentina.gob.ar/sites/default/files/deuda_publica_31-03-2026.xlsx,fad7687446da2e312d5f442e4d8e4fe53af87303a5fbdbe1030e8b241473aeee,2026-09-30T02:20:59Z
mecon_treasury_maturity_capital_row_107,2026-03-31,2027-05,monthly,capital,securities,detail,107,· Deuda ajustable por CER,2818.045138,million_usd,official_projection,mecon_quarterly_treasury_maturity_profile,https://www.argentina.gob.ar/sites/default/files/deuda_publica_31-03-2026.xlsx,fad7687446da2e312d5f442e4d8e4fe53af87303a5fbdbe1030e8b241473aeee,2026-09-30T02:20:59Z
mecon_treasury_maturity_capital_row_108,2026-03-31,2027-05,monthly,capital,securities,detail,108,· Deuda no ajustable por CER,1156.412780,million_usd,official_projection,mecon_quarterly_treasury_maturity_profile,https://www.argentina.gob.ar/sites/default/files/deuda_publica_31-03-2026.xlsx,fad7687446da2e312d5f442e4d8e4fe53af87303a5fbdbe1030e8b241473aeee,2026-09-30T02:20:59Z
mecon_treasury_maturity_capital_row_109,2026-03-31,2027-05,monthly,capital,securities,detail,109,TOTAL DEUDA EN MONEDA EXTRANJERA,261.102549,million_usd,official_projection,mecon_quarterly_treasury_maturity_profile,https://www.argentina.gob.ar/sites/default/files/deuda_publica_31-03-2026.xlsx,fad7687446da2e312d5f442e4d8e4fe53af87303a5fbdbe1030e8b241473aeee,2026-09-30T02:20:59Z
mecon_treasury_maturity_interest_total,2026-03-31,2027-05,monthly,interest,total,total,13,Total,1193.481295,million_usd,official_projection,mecon_quarterly_treasury_maturity_profile,https://www.argentina.gob.ar/sites/default/files/deuda_publica_31-03-2026.xlsx,fad7687446da2e312d5f442e4d8e4fe53af87303a5fbdbe1030e8b241473aeee,2026-09-30T02:20:59Z
mecon_treasury_maturity_interest_row_15,2026-03-31,2027-05,monthly,interest,total,term,15,MEDIANO Y LARGO PLAZO,1193.481295,million_usd,official_projection,mecon_quarterly_treasury_maturity_profile,https://www.argentina.gob.ar/sites/default/files/deuda_publica_31-03-2026.xlsx,fad7687446da2e312d5f442e4d8e4fe53af87303a5fbdbe1030e8b241473aeee,2026-09-30T02:20:59Z
mecon_treasury_maturity_interest_loans,2026-03-31,2027-05,monthly,interest,loans,category,17,Préstamos,929.918836,million_usd,official_projection,mecon_quarterly_treasury_maturity_profile,https://www.argentina.gob.ar/sites/default/files/deuda_publica_31-03-2026.xlsx,fad7687446da2e312d5f442e4d8e4fe53af87303a5fbdbe1030e8b241473aeee,2026-09-30T02:20:59Z
mecon_treasury_maturity_interest_row_18,2026-03-31,2027-05,monthly,interest,loans,detail,18,Organismos Internacionales,923.166095,million_usd,official_projection,mecon_quarterly_treasury_maturity_profile,https://www.argentina.gob.ar/sites/default/files/deuda_publica_31-03-2026.xlsx,fad7687446da2e312d5f442e4d8e4fe53af87303a5fbdbe1030e8b241473aeee,2026-09-30T02:20:59Z
mecon_treasury_maturity_interest_row_19,2026-03-31,2027-05,monthly,interest,loans,detail,19,. BIRF,25.090671,million_usd,official_projection,mecon_quarterly_treasury_maturity_profile,https://www.argentina.gob.ar/sites/default/files/deuda_publica_31-03-2026.xlsx,fad7687446da2e312d5f442e4d8e4fe53af87303a5fbdbe1030e8b241473aeee,2026-09-30T02:20:59Z
mecon_treasury_maturity_interest_row_20,2026-03-31,2027-05,monthly,interest,loans,detail,20,. BID,132.871417,million_usd,official_projection,mecon_quarterly_treasury_maturity_profile,https://www.argentina.gob.ar/sites/default/files/deuda_publica_31-03-2026.xlsx,fad7687446da2e312d5f442e4d8e4fe53af87303a5fbdbe1030e8b241473aeee,2026-09-30T02:20:59Z
mecon_treasury_maturity_interest_row_21,2026-03-31,2027-05,monthly,interest,loans,detail,21,. FMI,735.964895,million_usd,official_projection,mecon_quarterly_treasury_maturity_profile,https://www.argentina.gob.ar/sites/default/files/deuda_publica_31-03-2026.xlsx,fad7687446da2e312d5f442e4d8e4fe53af87303a5fbdbe1030e8b241473aeee,2026-09-30T02:20:59Z
mecon_treasury_maturity_interest_row_22,2026-03-31,2027-05,monthly,interest,loans,detail,22,. Otros,29.239112,million_usd,official_projection,mecon_quarterly_treasury_maturity_profile,https://www.argentina.gob.ar/sites/default/files/deuda_publica_31-03-2026.xlsx,fad7687446da2e312d5f442e4d8e4fe53af87303a5fbdbe1030e8b241473aeee,2026-09-30T02:20:59Z
mecon_treasury_maturity_interest_row_23,2026-03-31,2027-05,monthly,interest,loans,detail,23,Préstamos Garantizados,4.424701,million_usd,official_projection,mecon_quarterly_treasury_maturity_profile,https://www.argentina.gob.ar/sites/default/files/deuda_publica_31-03-2026.xlsx,fad7687446da2e312d5f442e4d8e4fe53af87303a5fbdbe1030e8b241473aeee,2026-09-30T02:20:59Z
mecon_treasury_maturity_interest_row_24,2026-03-31,2027-05,monthly,interest,loans,detail,24,. En moneda nacional ajustable por CER,4.424701,million_usd,official_projection,mecon_quarterly_treasury_maturity_profile,https://www.argentina.gob.ar/sites/default/files/deuda_publica_31-03-2026.xlsx,fad7687446da2e312d5f442e4d8e4fe53af87303a5fbdbe1030e8b241473aeee,2026-09-30T02:20:59Z
mecon_treasury_maturity_interest_row_25,2026-03-31,2027-05,monthly,interest,loans,detail,25,Banca Comercial,1.104213,million_usd,official_projection,mecon_quarterly_treasury_maturity_profile,https://www.argentina.gob.ar/sites/default/files/deuda_publica_31-03-2026.xlsx,fad7687446da2e312d5f442e4d8e4fe53af87303a5fbdbe1030e8b241473aeee,2026-09-30T02:20:59Z
mecon_treasury_maturity_interest_row_26,2026-03-31,2027-05,monthly,interest,loans,detail,26,. En moneda extranjera,1.104213,million_usd,official_projection,mecon_quarterly_treasury_maturity_profile,https://www.argentina.gob.ar/sites/default/files/deuda_publica_31-03-2026.xlsx,fad7687446da2e312d5f442e4d8e4fe53af87303a5fbdbe1030e8b241473aeee,2026-09-30T02:20:59Z
mecon_treasury_maturity_interest_row_27,2026-03-31,2027-05,monthly,interest,loans,detail,27,Organismos Oficiales,0.923279,million_usd,official_projection,mecon_quarterly_treasury_maturity_profile,https://www.argentina.gob.ar/sites/default/files/deuda_publica_31-03-2026.xlsx,fad7687446da2e312d5f442e4d8e4fe53af87303a5fbdbe1030e8b241473aeee,2026-09-30T02:20:59Z
mecon_treasury_maturity_interest_row_31,2026-03-31,2027-05,monthly,interest,loans,detail,31,Avales,0.300549,million_usd,official_projection,mecon_quarterly_treasury_maturity_profile,https://www.argentina.gob.ar/sites/default/files/deuda_publica_31-03-2026.xlsx,fad7687446da2e312d5f442e4d8e4fe53af87303a5fbdbe1030e8b241473aeee,2026-09-30T02:20:59Z
mecon_treasury_maturity_interest_row_33,2026-03-31,2027-05,monthly,interest,loans,detail,33,. En moneda extranjera,0.300549,million_usd,official_projection,mecon_quarterly_treasury_maturity_profile,https://www.argentina.gob.ar/sites/default/files/deuda_publica_31-03-2026.xlsx,fad7687446da2e312d5f442e4d8e4fe53af87303a5fbdbe1030e8b241473aeee,2026-09-30T02:20:59Z
mecon_treasury_maturity_interest_securities,2026-03-31,2027-05,monthly,interest,securities,category,35,Títulos públicos y Letras del Tesoro,263.562458,million_usd,official_projection,mecon_quarterly_treasury_maturity_profile,https://www.argentina.gob.ar/sites/default/files/deuda_publica_31-03-2026.xlsx,fad7687446da2e312d5f442e4d8e4fe53af87303a5fbdbe1030e8b241473aeee,2026-09-30T02:20:59Z
mecon_treasury_maturity_interest_row_56,2026-03-31,2027-05,monthly,interest,securities,detail,56,"BONAR/$/6,72763943919512%/31-12-2028",0.031135,million_usd,official_projection,mecon_quarterly_treasury_maturity_profile,https://www.argentina.gob.ar/sites/default/files/deuda_publica_31-03-2026.xlsx,fad7687446da2e312d5f442e4d8e4fe53af87303a5fbdbe1030e8b241473aeee,2026-09-30T02:20:59Z
mecon_treasury_maturity_interest_row_58,2026-03-31,2027-05,monthly,interest,securities,detail,58,BONAR/U$S/6%/29-10-2027,3.726852,million_usd,official_projection,mecon_quarterly_treasury_maturity_profile,https://www.argentina.gob.ar/sites/default/files/deuda_publica_31-03-2026.xlsx,fad7687446da2e312d5f442e4d8e4fe53af87303a5fbdbe1030e8b241473aeee,2026-09-30T02:20:59Z
mecon_treasury_maturity_interest_row_59,2026-03-31,2027-05,monthly,interest,securities,detail,59,BONAR/U$S/6%/31-10-2028,0.930772,million_usd,official_projection,mecon_quarterly_treasury_maturity_profile,https://www.argentina.gob.ar/sites/default/files/deuda_publica_31-03-2026.xlsx,fad7687446da2e312d5f442e4d8e4fe53af87303a5fbdbe1030e8b241473aeee,2026-09-30T02:20:59Z
mecon_treasury_maturity_interest_row_61,2026-03-31,2027-05,monthly,interest,securities,detail,61,"BONCER/$/2,50%+CER/30-11-2031",15.188228,million_usd,official_projection,mecon_quarterly_treasury_maturity_profile,https://www.argentina.gob.ar/sites/default/files/deuda_publica_31-03-2026.xlsx,fad7687446da2e312d5f442e4d8e4fe53af87303a5fbdbe1030e8b241473aeee,2026-09-30T02:20:59Z
mecon_treasury_maturity_interest_row_63,2026-03-31,2027-05,monthly,interest,securities,detail,63,"BONCER/$+CER/2,25%/09-11-2028",8.373049,million_usd,official_projection,mecon_quarterly_treasury_maturity_profile,https://www.argentina.gob.ar/sites/default/files/deuda_publica_31-03-2026.xlsx,fad7687446da2e312d5f442e4d8e4fe53af87303a5fbdbe1030e8b241473aeee,2026-09-30T02:20:59Z
mecon_treasury_maturity_interest_row_83,2026-03-31,2027-05,monthly,interest,securities,detail,83,"BONTE/$/43,25%/23-05-2027",16.412062,million_usd,official_projection,mecon_quarterly_treasury_maturity_profile,https://www.argentina.gob.ar/sites/default/files/deuda_publica_31-03-2026.xlsx,fad7687446da2e312d5f442e4d8e4fe53af87303a5fbdbe1030e8b241473aeee,2026-09-30T02:20:59Z
mecon_treasury_maturity_interest_row_85,2026-03-31,2027-05,monthly,interest,securities,detail,85,BONTE/$/BADLAR/23-11-2027,1.760583,million_usd,official_projection,mecon_quarterly_treasury_maturity_profile,https://www.argentina.gob.ar/sites/default/files/deuda_publica_31-03-2026.xlsx,fad7687446da2e312d5f442e4d8e4fe53af87303a5fbdbe1030e8b241473aeee,2026-09-30T02:20:59Z
mecon_treasury_maturity_interest_row_86,2026-03-31,2027-05,monthly,interest,securities,detail,86,"BONTE/$/29,50%/30-05-2030",180.466588,million_usd,official_projection,mecon_quarterly_treasury_maturity_profile,https://www.argentina.gob.ar/sites/default/files/deuda_publica_31-03-2026.xlsx,fad7687446da2e312d5f442e4d8e4fe53af87303a5fbdbe1030e8b241473aeee,2026-09-30T02:20:59Z
mecon_treasury_maturity_interest_row_87,2026-03-31,2027-05,monthly,interest,securities,detail,87,BONTE/$/BADLAR+400PB/17-08-31,0.310576,million_usd,official_projection,mecon_quarterly_treasury_maturity_profile,https://www.argentina.gob.ar/sites/default/files/deuda_publica_31-03-2026.xlsx,fad7687446da2e312d5f442e4d8e4fe53af87303a5fbdbe1030e8b241473aeee,2026-09-30T02:20:59Z
mecon_treasury_maturity_interest_row_88,2026-03-31,2027-05,monthly,interest,securities,detail,88,"BONTE/U$S/6,5%/30-11-2029",32.500000,million_usd,official_projection,mecon_quarterly_treasury_maturity_profile,https://www.argentina.gob.ar/sites/default/files/deuda_publica_31-03-2026.xlsx,fad7687446da2e312d5f442e4d8e4fe53af87303a5fbdbe1030e8b241473aeee,2026-09-30T02:20:59Z
mecon_treasury_maturity_interest_row_93,2026-03-31,2027-05,monthly,interest,securities,detail,93,OTROS (1),3.862612,million_usd,official_projection,mecon_quarterly_treasury_maturity_profile,https://www.argentina.gob.ar/sites/default/files/deuda_publica_31-03-2026.xlsx,fad7687446da2e312d5f442e4d8e4fe53af87303a5fbdbe1030e8b241473aeee,2026-09-30T02:20:59Z
mecon_treasury_maturity_interest_row_94,2026-03-31,2027-05,monthly,interest,securities,detail,94,. En moneda nacional,3.862612,million_usd,official_projection,mecon_quarterly_treasury_maturity_profile,https://www.argentina.gob.ar/sites/default/files/deuda_publica_31-03-2026.xlsx,fad7687446da2e312d5f442e4d8e4fe53af87303a5fbdbe1030e8b241473aeee,2026-09-30T02:20:59Z
mecon_treasury_maturity_interest_row_97,2026-03-31,2027-05,monthly,interest,securities,detail,97,· No ajustable por CER,3.862612,million_usd,official_projection,mecon_quarterly_treasury_maturity_profile,https://www.argentina.gob.ar/sites/default/files/deuda_publica_31-03-2026.xlsx,fad7687446da2e312d5f442e4d8e4fe53af87303a5fbdbe1030e8b241473aeee,2026-09-30T02:20:59Z
mecon_treasury_maturity_interest_row_98,2026-03-31,2027-05,monthly,interest,securities,detail,98,· Bonos de consolidación,3.862612,million_usd,official_projection,mecon_quarterly_treasury_maturity_profile,https://www.argentina.gob.ar/sites/default/files/deuda_publica_31-03-2026.xlsx,fad7687446da2e312d5f442e4d8e4fe53af87303a5fbdbe1030e8b241473aeee,2026-09-30T02:20:59Z
mecon_treasury_maturity_interest_row_102,2026-03-31,2027-05,monthly,interest,securities,detail,102,TOTAL DEUDA DENOMINADA EN PESOS,230.829534,million_usd,official_projection,mecon_quarterly_treasury_maturity_profile,https://www.argentina.gob.ar/sites/default/files/deuda_publica_31-03-2026.xlsx,fad7687446da2e312d5f442e4d8e4fe53af87303a5fbdbe1030e8b241473aeee,2026-09-30T02:20:59Z
mecon_treasury_maturity_interest_row_103,2026-03-31,2027-05,monthly,interest,securities,detail,103,· Deuda ajustable por CER,27.985977,million_usd,official_projection,mecon_quarterly_treasury_maturity_profile,https://www.argentina.gob.ar/sites/default/files/deuda_publica_31-03-2026.xlsx,fad7687446da2e312d5f442e4d8e4fe53af87303a5fbdbe1030e8b241473aeee,2026-09-30T02:20:59Z
mecon_treasury_maturity_interest_row_104,2026-03-31,2027-05,monthly,interest,securities,detail,104,· Deuda no ajustable por CER,202.843557,million_usd,official_projection,mecon_quarterly_treasury_maturity_profile,https://www.argentina.gob.ar/sites/default/files/deuda_publica_31-03-2026.xlsx,fad7687446da2e312d5f442e4d8e4fe53af87303a5fbdbe1030e8b241473aeee,2026-09-30T02:20:59Z
mecon_treasury_maturity_interest_row_105,2026-03-31,2027-05,monthly,interest,securities,detail,105,TOTAL DEUDA EN MONEDA EXTRANJERA,962.651761,million_usd,official_projection,mecon_quarterly_treasury_maturity_profile,https://www.argentina.gob.ar/sites/default/files/deuda_publica_31-03-2026.xlsx,fad7687446da2e312d5f442e4d8e4fe53af87303a5fbdbe1030e8b241473aeee,2026-09-30T02:20:59Z
mecon_treasury_maturity_capital_total,2026-03-31,2027-06,monthly,capital,total,total,13,Total,13301.070779,million_usd,official_projection,mecon_quarterly_treasury_maturity_profile,https://www.argentina.gob.ar/sites/default/files/deuda_publica_31-03-2026.xlsx,fad7687446da2e312d5f442e4d8e4fe53af87303a5fbdbe1030e8b241473aeee,2026-09-30T02:20:59Z
mecon_treasury_maturity_capital_row_15,2026-03-31,2027-06,monthly,capital,total,term,15,MEDIANO Y LARGO PLAZO,13301.070779,million_usd,official_projection,mecon_quarterly_treasury_maturity_profile,https://www.argentina.gob.ar/sites/default/files/deuda_publica_31-03-2026.xlsx,fad7687446da2e312d5f442e4d8e4fe53af87303a5fbdbe1030e8b241473aeee,2026-09-30T02:20:59Z
mecon_treasury_maturity_capital_loans,2026-03-31,2027-06,monthly,capital,loans,category,17,Préstamos,973.993592,million_usd,official_projection,mecon_quarterly_treasury_maturity_profile,https://www.argentina.gob.ar/sites/default/files/deuda_publica_31-03-2026.xlsx,fad7687446da2e312d5f442e4d8e4fe53af87303a5fbdbe1030e8b241473aeee,2026-09-30T02:20:59Z
mecon_treasury_maturity_capital_row_18,2026-03-31,2027-06,monthly,capital,loans,detail,18,Organismos Internacionales,965.739107,million_usd,official_projection,mecon_quarterly_treasury_maturity_profile,https://www.argentina.gob.ar/sites/default/files/deuda_publica_31-03-2026.xlsx,fad7687446da2e312d5f442e4d8e4fe53af87303a5fbdbe1030e8b241473aeee,2026-09-30T02:20:59Z
mecon_treasury_maturity_capital_row_19,2026-03-31,2027-06,monthly,capital,loans,detail,19,. BIRF,42.560399,million_usd,official_projection,mecon_quarterly_treasury_maturity_profile,https://www.argentina.gob.ar/sites/default/files/deuda_publica_31-03-2026.xlsx,fad7687446da2e312d5f442e4d8e4fe53af87303a5fbdbe1030e8b241473aeee,2026-09-30T02:20:59Z
mecon_treasury_maturity_capital_row_20,2026-03-31,2027-06,monthly,capital,loans,detail,20,. BID,21.341358,million_usd,official_projection,mecon_quarterly_treasury_maturity_profile,https://www.argentina.gob.ar/sites/default/files/deuda_publica_31-03-2026.xlsx,fad7687446da2e312d5f442e4d8e4fe53af87303a5fbdbe1030e8b241473aeee,2026-09-30T02:20:59Z
mecon_treasury_maturity_capital_row_21,2026-03-31,2027-06,monthly,capital,loans,detail,21,. FMI,847.687508,million_usd,official_projection,mecon_quarterly_treasury_maturity_profile,https://www.argentina.gob.ar/sites/default/files/deuda_publica_31-03-2026.xlsx,fad7687446da2e312d5f442e4d8e4fe53af87303a5fbdbe1030e8b241473aeee,2026-09-30T02:20:59Z
mecon_treasury_maturity_capital_row_22,2026-03-31,2027-06,monthly,capital,loans,detail,22,. Otros,54.149842,million_usd,official_projection,mecon_quarterly_treasury_maturity_profile,https://www.argentina.gob.ar/sites/default/files/deuda_publica_31-03-2026.xlsx,fad7687446da2e312d5f442e4d8e4fe53af87303a5fbdbe1030e8b241473aeee,2026-09-30T02:20:59Z
mecon_treasury_maturity_capital_row_27,2026-03-31,2027-06,monthly,capital,loans,detail,27,Organismos Oficiales,1.364965,million_usd,official_projection,mecon_quarterly_treasury_maturity_profile,https://www.argentina.gob.ar/sites/default/files/deuda_publica_31-03-2026.xlsx,fad7687446da2e312d5f442e4d8e4fe53af87303a5fbdbe1030e8b241473aeee,2026-09-30T02:20:59Z
mecon_treasury_maturity_capital_row_28,2026-03-31,2027-06,monthly,capital,loans,detail,28,Avales,6.889520,million_usd,official_projection,mecon_quarterly_treasury_maturity_profile,https://www.argentina.gob.ar/sites/default/files/deuda_publica_31-03-2026.xlsx,fad7687446da2e312d5f442e4d8e4fe53af87303a5fbdbe1030e8b241473aeee,2026-09-30T02:20:59Z
mecon_treasury_maturity_capital_row_30,2026-03-31,2027-06,monthly,capital,loans,detail,30,. En moneda extranjera,6.889520,million_usd,official_projection,mecon_quarterly_treasury_maturity_profile,https://www.argentina.gob.ar/sites/default/files/deuda_publica_31-03-2026.xlsx,fad7687446da2e312d5f442e4d8e4fe53af87303a5fbdbe1030e8b241473aeee,2026-09-30T02:20:59Z
mecon_treasury_maturity_capital_bcra_advances,2026-03-31,2027-06,monthly,capital,bcra_advances,category,32,Adelantos transitorios BCRA,0.000000,million_usd,official_projection,mecon_quarterly_treasury_maturity_profile,https://www.argentina.gob.ar/sites/default/files/deuda_publica_31-03-2026.xlsx,fad7687446da2e312d5f442e4d8e4fe53af87303a5fbdbe1030e8b241473aeee,2026-09-30T02:20:59Z
mecon_treasury_maturity_capital_securities,2026-03-31,2027-06,monthly,capital,securities,category,34,Títulos públicos y Letras del Tesoro,12327.077187,million_usd,official_projection,mecon_quarterly_treasury_maturity_profile,https://www.argentina.gob.ar/sites/default/files/deuda_publica_31-03-2026.xlsx,fad7687446da2e312d5f442e4d8e4fe53af87303a5fbdbe1030e8b241473aeee,2026-09-30T02:20:59Z
mecon_treasury_maturity_capital_row_35,2026-03-31,2027-06,monthly,capital,securities,detail,35,DESCUENTO,103.638215,million_usd,official_projection,mecon_quarterly_treasury_maturity_profile,https://www.argentina.gob.ar/sites/default/files/deuda_publica_31-03-2026.xlsx,fad7687446da2e312d5f442e4d8e4fe53af87303a5fbdbe1030e8b241473aeee,2026-09-30T02:20:59Z
mecon_treasury_maturity_capital_row_36,2026-03-31,2027-06,monthly,capital,securities,detail,36,"Discount/$+CER/5,83%/2033",100.543063,million_usd,official_projection,mecon_quarterly_treasury_maturity_profile,https://www.argentina.gob.ar/sites/default/files/deuda_publica_31-03-2026.xlsx,fad7687446da2e312d5f442e4d8e4fe53af87303a5fbdbe1030e8b241473aeee,2026-09-30T02:20:59Z
mecon_treasury_maturity_capital_row_37,2026-03-31,2027-06,monthly,capital,securities,detail,37,Emisión Canje 2005,97.633989,million_usd,official_projection,mecon_quarterly_treasury_maturity_profile,https://www.argentina.gob.ar/sites/default/files/deuda_publica_31-03-2026.xlsx,fad7687446da2e312d5f442e4d8e4fe53af87303a5fbdbe1030e8b241473aeee,2026-09-30T02:20:59Z
mecon_treasury_maturity_capital_row_38,2026-03-31,2027-06,monthly,capital,securities,detail,38,Emisión Canje 2010,2.909075,million_usd,official_projection,mecon_quarterly_treasury_maturity_profile,https://www.argentina.gob.ar/sites/default/files/deuda_publica_31-03-2026.xlsx,fad7687446da2e312d5f442e4d8e4fe53af87303a5fbdbe1030e8b241473aeee,2026-09-30T02:20:59Z
mecon_treasury_maturity_capital_row_39,2026-03-31,2027-06,monthly,capital,securities,detail,39,"Discount/JPY/4,33%/2033",3.095152,million_usd,official_projection,mecon_quarterly_treasury_maturity_profile,https://www.argentina.gob.ar/sites/default/files/deuda_publica_31-03-2026.xlsx,fad7687446da2e312d5f442e4d8e4fe53af87303a5fbdbe1030e8b241473aeee,2026-09-30T02:20:59Z
mecon_treasury_maturity_capital_row_40,2026-03-31,2027-06,monthly,capital,securities,detail,40,Emisión Canje 2005,2.135550,million_usd,official_projection,mecon_quarterly_treasury_maturity_profile,https://www.argentina.gob.ar/sites/default/files/deuda_publica_31-03-2026.xlsx,fad7687446da2e312d5f442e4d8e4fe53af87303a5fbdbe1030e8b241473aeee,2026-09-30T02:20:59Z
mecon_treasury_maturity_capital_row_41,2026-03-31,2027-06,monthly,capital,securities,detail,41,Emisión Canje 2010,0.959602,million_usd,official_projection,mecon_quarterly_treasury_maturity_profile,https://www.argentina.gob.ar/sites/default/files/deuda_publica_31-03-2026.xlsx,fad7687446da2e312d5f442e4d8e4fe53af87303a5fbdbe1030e8b241473aeee,2026-09-30T02:20:59Z
mecon_treasury_maturity_capital_row_53,2026-03-31,2027-06,monthly,capital,securities,detail,53,"BONAR/$/6,72763943919512%/31-12-2028",0.264648,million_usd,official_projection,mecon_quarterly_treasury_maturity_profile,https://www.argentina.gob.ar/sites/default/files/deuda_publica_31-03-2026.xlsx,fad7687446da2e312d5f442e4d8e4fe53af87303a5fbdbe1030e8b241473aeee,2026-09-30T02:20:59Z
mecon_treasury_maturity_capital_row_63,2026-03-31,2027-06,monthly,capital,securities,detail,63,BONTE/DLK/30-06-2027,118.351636,million_usd,official_projection,mecon_quarterly_treasury_maturity_profile,https://www.argentina.gob.ar/sites/default/files/deuda_publica_31-03-2026.xlsx,fad7687446da2e312d5f442e4d8e4fe53af87303a5fbdbe1030e8b241473aeee,2026-09-30T02:20:59Z
mecon_treasury_maturity_capital_row_74,2026-03-31,2027-06,monthly,capital,securities,detail,74,BONCER/$/0%+CER/30-06-2027,6040.733952,million_usd,official_projection,mecon_quarterly_treasury_maturity_profile,https://www.argentina.gob.ar/sites/default/files/deuda_publica_31-03-2026.xlsx,fad7687446da2e312d5f442e4d8e4fe53af87303a5fbdbe1030e8b241473aeee,2026-09-30T02:20:59Z
mecon_treasury_maturity_capital_row_87,2026-03-31,2027-06,monthly,capital,securities,detail,87,BONCAP/$/30-06-2027,6064.088735,million_usd,official_projection,mecon_quarterly_treasury_maturity_profile,https://www.argentina.gob.ar/sites/default/files/deuda_publica_31-03-2026.xlsx,fad7687446da2e312d5f442e4d8e4fe53af87303a5fbdbe1030e8b241473aeee,2026-09-30T02:20:59Z
mecon_treasury_maturity_capital_row_106,2026-03-31,2027-06,monthly,capital,securities,detail,106,TOTAL DEUDA DENOMINADA EN PESOS,12323.982035,million_usd,official_projection,mecon_quarterly_treasury_maturity_profile,https://www.argentina.gob.ar/sites/default/files/deuda_publica_31-03-2026.xlsx,fad7687446da2e312d5f442e4d8e4fe53af87303a5fbdbe1030e8b241473aeee,2026-09-30T02:20:59Z
mecon_treasury_maturity_capital_row_107,2026-03-31,2027-06,monthly,capital,securities,detail,107,· Deuda ajustable por CER,6141.277016,million_usd,official_projection,mecon_quarterly_treasury_maturity_profile,https://www.argentina.gob.ar/sites/default/files/deuda_publica_31-03-2026.xlsx,fad7687446da2e312d5f442e4d8e4fe53af87303a5fbdbe1030e8b241473aeee,2026-09-30T02:20:59Z
mecon_treasury_maturity_capital_row_108,2026-03-31,2027-06,monthly,capital,securities,detail,108,· Deuda no ajustable por CER,6182.705019,million_usd,official_projection,mecon_quarterly_treasury_maturity_profile,https://www.argentina.gob.ar/sites/default/files/deuda_publica_31-03-2026.xlsx,fad7687446da2e312d5f442e4d8e4fe53af87303a5fbdbe1030e8b241473aeee,2026-09-30T02:20:59Z
mecon_treasury_maturity_capital_row_109,2026-03-31,2027-06,monthly,capital,securities,detail,109,TOTAL DEUDA EN MONEDA EXTRANJERA,977.088745,million_usd,official_projection,mecon_quarterly_treasury_maturity_profile,https://www.argentina.gob.ar/sites/default/files/deuda_publica_31-03-2026.xlsx,fad7687446da2e312d5f442e4d8e4fe53af87303a5fbdbe1030e8b241473aeee,2026-09-30T02:20:59Z
mecon_treasury_maturity_interest_total,2026-03-31,2027-06,monthly,interest,total,total,13,Total,433.095858,million_usd,official_projection,mecon_quarterly_treasury_maturity_profile,https://www.argentina.gob.ar/sites/default/files/deuda_publica_31-03-2026.xlsx,fad7687446da2e312d5f442e4d8e4fe53af87303a5fbdbe1030e8b241473aeee,2026-09-30T02:20:59Z
mecon_treasury_maturity_interest_row_15,2026-03-31,2027-06,monthly,interest,total,term,15,MEDIANO Y LARGO PLAZO,433.095858,million_usd,official_projection,mecon_quarterly_treasury_maturity_profile,https://www.argentina.gob.ar/sites/default/files/deuda_publica_31-03-2026.xlsx,fad7687446da2e312d5f442e4d8e4fe53af87303a5fbdbe1030e8b241473aeee,2026-09-30T02:20:59Z
mecon_treasury_maturity_interest_loans,2026-03-31,2027-06,monthly,interest,loans,category,17,Préstamos,159.653393,million_usd,official_projection,mecon_quarterly_treasury_maturity_profile,https://www.argentina.gob.ar/sites/default/files/deuda_publica_31-03-2026.xlsx,fad7687446da2e312d5f442e4d8e4fe53af87303a5fbdbe1030e8b241473aeee,2026-09-30T02:20:59Z
mecon_treasury_maturity_interest_row_18,2026-03-31,2027-06,monthly,interest,loans,detail,18,Organismos Internacionales,133.625126,million_usd,official_projection,mecon_quarterly_treasury_maturity_profile,https://www.argentina.gob.ar/sites/default/files/deuda_publica_31-03-2026.xlsx,fad7687446da2e312d5f442e4d8e4fe53af87303a5fbdbe1030e8b241473aeee,2026-09-30T02:20:59Z
mecon_treasury_maturity_interest_row_19,2026-03-31,2027-06,monthly,interest,loans,detail,19,. BIRF,77.886570,million_usd,official_projection,mecon_quarterly_treasury_maturity_profile,https://www.argentina.gob.ar/sites/default/files/deuda_publica_31-03-2026.xlsx,fad7687446da2e312d5f442e4d8e4fe53af87303a5fbdbe1030e8b241473aeee,2026-09-30T02:20:59Z
mecon_treasury_maturity_interest_row_20,2026-03-31,2027-06,monthly,interest,loans,detail,20,. BID,29.579894,million_usd,official_projection,mecon_quarterly_treasury_maturity_profile,https://www.argentina.gob.ar/sites/default/files/deuda_publica_31-03-2026.xlsx,fad7687446da2e312d5f442e4d8e4fe53af87303a5fbdbe1030e8b241473aeee,2026-09-30T02:20:59Z
mecon_treasury_maturity_interest_row_22,2026-03-31,2027-06,monthly,interest,loans,detail,22,. Otros,26.158662,million_usd,official_projection,mecon_quarterly_treasury_maturity_profile,https://www.argentina.gob.ar/sites/default/files/deuda_publica_31-03-2026.xlsx,fad7687446da2e312d5f442e4d8e4fe53af87303a5fbdbe1030e8b241473aeee,2026-09-30T02:20:59Z
mecon_treasury_maturity_interest_row_23,2026-03-31,2027-06,monthly,interest,loans,detail,23,Préstamos Garantizados,4.534000,million_usd,official_projection,mecon_quarterly_treasury_maturity_profile,https://www.argentina.gob.ar/sites/default/files/deuda_publica_31-03-2026.xlsx,fad7687446da2e312d5f442e4d8e4fe53af87303a5fbdbe1030e8b241473aeee,2026-09-30T02:20:59Z
mecon_treasury_maturity_interest_row_24,2026-03-31,2027-06,monthly,interest,loans,detail,24,. En moneda nacional ajustable por CER,4.534000,million_usd,official_projection,mecon_quarterly_treasury_maturity_profile,https://www.argentina.gob.ar/sites/default/files/deuda_publica_31-03-2026.xlsx,fad7687446da2e312d5f442e4d8e4fe53af87303a5fbdbe1030e8b241473aeee,2026-09-30T02:20:59Z
mecon_treasury_maturity_interest_row_25,2026-03-31,2027-06,monthly,interest,loans,detail,25,Banca Comercial,0.535117,million_usd,official_projection,mecon_quarterly_treasury_maturity_profile,https://www.argentina.gob.ar/sites/default/files/deuda_publica_31-03-2026.xlsx,fad7687446da2e312d5f442e4d8e4fe53af87303a5fbdbe1030e8b241473aeee,2026-09-30T02:20:59Z
mecon_treasury_maturity_interest_row_26,2026-03-31,2027-06,monthly,interest,loans,detail,26,. En moneda extranjera,0.535117,million_usd,official_projection,mecon_quarterly_treasury_maturity_profile,https://www.argentina.gob.ar/sites/default/files/deuda_publica_31-03-2026.xlsx,fad7687446da2e312d5f442e4d8e4fe53af87303a5fbdbe1030e8b241473aeee,2026-09-30T02:20:59Z
mecon_treasury_maturity_interest_row_27,2026-03-31,2027-06,monthly,interest,loans,detail,27,Organismos Oficiales,20.708385,million_usd,official_projection,mecon_quarterly_treasury_maturity_profile,https://www.argentina.gob.ar/sites/default/files/deuda_publica_31-03-2026.xlsx,fad7687446da2e312d5f442e4d8e4fe53af87303a5fbdbe1030e8b241473aeee,2026-09-30T02:20:59Z
mecon_treasury_maturity_interest_row_31,2026-03-31,2027-06,monthly,interest,loans,detail,31,Avales,0.250765,million_usd,official_projection,mecon_quarterly_treasury_maturity_profile,https://www.argentina.gob.ar/sites/default/files/deuda_publica_31-03-2026.xlsx,fad7687446da2e312d5f442e4d8e4fe53af87303a5fbdbe1030e8b241473aeee,2026-09-30T02:20:59Z
mecon_treasury_maturity_interest_row_33,2026-03-31,2027-06,monthly,interest,loans,detail,33,. En moneda extranjera,0.250765,million_usd,official_projection,mecon_quarterly_treasury_maturity_profile,https://www.argentina.gob.ar/sites/default/files/deuda_publica_31-03-2026.xlsx,fad7687446da2e312d5f442e4d8e4fe53af87303a5fbdbe1030e8b241473aeee,2026-09-30T02:20:59Z
mecon_treasury_maturity_interest_securities,2026-03-31,2027-06,monthly,interest,securities,category,35,Títulos públicos y Letras del Tesoro,273.442466,million_usd,official_projection,mecon_quarterly_treasury_maturity_profile,https://www.argentina.gob.ar/sites/default/files/deuda_publica_31-03-2026.xlsx,fad7687446da2e312d5f442e4d8e4fe53af87303a5fbdbe1030e8b241473aeee,2026-09-30T02:20:59Z
mecon_treasury_maturity_interest_row_48,2026-03-31,2027-06,monthly,interest,securities,detail,48,DESCUENTO,41.969765,million_usd,official_projection,mecon_quarterly_treasury_maturity_profile,https://www.argentina.gob.ar/sites/default/files/deuda_publica_31-03-2026.xlsx,fad7687446da2e312d5f442e4d8e4fe53af87303a5fbdbe1030e8b241473aeee,2026-09-30T02:20:59Z
mecon_treasury_maturity_interest_row_49,2026-03-31,2027-06,monthly,interest,securities,detail,49,"Discount/$+CER/5,83%/2033",41.031624,million_usd,official_projection,mecon_quarterly_treasury_maturity_profile,https://www.argentina.gob.ar/sites/default/files/deuda_publica_31-03-2026.xlsx,fad7687446da2e312d5f442e4d8e4fe53af87303a5fbdbe1030e8b241473aeee,2026-09-30T02:20:59Z
mecon_treasury_maturity_interest_row_50,2026-03-31,2027-06,monthly,interest,securities,detail,50,Emisión Canje 2005,39.844431,million_usd,official_projection,mecon_quarterly_treasury_maturity_profile,https://www.argentina.gob.ar/sites/default/files/deuda_publica_31-03-2026.xlsx,fad7687446da2e312d5f442e4d8e4fe53af87303a5fbdbe1030e8b241473aeee,2026-09-30T02:20:59Z
mecon_treasury_maturity_interest_row_51,2026-03-31,2027-06,monthly,interest,securities,detail,51,Emisión Canje 2010,1.187193,million_usd,official_projection,mecon_quarterly_treasury_maturity_profile,https://www.argentina.gob.ar/sites/default/files/deuda_publica_31-03-2026.xlsx,fad7687446da2e312d5f442e4d8e4fe53af87303a5fbdbe1030e8b241473aeee,2026-09-30T02:20:59Z
mecon_treasury_maturity_interest_row_52,2026-03-31,2027-06,monthly,interest,securities,detail,52,"Discount/JPY/4,33%/2033",0.938141,million_usd,official_projection,mecon_quarterly_treasury_maturity_profile,https://www.argentina.gob.ar/sites/default/files/deuda_publica_31-03-2026.xlsx,fad7687446da2e312d5f442e4d8e4fe53af87303a5fbdbe1030e8b241473aeee,2026-09-30T02:20:59Z
mecon_treasury_maturity_interest_row_53,2026-03-31,2027-06,monthly,interest,securities,detail,53,Emisión Canje 2005,0.647285,million_usd,official_projection,mecon_quarterly_treasury_maturity_profile,https://www.argentina.gob.ar/sites/default/files/deuda_publica_31-03-2026.xlsx,fad7687446da2e312d5f442e4d8e4fe53af87303a5fbdbe1030e8b241473aeee,2026-09-30T02:20:59Z
mecon_treasury_maturity_interest_row_54,2026-03-31,2027-06,monthly,interest,securities,detail,54,Emisión Canje 2010,0.290856,million_usd,official_projection,mecon_quarterly_treasury_maturity_profile,https://www.argentina.gob.ar/sites/default/files/deuda_publica_31-03-2026.xlsx,fad7687446da2e312d5f442e4d8e4fe53af87303a5fbdbe1030e8b241473aeee,2026-09-30T02:20:59Z
mecon_treasury_maturity_interest_row_55,2026-03-31,2027-06,monthly,interest,securities,detail,55,"CUASIPAR/$+CER/3,31%/2045",196.581630,million_usd,official_projection,mecon_quarterly_treasury_maturity_profile,https://www.argentina.gob.ar/sites/default/files/deuda_publica_31-03-2026.xlsx,fad7687446da2e312d5f442e4d8e4fe53af87303a5fbdbe1030e8b241473aeee,2026-09-30T02:20:59Z
mecon_treasury_maturity_interest_row_56,2026-03-31,2027-06,monthly,interest,securities,detail,56,"BONAR/$/6,72763943919512%/31-12-2028",0.029660,million_usd,official_projection,mecon_quarterly_treasury_maturity_profile,https://www.argentina.gob.ar/sites/default/files/deuda_publica_31-03-2026.xlsx,fad7687446da2e312d5f442e4d8e4fe53af87303a5fbdbe1030e8b241473aeee,2026-09-30T02:20:59Z
mecon_treasury_maturity_interest_row_58,2026-03-31,2027-06,monthly,interest,securities,detail,58,BONAR/U$S/6%/29-10-2027,3.726852,million_usd,official_projection,mecon_quarterly_treasury_maturity_profile,https://www.argentina.gob.ar/sites/default/files/deuda_publica_31-03-2026.xlsx,fad7687446da2e312d5f442e4d8e4fe53af87303a5fbdbe1030e8b241473aeee,2026-09-30T02:20:59Z
mecon_treasury_maturity_interest_row_59,2026-03-31,2027-06,monthly,interest,securities,detail,59,BONAR/U$S/6%/31-10-2028,0.930772,million_usd,official_projection,mecon_quarterly_treasury_maturity_profile,https://www.argentina.gob.ar/sites/default/files/deuda_publica_31-03-2026.xlsx,fad7687446da2e312d5f442e4d8e4fe53af87303a5fbdbe1030e8b241473aeee,2026-09-30T02:20:59Z
mecon_treasury_maturity_interest_row_89,2026-03-31,2027-06,monthly,interest,securities,detail,89,LETRA INTRANSFERIBLE - BCRA,30.203787,million_usd,official_projection,mecon_quarterly_treasury_maturity_profile,https://www.argentina.gob.ar/sites/default/files/deuda_publica_31-03-2026.xlsx,fad7687446da2e312d5f442e4d8e4fe53af87303a5fbdbe1030e8b241473aeee,2026-09-30T02:20:59Z
mecon_treasury_maturity_interest_row_102,2026-03-31,2027-06,monthly,interest,securities,detail,102,TOTAL DEUDA DENOMINADA EN PESOS,242.176913,million_usd,official_projection,mecon_quarterly_treasury_maturity_profile,https://www.argentina.gob.ar/sites/default/files/deuda_publica_31-03-2026.xlsx,fad7687446da2e312d5f442e4d8e4fe53af87303a5fbdbe1030e8b241473aeee,2026-09-30T02:20:59Z
mecon_treasury_maturity_interest_row_103,2026-03-31,2027-06,monthly,interest,securities,detail,103,· Deuda ajustable por CER,242.147253,million_usd,official_projection,mecon_quarterly_treasury_maturity_profile,https://www.argentina.gob.ar/sites/default/files/deuda_publica_31-03-2026.xlsx,fad7687446da2e312d5f442e4d8e4fe53af87303a5fbdbe1030e8b241473aeee,2026-09-30T02:20:59Z
mecon_treasury_maturity_interest_row_104,2026-03-31,2027-06,monthly,interest,securities,detail,104,· Deuda no ajustable por CER,0.029660,million_usd,official_projection,mecon_quarterly_treasury_maturity_profile,https://www.argentina.gob.ar/sites/default/files/deuda_publica_31-03-2026.xlsx,fad7687446da2e312d5f442e4d8e4fe53af87303a5fbdbe1030e8b241473aeee,2026-09-30T02:20:59Z
mecon_treasury_maturity_interest_row_105,2026-03-31,2027-06,monthly,interest,securities,detail,105,TOTAL DEUDA EN MONEDA EXTRANJERA,190.918946,million_usd,official_projection,mecon_quarterly_treasury_maturity_profile,https://www.argentina.gob.ar/sites/default/files/deuda_publica_31-03-2026.xlsx,fad7687446da2e312d5f442e4d8e4fe53af87303a5fbdbe1030e8b241473aeee,2026-09-30T02:20:59Z
mecon_treasury_maturity_capital_total,2026-03-31,2027-07,monthly,capital,total,total,13,Total,4143.144567,million_usd,official_projection,mecon_quarterly_treasury_maturity_profile,https://www.argentina.gob.ar/sites/default/files/deuda_publica_31-03-2026.xlsx,fad7687446da2e312d5f442e4d8e4fe53af87303a5fbdbe1030e8b241473aeee,2026-09-30T02:20:59Z
mecon_treasury_maturity_capital_row_15,2026-03-31,2027-07,monthly,capital,total,term,15,MEDIANO Y LARGO PLAZO,4143.144567,million_usd,official_projection,mecon_quarterly_treasury_maturity_profile,https://www.argentina.gob.ar/sites/default/files/deuda_publica_31-03-2026.xlsx,fad7687446da2e312d5f442e4d8e4fe53af87303a5fbdbe1030e8b241473aeee,2026-09-30T02:20:59Z
mecon_treasury_maturity_capital_loans,2026-03-31,2027-07,monthly,capital,loans,category,17,Préstamos,415.547349,million_usd,official_projection,mecon_quarterly_treasury_maturity_profile,https://www.argentina.gob.ar/sites/default/files/deuda_publica_31-03-2026.xlsx,fad7687446da2e312d5f442e4d8e4fe53af87303a5fbdbe1030e8b241473aeee,2026-09-30T02:20:59Z
mecon_treasury_maturity_capital_row_18,2026-03-31,2027-07,monthly,capital,loans,detail,18,Organismos Internacionales,177.528388,million_usd,official_projection,mecon_quarterly_treasury_maturity_profile,https://www.argentina.gob.ar/sites/default/files/deuda_publica_31-03-2026.xlsx,fad7687446da2e312d5f442e4d8e4fe53af87303a5fbdbe1030e8b241473aeee,2026-09-30T02:20:59Z
mecon_treasury_maturity_capital_row_19,2026-03-31,2027-07,monthly,capital,loans,detail,19,. BIRF,8.167690,million_usd,official_projection,mecon_quarterly_treasury_maturity_profile,https://www.argentina.gob.ar/sites/default/files/deuda_publica_31-03-2026.xlsx,fad7687446da2e312d5f442e4d8e4fe53af87303a5fbdbe1030e8b241473aeee,2026-09-30T02:20:59Z
mecon_treasury_maturity_capital_row_20,2026-03-31,2027-07,monthly,capital,loans,detail,20,. BID,130.381484,million_usd,official_projection,mecon_quarterly_treasury_maturity_profile,https://www.argentina.gob.ar/sites/default/files/deuda_publica_31-03-2026.xlsx,fad7687446da2e312d5f442e4d8e4fe53af87303a5fbdbe1030e8b241473aeee,2026-09-30T02:20:59Z
mecon_treasury_maturity_capital_row_22,2026-03-31,2027-07,monthly,capital,loans,detail,22,. Otros,38.979213,million_usd,official_projection,mecon_quarterly_treasury_maturity_profile,https://www.argentina.gob.ar/sites/default/files/deuda_publica_31-03-2026.xlsx,fad7687446da2e312d5f442e4d8e4fe53af87303a5fbdbe1030e8b241473aeee,2026-09-30T02:20:59Z
mecon_treasury_maturity_capital_row_27,2026-03-31,2027-07,monthly,capital,loans,detail,27,Organismos Oficiales,231.129441,million_usd,official_projection,mecon_quarterly_treasury_maturity_profile,https://www.argentina.gob.ar/sites/default/files/deuda_publica_31-03-2026.xlsx,fad7687446da2e312d5f442e4d8e4fe53af87303a5fbdbe1030e8b241473aeee,2026-09-30T02:20:59Z
mecon_treasury_maturity_capital_row_28,2026-03-31,2027-07,monthly,capital,loans,detail,28,Avales,6.889520,million_usd,official_projection,mecon_quarterly_treasury_maturity_profile,https://www.argentina.gob.ar/sites/default/files/deuda_publica_31-03-2026.xlsx,fad7687446da2e312d5f442e4d8e4fe53af87303a5fbdbe1030e8b241473aeee,2026-09-30T02:20:59Z
mecon_treasury_maturity_capital_row_30,2026-03-31,2027-07,monthly,capital,loans,detail,30,. En moneda extranjera,6.889520,million_usd,official_projection,mecon_quarterly_treasury_maturity_profile,https://www.argentina.gob.ar/sites/default/files/deuda_publica_31-03-2026.xlsx,fad7687446da2e312d5f442e4d8e4fe53af87303a5fbdbe1030e8b241473aeee,2026-09-30T02:20:59Z
mecon_treasury_maturity_capital_bcra_advances,2026-03-31,2027-07,monthly,capital,bcra_advances,category,32,Adelantos transitorios BCRA,0.000000,million_usd,official_projection,mecon_quarterly_treasury_maturity_profile,https://www.argentina.gob.ar/sites/default/files/deuda_publica_31-03-2026.xlsx,fad7687446da2e312d5f442e4d8e4fe53af87303a5fbdbe1030e8b241473aeee,2026-09-30T02:20:59Z
mecon_treasury_maturity_capital_securities,2026-03-31,2027-07,monthly,capital,securities,category,34,Títulos públicos y Letras del Tesoro,3727.597218,million_usd,official_projection,mecon_quarterly_treasury_maturity_profile,https://www.argentina.gob.ar/sites/default/files/deuda_publica_31-03-2026.xlsx,fad7687446da2e312d5f442e4d8e4fe53af87303a5fbdbe1030e8b241473aeee,2026-09-30T02:20:59Z
mecon_treasury_maturity_capital_row_42,2026-03-31,2027-07,monthly,capital,securities,detail,42,"BONO GLOBAL/EUR/0,125%/09-07-2030",107.738032,million_usd,official_projection,mecon_quarterly_treasury_maturity_profile,https://www.argentina.gob.ar/sites/default/files/deuda_publica_31-03-2026.xlsx,fad7687446da2e312d5f442e4d8e4fe53af87303a5fbdbe1030e8b241473aeee,2026-09-30T02:20:59Z
mecon_treasury_maturity_capital_row_43,2026-03-31,2027-07,monthly,capital,securities,detail,43,"BONO GLOBAL/EUR/0,50%/09-07-2029",10.443644,million_usd,official_projection,mecon_quarterly_treasury_maturity_profile,https://www.argentina.gob.ar/sites/default/files/deuda_publica_31-03-2026.xlsx,fad7687446da2e312d5f442e4d8e4fe53af87303a5fbdbe1030e8b241473aeee,2026-09-30T02:20:59Z
mecon_treasury_maturity_capital_row_44,2026-03-31,2027-07,monthly,capital,securities,detail,44,BONO GLOBAL/EUR/STEP UP/09-07-2046,6.515574,million_usd,official_projection,mecon_quarterly_treasury_maturity_profile,https://www.argentina.gob.ar/sites/default/files/deuda_publica_31-03-2026.xlsx,fad7687446da2e312d5f442e4d8e4fe53af87303a5fbdbe1030e8b241473aeee,2026-09-30T02:20:59Z
mecon_treasury_maturity_capital_row_45,2026-03-31,2027-07,monthly,capital,securities,detail,45,BONO GLOBAL/EUR/STEP UP/09-01-2038,42.504953,million_usd,official_projection,mecon_quarterly_treasury_maturity_profile,https://www.argentina.gob.ar/sites/default/files/deuda_publica_31-03-2026.xlsx,fad7687446da2e312d5f442e4d8e4fe53af87303a5fbdbe1030e8b241473aeee,2026-09-30T02:20:59Z
mecon_treasury_maturity_capital_row_46,2026-03-31,2027-07,monthly,capital,securities,detail,46,"BONO GLOBAL/U$S/1,00%/09-07-2029",262.052444,million_usd,official_projection,mecon_quarterly_treasury_maturity_profile,https://www.argentina.gob.ar/sites/default/files/deuda_publica_31-03-2026.xlsx,fad7687446da2e312d5f442e4d8e4fe53af87303a5fbdbe1030e8b241473aeee,2026-09-30T02:20:59Z
mecon_treasury_maturity_capital_row_47,2026-03-31,2027-07,monthly,capital,securities,detail,47,BONO GLOBAL/U$S/STEP UP/09-07-2030,1086.994477,million_usd,official_projection,mecon_quarterly_treasury_maturity_profile,https://www.argentina.gob.ar/sites/default/files/deuda_publica_31-03-2026.xlsx,fad7687446da2e312d5f442e4d8e4fe53af87303a5fbdbe1030e8b241473aeee,2026-09-30T02:20:59Z
mecon_treasury_maturity_capital_row_48,2026-03-31,2027-07,monthly,capital,securities,detail,48,BONO GLOBAL/U$S/STEP UP/09-07-2046,47.545389,million_usd,official_projection,mecon_quarterly_treasury_maturity_profile,https://www.argentina.gob.ar/sites/default/files/deuda_publica_31-03-2026.xlsx,fad7687446da2e312d5f442e4d8e4fe53af87303a5fbdbe1030e8b241473aeee,2026-09-30T02:20:59Z
mecon_treasury_maturity_capital_row_49,2026-03-31,2027-07,monthly,capital,securities,detail,49,BONO GLOBAL/U$S/STEP UP/09-01-2038,517.501062,million_usd,official_projection,mecon_quarterly_treasury_maturity_profile,https://www.argentina.gob.ar/sites/default/files/deuda_publica_31-03-2026.xlsx,fad7687446da2e312d5f442e4d8e4fe53af87303a5fbdbe1030e8b241473aeee,2026-09-30T02:20:59Z
mecon_treasury_maturity_capital_row_50,2026-03-31,2027-07,monthly,capital,securities,detail,50,"BONO R.A./U$S/1,00%/09-07-2029",139.411866,million_usd,official_projection,mecon_quarterly_treasury_maturity_profile,https://www.argentina.gob.ar/sites/default/files/deuda_publica_31-03-2026.xlsx,fad7687446da2e312d5f442e4d8e4fe53af87303a5fbdbe1030e8b241473aeee,2026-09-30T02:20:59Z
mecon_treasury_maturity_capital_row_51,2026-03-31,2027-07,monthly,capital,securities,detail,51,BONO R.A./U$S/STEP UP/09-07-2030,1047.344014,million_usd,official_projection,mecon_quarterly_treasury_maturity_profile,https://www.argentina.gob.ar/sites/default/files/deuda_publica_31-03-2026.xlsx,fad7687446da2e312d5f442e4d8e4fe53af87303a5fbdbe1030e8b241473aeee,2026-09-30T02:20:59Z
mecon_treasury_maturity_capital_row_52,2026-03-31,2027-07,monthly,capital,securities,detail,52,BONO R.A./U$S/STEP UP/09-01-2038,457.422364,million_usd,official_projection,mecon_quarterly_treasury_maturity_profile,https://www.argentina.gob.ar/sites/default/files/deuda_publica_31-03-2026.xlsx,fad7687446da2e312d5f442e4d8e4fe53af87303a5fbdbe1030e8b241473aeee,2026-09-30T02:20:59Z
mecon_treasury_maturity_capital_row_53,2026-03-31,2027-07,monthly,capital,securities,detail,53,"BONAR/$/6,72763943919512%/31-12-2028",0.266132,million_usd,official_projection,mecon_quarterly_treasury_maturity_profile,https://www.argentina.gob.ar/sites/default/files/deuda_publica_31-03-2026.xlsx,fad7687446da2e312d5f442e4d8e4fe53af87303a5fbdbe1030e8b241473aeee,2026-09-30T02:20:59Z
mecon_treasury_maturity_capital_row_55,2026-03-31,2027-07,monthly,capital,securities,detail,55,BONTE/$/BADLAR/05-07-2030,1.857267,million_usd,official_projection,mecon_quarterly_treasury_maturity_profile,https://www.argentina.gob.ar/sites/default/files/deuda_publica_31-03-2026.xlsx,fad7687446da2e312d5f442e4d8e4fe53af87303a5fbdbe1030e8b241473aeee,2026-09-30T02:20:59Z
mecon_treasury_maturity_capital_row_106,2026-03-31,2027-07,monthly,capital,securities,detail,106,TOTAL DEUDA DENOMINADA EN PESOS,2.123399,million_usd,official_projection,mecon_quarterly_treasury_maturity_profile,https://www.argentina.gob.ar/sites/default/files/deuda_publica_31-03-2026.xlsx,fad7687446da2e312d5f442e4d8e4fe53af87303a5fbdbe1030e8b241473aeee,2026-09-30T02:20:59Z
mecon_treasury_maturity_capital_row_108,2026-03-31,2027-07,monthly,capital,securities,detail,108,· Deuda no ajustable por CER,2.123399,million_usd,official_projection,mecon_quarterly_treasury_maturity_profile,https://www.argentina.gob.ar/sites/default/files/deuda_publica_31-03-2026.xlsx,fad7687446da2e312d5f442e4d8e4fe53af87303a5fbdbe1030e8b241473aeee,2026-09-30T02:20:59Z
mecon_treasury_maturity_capital_row_109,2026-03-31,2027-07,monthly,capital,securities,detail,109,TOTAL DEUDA EN MONEDA EXTRANJERA,4141.021168,million_usd,official_projection,mecon_quarterly_treasury_maturity_profile,https://www.argentina.gob.ar/sites/default/files/deuda_publica_31-03-2026.xlsx,fad7687446da2e312d5f442e4d8e4fe53af87303a5fbdbe1030e8b241473aeee,2026-09-30T02:20:59Z
mecon_treasury_maturity_interest_total,2026-03-31,2027-07,monthly,interest,total,total,13,Total,2009.644423,million_usd,official_projection,mecon_quarterly_treasury_maturity_profile,https://www.argentina.gob.ar/sites/default/files/deuda_publica_31-03-2026.xlsx,fad7687446da2e312d5f442e4d8e4fe53af87303a5fbdbe1030e8b241473aeee,2026-09-30T02:20:59Z
mecon_treasury_maturity_interest_row_15,2026-03-31,2027-07,monthly,interest,total,term,15,MEDIANO Y LARGO PLAZO,2009.644423,million_usd,official_projection,mecon_quarterly_treasury_maturity_profile,https://www.argentina.gob.ar/sites/default/files/deuda_publica_31-03-2026.xlsx,fad7687446da2e312d5f442e4d8e4fe53af87303a5fbdbe1030e8b241473aeee,2026-09-30T02:20:59Z
mecon_treasury_maturity_interest_loans,2026-03-31,2027-07,monthly,interest,loans,category,17,Préstamos,187.961454,million_usd,official_projection,mecon_quarterly_treasury_maturity_profile,https://www.argentina.gob.ar/sites/default/files/deuda_publica_31-03-2026.xlsx,fad7687446da2e312d5f442e4d8e4fe53af87303a5fbdbe1030e8b241473aeee,2026-09-30T02:20:59Z
mecon_treasury_maturity_interest_row_18,2026-03-31,2027-07,monthly,interest,loans,detail,18,Organismos Internacionales,153.379373,million_usd,official_projection,mecon_quarterly_treasury_maturity_profile,https://www.argentina.gob.ar/sites/default/files/deuda_publica_31-03-2026.xlsx,fad7687446da2e312d5f442e4d8e4fe53af87303a5fbdbe1030e8b241473aeee,2026-09-30T02:20:59Z
mecon_treasury_maturity_interest_row_19,2026-03-31,2027-07,monthly,interest,loans,detail,19,. BIRF,37.176885,million_usd,official_projection,mecon_quarterly_treasury_maturity_profile,https://www.argentina.gob.ar/sites/default/files/deuda_publica_31-03-2026.xlsx,fad7687446da2e312d5f442e4d8e4fe53af87303a5fbdbe1030e8b241473aeee,2026-09-30T02:20:59Z
mecon_treasury_maturity_interest_row_20,2026-03-31,2027-07,monthly,interest,loans,detail,20,. BID,82.396770,million_usd,official_projection,mecon_quarterly_treasury_maturity_profile,https://www.argentina.gob.ar/sites/default/files/deuda_publica_31-03-2026.xlsx,fad7687446da2e312d5f442e4d8e4fe53af87303a5fbdbe1030e8b241473aeee,2026-09-30T02:20:59Z
mecon_treasury_maturity_interest_row_22,2026-03-31,2027-07,monthly,interest,loans,detail,22,. Otros,33.805718,million_usd,official_projection,mecon_quarterly_treasury_maturity_profile,https://www.argentina.gob.ar/sites/default/files/deuda_publica_31-03-2026.xlsx,fad7687446da2e312d5f442e4d8e4fe53af87303a5fbdbe1030e8b241473aeee,2026-09-30T02:20:59Z
mecon_treasury_maturity_interest_row_23,2026-03-31,2027-07,monthly,interest,loans,detail,23,Préstamos Garantizados,4.424701,million_usd,official_projection,mecon_quarterly_treasury_maturity_profile,https://www.argentina.gob.ar/sites/default/files/deuda_publica_31-03-2026.xlsx,fad7687446da2e312d5f442e4d8e4fe53af87303a5fbdbe1030e8b241473aeee,2026-09-30T02:20:59Z
mecon_treasury_maturity_interest_row_24,2026-03-31,2027-07,monthly,interest,loans,detail,24,. En moneda nacional ajustable por CER,4.424701,million_usd,official_projection,mecon_quarterly_treasury_maturity_profile,https://www.argentina.gob.ar/sites/default/files/deuda_publica_31-03-2026.xlsx,fad7687446da2e312d5f442e4d8e4fe53af87303a5fbdbe1030e8b241473aeee,2026-09-30T02:20:59Z
mecon_treasury_maturity_interest_row_27,2026-03-31,2027-07,monthly,interest,loans,detail,27,Organismos Oficiales,29.950038,million_usd,official_projection,mecon_quarterly_treasury_maturity_profile,https://www.argentina.gob.ar/sites/default/files/deuda_publica_31-03-2026.xlsx,fad7687446da2e312d5f442e4d8e4fe53af87303a5fbdbe1030e8b241473aeee,2026-09-30T02:20:59Z
mecon_treasury_maturity_interest_row_31,2026-03-31,2027-07,monthly,interest,loans,detail,31,Avales,0.207343,million_usd,official_projection,mecon_quarterly_treasury_maturity_profile,https://www.argentina.gob.ar/sites/default/files/deuda_publica_31-03-2026.xlsx,fad7687446da2e312d5f442e4d8e4fe53af87303a5fbdbe1030e8b241473aeee,2026-09-30T02:20:59Z
mecon_treasury_maturity_interest_row_33,2026-03-31,2027-07,monthly,interest,loans,detail,33,. En moneda extranjera,0.207343,million_usd,official_projection,mecon_quarterly_treasury_maturity_profile,https://www.argentina.gob.ar/sites/default/files/deuda_publica_31-03-2026.xlsx,fad7687446da2e312d5f442e4d8e4fe53af87303a5fbdbe1030e8b241473aeee,2026-09-30T02:20:59Z
mecon_treasury_maturity_interest_securities,2026-03-31,2027-07,monthly,interest,securities,category,35,Títulos públicos y Letras del Tesoro,1821.682969,million_usd,official_projection,mecon_quarterly_treasury_maturity_profile,https://www.argentina.gob.ar/sites/default/files/deuda_publica_31-03-2026.xlsx,fad7687446da2e312d5f442e4d8e4fe53af87303a5fbdbe1030e8b241473aeee,2026-09-30T02:20:59Z
mecon_treasury_maturity_interest_row_56,2026-03-31,2027-07,monthly,interest,securities,detail,56,"BONAR/$/6,72763943919512%/31-12-2028",0.028176,million_usd,official_projection,mecon_quarterly_treasury_maturity_profile,https://www.argentina.gob.ar/sites/default/files/deuda_publica_31-03-2026.xlsx,fad7687446da2e312d5f442e4d8e4fe53af87303a5fbdbe1030e8b241473aeee,2026-09-30T02:20:59Z
mecon_treasury_maturity_interest_row_58,2026-03-31,2027-07,monthly,interest,securities,detail,58,BONAR/U$S/6%/29-10-2027,3.726852,million_usd,official_projection,mecon_quarterly_treasury_maturity_profile,https://www.argentina.gob.ar/sites/default/files/deuda_publica_31-03-2026.xlsx,fad7687446da2e312d5f442e4d8e4fe53af87303a5fbdbe1030e8b241473aeee,2026-09-30T02:20:59Z
mecon_treasury_maturity_interest_row_59,2026-03-31,2027-07,monthly,interest,securities,detail,59,BONAR/U$S/6%/31-10-2028,0.930772,million_usd,official_projection,mecon_quarterly_treasury_maturity_profile,https://www.argentina.gob.ar/sites/default/files/deuda_publica_31-03-2026.xlsx,fad7687446da2e312d5f442e4d8e4fe53af87303a5fbdbe1030e8b241473aeee,2026-09-30T02:20:59Z
mecon_treasury_maturity_interest_row_64,2026-03-31,2027-07,monthly,interest,securities,detail,64,"BONO GLOBAL/EUR/0,125%/09-07-2030",0.471354,million_usd,official_projection,mecon_quarterly_treasury_maturity_profile,https://www.argentina.gob.ar/sites/default/files/deuda_publica_31-03-2026.xlsx,fad7687446da2e312d5f442e4d8e4fe53af87303a5fbdbe1030e8b241473aeee,2026-09-30T02:20:59Z
mecon_treasury_maturity_interest_row_65,2026-03-31,2027-07,monthly,interest,securities,detail,65,"BONO GLOBAL/EUR/0,50%/09-07-2029",0.130546,million_usd,official_projection,mecon_quarterly_treasury_maturity_profile,https://www.argentina.gob.ar/sites/default/files/deuda_publica_31-03-2026.xlsx,fad7687446da2e312d5f442e4d8e4fe53af87303a5fbdbe1030e8b241473aeee,2026-09-30T02:20:59Z
mecon_treasury_maturity_interest_row_66,2026-03-31,2027-07,monthly,interest,securities,detail,66,BONO GLOBAL/EUR/STEP UP/09-01-2038,19.871065,million_usd,official_projection,mecon_quarterly_treasury_maturity_profile,https://www.argentina.gob.ar/sites/default/files/deuda_publica_31-03-2026.xlsx,fad7687446da2e312d5f442e4d8e4fe53af87303a5fbdbe1030e8b241473aeee,2026-09-30T02:20:59Z
mecon_treasury_maturity_interest_row_67,2026-03-31,2027-07,monthly,interest,securities,detail,67,BONO GLOBAL/EUR/STEP UP/09-07-2035,6.688802,million_usd,official_projection,mecon_quarterly_treasury_maturity_profile,https://www.argentina.gob.ar/sites/default/files/deuda_publica_31-03-2026.xlsx,fad7687446da2e312d5f442e4d8e4fe53af87303a5fbdbe1030e8b241473aeee,2026-09-30T02:20:59Z
mecon_treasury_maturity_interest_row_68,2026-03-31,2027-07,monthly,interest,securities,detail,68,BONO GLOBAL/EUR/STEP UP/09-07-2041,27.254800,million_usd,official_projection,mecon_quarterly_treasury_maturity_profile,https://www.argentina.gob.ar/sites/default/files/deuda_publica_31-03-2026.xlsx,fad7687446da2e312d5f442e4d8e4fe53af87303a5fbdbe1030e8b241473aeee,2026-09-30T02:20:59Z
mecon_treasury_maturity_interest_row_69,2026-03-31,2027-07,monthly,interest,securities,detail,69,BONO GLOBAL/EUR/STEP UP/09-07-2046,5.240965,million_usd,official_projection,mecon_quarterly_treasury_maturity_profile,https://www.argentina.gob.ar/sites/default/files/deuda_publica_31-03-2026.xlsx,fad7687446da2e312d5f442e4d8e4fe53af87303a5fbdbe1030e8b241473aeee,2026-09-30T02:20:59Z
mecon_treasury_maturity_interest_row_70,2026-03-31,2027-07,monthly,interest,securities,detail,70,"BONO GLOBAL/U$S/1,00%/09-07-2029",6.551311,million_usd,official_projection,mecon_quarterly_treasury_maturity_profile,https://www.argentina.gob.ar/sites/default/files/deuda_publica_31-03-2026.xlsx,fad7687446da2e312d5f442e4d8e4fe53af87303a5fbdbe1030e8b241473aeee,2026-09-30T02:20:59Z
mecon_treasury_maturity_interest_row_71,2026-03-31,2027-07,monthly,interest,securities,detail,71,BONO GLOBAL/U$S/STEP UP/09-01-2038,284.625584,million_usd,official_projection,mecon_quarterly_treasury_maturity_profile,https://www.argentina.gob.ar/sites/default/files/deuda_publica_31-03-2026.xlsx,fad7687446da2e312d5f442e4d8e4fe53af87303a5fbdbe1030e8b241473aeee,2026-09-30T02:20:59Z
mecon_treasury_maturity_interest_row_72,2026-03-31,2027-07,monthly,interest,securities,detail,72,BONO GLOBAL/U$S/STEP UP/09-07-2030,28.533605,million_usd,official_projection,mecon_quarterly_treasury_maturity_profile,https://www.argentina.gob.ar/sites/default/files/deuda_publica_31-03-2026.xlsx,fad7687446da2e312d5f442e4d8e4fe53af87303a5fbdbe1030e8b241473aeee,2026-09-30T02:20:59Z
mecon_treasury_maturity_interest_row_73,2026-03-31,2027-07,monthly,interest,securities,detail,73,BONO GLOBAL/U$S/STEP UP/09-07-2035,421.499713,million_usd,official_projection,mecon_quarterly_treasury_maturity_profile,https://www.argentina.gob.ar/sites/default/files/deuda_publica_31-03-2026.xlsx,fad7687446da2e312d5f442e4d8e4fe53af87303a5fbdbe1030e8b241473aeee,2026-09-30T02:20:59Z
mecon_treasury_maturity_interest_row_74,2026-03-31,2027-07,monthly,interest,securities,detail,74,BONO GLOBAL/U$S/STEP UP/09-07-2041,183.436947,million_usd,official_projection,mecon_quarterly_treasury_maturity_profile,https://www.argentina.gob.ar/sites/default/files/deuda_publica_31-03-2026.xlsx,fad7687446da2e312d5f442e4d8e4fe53af87303a5fbdbe1030e8b241473aeee,2026-09-30T02:20:59Z
mecon_treasury_maturity_interest_row_75,2026-03-31,2027-07,monthly,interest,securities,detail,75,BONO GLOBAL/U$S/STEP UP/09-07-2046,38.244322,million_usd,official_projection,mecon_quarterly_treasury_maturity_profile,https://www.argentina.gob.ar/sites/default/files/deuda_publica_31-03-2026.xlsx,fad7687446da2e312d5f442e4d8e4fe53af87303a5fbdbe1030e8b241473aeee,2026-09-30T02:20:59Z
mecon_treasury_maturity_interest_row_76,2026-03-31,2027-07,monthly,interest,securities,detail,76,"BONO R.A./U$S/1,00%/09-07-2029",3.485297,million_usd,official_projection,mecon_quarterly_treasury_maturity_profile,https://www.argentina.gob.ar/sites/default/files/deuda_publica_31-03-2026.xlsx,fad7687446da2e312d5f442e4d8e4fe53af87303a5fbdbe1030e8b241473aeee,2026-09-30T02:20:59Z
mecon_treasury_maturity_interest_row_77,2026-03-31,2027-07,monthly,interest,securities,detail,77,BONO R.A./U$S/STEP UP/09-01-2038,251.582300,million_usd,official_projection,mecon_quarterly_treasury_maturity_profile,https://www.argentina.gob.ar/sites/default/files/deuda_publica_31-03-2026.xlsx,fad7687446da2e312d5f442e4d8e4fe53af87303a5fbdbe1030e8b241473aeee,2026-09-30T02:20:59Z
mecon_treasury_maturity_interest_row_78,2026-03-31,2027-07,monthly,interest,securities,detail,78,BONO R.A./U$S/STEP UP/09-07-2030,27.492780,million_usd,official_projection,mecon_quarterly_treasury_maturity_profile,https://www.argentina.gob.ar/sites/default/files/deuda_publica_31-03-2026.xlsx,fad7687446da2e312d5f442e4d8e4fe53af87303a5fbdbe1030e8b241473aeee,2026-09-30T02:20:59Z
mecon_treasury_maturity_interest_row_79,2026-03-31,2027-07,monthly,interest,securities,detail,79,BONO R.A./U$S/STEP UP/09-07-2035,326.981919,million_usd,official_projection,mecon_quarterly_treasury_maturity_profile,https://www.argentina.gob.ar/sites/default/files/deuda_publica_31-03-2026.xlsx,fad7687446da2e312d5f442e4d8e4fe53af87303a5fbdbe1030e8b241473aeee,2026-09-30T02:20:59Z
mecon_treasury_maturity_interest_row_80,2026-03-31,2027-07,monthly,interest,securities,detail,80,BONO R.A./U$S/STEP UP/09-07-2041,26.989091,million_usd,official_projection,mecon_quarterly_treasury_maturity_profile,https://www.argentina.gob.ar/sites/default/files/deuda_publica_31-03-2026.xlsx,fad7687446da2e312d5f442e4d8e4fe53af87303a5fbdbe1030e8b241473aeee,2026-09-30T02:20:59Z
mecon_treasury_maturity_interest_row_84,2026-03-31,2027-07,monthly,interest,securities,detail,84,BONTE/$/BADLAR/05-07-2030,0.944811,million_usd,official_projection,mecon_quarterly_treasury_maturity_profile,https://www.argentina.gob.ar/sites/default/files/deuda_publica_31-03-2026.xlsx,fad7687446da2e312d5f442e4d8e4fe53af87303a5fbdbe1030e8b241473aeee,2026-09-30T02:20:59Z
mecon_treasury_maturity_interest_row_89,2026-03-31,2027-07,monthly,interest,securities,detail,89,LETRA INTRANSFERIBLE - BCRA,156.971955,million_usd,official_projection,mecon_quarterly_treasury_maturity_profile,https://www.argentina.gob.ar/sites/default/files/deuda_publica_31-03-2026.xlsx,fad7687446da2e312d5f442e4d8e4fe53af87303a5fbdbe1030e8b241473aeee,2026-09-30T02:20:59Z
mecon_treasury_maturity_interest_row_102,2026-03-31,2027-07,monthly,interest,securities,detail,102,TOTAL DEUDA DENOMINADA EN PESOS,5.397688,million_usd,official_projection,mecon_quarterly_treasury_maturity_profile,https://www.argentina.gob.ar/sites/default/files/deuda_publica_31-03-2026.xlsx,fad7687446da2e312d5f442e4d8e4fe53af87303a5fbdbe1030e8b241473aeee,2026-09-30T02:20:59Z
mecon_treasury_maturity_interest_row_103,2026-03-31,2027-07,monthly,interest,securities,detail,103,· Deuda ajustable por CER,4.424701,million_usd,official_projection,mecon_quarterly_treasury_maturity_profile,https://www.argentina.gob.ar/sites/default/files/deuda_publica_31-03-2026.xlsx,fad7687446da2e312d5f442e4d8e4fe53af87303a5fbdbe1030e8b241473aeee,2026-09-30T02:20:59Z
mecon_treasury_maturity_interest_row_104,2026-03-31,2027-07,monthly,interest,securities,detail,104,· Deuda no ajustable por CER,0.972987,million_usd,official_projection,mecon_quarterly_treasury_maturity_profile,https://www.argentina.gob.ar/sites/default/files/deuda_publica_31-03-2026.xlsx,fad7687446da2e312d5f442e4d8e4fe53af87303a5fbdbe1030e8b241473aeee,2026-09-30T02:20:59Z
mecon_treasury_maturity_interest_row_105,2026-03-31,2027-07,monthly,interest,securities,detail,105,TOTAL DEUDA EN MONEDA EXTRANJERA,2004.246735,million_usd,official_projection,mecon_quarterly_treasury_maturity_profile,https://www.argentina.gob.ar/sites/default/files/deuda_publica_31-03-2026.xlsx,fad7687446da2e312d5f442e4d8e4fe53af87303a5fbdbe1030e8b241473aeee,2026-09-30T02:20:59Z
mecon_treasury_maturity_capital_total,2026-03-31,2027-08,monthly,capital,total,total,13,Total,102.224963,million_usd,official_projection,mecon_quarterly_treasury_maturity_profile,https://www.argentina.gob.ar/sites/default/files/deuda_publica_31-03-2026.xlsx,fad7687446da2e312d5f442e4d8e4fe53af87303a5fbdbe1030e8b241473aeee,2026-09-30T02:20:59Z
mecon_treasury_maturity_capital_row_15,2026-03-31,2027-08,monthly,capital,total,term,15,MEDIANO Y LARGO PLAZO,102.224963,million_usd,official_projection,mecon_quarterly_treasury_maturity_profile,https://www.argentina.gob.ar/sites/default/files/deuda_publica_31-03-2026.xlsx,fad7687446da2e312d5f442e4d8e4fe53af87303a5fbdbe1030e8b241473aeee,2026-09-30T02:20:59Z
mecon_treasury_maturity_capital_loans,2026-03-31,2027-08,monthly,capital,loans,category,17,Préstamos,96.584237,million_usd,official_projection,mecon_quarterly_treasury_maturity_profile,https://www.argentina.gob.ar/sites/default/files/deuda_publica_31-03-2026.xlsx,fad7687446da2e312d5f442e4d8e4fe53af87303a5fbdbe1030e8b241473aeee,2026-09-30T02:20:59Z
mecon_treasury_maturity_capital_row_18,2026-03-31,2027-08,monthly,capital,loans,detail,18,Organismos Internacionales,84.938458,million_usd,official_projection,mecon_quarterly_treasury_maturity_profile,https://www.argentina.gob.ar/sites/default/files/deuda_publica_31-03-2026.xlsx,fad7687446da2e312d5f442e4d8e4fe53af87303a5fbdbe1030e8b241473aeee,2026-09-30T02:20:59Z
mecon_treasury_maturity_capital_row_19,2026-03-31,2027-08,monthly,capital,loans,detail,19,. BIRF,5.245882,million_usd,official_projection,mecon_quarterly_treasury_maturity_profile,https://www.argentina.gob.ar/sites/default/files/deuda_publica_31-03-2026.xlsx,fad7687446da2e312d5f442e4d8e4fe53af87303a5fbdbe1030e8b241473aeee,2026-09-30T02:20:59Z
mecon_treasury_maturity_capital_row_20,2026-03-31,2027-08,monthly,capital,loans,detail,20,. BID,44.114893,million_usd,official_projection,mecon_quarterly_treasury_maturity_profile,https://www.argentina.gob.ar/sites/default/files/deuda_publica_31-03-2026.xlsx,fad7687446da2e312d5f442e4d8e4fe53af87303a5fbdbe1030e8b241473aeee,2026-09-30T02:20:59Z
mecon_treasury_maturity_capital_row_22,2026-03-31,2027-08,monthly,capital,loans,detail,22,. Otros,35.577684,million_usd,official_projection,mecon_quarterly_treasury_maturity_profile,https://www.argentina.gob.ar/sites/default/files/deuda_publica_31-03-2026.xlsx,fad7687446da2e312d5f442e4d8e4fe53af87303a5fbdbe1030e8b241473aeee,2026-09-30T02:20:59Z
mecon_treasury_maturity_capital_row_27,2026-03-31,2027-08,monthly,capital,loans,detail,27,Organismos Oficiales,4.756258,million_usd,official_projection,mecon_quarterly_treasury_maturity_profile,https://www.argentina.gob.ar/sites/default/files/deuda_publica_31-03-2026.xlsx,fad7687446da2e312d5f442e4d8e4fe53af87303a5fbdbe1030e8b241473aeee,2026-09-30T02:20:59Z
mecon_treasury_maturity_capital_row_28,2026-03-31,2027-08,monthly,capital,loans,detail,28,Avales,6.889520,million_usd,official_projection,mecon_quarterly_treasury_maturity_profile,https://www.argentina.gob.ar/sites/default/files/deuda_publica_31-03-2026.xlsx,fad7687446da2e312d5f442e4d8e4fe53af87303a5fbdbe1030e8b241473aeee,2026-09-30T02:20:59Z
mecon_treasury_maturity_capital_row_30,2026-03-31,2027-08,monthly,capital,loans,detail,30,. En moneda extranjera,6.889520,million_usd,official_projection,mecon_quarterly_treasury_maturity_profile,https://www.argentina.gob.ar/sites/default/files/deuda_publica_31-03-2026.xlsx,fad7687446da2e312d5f442e4d8e4fe53af87303a5fbdbe1030e8b241473aeee,2026-09-30T02:20:59Z
mecon_treasury_maturity_capital_bcra_advances,2026-03-31,2027-08,monthly,capital,bcra_advances,category,32,Adelantos transitorios BCRA,0.000000,million_usd,official_projection,mecon_quarterly_treasury_maturity_profile,https://www.argentina.gob.ar/sites/default/files/deuda_publica_31-03-2026.xlsx,fad7687446da2e312d5f442e4d8e4fe53af87303a5fbdbe1030e8b241473aeee,2026-09-30T02:20:59Z
mecon_treasury_maturity_capital_securities,2026-03-31,2027-08,monthly,capital,securities,category,34,Títulos públicos y Letras del Tesoro,5.640726,million_usd,official_projection,mecon_quarterly_treasury_maturity_profile,https://www.argentina.gob.ar/sites/default/files/deuda_publica_31-03-2026.xlsx,fad7687446da2e312d5f442e4d8e4fe53af87303a5fbdbe1030e8b241473aeee,2026-09-30T02:20:59Z
mecon_treasury_maturity_capital_row_53,2026-03-31,2027-08,monthly,capital,securities,detail,53,"BONAR/$/6,72763943919512%/31-12-2028",0.267624,million_usd,official_projection,mecon_quarterly_treasury_maturity_profile,https://www.argentina.gob.ar/sites/default/files/deuda_publica_31-03-2026.xlsx,fad7687446da2e312d5f442e4d8e4fe53af87303a5fbdbe1030e8b241473aeee,2026-09-30T02:20:59Z
mecon_treasury_maturity_capital_row_56,2026-03-31,2027-08,monthly,capital,securities,detail,56,BONTE/$/BADLAR+400PB/17-08-31,0.213465,million_usd,official_projection,mecon_quarterly_treasury_maturity_profile,https://www.argentina.gob.ar/sites/default/files/deuda_publica_31-03-2026.xlsx,fad7687446da2e312d5f442e4d8e4fe53af87303a5fbdbe1030e8b241473aeee,2026-09-30T02:20:59Z
mecon_treasury_maturity_capital_row_94,2026-03-31,2027-08,monthly,capital,securities,detail,94,OTROS (1),5.159637,million_usd,official_projection,mecon_quarterly_treasury_maturity_profile,https://www.argentina.gob.ar/sites/default/files/deuda_publica_31-03-2026.xlsx,fad7687446da2e312d5f442e4d8e4fe53af87303a5fbdbe1030e8b241473aeee,2026-09-30T02:20:59Z
mecon_treasury_maturity_capital_row_95,2026-03-31,2027-08,monthly,capital,securities,detail,95,En moneda nacional,5.159637,million_usd,official_projection,mecon_quarterly_treasury_maturity_profile,https://www.argentina.gob.ar/sites/default/files/deuda_publica_31-03-2026.xlsx,fad7687446da2e312d5f442e4d8e4fe53af87303a5fbdbe1030e8b241473aeee,2026-09-30T02:20:59Z
mecon_treasury_maturity_capital_row_98,2026-03-31,2027-08,monthly,capital,securities,detail,98,· No ajustable por CER,5.159637,million_usd,official_projection,mecon_quarterly_treasury_maturity_profile,https://www.argentina.gob.ar/sites/default/files/deuda_publica_31-03-2026.xlsx,fad7687446da2e312d5f442e4d8e4fe53af87303a5fbdbe1030e8b241473aeee,2026-09-30T02:20:59Z
mecon_treasury_maturity_capital_row_99,2026-03-31,2027-08,monthly,capital,securities,detail,99,· Bonos de consolidación,5.159637,million_usd,official_projection,mecon_quarterly_treasury_maturity_profile,https://www.argentina.gob.ar/sites/default/files/deuda_publica_31-03-2026.xlsx,fad7687446da2e312d5f442e4d8e4fe53af87303a5fbdbe1030e8b241473aeee,2026-09-30T02:20:59Z
mecon_treasury_maturity_capital_row_106,2026-03-31,2027-08,monthly,capital,securities,detail,106,TOTAL DEUDA DENOMINADA EN PESOS,5.640726,million_usd,official_projection,mecon_quarterly_treasury_maturity_profile,https://www.argentina.gob.ar/sites/default/files/deuda_publica_31-03-2026.xlsx,fad7687446da2e312d5f442e4d8e4fe53af87303a5fbdbe1030e8b241473aeee,2026-09-30T02:20:59Z
mecon_treasury_maturity_capital_row_108,2026-03-31,2027-08,monthly,capital,securities,detail,108,· Deuda no ajustable por CER,5.640726,million_usd,official_projection,mecon_quarterly_treasury_maturity_profile,https://www.argentina.gob.ar/sites/default/files/deuda_publica_31-03-2026.xlsx,fad7687446da2e312d5f442e4d8e4fe53af87303a5fbdbe1030e8b241473aeee,2026-09-30T02:20:59Z
mecon_treasury_maturity_capital_row_109,2026-03-31,2027-08,monthly,capital,securities,detail,109,TOTAL DEUDA EN MONEDA EXTRANJERA,96.584237,million_usd,official_projection,mecon_quarterly_treasury_maturity_profile,https://www.argentina.gob.ar/sites/default/files/deuda_publica_31-03-2026.xlsx,fad7687446da2e312d5f442e4d8e4fe53af87303a5fbdbe1030e8b241473aeee,2026-09-30T02:20:59Z
mecon_treasury_maturity_interest_total,2026-03-31,2027-08,monthly,interest,total,total,13,Total,833.563703,million_usd,official_projection,mecon_quarterly_treasury_maturity_profile,https://www.argentina.gob.ar/sites/default/files/deuda_publica_31-03-2026.xlsx,fad7687446da2e312d5f442e4d8e4fe53af87303a5fbdbe1030e8b241473aeee,2026-09-30T02:20:59Z
mecon_treasury_maturity_interest_row_15,2026-03-31,2027-08,monthly,interest,total,term,15,MEDIANO Y LARGO PLAZO,833.563703,million_usd,official_projection,mecon_quarterly_treasury_maturity_profile,https://www.argentina.gob.ar/sites/default/files/deuda_publica_31-03-2026.xlsx,fad7687446da2e312d5f442e4d8e4fe53af87303a5fbdbe1030e8b241473aeee,2026-09-30T02:20:59Z
mecon_treasury_maturity_interest_loans,2026-03-31,2027-08,monthly,interest,loans,category,17,Préstamos,823.151634,million_usd,official_projection,mecon_quarterly_treasury_maturity_profile,https://www.argentina.gob.ar/sites/default/files/deuda_publica_31-03-2026.xlsx,fad7687446da2e312d5f442e4d8e4fe53af87303a5fbdbe1030e8b241473aeee,2026-09-30T02:20:59Z
mecon_treasury_maturity_interest_row_18,2026-03-31,2027-08,monthly,interest,loans,detail,18,Organismos Internacionales,816.777582,million_usd,official_projection,mecon_quarterly_treasury_maturity_profile,https://www.argentina.gob.ar/sites/default/files/deuda_publica_31-03-2026.xlsx,fad7687446da2e312d5f442e4d8e4fe53af87303a5fbdbe1030e8b241473aeee,2026-09-30T02:20:59Z
mecon_treasury_maturity_interest_row_19,2026-03-31,2027-08,monthly,interest,loans,detail,19,. BIRF,15.953812,million_usd,official_projection,mecon_quarterly_treasury_maturity_profile,https://www.argentina.gob.ar/sites/default/files/deuda_publica_31-03-2026.xlsx,fad7687446da2e312d5f442e4d8e4fe53af87303a5fbdbe1030e8b241473aeee,2026-09-30T02:20:59Z
mecon_treasury_maturity_interest_row_20,2026-03-31,2027-08,monthly,interest,loans,detail,20,. BID,36.865137,million_usd,official_projection,mecon_quarterly_treasury_maturity_profile,https://www.argentina.gob.ar/sites/default/files/deuda_publica_31-03-2026.xlsx,fad7687446da2e312d5f442e4d8e4fe53af87303a5fbdbe1030e8b241473aeee,2026-09-30T02:20:59Z
mecon_treasury_maturity_interest_row_21,2026-03-31,2027-08,monthly,interest,loans,detail,21,. FMI,744.472458,million_usd,official_projection,mecon_quarterly_treasury_maturity_profile,https://www.argentina.gob.ar/sites/default/files/deuda_publica_31-03-2026.xlsx,fad7687446da2e312d5f442e4d8e4fe53af87303a5fbdbe1030e8b241473aeee,2026-09-30T02:20:59Z
mecon_treasury_maturity_interest_row_22,2026-03-31,2027-08,monthly,interest,loans,detail,22,. Otros,19.486176,million_usd,official_projection,mecon_quarterly_treasury_maturity_profile,https://www.argentina.gob.ar/sites/default/files/deuda_publica_31-03-2026.xlsx,fad7687446da2e312d5f442e4d8e4fe53af87303a5fbdbe1030e8b241473aeee,2026-09-30T02:20:59Z
mecon_treasury_maturity_interest_row_23,2026-03-31,2027-08,monthly,interest,loans,detail,23,Préstamos Garantizados,4.534000,million_usd,official_projection,mecon_quarterly_treasury_maturity_profile,https://www.argentina.gob.ar/sites/default/files/deuda_publica_31-03-2026.xlsx,fad7687446da2e312d5f442e4d8e4fe53af87303a5fbdbe1030e8b241473aeee,2026-09-30T02:20:59Z
mecon_treasury_maturity_interest_row_24,2026-03-31,2027-08,monthly,interest,loans,detail,24,. En moneda nacional ajustable por CER,4.534000,million_usd,official_projection,mecon_quarterly_treasury_maturity_profile,https://www.argentina.gob.ar/sites/default/files/deuda_publica_31-03-2026.xlsx,fad7687446da2e312d5f442e4d8e4fe53af87303a5fbdbe1030e8b241473aeee,2026-09-30T02:20:59Z
mecon_treasury_maturity_interest_row_27,2026-03-31,2027-08,monthly,interest,loans,detail,27,Organismos Oficiales,1.689936,million_usd,official_projection,mecon_quarterly_treasury_maturity_profile,https://www.argentina.gob.ar/sites/default/files/deuda_publica_31-03-2026.xlsx,fad7687446da2e312d5f442e4d8e4fe53af87303a5fbdbe1030e8b241473aeee,2026-09-30T02:20:59Z
mecon_treasury_maturity_interest_row_31,2026-03-31,2027-08,monthly,interest,loans,detail,31,Avales,0.150116,million_usd,official_projection,mecon_quarterly_treasury_maturity_profile,https://www.argentina.gob.ar/sites/default/files/deuda_publica_31-03-2026.xlsx,fad7687446da2e312d5f442e4d8e4fe53af87303a5fbdbe1030e8b241473aeee,2026-09-30T02:20:59Z
mecon_treasury_maturity_interest_row_33,2026-03-31,2027-08,monthly,interest,loans,detail,33,. En moneda extranjera,0.150116,million_usd,official_projection,mecon_quarterly_treasury_maturity_profile,https://www.argentina.gob.ar/sites/default/files/deuda_publica_31-03-2026.xlsx,fad7687446da2e312d5f442e4d8e4fe53af87303a5fbdbe1030e8b241473aeee,2026-09-30T02:20:59Z
mecon_treasury_maturity_interest_securities,2026-03-31,2027-08,monthly,interest,securities,category,35,Títulos públicos y Letras del Tesoro,10.412069,million_usd,official_projection,mecon_quarterly_treasury_maturity_profile,https://www.argentina.gob.ar/sites/default/files/deuda_publica_31-03-2026.xlsx,fad7687446da2e312d5f442e4d8e4fe53af87303a5fbdbe1030e8b241473aeee,2026-09-30T02:20:59Z
mecon_treasury_maturity_interest_row_56,2026-03-31,2027-08,monthly,interest,securities,detail,56,"BONAR/$/6,72763943919512%/31-12-2028",0.026684,million_usd,official_projection,mecon_quarterly_treasury_maturity_profile,https://www.argentina.gob.ar/sites/default/files/deuda_publica_31-03-2026.xlsx,fad7687446da2e312d5f442e4d8e4fe53af87303a5fbdbe1030e8b241473aeee,2026-09-30T02:20:59Z
mecon_treasury_maturity_interest_row_58,2026-03-31,2027-08,monthly,interest,securities,detail,58,BONAR/U$S/6%/29-10-2027,3.726852,million_usd,official_projection,mecon_quarterly_treasury_maturity_profile,https://www.argentina.gob.ar/sites/default/files/deuda_publica_31-03-2026.xlsx,fad7687446da2e312d5f442e4d8e4fe53af87303a5fbdbe1030e8b241473aeee,2026-09-30T02:20:59Z
mecon_treasury_maturity_interest_row_59,2026-03-31,2027-08,monthly,interest,securities,detail,59,BONAR/U$S/6%/31-10-2028,0.930772,million_usd,official_projection,mecon_quarterly_treasury_maturity_profile,https://www.argentina.gob.ar/sites/default/files/deuda_publica_31-03-2026.xlsx,fad7687446da2e312d5f442e4d8e4fe53af87303a5fbdbe1030e8b241473aeee,2026-09-30T02:20:59Z
mecon_treasury_maturity_interest_row_85,2026-03-31,2027-08,monthly,interest,securities,detail,85,BONTE/$/BADLAR/23-11-2027,1.819929,million_usd,official_projection,mecon_quarterly_treasury_maturity_profile,https://www.argentina.gob.ar/sites/default/files/deuda_publica_31-03-2026.xlsx,fad7687446da2e312d5f442e4d8e4fe53af87303a5fbdbe1030e8b241473aeee,2026-09-30T02:20:59Z
mecon_treasury_maturity_interest_row_87,2026-03-31,2027-08,monthly,interest,securities,detail,87,BONTE/$/BADLAR+400PB/17-08-31,0.303209,million_usd,official_projection,mecon_quarterly_treasury_maturity_profile,https://www.argentina.gob.ar/sites/default/files/deuda_publica_31-03-2026.xlsx,fad7687446da2e312d5f442e4d8e4fe53af87303a5fbdbe1030e8b241473aeee,2026-09-30T02:20:59Z
mecon_treasury_maturity_interest_row_93,2026-03-31,2027-08,monthly,interest,securities,detail,93,OTROS (1),3.604623,million_usd,official_projection,mecon_quarterly_treasury_maturity_profile,https://www.argentina.gob.ar/sites/default/files/deuda_publica_31-03-2026.xlsx,fad7687446da2e312d5f442e4d8e4fe53af87303a5fbdbe1030e8b241473aeee,2026-09-30T02:20:59Z
mecon_treasury_maturity_interest_row_94,2026-03-31,2027-08,monthly,interest,securities,detail,94,. En moneda nacional,3.604623,million_usd,official_projection,mecon_quarterly_treasury_maturity_profile,https://www.argentina.gob.ar/sites/default/files/deuda_publica_31-03-2026.xlsx,fad7687446da2e312d5f442e4d8e4fe53af87303a5fbdbe1030e8b241473aeee,2026-09-30T02:20:59Z
mecon_treasury_maturity_interest_row_97,2026-03-31,2027-08,monthly,interest,securities,detail,97,· No ajustable por CER,3.604623,million_usd,official_projection,mecon_quarterly_treasury_maturity_profile,https://www.argentina.gob.ar/sites/default/files/deuda_publica_31-03-2026.xlsx,fad7687446da2e312d5f442e4d8e4fe53af87303a5fbdbe1030e8b241473aeee,2026-09-30T02:20:59Z
mecon_treasury_maturity_interest_row_98,2026-03-31,2027-08,monthly,interest,securities,detail,98,· Bonos de consolidación,3.604623,million_usd,official_projection,mecon_quarterly_treasury_maturity_profile,https://www.argentina.gob.ar/sites/default/files/deuda_publica_31-03-2026.xlsx,fad7687446da2e312d5f442e4d8e4fe53af87303a5fbdbe1030e8b241473aeee,2026-09-30T02:20:59Z
mecon_treasury_maturity_interest_row_102,2026-03-31,2027-08,monthly,interest,securities,detail,102,TOTAL DEUDA DENOMINADA EN PESOS,10.288444,million_usd,official_projection,mecon_quarterly_treasury_maturity_profile,https://www.argentina.gob.ar/sites/default/files/deuda_publica_31-03-2026.xlsx,fad7687446da2e312d5f442e4d8e4fe53af87303a5fbdbe1030e8b241473aeee,2026-09-30T02:20:59Z
mecon_treasury_maturity_interest_row_103,2026-03-31,2027-08,monthly,interest,securities,detail,103,· Deuda ajustable por CER,4.534000,million_usd,official_projection,mecon_quarterly_treasury_maturity_profile,https://www.argentina.gob.ar/sites/default/files/deuda_publica_31-03-2026.xlsx,fad7687446da2e312d5f442e4d8e4fe53af87303a5fbdbe1030e8b241473aeee,2026-09-30T02:20:59Z
mecon_treasury_maturity_interest_row_104,2026-03-31,2027-08,monthly,interest,securities,detail,104,· Deuda no ajustable por CER,5.754444,million_usd,official_projection,mecon_quarterly_treasury_maturity_profile,https://www.argentina.gob.ar/sites/default/files/deuda_publica_31-03-2026.xlsx,fad7687446da2e312d5f442e4d8e4fe53af87303a5fbdbe1030e8b241473aeee,2026-09-30T02:20:59Z
mecon_treasury_maturity_interest_row_105,2026-03-31,2027-08,monthly,interest,securities,detail,105,TOTAL DEUDA EN MONEDA EXTRANJERA,823.275259,million_usd,official_projection,mecon_quarterly_treasury_maturity_profile,https://www.argentina.gob.ar/sites/default/files/deuda_publica_31-03-2026.xlsx,fad7687446da2e312d5f442e4d8e4fe53af87303a5fbdbe1030e8b241473aeee,2026-09-30T02:20:59Z
mecon_treasury_maturity_capital_total,2026-03-31,2027-09,monthly,capital,total,total,13,Total,2898.813853,million_usd,official_projection,mecon_quarterly_treasury_maturity_profile,https://www.argentina.gob.ar/sites/default/files/deuda_publica_31-03-2026.xlsx,fad7687446da2e312d5f442e4d8e4fe53af87303a5fbdbe1030e8b241473aeee,2026-09-30T02:20:59Z
mecon_treasury_maturity_capital_row_15,2026-03-31,2027-09,monthly,capital,total,term,15,MEDIANO Y LARGO PLAZO,2898.813853,million_usd,official_projection,mecon_quarterly_treasury_maturity_profile,https://www.argentina.gob.ar/sites/default/files/deuda_publica_31-03-2026.xlsx,fad7687446da2e312d5f442e4d8e4fe53af87303a5fbdbe1030e8b241473aeee,2026-09-30T02:20:59Z
mecon_treasury_maturity_capital_loans,2026-03-31,2027-09,monthly,capital,loans,category,17,Préstamos,2016.769201,million_usd,official_projection,mecon_quarterly_treasury_maturity_profile,https://www.argentina.gob.ar/sites/default/files/deuda_publica_31-03-2026.xlsx,fad7687446da2e312d5f442e4d8e4fe53af87303a5fbdbe1030e8b241473aeee,2026-09-30T02:20:59Z
mecon_treasury_maturity_capital_row_18,2026-03-31,2027-09,monthly,capital,loans,detail,18,Organismos Internacionales,1654.781899,million_usd,official_projection,mecon_quarterly_treasury_maturity_profile,https://www.argentina.gob.ar/sites/default/files/deuda_publica_31-03-2026.xlsx,fad7687446da2e312d5f442e4d8e4fe53af87303a5fbdbe1030e8b241473aeee,2026-09-30T02:20:59Z
mecon_treasury_maturity_capital_row_19,2026-03-31,2027-09,monthly,capital,loans,detail,19,. BIRF,71.169574,million_usd,official_projection,mecon_quarterly_treasury_maturity_profile,https://www.argentina.gob.ar/sites/default/files/deuda_publica_31-03-2026.xlsx,fad7687446da2e312d5f442e4d8e4fe53af87303a5fbdbe1030e8b241473aeee,2026-09-30T02:20:59Z
mecon_treasury_maturity_capital_row_20,2026-03-31,2027-09,monthly,capital,loans,detail,20,. BID,262.575568,million_usd,official_projection,mecon_quarterly_treasury_maturity_profile,https://www.argentina.gob.ar/sites/default/files/deuda_publica_31-03-2026.xlsx,fad7687446da2e312d5f442e4d8e4fe53af87303a5fbdbe1030e8b241473aeee,2026-09-30T02:20:59Z
mecon_treasury_maturity_capital_row_21,2026-03-31,2027-09,monthly,capital,loans,detail,21,. FMI,1243.275012,million_usd,official_projection,mecon_quarterly_treasury_maturity_profile,https://www.argentina.gob.ar/sites/default/files/deuda_publica_31-03-2026.xlsx,fad7687446da2e312d5f442e4d8e4fe53af87303a5fbdbe1030e8b241473aeee,2026-09-30T02:20:59Z
mecon_treasury_maturity_capital_row_22,2026-03-31,2027-09,monthly,capital,loans,detail,22,. Otros,77.761746,million_usd,official_projection,mecon_quarterly_treasury_maturity_profile,https://www.argentina.gob.ar/sites/default/files/deuda_publica_31-03-2026.xlsx,fad7687446da2e312d5f442e4d8e4fe53af87303a5fbdbe1030e8b241473aeee,2026-09-30T02:20:59Z
mecon_treasury_maturity_capital_row_23,2026-03-31,2027-09,monthly,capital,loans,detail,23,Préstamos Garantizados,215.069384,million_usd,official_projection,mecon_quarterly_treasury_maturity_profile,https://www.argentina.gob.ar/sites/default/files/deuda_publica_31-03-2026.xlsx,fad7687446da2e312d5f442e4d8e4fe53af87303a5fbdbe1030e8b241473aeee,2026-09-30T02:20:59Z
mecon_treasury_maturity_capital_row_24,2026-03-31,2027-09,monthly,capital,loans,detail,24,. En moneda nacional ajustable por CER,215.069384,million_usd,official_projection,mecon_quarterly_treasury_maturity_profile,https://www.argentina.gob.ar/sites/default/files/deuda_publica_31-03-2026.xlsx,fad7687446da2e312d5f442e4d8e4fe53af87303a5fbdbe1030e8b241473aeee,2026-09-30T02:20:59Z
mecon_treasury_maturity_capital_row_27,2026-03-31,2027-09,monthly,capital,loans,detail,27,Organismos Oficiales,140.028398,million_usd,official_projection,mecon_quarterly_treasury_maturity_profile,https://www.argentina.gob.ar/sites/default/files/deuda_publica_31-03-2026.xlsx,fad7687446da2e312d5f442e4d8e4fe53af87303a5fbdbe1030e8b241473aeee,2026-09-30T02:20:59Z
mecon_treasury_maturity_capital_row_28,2026-03-31,2027-09,monthly,capital,loans,detail,28,Avales,6.889520,million_usd,official_projection,mecon_quarterly_treasury_maturity_profile,https://www.argentina.gob.ar/sites/default/files/deuda_publica_31-03-2026.xlsx,fad7687446da2e312d5f442e4d8e4fe53af87303a5fbdbe1030e8b241473aeee,2026-09-30T02:20:59Z
mecon_treasury_maturity_capital_row_30,2026-03-31,2027-09,monthly,capital,loans,detail,30,. En moneda extranjera,6.889520,million_usd,official_projection,mecon_quarterly_treasury_maturity_profile,https://www.argentina.gob.ar/sites/default/files/deuda_publica_31-03-2026.xlsx,fad7687446da2e312d5f442e4d8e4fe53af87303a5fbdbe1030e8b241473aeee,2026-09-30T02:20:59Z
mecon_treasury_maturity_capital_bcra_advances,2026-03-31,2027-09,monthly,capital,bcra_advances,category,32,Adelantos transitorios BCRA,0.000000,million_usd,official_projection,mecon_quarterly_treasury_maturity_profile,https://www.argentina.gob.ar/sites/default/files/deuda_publica_31-03-2026.xlsx,fad7687446da2e312d5f442e4d8e4fe53af87303a5fbdbe1030e8b241473aeee,2026-09-30T02:20:59Z
mecon_treasury_maturity_capital_securities,2026-03-31,2027-09,monthly,capital,securities,category,34,Títulos públicos y Letras del Tesoro,882.044652,million_usd,official_projection,mecon_quarterly_treasury_maturity_profile,https://www.argentina.gob.ar/sites/default/files/deuda_publica_31-03-2026.xlsx,fad7687446da2e312d5f442e4d8e4fe53af87303a5fbdbe1030e8b241473aeee,2026-09-30T02:20:59Z
mecon_treasury_maturity_capital_row_53,2026-03-31,2027-09,monthly,capital,securities,detail,53,"BONAR/$/6,72763943919512%/31-12-2028",0.269124,million_usd,official_projection,mecon_quarterly_treasury_maturity_profile,https://www.argentina.gob.ar/sites/default/files/deuda_publica_31-03-2026.xlsx,fad7687446da2e312d5f442e4d8e4fe53af87303a5fbdbe1030e8b241473aeee,2026-09-30T02:20:59Z
mecon_treasury_maturity_capital_row_76,2026-03-31,2027-09,monthly,capital,securities,detail,76,BONCER/$/0%+CER/30-09-2027,881.239528,million_usd,official_projection,mecon_quarterly_treasury_maturity_profile,https://www.argentina.gob.ar/sites/default/files/deuda_publica_31-03-2026.xlsx,fad7687446da2e312d5f442e4d8e4fe53af87303a5fbdbe1030e8b241473aeee,2026-09-30T02:20:59Z
mecon_treasury_maturity_capital_row_94,2026-03-31,2027-09,monthly,capital,securities,detail,94,OTROS (1),0.536000,million_usd,official_projection,mecon_quarterly_treasury_maturity_profile,https://www.argentina.gob.ar/sites/default/files/deuda_publica_31-03-2026.xlsx,fad7687446da2e312d5f442e4d8e4fe53af87303a5fbdbe1030e8b241473aeee,2026-09-30T02:20:59Z
mecon_treasury_maturity_capital_row_101,2026-03-31,2027-09,monthly,capital,securities,detail,101,En moneda extranjera,0.536000,million_usd,official_projection,mecon_quarterly_treasury_maturity_profile,https://www.argentina.gob.ar/sites/default/files/deuda_publica_31-03-2026.xlsx,fad7687446da2e312d5f442e4d8e4fe53af87303a5fbdbe1030e8b241473aeee,2026-09-30T02:20:59Z
mecon_treasury_maturity_capital_row_103,2026-03-31,2027-09,monthly,capital,securities,detail,103,· Otros,0.536000,million_usd,official_projection,mecon_quarterly_treasury_maturity_profile,https://www.argentina.gob.ar/sites/default/files/deuda_publica_31-03-2026.xlsx,fad7687446da2e312d5f442e4d8e4fe53af87303a5fbdbe1030e8b241473aeee,2026-09-30T02:20:59Z
mecon_treasury_maturity_capital_row_106,2026-03-31,2027-09,monthly,capital,securities,detail,106,TOTAL DEUDA DENOMINADA EN PESOS,1096.578035,million_usd,official_projection,mecon_quarterly_treasury_maturity_profile,https://www.argentina.gob.ar/sites/default/files/deuda_publica_31-03-2026.xlsx,fad7687446da2e312d5f442e4d8e4fe53af87303a5fbdbe1030e8b241473aeee,2026-09-30T02:20:59Z
mecon_treasury_maturity_capital_row_107,2026-03-31,2027-09,monthly,capital,securities,detail,107,· Deuda ajustable por CER,1096.308911,million_usd,official_projection,mecon_quarterly_treasury_maturity_profile,https://www.argentina.gob.ar/sites/default/files/deuda_publica_31-03-2026.xlsx,fad7687446da2e312d5f442e4d8e4fe53af87303a5fbdbe1030e8b241473aeee,2026-09-30T02:20:59Z
mecon_treasury_maturity_capital_row_108,2026-03-31,2027-09,monthly,capital,securities,detail,108,· Deuda no ajustable por CER,0.269124,million_usd,official_projection,mecon_quarterly_treasury_maturity_profile,https://www.argentina.gob.ar/sites/default/files/deuda_publica_31-03-2026.xlsx,fad7687446da2e312d5f442e4d8e4fe53af87303a5fbdbe1030e8b241473aeee,2026-09-30T02:20:59Z
mecon_treasury_maturity_capital_row_109,2026-03-31,2027-09,monthly,capital,securities,detail,109,TOTAL DEUDA EN MONEDA EXTRANJERA,1802.235818,million_usd,official_projection,mecon_quarterly_treasury_maturity_profile,https://www.argentina.gob.ar/sites/default/files/deuda_publica_31-03-2026.xlsx,fad7687446da2e312d5f442e4d8e4fe53af87303a5fbdbe1030e8b241473aeee,2026-09-30T02:20:59Z
mecon_treasury_maturity_interest_total,2026-03-31,2027-09,monthly,interest,total,total,13,Total,331.643026,million_usd,official_projection,mecon_quarterly_treasury_maturity_profile,https://www.argentina.gob.ar/sites/default/files/deuda_publica_31-03-2026.xlsx,fad7687446da2e312d5f442e4d8e4fe53af87303a5fbdbe1030e8b241473aeee,2026-09-30T02:20:59Z
mecon_treasury_maturity_interest_row_15,2026-03-31,2027-09,monthly,interest,total,term,15,MEDIANO Y LARGO PLAZO,331.643026,million_usd,official_projection,mecon_quarterly_treasury_maturity_profile,https://www.argentina.gob.ar/sites/default/files/deuda_publica_31-03-2026.xlsx,fad7687446da2e312d5f442e4d8e4fe53af87303a5fbdbe1030e8b241473aeee,2026-09-30T02:20:59Z
mecon_treasury_maturity_interest_loans,2026-03-31,2027-09,monthly,interest,loans,category,17,Préstamos,244.671717,million_usd,official_projection,mecon_quarterly_treasury_maturity_profile,https://www.argentina.gob.ar/sites/default/files/deuda_publica_31-03-2026.xlsx,fad7687446da2e312d5f442e4d8e4fe53af87303a5fbdbe1030e8b241473aeee,2026-09-30T02:20:59Z
mecon_treasury_maturity_interest_row_18,2026-03-31,2027-09,monthly,interest,loans,detail,18,Organismos Internacionales,224.738770,million_usd,official_projection,mecon_quarterly_treasury_maturity_profile,https://www.argentina.gob.ar/sites/default/files/deuda_publica_31-03-2026.xlsx,fad7687446da2e312d5f442e4d8e4fe53af87303a5fbdbe1030e8b241473aeee,2026-09-30T02:20:59Z
mecon_treasury_maturity_interest_row_19,2026-03-31,2027-09,monthly,interest,loans,detail,19,. BIRF,60.643707,million_usd,official_projection,mecon_quarterly_treasury_maturity_profile,https://www.argentina.gob.ar/sites/default/files/deuda_publica_31-03-2026.xlsx,fad7687446da2e312d5f442e4d8e4fe53af87303a5fbdbe1030e8b241473aeee,2026-09-30T02:20:59Z
mecon_treasury_maturity_interest_row_20,2026-03-31,2027-09,monthly,interest,loans,detail,20,. BID,109.645916,million_usd,official_projection,mecon_quarterly_treasury_maturity_profile,https://www.argentina.gob.ar/sites/default/files/deuda_publica_31-03-2026.xlsx,fad7687446da2e312d5f442e4d8e4fe53af87303a5fbdbe1030e8b241473aeee,2026-09-30T02:20:59Z
mecon_treasury_maturity_interest_row_22,2026-03-31,2027-09,monthly,interest,loans,detail,22,. Otros,54.449146,million_usd,official_projection,mecon_quarterly_treasury_maturity_profile,https://www.argentina.gob.ar/sites/default/files/deuda_publica_31-03-2026.xlsx,fad7687446da2e312d5f442e4d8e4fe53af87303a5fbdbe1030e8b241473aeee,2026-09-30T02:20:59Z
mecon_treasury_maturity_interest_row_23,2026-03-31,2027-09,monthly,interest,loans,detail,23,Préstamos Garantizados,4.534000,million_usd,official_projection,mecon_quarterly_treasury_maturity_profile,https://www.argentina.gob.ar/sites/default/files/deuda_publica_31-03-2026.xlsx,fad7687446da2e312d5f442e4d8e4fe53af87303a5fbdbe1030e8b241473aeee,2026-09-30T02:20:59Z
mecon_treasury_maturity_interest_row_24,2026-03-31,2027-09,monthly,interest,loans,detail,24,. En moneda nacional ajustable por CER,4.534000,million_usd,official_projection,mecon_quarterly_treasury_maturity_profile,https://www.argentina.gob.ar/sites/default/files/deuda_publica_31-03-2026.xlsx,fad7687446da2e312d5f442e4d8e4fe53af87303a5fbdbe1030e8b241473aeee,2026-09-30T02:20:59Z
mecon_treasury_maturity_interest_row_27,2026-03-31,2027-09,monthly,interest,loans,detail,27,Organismos Oficiales,10.551102,million_usd,official_projection,mecon_quarterly_treasury_maturity_profile,https://www.argentina.gob.ar/sites/default/files/deuda_publica_31-03-2026.xlsx,fad7687446da2e312d5f442e4d8e4fe53af87303a5fbdbe1030e8b241473aeee,2026-09-30T02:20:59Z
mecon_treasury_maturity_interest_row_28,2026-03-31,2027-09,monthly,interest,loans,detail,28,Pagarés del Tesoro,4.737736,million_usd,official_projection,mecon_quarterly_treasury_maturity_profile,https://www.argentina.gob.ar/sites/default/files/deuda_publica_31-03-2026.xlsx,fad7687446da2e312d5f442e4d8e4fe53af87303a5fbdbe1030e8b241473aeee,2026-09-30T02:20:59Z
mecon_treasury_maturity_interest_row_29,2026-03-31,2027-09,monthly,interest,loans,detail,29,. En moneda nacional ajustable por CER,4.737736,million_usd,official_projection,mecon_quarterly_treasury_maturity_profile,https://www.argentina.gob.ar/sites/default/files/deuda_publica_31-03-2026.xlsx,fad7687446da2e312d5f442e4d8e4fe53af87303a5fbdbe1030e8b241473aeee,2026-09-30T02:20:59Z
mecon_treasury_maturity_interest_row_30,2026-03-31,2027-09,monthly,interest,loans,detail,30,Pagaré 2038 - B.N.A.,4.737736,million_usd,official_projection,mecon_quarterly_treasury_maturity_profile,https://www.argentina.gob.ar/sites/default/files/deuda_publica_31-03-2026.xlsx,fad7687446da2e312d5f442e4d8e4fe53af87303a5fbdbe1030e8b241473aeee,2026-09-30T02:20:59Z
mecon_treasury_maturity_interest_row_31,2026-03-31,2027-09,monthly,interest,loans,detail,31,Avales,0.110109,million_usd,official_projection,mecon_quarterly_treasury_maturity_profile,https://www.argentina.gob.ar/sites/default/files/deuda_publica_31-03-2026.xlsx,fad7687446da2e312d5f442e4d8e4fe53af87303a5fbdbe1030e8b241473aeee,2026-09-30T02:20:59Z
mecon_treasury_maturity_interest_row_33,2026-03-31,2027-09,monthly,interest,loans,detail,33,. En moneda extranjera,0.110109,million_usd,official_projection,mecon_quarterly_treasury_maturity_profile,https://www.argentina.gob.ar/sites/default/files/deuda_publica_31-03-2026.xlsx,fad7687446da2e312d5f442e4d8e4fe53af87303a5fbdbe1030e8b241473aeee,2026-09-30T02:20:59Z
mecon_treasury_maturity_interest_securities,2026-03-31,2027-09,monthly,interest,securities,category,35,Títulos públicos y Letras del Tesoro,86.971309,million_usd,official_projection,mecon_quarterly_treasury_maturity_profile,https://www.argentina.gob.ar/sites/default/files/deuda_publica_31-03-2026.xlsx,fad7687446da2e312d5f442e4d8e4fe53af87303a5fbdbe1030e8b241473aeee,2026-09-30T02:20:59Z
mecon_treasury_maturity_interest_row_36,2026-03-31,2027-09,monthly,interest,securities,detail,36,PAR,21.319521,million_usd,official_projection,mecon_quarterly_treasury_maturity_profile,https://www.argentina.gob.ar/sites/default/files/deuda_publica_31-03-2026.xlsx,fad7687446da2e312d5f442e4d8e4fe53af87303a5fbdbe1030e8b241473aeee,2026-09-30T02:20:59Z
mecon_treasury_maturity_interest_row_37,2026-03-31,2027-09,monthly,interest,securities,detail,37,Par/$+CER/T.Fija/2038,9.170937,million_usd,official_projection,mecon_quarterly_treasury_maturity_profile,https://www.argentina.gob.ar/sites/default/files/deuda_publica_31-03-2026.xlsx,fad7687446da2e312d5f442e4d8e4fe53af87303a5fbdbe1030e8b241473aeee,2026-09-30T02:20:59Z
mecon_treasury_maturity_interest_row_38,2026-03-31,2027-09,monthly,interest,securities,detail,38,Emisión Canje 2005,9.134608,million_usd,official_projection,mecon_quarterly_treasury_maturity_profile,https://www.argentina.gob.ar/sites/default/files/deuda_publica_31-03-2026.xlsx,fad7687446da2e312d5f442e4d8e4fe53af87303a5fbdbe1030e8b241473aeee,2026-09-30T02:20:59Z
mecon_treasury_maturity_interest_row_39,2026-03-31,2027-09,monthly,interest,securities,detail,39,Emisión Canje 2010,0.036328,million_usd,official_projection,mecon_quarterly_treasury_maturity_profile,https://www.argentina.gob.ar/sites/default/files/deuda_publica_31-03-2026.xlsx,fad7687446da2e312d5f442e4d8e4fe53af87303a5fbdbe1030e8b241473aeee,2026-09-30T02:20:59Z
mecon_treasury_maturity_interest_row_40,2026-03-31,2027-09,monthly,interest,securities,detail,40,Par/U$S/T.Fija/2038,0.671617,million_usd,official_projection,mecon_quarterly_treasury_maturity_profile,https://www.argentina.gob.ar/sites/default/files/deuda_publica_31-03-2026.xlsx,fad7687446da2e312d5f442e4d8e4fe53af87303a5fbdbe1030e8b241473aeee,2026-09-30T02:20:59Z
mecon_treasury_maturity_interest_row_41,2026-03-31,2027-09,monthly,interest,securities,detail,41,Emisión Canje 2010,0.671617,million_usd,official_projection,mecon_quarterly_treasury_maturity_profile,https://www.argentina.gob.ar/sites/default/files/deuda_publica_31-03-2026.xlsx,fad7687446da2e312d5f442e4d8e4fe53af87303a5fbdbe1030e8b241473aeee,2026-09-30T02:20:59Z
mecon_treasury_maturity_interest_row_42,2026-03-31,2027-09,monthly,interest,securities,detail,42,Leg. Nueva York,0.671617,million_usd,official_projection,mecon_quarterly_treasury_maturity_profile,https://www.argentina.gob.ar/sites/default/files/deuda_publica_31-03-2026.xlsx,fad7687446da2e312d5f442e4d8e4fe53af87303a5fbdbe1030e8b241473aeee,2026-09-30T02:20:59Z
mecon_treasury_maturity_interest_row_43,2026-03-31,2027-09,monthly,interest,securities,detail,43,Par/EUR/T.Fija/2038,11.094527,million_usd,official_projection,mecon_quarterly_treasury_maturity_profile,https://www.argentina.gob.ar/sites/default/files/deuda_publica_31-03-2026.xlsx,fad7687446da2e312d5f442e4d8e4fe53af87303a5fbdbe1030e8b241473aeee,2026-09-30T02:20:59Z
mecon_treasury_maturity_interest_row_44,2026-03-31,2027-09,monthly,interest,securities,detail,44,Emisión Canje 2010,11.094527,million_usd,official_projection,mecon_quarterly_treasury_maturity_profile,https://www.argentina.gob.ar/sites/default/files/deuda_publica_31-03-2026.xlsx,fad7687446da2e312d5f442e4d8e4fe53af87303a5fbdbe1030e8b241473aeee,2026-09-30T02:20:59Z
mecon_treasury_maturity_interest_row_45,2026-03-31,2027-09,monthly,interest,securities,detail,45,Par/JPY/T.Fija/2038,0.382440,million_usd,official_projection,mecon_quarterly_treasury_maturity_profile,https://www.argentina.gob.ar/sites/default/files/deuda_publica_31-03-2026.xlsx,fad7687446da2e312d5f442e4d8e4fe53af87303a5fbdbe1030e8b241473aeee,2026-09-30T02:20:59Z
mecon_treasury_maturity_interest_row_46,2026-03-31,2027-09,monthly,interest,securities,detail,46,Emisión Canje 2005,0.364417,million_usd,official_projection,mecon_quarterly_treasury_maturity_profile,https://www.argentina.gob.ar/sites/default/files/deuda_publica_31-03-2026.xlsx,fad7687446da2e312d5f442e4d8e4fe53af87303a5fbdbe1030e8b241473aeee,2026-09-30T02:20:59Z
mecon_treasury_maturity_interest_row_47,2026-03-31,2027-09,monthly,interest,securities,detail,47,Emisión Canje 2010,0.018023,million_usd,official_projection,mecon_quarterly_treasury_maturity_profile,https://www.argentina.gob.ar/sites/default/files/deuda_publica_31-03-2026.xlsx,fad7687446da2e312d5f442e4d8e4fe53af87303a5fbdbe1030e8b241473aeee,2026-09-30T02:20:59Z
mecon_treasury_maturity_interest_row_56,2026-03-31,2027-09,monthly,interest,securities,detail,56,"BONAR/$/6,72763943919512%/31-12-2028",0.025183,million_usd,official_projection,mecon_quarterly_treasury_maturity_profile,https://www.argentina.gob.ar/sites/default/files/deuda_publica_31-03-2026.xlsx,fad7687446da2e312d5f442e4d8e4fe53af87303a5fbdbe1030e8b241473aeee,2026-09-30T02:20:59Z
mecon_treasury_maturity_interest_row_57,2026-03-31,2027-09,monthly,interest,securities,detail,57,BONAR DUAL 2036/DLK/29-09-2036,9.613117,million_usd,official_projection,mecon_quarterly_treasury_maturity_profile,https://www.argentina.gob.ar/sites/default/files/deuda_publica_31-03-2026.xlsx,fad7687446da2e312d5f442e4d8e4fe53af87303a5fbdbe1030e8b241473aeee,2026-09-30T02:20:59Z
mecon_treasury_maturity_interest_row_58,2026-03-31,2027-09,monthly,interest,securities,detail,58,BONAR/U$S/6%/29-10-2027,3.726852,million_usd,official_projection,mecon_quarterly_treasury_maturity_profile,https://www.argentina.gob.ar/sites/default/files/deuda_publica_31-03-2026.xlsx,fad7687446da2e312d5f442e4d8e4fe53af87303a5fbdbe1030e8b241473aeee,2026-09-30T02:20:59Z
mecon_treasury_maturity_interest_row_59,2026-03-31,2027-09,monthly,interest,securities,detail,59,BONAR/U$S/6%/31-10-2028,0.930772,million_usd,official_projection,mecon_quarterly_treasury_maturity_profile,https://www.argentina.gob.ar/sites/default/files/deuda_publica_31-03-2026.xlsx,fad7687446da2e312d5f442e4d8e4fe53af87303a5fbdbe1030e8b241473aeee,2026-09-30T02:20:59Z
mecon_treasury_maturity_interest_row_89,2026-03-31,2027-09,monthly,interest,securities,detail,89,LETRA INTRANSFERIBLE - BCRA,51.329734,million_usd,official_projection,mecon_quarterly_treasury_maturity_profile,https://www.argentina.gob.ar/sites/default/files/deuda_publica_31-03-2026.xlsx,fad7687446da2e312d5f442e4d8e4fe53af87303a5fbdbe1030e8b241473aeee,2026-09-30T02:20:59Z
mecon_treasury_maturity_interest_row_93,2026-03-31,2027-09,monthly,interest,securities,detail,93,OTROS (1),0.026130,million_usd,official_projection,mecon_quarterly_treasury_maturity_profile,https://www.argentina.gob.ar/sites/default/files/deuda_publica_31-03-2026.xlsx,fad7687446da2e312d5f442e4d8e4fe53af87303a5fbdbe1030e8b241473aeee,2026-09-30T02:20:59Z
mecon_treasury_maturity_interest_row_99,2026-03-31,2027-09,monthly,interest,securities,detail,99,. En moneda extranjera,0.026130,million_usd,official_projection,mecon_quarterly_treasury_maturity_profile,https://www.argentina.gob.ar/sites/default/files/deuda_publica_31-03-2026.xlsx,fad7687446da2e312d5f442e4d8e4fe53af87303a5fbdbe1030e8b241473aeee,2026-09-30T02:20:59Z
mecon_treasury_maturity_interest_row_100,2026-03-31,2027-09,monthly,interest,securities,detail,100,· Otros,0.026130,million_usd,official_projection,mecon_quarterly_treasury_maturity_profile,https://www.argentina.gob.ar/sites/default/files/deuda_publica_31-03-2026.xlsx,fad7687446da2e312d5f442e4d8e4fe53af87303a5fbdbe1030e8b241473aeee,2026-09-30T02:20:59Z
mecon_treasury_maturity_interest_row_102,2026-03-31,2027-09,monthly,interest,securities,detail,102,TOTAL DEUDA DENOMINADA EN PESOS,28.080973,million_usd,official_projection,mecon_quarterly_treasury_maturity_profile,https://www.argentina.gob.ar/sites/default/files/deuda_publica_31-03-2026.xlsx,fad7687446da2e312d5f442e4d8e4fe53af87303a5fbdbe1030e8b241473aeee,2026-09-30T02:20:59Z
mecon_treasury_maturity_interest_row_103,2026-03-31,2027-09,monthly,interest,securities,detail,103,· Deuda ajustable por CER,18.442673,million_usd,official_projection,mecon_quarterly_treasury_maturity_profile,https://www.argentina.gob.ar/sites/default/files/deuda_publica_31-03-2026.xlsx,fad7687446da2e312d5f442e4d8e4fe53af87303a5fbdbe1030e8b241473aeee,2026-09-30T02:20:59Z
mecon_treasury_maturity_interest_row_104,2026-03-31,2027-09,monthly,interest,securities,detail,104,· Deuda no ajustable por CER,9.638300,million_usd,official_projection,mecon_quarterly_treasury_maturity_profile,https://www.argentina.gob.ar/sites/default/files/deuda_publica_31-03-2026.xlsx,fad7687446da2e312d5f442e4d8e4fe53af87303a5fbdbe1030e8b241473aeee,2026-09-30T02:20:59Z
mecon_treasury_maturity_interest_row_105,2026-03-31,2027-09,monthly,interest,securities,detail,105,TOTAL DEUDA EN MONEDA EXTRANJERA,303.562053,million_usd,official_projection,mecon_quarterly_treasury_maturity_profile,https://www.argentina.gob.ar/sites/default/files/deuda_publica_31-03-2026.xlsx,fad7687446da2e312d5f442e4d8e4fe53af87303a5fbdbe1030e8b241473aeee,2026-09-30T02:20:59Z
mecon_treasury_maturity_capital_total,2026-03-31,2027-10,monthly,capital,total,total,13,Total,1309.975773,million_usd,official_projection,mecon_quarterly_treasury_maturity_profile,https://www.argentina.gob.ar/sites/default/files/deuda_publica_31-03-2026.xlsx,fad7687446da2e312d5f442e4d8e4fe53af87303a5fbdbe1030e8b241473aeee,2026-09-30T02:20:59Z
mecon_treasury_maturity_capital_row_15,2026-03-31,2027-10,monthly,capital,total,term,15,MEDIANO Y LARGO PLAZO,1309.975773,million_usd,official_projection,mecon_quarterly_treasury_maturity_profile,https://www.argentina.gob.ar/sites/default/files/deuda_publica_31-03-2026.xlsx,fad7687446da2e312d5f442e4d8e4fe53af87303a5fbdbe1030e8b241473aeee,2026-09-30T02:20:59Z
mecon_treasury_maturity_capital_loans,2026-03-31,2027-10,monthly,capital,loans,category,17,Préstamos,564.334643,million_usd,official_projection,mecon_quarterly_treasury_maturity_profile,https://www.argentina.gob.ar/sites/default/files/deuda_publica_31-03-2026.xlsx,fad7687446da2e312d5f442e4d8e4fe53af87303a5fbdbe1030e8b241473aeee,2026-09-30T02:20:59Z
mecon_treasury_maturity_capital_row_18,2026-03-31,2027-10,monthly,capital,loans,detail,18,Organismos Internacionales,544.759575,million_usd,official_projection,mecon_quarterly_treasury_maturity_profile,https://www.argentina.gob.ar/sites/default/files/deuda_publica_31-03-2026.xlsx,fad7687446da2e312d5f442e4d8e4fe53af87303a5fbdbe1030e8b241473aeee,2026-09-30T02:20:59Z
mecon_treasury_maturity_capital_row_19,2026-03-31,2027-10,monthly,capital,loans,detail,19,. BIRF,69.910622,million_usd,official_projection,mecon_quarterly_treasury_maturity_profile,https://www.argentina.gob.ar/sites/default/files/deuda_publica_31-03-2026.xlsx,fad7687446da2e312d5f442e4d8e4fe53af87303a5fbdbe1030e8b241473aeee,2026-09-30T02:20:59Z
mecon_treasury_maturity_capital_row_20,2026-03-31,2027-10,monthly,capital,loans,detail,20,. BID,68.057037,million_usd,official_projection,mecon_quarterly_treasury_maturity_profile,https://www.argentina.gob.ar/sites/default/files/deuda_publica_31-03-2026.xlsx,fad7687446da2e312d5f442e4d8e4fe53af87303a5fbdbe1030e8b241473aeee,2026-09-30T02:20:59Z
mecon_treasury_maturity_capital_row_21,2026-03-31,2027-10,monthly,capital,loans,detail,21,. FMI,339.075003,million_usd,official_projection,mecon_quarterly_treasury_maturity_profile,https://www.argentina.gob.ar/sites/default/files/deuda_publica_31-03-2026.xlsx,fad7687446da2e312d5f442e4d8e4fe53af87303a5fbdbe1030e8b241473aeee,2026-09-30T02:20:59Z
mecon_treasury_maturity_capital_row_22,2026-03-31,2027-10,monthly,capital,loans,detail,22,. Otros,67.716913,million_usd,official_projection,mecon_quarterly_treasury_maturity_profile,https://www.argentina.gob.ar/sites/default/files/deuda_publica_31-03-2026.xlsx,fad7687446da2e312d5f442e4d8e4fe53af87303a5fbdbe1030e8b241473aeee,2026-09-30T02:20:59Z
mecon_treasury_maturity_capital_row_25,2026-03-31,2027-10,monthly,capital,loans,detail,25,Banca Comercial,7.897800,million_usd,official_projection,mecon_quarterly_treasury_maturity_profile,https://www.argentina.gob.ar/sites/default/files/deuda_publica_31-03-2026.xlsx,fad7687446da2e312d5f442e4d8e4fe53af87303a5fbdbe1030e8b241473aeee,2026-09-30T02:20:59Z
mecon_treasury_maturity_capital_row_26,2026-03-31,2027-10,monthly,capital,loans,detail,26,. En moneda extranjera,7.897800,million_usd,official_projection,mecon_quarterly_treasury_maturity_profile,https://www.argentina.gob.ar/sites/default/files/deuda_publica_31-03-2026.xlsx,fad7687446da2e312d5f442e4d8e4fe53af87303a5fbdbe1030e8b241473aeee,2026-09-30T02:20:59Z
mecon_treasury_maturity_capital_row_27,2026-03-31,2027-10,monthly,capital,loans,detail,27,Organismos Oficiales,5.076331,million_usd,official_projection,mecon_quarterly_treasury_maturity_profile,https://www.argentina.gob.ar/sites/default/files/deuda_publica_31-03-2026.xlsx,fad7687446da2e312d5f442e4d8e4fe53af87303a5fbdbe1030e8b241473aeee,2026-09-30T02:20:59Z
mecon_treasury_maturity_capital_row_28,2026-03-31,2027-10,monthly,capital,loans,detail,28,Avales,6.600938,million_usd,official_projection,mecon_quarterly_treasury_maturity_profile,https://www.argentina.gob.ar/sites/default/files/deuda_publica_31-03-2026.xlsx,fad7687446da2e312d5f442e4d8e4fe53af87303a5fbdbe1030e8b241473aeee,2026-09-30T02:20:59Z
mecon_treasury_maturity_capital_row_30,2026-03-31,2027-10,monthly,capital,loans,detail,30,. En moneda extranjera,6.600938,million_usd,official_projection,mecon_quarterly_treasury_maturity_profile,https://www.argentina.gob.ar/sites/default/files/deuda_publica_31-03-2026.xlsx,fad7687446da2e312d5f442e4d8e4fe53af87303a5fbdbe1030e8b241473aeee,2026-09-30T02:20:59Z
mecon_treasury_maturity_capital_bcra_advances,2026-03-31,2027-10,monthly,capital,bcra_advances,category,32,Adelantos transitorios BCRA,0.000000,million_usd,official_projection,mecon_quarterly_treasury_maturity_profile,https://www.argentina.gob.ar/sites/default/files/deuda_publica_31-03-2026.xlsx,fad7687446da2e312d5f442e4d8e4fe53af87303a5fbdbe1030e8b241473aeee,2026-09-30T02:20:59Z
mecon_treasury_maturity_capital_securities,2026-03-31,2027-10,monthly,capital,securities,category,34,Títulos públicos y Letras del Tesoro,745.641130,million_usd,official_projection,mecon_quarterly_treasury_maturity_profile,https://www.argentina.gob.ar/sites/default/files/deuda_publica_31-03-2026.xlsx,fad7687446da2e312d5f442e4d8e4fe53af87303a5fbdbe1030e8b241473aeee,2026-09-30T02:20:59Z
mecon_treasury_maturity_capital_row_53,2026-03-31,2027-10,monthly,capital,securities,detail,53,"BONAR/$/6,72763943919512%/31-12-2028",0.270633,million_usd,official_projection,mecon_quarterly_treasury_maturity_profile,https://www.argentina.gob.ar/sites/default/files/deuda_publica_31-03-2026.xlsx,fad7687446da2e312d5f442e4d8e4fe53af87303a5fbdbe1030e8b241473aeee,2026-09-30T02:20:59Z
mecon_treasury_maturity_capital_row_54,2026-03-31,2027-10,monthly,capital,securities,detail,54,BONAR/U$S/6%/29-10-2027,745.370497,million_usd,official_projection,mecon_quarterly_treasury_maturity_profile,https://www.argentina.gob.ar/sites/default/files/deuda_publica_31-03-2026.xlsx,fad7687446da2e312d5f442e4d8e4fe53af87303a5fbdbe1030e8b241473aeee,2026-09-30T02:20:59Z
mecon_treasury_maturity_capital_row_106,2026-03-31,2027-10,monthly,capital,securities,detail,106,TOTAL DEUDA DENOMINADA EN PESOS,0.270633,million_usd,official_projection,mecon_quarterly_treasury_maturity_profile,https://www.argentina.gob.ar/sites/default/files/deuda_publica_31-03-2026.xlsx,fad7687446da2e312d5f442e4d8e4fe53af87303a5fbdbe1030e8b241473aeee,2026-09-30T02:20:59Z
mecon_treasury_maturity_capital_row_108,2026-03-31,2027-10,monthly,capital,securities,detail,108,· Deuda no ajustable por CER,0.270633,million_usd,official_projection,mecon_quarterly_treasury_maturity_profile,https://www.argentina.gob.ar/sites/default/files/deuda_publica_31-03-2026.xlsx,fad7687446da2e312d5f442e4d8e4fe53af87303a5fbdbe1030e8b241473aeee,2026-09-30T02:20:59Z
mecon_treasury_maturity_capital_row_109,2026-03-31,2027-10,monthly,capital,securities,detail,109,TOTAL DEUDA EN MONEDA EXTRANJERA,1309.705140,million_usd,official_projection,mecon_quarterly_treasury_maturity_profile,https://www.argentina.gob.ar/sites/default/files/deuda_publica_31-03-2026.xlsx,fad7687446da2e312d5f442e4d8e4fe53af87303a5fbdbe1030e8b241473aeee,2026-09-30T02:20:59Z
mecon_treasury_maturity_interest_total,2026-03-31,2027-10,monthly,interest,total,total,13,Total,260.990509,million_usd,official_projection,mecon_quarterly_treasury_maturity_profile,https://www.argentina.gob.ar/sites/default/files/deuda_publica_31-03-2026.xlsx,fad7687446da2e312d5f442e4d8e4fe53af87303a5fbdbe1030e8b241473aeee,2026-09-30T02:20:59Z
mecon_treasury_maturity_interest_row_15,2026-03-31,2027-10,monthly,interest,total,term,15,MEDIANO Y LARGO PLAZO,260.990509,million_usd,official_projection,mecon_quarterly_treasury_maturity_profile,https://www.argentina.gob.ar/sites/default/files/deuda_publica_31-03-2026.xlsx,fad7687446da2e312d5f442e4d8e4fe53af87303a5fbdbe1030e8b241473aeee,2026-09-30T02:20:59Z
mecon_treasury_maturity_interest_loans,2026-03-31,2027-10,monthly,interest,loans,category,17,Préstamos,212.677010,million_usd,official_projection,mecon_quarterly_treasury_maturity_profile,https://www.argentina.gob.ar/sites/default/files/deuda_publica_31-03-2026.xlsx,fad7687446da2e312d5f442e4d8e4fe53af87303a5fbdbe1030e8b241473aeee,2026-09-30T02:20:59Z
mecon_treasury_maturity_interest_row_18,2026-03-31,2027-10,monthly,interest,loans,detail,18,Organismos Internacionales,207.025683,million_usd,official_projection,mecon_quarterly_treasury_maturity_profile,https://www.argentina.gob.ar/sites/default/files/deuda_publica_31-03-2026.xlsx,fad7687446da2e312d5f442e4d8e4fe53af87303a5fbdbe1030e8b241473aeee,2026-09-30T02:20:59Z
mecon_treasury_maturity_interest_row_19,2026-03-31,2027-10,monthly,interest,loans,detail,19,. BIRF,116.643171,million_usd,official_projection,mecon_quarterly_treasury_maturity_profile,https://www.argentina.gob.ar/sites/default/files/deuda_publica_31-03-2026.xlsx,fad7687446da2e312d5f442e4d8e4fe53af87303a5fbdbe1030e8b241473aeee,2026-09-30T02:20:59Z
mecon_treasury_maturity_interest_row_20,2026-03-31,2027-10,monthly,interest,loans,detail,20,. BID,51.988373,million_usd,official_projection,mecon_quarterly_treasury_maturity_profile,https://www.argentina.gob.ar/sites/default/files/deuda_publica_31-03-2026.xlsx,fad7687446da2e312d5f442e4d8e4fe53af87303a5fbdbe1030e8b241473aeee,2026-09-30T02:20:59Z
mecon_treasury_maturity_interest_row_22,2026-03-31,2027-10,monthly,interest,loans,detail,22,. Otros,38.394139,million_usd,official_projection,mecon_quarterly_treasury_maturity_profile,https://www.argentina.gob.ar/sites/default/files/deuda_publica_31-03-2026.xlsx,fad7687446da2e312d5f442e4d8e4fe53af87303a5fbdbe1030e8b241473aeee,2026-09-30T02:20:59Z
mecon_treasury_maturity_interest_row_23,2026-03-31,2027-10,monthly,interest,loans,detail,23,Préstamos Garantizados,3.528578,million_usd,official_projection,mecon_quarterly_treasury_maturity_profile,https://www.argentina.gob.ar/sites/default/files/deuda_publica_31-03-2026.xlsx,fad7687446da2e312d5f442e4d8e4fe53af87303a5fbdbe1030e8b241473aeee,2026-09-30T02:20:59Z
mecon_treasury_maturity_interest_row_24,2026-03-31,2027-10,monthly,interest,loans,detail,24,. En moneda nacional ajustable por CER,3.528578,million_usd,official_projection,mecon_quarterly_treasury_maturity_profile,https://www.argentina.gob.ar/sites/default/files/deuda_publica_31-03-2026.xlsx,fad7687446da2e312d5f442e4d8e4fe53af87303a5fbdbe1030e8b241473aeee,2026-09-30T02:20:59Z
mecon_treasury_maturity_interest_row_25,2026-03-31,2027-10,monthly,interest,loans,detail,25,Banca Comercial,0.564485,million_usd,official_projection,mecon_quarterly_treasury_maturity_profile,https://www.argentina.gob.ar/sites/default/files/deuda_publica_31-03-2026.xlsx,fad7687446da2e312d5f442e4d8e4fe53af87303a5fbdbe1030e8b241473aeee,2026-09-30T02:20:59Z
mecon_treasury_maturity_interest_row_26,2026-03-31,2027-10,monthly,interest,loans,detail,26,. En moneda extranjera,0.564485,million_usd,official_projection,mecon_quarterly_treasury_maturity_profile,https://www.argentina.gob.ar/sites/default/files/deuda_publica_31-03-2026.xlsx,fad7687446da2e312d5f442e4d8e4fe53af87303a5fbdbe1030e8b241473aeee,2026-09-30T02:20:59Z
mecon_treasury_maturity_interest_row_27,2026-03-31,2027-10,monthly,interest,loans,detail,27,Organismos Oficiales,1.511451,million_usd,official_projection,mecon_quarterly_treasury_maturity_profile,https://www.argentina.gob.ar/sites/default/files/deuda_publica_31-03-2026.xlsx,fad7687446da2e312d5f442e4d8e4fe53af87303a5fbdbe1030e8b241473aeee,2026-09-30T02:20:59Z
mecon_treasury_maturity_interest_row_31,2026-03-31,2027-10,monthly,interest,loans,detail,31,Avales,0.046812,million_usd,official_projection,mecon_quarterly_treasury_maturity_profile,https://www.argentina.gob.ar/sites/default/files/deuda_publica_31-03-2026.xlsx,fad7687446da2e312d5f442e4d8e4fe53af87303a5fbdbe1030e8b241473aeee,2026-09-30T02:20:59Z
mecon_treasury_maturity_interest_row_33,2026-03-31,2027-10,monthly,interest,loans,detail,33,. En moneda extranjera,0.046812,million_usd,official_projection,mecon_quarterly_treasury_maturity_profile,https://www.argentina.gob.ar/sites/default/files/deuda_publica_31-03-2026.xlsx,fad7687446da2e312d5f442e4d8e4fe53af87303a5fbdbe1030e8b241473aeee,2026-09-30T02:20:59Z
mecon_treasury_maturity_interest_securities,2026-03-31,2027-10,monthly,interest,securities,category,35,Títulos públicos y Letras del Tesoro,48.313499,million_usd,official_projection,mecon_quarterly_treasury_maturity_profile,https://www.argentina.gob.ar/sites/default/files/deuda_publica_31-03-2026.xlsx,fad7687446da2e312d5f442e4d8e4fe53af87303a5fbdbe1030e8b241473aeee,2026-09-30T02:20:59Z
mecon_treasury_maturity_interest_row_56,2026-03-31,2027-10,monthly,interest,securities,detail,56,"BONAR/$/6,72763943919512%/31-12-2028",0.023675,million_usd,official_projection,mecon_quarterly_treasury_maturity_profile,https://www.argentina.gob.ar/sites/default/files/deuda_publica_31-03-2026.xlsx,fad7687446da2e312d5f442e4d8e4fe53af87303a5fbdbe1030e8b241473aeee,2026-09-30T02:20:59Z
mecon_treasury_maturity_interest_row_58,2026-03-31,2027-10,monthly,interest,securities,detail,58,BONAR/U$S/6%/29-10-2027,3.602624,million_usd,official_projection,mecon_quarterly_treasury_maturity_profile,https://www.argentina.gob.ar/sites/default/files/deuda_publica_31-03-2026.xlsx,fad7687446da2e312d5f442e4d8e4fe53af87303a5fbdbe1030e8b241473aeee,2026-09-30T02:20:59Z
mecon_treasury_maturity_interest_row_59,2026-03-31,2027-10,monthly,interest,securities,detail,59,BONAR/U$S/6%/31-10-2028,0.899747,million_usd,official_projection,mecon_quarterly_treasury_maturity_profile,https://www.argentina.gob.ar/sites/default/files/deuda_publica_31-03-2026.xlsx,fad7687446da2e312d5f442e4d8e4fe53af87303a5fbdbe1030e8b241473aeee,2026-09-30T02:20:59Z
mecon_treasury_maturity_interest_row_84,2026-03-31,2027-10,monthly,interest,securities,detail,84,BONTE/$/BADLAR/05-07-2030,0.818738,million_usd,official_projection,mecon_quarterly_treasury_maturity_profile,https://www.argentina.gob.ar/sites/default/files/deuda_publica_31-03-2026.xlsx,fad7687446da2e312d5f442e4d8e4fe53af87303a5fbdbe1030e8b241473aeee,2026-09-30T02:20:59Z
mecon_treasury_maturity_interest_row_89,2026-03-31,2027-10,monthly,interest,securities,detail,89,LETRA INTRANSFERIBLE - BCRA,42.968716,million_usd,official_projection,mecon_quarterly_treasury_maturity_profile,https://www.argentina.gob.ar/sites/default/files/deuda_publica_31-03-2026.xlsx,fad7687446da2e312d5f442e4d8e4fe53af87303a5fbdbe1030e8b241473aeee,2026-09-30T02:20:59Z
mecon_treasury_maturity_interest_row_102,2026-03-31,2027-10,monthly,interest,securities,detail,102,TOTAL DEUDA DENOMINADA EN PESOS,4.370990,million_usd,official_projection,mecon_quarterly_treasury_maturity_profile,https://www.argentina.gob.ar/sites/default/files/deuda_publica_31-03-2026.xlsx,fad7687446da2e312d5f442e4d8e4fe53af87303a5fbdbe1030e8b241473aeee,2026-09-30T02:20:59Z
mecon_treasury_maturity_interest_row_103,2026-03-31,2027-10,monthly,interest,securities,detail,103,· Deuda ajustable por CER,3.528578,million_usd,official_projection,mecon_quarterly_treasury_maturity_profile,https://www.argentina.gob.ar/sites/default/files/deuda_publica_31-03-2026.xlsx,fad7687446da2e312d5f442e4d8e4fe53af87303a5fbdbe1030e8b241473aeee,2026-09-30T02:20:59Z
mecon_treasury_maturity_interest_row_104,2026-03-31,2027-10,monthly,interest,securities,detail,104,· Deuda no ajustable por CER,0.842412,million_usd,official_projection,mecon_quarterly_treasury_maturity_profile,https://www.argentina.gob.ar/sites/default/files/deuda_publica_31-03-2026.xlsx,fad7687446da2e312d5f442e4d8e4fe53af87303a5fbdbe1030e8b241473aeee,2026-09-30T02:20:59Z
mecon_treasury_maturity_interest_row_105,2026-03-31,2027-10,monthly,interest,securities,detail,105,TOTAL DEUDA EN MONEDA EXTRANJERA,256.619518,million_usd,official_projection,mecon_quarterly_treasury_maturity_profile,https://www.argentina.gob.ar/sites/default/files/deuda_publica_31-03-2026.xlsx,fad7687446da2e312d5f442e4d8e4fe53af87303a5fbdbe1030e8b241473aeee,2026-09-30T02:20:59Z
mecon_treasury_maturity_capital_total,2026-03-31,2027-11,monthly,capital,total,total,13,Total,598.232363,million_usd,official_projection,mecon_quarterly_treasury_maturity_profile,https://www.argentina.gob.ar/sites/default/files/deuda_publica_31-03-2026.xlsx,fad7687446da2e312d5f442e4d8e4fe53af87303a5fbdbe1030e8b241473aeee,2026-09-30T02:20:59Z
mecon_treasury_maturity_capital_row_15,2026-03-31,2027-11,monthly,capital,total,term,15,MEDIANO Y LARGO PLAZO,598.232363,million_usd,official_projection,mecon_quarterly_treasury_maturity_profile,https://www.argentina.gob.ar/sites/default/files/deuda_publica_31-03-2026.xlsx,fad7687446da2e312d5f442e4d8e4fe53af87303a5fbdbe1030e8b241473aeee,2026-09-30T02:20:59Z
mecon_treasury_maturity_capital_loans,2026-03-31,2027-11,monthly,capital,loans,category,17,Préstamos,249.627070,million_usd,official_projection,mecon_quarterly_treasury_maturity_profile,https://www.argentina.gob.ar/sites/default/files/deuda_publica_31-03-2026.xlsx,fad7687446da2e312d5f442e4d8e4fe53af87303a5fbdbe1030e8b241473aeee,2026-09-30T02:20:59Z
mecon_treasury_maturity_capital_row_18,2026-03-31,2027-11,monthly,capital,loans,detail,18,Organismos Internacionales,224.155354,million_usd,official_projection,mecon_quarterly_treasury_maturity_profile,https://www.argentina.gob.ar/sites/default/files/deuda_publica_31-03-2026.xlsx,fad7687446da2e312d5f442e4d8e4fe53af87303a5fbdbe1030e8b241473aeee,2026-09-30T02:20:59Z
mecon_treasury_maturity_capital_row_19,2026-03-31,2027-11,monthly,capital,loans,detail,19,. BIRF,29.079874,million_usd,official_projection,mecon_quarterly_treasury_maturity_profile,https://www.argentina.gob.ar/sites/default/files/deuda_publica_31-03-2026.xlsx,fad7687446da2e312d5f442e4d8e4fe53af87303a5fbdbe1030e8b241473aeee,2026-09-30T02:20:59Z
mecon_treasury_maturity_capital_row_20,2026-03-31,2027-11,monthly,capital,loans,detail,20,. BID,147.121736,million_usd,official_projection,mecon_quarterly_treasury_maturity_profile,https://www.argentina.gob.ar/sites/default/files/deuda_publica_31-03-2026.xlsx,fad7687446da2e312d5f442e4d8e4fe53af87303a5fbdbe1030e8b241473aeee,2026-09-30T02:20:59Z
mecon_treasury_maturity_capital_row_22,2026-03-31,2027-11,monthly,capital,loans,detail,22,. Otros,47.953744,million_usd,official_projection,mecon_quarterly_treasury_maturity_profile,https://www.argentina.gob.ar/sites/default/files/deuda_publica_31-03-2026.xlsx,fad7687446da2e312d5f442e4d8e4fe53af87303a5fbdbe1030e8b241473aeee,2026-09-30T02:20:59Z
mecon_treasury_maturity_capital_row_25,2026-03-31,2027-11,monthly,capital,loans,detail,25,Banca Comercial,23.567528,million_usd,official_projection,mecon_quarterly_treasury_maturity_profile,https://www.argentina.gob.ar/sites/default/files/deuda_publica_31-03-2026.xlsx,fad7687446da2e312d5f442e4d8e4fe53af87303a5fbdbe1030e8b241473aeee,2026-09-30T02:20:59Z
mecon_treasury_maturity_capital_row_26,2026-03-31,2027-11,monthly,capital,loans,detail,26,. En moneda extranjera,23.567528,million_usd,official_projection,mecon_quarterly_treasury_maturity_profile,https://www.argentina.gob.ar/sites/default/files/deuda_publica_31-03-2026.xlsx,fad7687446da2e312d5f442e4d8e4fe53af87303a5fbdbe1030e8b241473aeee,2026-09-30T02:20:59Z
mecon_treasury_maturity_capital_row_27,2026-03-31,2027-11,monthly,capital,loans,detail,27,Organismos Oficiales,1.625747,million_usd,official_projection,mecon_quarterly_treasury_maturity_profile,https://www.argentina.gob.ar/sites/default/files/deuda_publica_31-03-2026.xlsx,fad7687446da2e312d5f442e4d8e4fe53af87303a5fbdbe1030e8b241473aeee,2026-09-30T02:20:59Z
mecon_treasury_maturity_capital_row_28,2026-03-31,2027-11,monthly,capital,loans,detail,28,Avales,0.278442,million_usd,official_projection,mecon_quarterly_treasury_maturity_profile,https://www.argentina.gob.ar/sites/default/files/deuda_publica_31-03-2026.xlsx,fad7687446da2e312d5f442e4d8e4fe53af87303a5fbdbe1030e8b241473aeee,2026-09-30T02:20:59Z
mecon_treasury_maturity_capital_row_30,2026-03-31,2027-11,monthly,capital,loans,detail,30,. En moneda extranjera,0.278442,million_usd,official_projection,mecon_quarterly_treasury_maturity_profile,https://www.argentina.gob.ar/sites/default/files/deuda_publica_31-03-2026.xlsx,fad7687446da2e312d5f442e4d8e4fe53af87303a5fbdbe1030e8b241473aeee,2026-09-30T02:20:59Z
mecon_treasury_maturity_capital_bcra_advances,2026-03-31,2027-11,monthly,capital,bcra_advances,category,32,Adelantos transitorios BCRA,0.000000,million_usd,official_projection,mecon_quarterly_treasury_maturity_profile,https://www.argentina.gob.ar/sites/default/files/deuda_publica_31-03-2026.xlsx,fad7687446da2e312d5f442e4d8e4fe53af87303a5fbdbe1030e8b241473aeee,2026-09-30T02:20:59Z
mecon_treasury_maturity_capital_securities,2026-03-31,2027-11,monthly,capital,securities,category,34,Títulos públicos y Letras del Tesoro,348.605293,million_usd,official_projection,mecon_quarterly_treasury_maturity_profile,https://www.argentina.gob.ar/sites/default/files/deuda_publica_31-03-2026.xlsx,fad7687446da2e312d5f442e4d8e4fe53af87303a5fbdbe1030e8b241473aeee,2026-09-30T02:20:59Z
mecon_treasury_maturity_capital_row_53,2026-03-31,2027-11,monthly,capital,securities,detail,53,"BONAR/$/6,72763943919512%/31-12-2028",0.272150,million_usd,official_projection,mecon_quarterly_treasury_maturity_profile,https://www.argentina.gob.ar/sites/default/files/deuda_publica_31-03-2026.xlsx,fad7687446da2e312d5f442e4d8e4fe53af87303a5fbdbe1030e8b241473aeee,2026-09-30T02:20:59Z
mecon_treasury_maturity_capital_row_56,2026-03-31,2027-11,monthly,capital,securities,detail,56,BONTE/$/BADLAR+400PB/17-08-31,0.213465,million_usd,official_projection,mecon_quarterly_treasury_maturity_profile,https://www.argentina.gob.ar/sites/default/files/deuda_publica_31-03-2026.xlsx,fad7687446da2e312d5f442e4d8e4fe53af87303a5fbdbe1030e8b241473aeee,2026-09-30T02:20:59Z
mecon_treasury_maturity_capital_row_59,2026-03-31,2027-11,monthly,capital,securities,detail,59,BONTE/$/BADLAR/23-11-2027,35.386467,million_usd,official_projection,mecon_quarterly_treasury_maturity_profile,https://www.argentina.gob.ar/sites/default/files/deuda_publica_31-03-2026.xlsx,fad7687446da2e312d5f442e4d8e4fe53af87303a5fbdbe1030e8b241473aeee,2026-09-30T02:20:59Z
mecon_treasury_maturity_capital_row_69,2026-03-31,2027-11,monthly,capital,securities,detail,69,"BONCER/$+CER/2,25%/09-11-2028",186.067748,million_usd,official_projection,mecon_quarterly_treasury_maturity_profile,https://www.argentina.gob.ar/sites/default/files/deuda_publica_31-03-2026.xlsx,fad7687446da2e312d5f442e4d8e4fe53af87303a5fbdbe1030e8b241473aeee,2026-09-30T02:20:59Z
mecon_treasury_maturity_capital_row_72,2026-03-31,2027-11,monthly,capital,securities,detail,72,"BONCER/$/2,50%+CER/30-11-2031",121.505826,million_usd,official_projection,mecon_quarterly_treasury_maturity_profile,https://www.argentina.gob.ar/sites/default/files/deuda_publica_31-03-2026.xlsx,fad7687446da2e312d5f442e4d8e4fe53af87303a5fbdbe1030e8b241473aeee,2026-09-30T02:20:59Z
mecon_treasury_maturity_capital_row_94,2026-03-31,2027-11,monthly,capital,securities,detail,94,OTROS (1),5.159637,million_usd,official_projection,mecon_quarterly_treasury_maturity_profile,https://www.argentina.gob.ar/sites/default/files/deuda_publica_31-03-2026.xlsx,fad7687446da2e312d5f442e4d8e4fe53af87303a5fbdbe1030e8b241473aeee,2026-09-30T02:20:59Z
mecon_treasury_maturity_capital_row_95,2026-03-31,2027-11,monthly,capital,securities,detail,95,En moneda nacional,5.159637,million_usd,official_projection,mecon_quarterly_treasury_maturity_profile,https://www.argentina.gob.ar/sites/default/files/deuda_publica_31-03-2026.xlsx,fad7687446da2e312d5f442e4d8e4fe53af87303a5fbdbe1030e8b241473aeee,2026-09-30T02:20:59Z
mecon_treasury_maturity_capital_row_98,2026-03-31,2027-11,monthly,capital,securities,detail,98,· No ajustable por CER,5.159637,million_usd,official_projection,mecon_quarterly_treasury_maturity_profile,https://www.argentina.gob.ar/sites/default/files/deuda_publica_31-03-2026.xlsx,fad7687446da2e312d5f442e4d8e4fe53af87303a5fbdbe1030e8b241473aeee,2026-09-30T02:20:59Z
mecon_treasury_maturity_capital_row_99,2026-03-31,2027-11,monthly,capital,securities,detail,99,· Bonos de consolidación,5.159637,million_usd,official_projection,mecon_quarterly_treasury_maturity_profile,https://www.argentina.gob.ar/sites/default/files/deuda_publica_31-03-2026.xlsx,fad7687446da2e312d5f442e4d8e4fe53af87303a5fbdbe1030e8b241473aeee,2026-09-30T02:20:59Z
mecon_treasury_maturity_capital_row_106,2026-03-31,2027-11,monthly,capital,securities,detail,106,TOTAL DEUDA DENOMINADA EN PESOS,348.605293,million_usd,official_projection,mecon_quarterly_treasury_maturity_profile,https://www.argentina.gob.ar/sites/default/files/deuda_publica_31-03-2026.xlsx,fad7687446da2e312d5f442e4d8e4fe53af87303a5fbdbe1030e8b241473aeee,2026-09-30T02:20:59Z
mecon_treasury_maturity_capital_row_107,2026-03-31,2027-11,monthly,capital,securities,detail,107,· Deuda ajustable por CER,307.573574,million_usd,official_projection,mecon_quarterly_treasury_maturity_profile,https://www.argentina.gob.ar/sites/default/files/deuda_publica_31-03-2026.xlsx,fad7687446da2e312d5f442e4d8e4fe53af87303a5fbdbe1030e8b241473aeee,2026-09-30T02:20:59Z
mecon_treasury_maturity_capital_row_108,2026-03-31,2027-11,monthly,capital,securities,detail,108,· Deuda no ajustable por CER,41.031719,million_usd,official_projection,mecon_quarterly_treasury_maturity_profile,https://www.argentina.gob.ar/sites/default/files/deuda_publica_31-03-2026.xlsx,fad7687446da2e312d5f442e4d8e4fe53af87303a5fbdbe1030e8b241473aeee,2026-09-30T02:20:59Z
mecon_treasury_maturity_capital_row_109,2026-03-31,2027-11,monthly,capital,securities,detail,109,TOTAL DEUDA EN MONEDA EXTRANJERA,249.627070,million_usd,official_projection,mecon_quarterly_treasury_maturity_profile,https://www.argentina.gob.ar/sites/default/files/deuda_publica_31-03-2026.xlsx,fad7687446da2e312d5f442e4d8e4fe53af87303a5fbdbe1030e8b241473aeee,2026-09-30T02:20:59Z
mecon_treasury_maturity_interest_total,2026-03-31,2027-11,monthly,interest,total,total,13,Total,1156.715095,million_usd,official_projection,mecon_quarterly_treasury_maturity_profile,https://www.argentina.gob.ar/sites/default/files/deuda_publica_31-03-2026.xlsx,fad7687446da2e312d5f442e4d8e4fe53af87303a5fbdbe1030e8b241473aeee,2026-09-30T02:20:59Z
mecon_treasury_maturity_interest_row_15,2026-03-31,2027-11,monthly,interest,total,term,15,MEDIANO Y LARGO PLAZO,1156.715095,million_usd,official_projection,mecon_quarterly_treasury_maturity_profile,https://www.argentina.gob.ar/sites/default/files/deuda_publica_31-03-2026.xlsx,fad7687446da2e312d5f442e4d8e4fe53af87303a5fbdbe1030e8b241473aeee,2026-09-30T02:20:59Z
mecon_treasury_maturity_interest_loans,2026-03-31,2027-11,monthly,interest,loans,category,17,Préstamos,917.493625,million_usd,official_projection,mecon_quarterly_treasury_maturity_profile,https://www.argentina.gob.ar/sites/default/files/deuda_publica_31-03-2026.xlsx,fad7687446da2e312d5f442e4d8e4fe53af87303a5fbdbe1030e8b241473aeee,2026-09-30T02:20:59Z
mecon_treasury_maturity_interest_row_18,2026-03-31,2027-11,monthly,interest,loans,detail,18,Organismos Internacionales,912.209550,million_usd,official_projection,mecon_quarterly_treasury_maturity_profile,https://www.argentina.gob.ar/sites/default/files/deuda_publica_31-03-2026.xlsx,fad7687446da2e312d5f442e4d8e4fe53af87303a5fbdbe1030e8b241473aeee,2026-09-30T02:20:59Z
mecon_treasury_maturity_interest_row_19,2026-03-31,2027-11,monthly,interest,loans,detail,19,. BIRF,24.761250,million_usd,official_projection,mecon_quarterly_treasury_maturity_profile,https://www.argentina.gob.ar/sites/default/files/deuda_publica_31-03-2026.xlsx,fad7687446da2e312d5f442e4d8e4fe53af87303a5fbdbe1030e8b241473aeee,2026-09-30T02:20:59Z
mecon_treasury_maturity_interest_row_20,2026-03-31,2027-11,monthly,interest,loans,detail,20,. BID,131.507810,million_usd,official_projection,mecon_quarterly_treasury_maturity_profile,https://www.argentina.gob.ar/sites/default/files/deuda_publica_31-03-2026.xlsx,fad7687446da2e312d5f442e4d8e4fe53af87303a5fbdbe1030e8b241473aeee,2026-09-30T02:20:59Z
mecon_treasury_maturity_interest_row_21,2026-03-31,2027-11,monthly,interest,loans,detail,21,. FMI,727.846962,million_usd,official_projection,mecon_quarterly_treasury_maturity_profile,https://www.argentina.gob.ar/sites/default/files/deuda_publica_31-03-2026.xlsx,fad7687446da2e312d5f442e4d8e4fe53af87303a5fbdbe1030e8b241473aeee,2026-09-30T02:20:59Z
mecon_treasury_maturity_interest_row_22,2026-03-31,2027-11,monthly,interest,loans,detail,22,. Otros,28.093527,million_usd,official_projection,mecon_quarterly_treasury_maturity_profile,https://www.argentina.gob.ar/sites/default/files/deuda_publica_31-03-2026.xlsx,fad7687446da2e312d5f442e4d8e4fe53af87303a5fbdbe1030e8b241473aeee,2026-09-30T02:20:59Z
mecon_treasury_maturity_interest_row_23,2026-03-31,2027-11,monthly,interest,loans,detail,23,Préstamos Garantizados,3.637877,million_usd,official_projection,mecon_quarterly_treasury_maturity_profile,https://www.argentina.gob.ar/sites/default/files/deuda_publica_31-03-2026.xlsx,fad7687446da2e312d5f442e4d8e4fe53af87303a5fbdbe1030e8b241473aeee,2026-09-30T02:20:59Z
mecon_treasury_maturity_interest_row_24,2026-03-31,2027-11,monthly,interest,loans,detail,24,. En moneda nacional ajustable por CER,3.637877,million_usd,official_projection,mecon_quarterly_treasury_maturity_profile,https://www.argentina.gob.ar/sites/default/files/deuda_publica_31-03-2026.xlsx,fad7687446da2e312d5f442e4d8e4fe53af87303a5fbdbe1030e8b241473aeee,2026-09-30T02:20:59Z
mecon_treasury_maturity_interest_row_25,2026-03-31,2027-11,monthly,interest,loans,detail,25,Banca Comercial,0.746882,million_usd,official_projection,mecon_quarterly_treasury_maturity_profile,https://www.argentina.gob.ar/sites/default/files/deuda_publica_31-03-2026.xlsx,fad7687446da2e312d5f442e4d8e4fe53af87303a5fbdbe1030e8b241473aeee,2026-09-30T02:20:59Z
mecon_treasury_maturity_interest_row_26,2026-03-31,2027-11,monthly,interest,loans,detail,26,. En moneda extranjera,0.746882,million_usd,official_projection,mecon_quarterly_treasury_maturity_profile,https://www.argentina.gob.ar/sites/default/files/deuda_publica_31-03-2026.xlsx,fad7687446da2e312d5f442e4d8e4fe53af87303a5fbdbe1030e8b241473aeee,2026-09-30T02:20:59Z
mecon_treasury_maturity_interest_row_27,2026-03-31,2027-11,monthly,interest,loans,detail,27,Organismos Oficiales,0.898057,million_usd,official_projection,mecon_quarterly_treasury_maturity_profile,https://www.argentina.gob.ar/sites/default/files/deuda_publica_31-03-2026.xlsx,fad7687446da2e312d5f442e4d8e4fe53af87303a5fbdbe1030e8b241473aeee,2026-09-30T02:20:59Z
mecon_treasury_maturity_interest_row_31,2026-03-31,2027-11,monthly,interest,loans,detail,31,Avales,0.001259,million_usd,official_projection,mecon_quarterly_treasury_maturity_profile,https://www.argentina.gob.ar/sites/default/files/deuda_publica_31-03-2026.xlsx,fad7687446da2e312d5f442e4d8e4fe53af87303a5fbdbe1030e8b241473aeee,2026-09-30T02:20:59Z
mecon_treasury_maturity_interest_row_33,2026-03-31,2027-11,monthly,interest,loans,detail,33,. En moneda extranjera,0.001259,million_usd,official_projection,mecon_quarterly_treasury_maturity_profile,https://www.argentina.gob.ar/sites/default/files/deuda_publica_31-03-2026.xlsx,fad7687446da2e312d5f442e4d8e4fe53af87303a5fbdbe1030e8b241473aeee,2026-09-30T02:20:59Z
mecon_treasury_maturity_interest_securities,2026-03-31,2027-11,monthly,interest,securities,category,35,Títulos públicos y Letras del Tesoro,239.221470,million_usd,official_projection,mecon_quarterly_treasury_maturity_profile,https://www.argentina.gob.ar/sites/default/files/deuda_publica_31-03-2026.xlsx,fad7687446da2e312d5f442e4d8e4fe53af87303a5fbdbe1030e8b241473aeee,2026-09-30T02:20:59Z
mecon_treasury_maturity_interest_row_56,2026-03-31,2027-11,monthly,interest,securities,detail,56,"BONAR/$/6,72763943919512%/31-12-2028",0.022157,million_usd,official_projection,mecon_quarterly_treasury_maturity_profile,https://www.argentina.gob.ar/sites/default/files/deuda_publica_31-03-2026.xlsx,fad7687446da2e312d5f442e4d8e4fe53af87303a5fbdbe1030e8b241473aeee,2026-09-30T02:20:59Z
mecon_treasury_maturity_interest_row_59,2026-03-31,2027-11,monthly,interest,securities,detail,59,BONAR/U$S/6%/31-10-2028,0.961798,million_usd,official_projection,mecon_quarterly_treasury_maturity_profile,https://www.argentina.gob.ar/sites/default/files/deuda_publica_31-03-2026.xlsx,fad7687446da2e312d5f442e4d8e4fe53af87303a5fbdbe1030e8b241473aeee,2026-09-30T02:20:59Z
mecon_treasury_maturity_interest_row_61,2026-03-31,2027-11,monthly,interest,securities,detail,61,"BONCER/$/2,50%+CER/30-11-2031",13.669405,million_usd,official_projection,mecon_quarterly_treasury_maturity_profile,https://www.argentina.gob.ar/sites/default/files/deuda_publica_31-03-2026.xlsx,fad7687446da2e312d5f442e4d8e4fe53af87303a5fbdbe1030e8b241473aeee,2026-09-30T02:20:59Z
mecon_treasury_maturity_interest_row_63,2026-03-31,2027-11,monthly,interest,securities,detail,63,"BONCER/$+CER/2,25%/09-11-2028",6.279786,million_usd,official_projection,mecon_quarterly_treasury_maturity_profile,https://www.argentina.gob.ar/sites/default/files/deuda_publica_31-03-2026.xlsx,fad7687446da2e312d5f442e4d8e4fe53af87303a5fbdbe1030e8b241473aeee,2026-09-30T02:20:59Z
mecon_treasury_maturity_interest_row_85,2026-03-31,2027-11,monthly,interest,securities,detail,85,BONTE/$/BADLAR/23-11-2027,1.819929,million_usd,official_projection,mecon_quarterly_treasury_maturity_profile,https://www.argentina.gob.ar/sites/default/files/deuda_publica_31-03-2026.xlsx,fad7687446da2e312d5f442e4d8e4fe53af87303a5fbdbe1030e8b241473aeee,2026-09-30T02:20:59Z
mecon_treasury_maturity_interest_row_86,2026-03-31,2027-11,monthly,interest,securities,detail,86,"BONTE/$/29,50%/30-05-2030",180.466588,million_usd,official_projection,mecon_quarterly_treasury_maturity_profile,https://www.argentina.gob.ar/sites/default/files/deuda_publica_31-03-2026.xlsx,fad7687446da2e312d5f442e4d8e4fe53af87303a5fbdbe1030e8b241473aeee,2026-09-30T02:20:59Z
mecon_treasury_maturity_interest_row_87,2026-03-31,2027-11,monthly,interest,securities,detail,87,BONTE/$/BADLAR+400PB/17-08-31,0.285373,million_usd,official_projection,mecon_quarterly_treasury_maturity_profile,https://www.argentina.gob.ar/sites/default/files/deuda_publica_31-03-2026.xlsx,fad7687446da2e312d5f442e4d8e4fe53af87303a5fbdbe1030e8b241473aeee,2026-09-30T02:20:59Z
mecon_treasury_maturity_interest_row_88,2026-03-31,2027-11,monthly,interest,securities,detail,88,"BONTE/U$S/6,5%/30-11-2029",32.500000,million_usd,official_projection,mecon_quarterly_treasury_maturity_profile,https://www.argentina.gob.ar/sites/default/files/deuda_publica_31-03-2026.xlsx,fad7687446da2e312d5f442e4d8e4fe53af87303a5fbdbe1030e8b241473aeee,2026-09-30T02:20:59Z
mecon_treasury_maturity_interest_row_93,2026-03-31,2027-11,monthly,interest,securities,detail,93,OTROS (1),3.216432,million_usd,official_projection,mecon_quarterly_treasury_maturity_profile,https://www.argentina.gob.ar/sites/default/files/deuda_publica_31-03-2026.xlsx,fad7687446da2e312d5f442e4d8e4fe53af87303a5fbdbe1030e8b241473aeee,2026-09-30T02:20:59Z
mecon_treasury_maturity_interest_row_94,2026-03-31,2027-11,monthly,interest,securities,detail,94,. En moneda nacional,3.216432,million_usd,official_projection,mecon_quarterly_treasury_maturity_profile,https://www.argentina.gob.ar/sites/default/files/deuda_publica_31-03-2026.xlsx,fad7687446da2e312d5f442e4d8e4fe53af87303a5fbdbe1030e8b241473aeee,2026-09-30T02:20:59Z
mecon_treasury_maturity_interest_row_97,2026-03-31,2027-11,monthly,interest,securities,detail,97,· No ajustable por CER,3.216432,million_usd,official_projection,mecon_quarterly_treasury_maturity_profile,https://www.argentina.gob.ar/sites/default/files/deuda_publica_31-03-2026.xlsx,fad7687446da2e312d5f442e4d8e4fe53af87303a5fbdbe1030e8b241473aeee,2026-09-30T02:20:59Z
mecon_treasury_maturity_interest_row_98,2026-03-31,2027-11,monthly,interest,securities,detail,98,· Bonos de consolidación,3.216432,million_usd,official_projection,mecon_quarterly_treasury_maturity_profile,https://www.argentina.gob.ar/sites/default/files/deuda_publica_31-03-2026.xlsx,fad7687446da2e312d5f442e4d8e4fe53af87303a5fbdbe1030e8b241473aeee,2026-09-30T02:20:59Z
mecon_treasury_maturity_interest_row_102,2026-03-31,2027-11,monthly,interest,securities,detail,102,TOTAL DEUDA DENOMINADA EN PESOS,209.397549,million_usd,official_projection,mecon_quarterly_treasury_maturity_profile,https://www.argentina.gob.ar/sites/default/files/deuda_publica_31-03-2026.xlsx,fad7687446da2e312d5f442e4d8e4fe53af87303a5fbdbe1030e8b241473aeee,2026-09-30T02:20:59Z
mecon_treasury_maturity_interest_row_103,2026-03-31,2027-11,monthly,interest,securities,detail,103,· Deuda ajustable por CER,23.587069,million_usd,official_projection,mecon_quarterly_treasury_maturity_profile,https://www.argentina.gob.ar/sites/default/files/deuda_publica_31-03-2026.xlsx,fad7687446da2e312d5f442e4d8e4fe53af87303a5fbdbe1030e8b241473aeee,2026-09-30T02:20:59Z
mecon_treasury_maturity_interest_row_104,2026-03-31,2027-11,monthly,interest,securities,detail,104,· Deuda no ajustable por CER,185.810480,million_usd,official_projection,mecon_quarterly_treasury_maturity_profile,https://www.argentina.gob.ar/sites/default/files/deuda_publica_31-03-2026.xlsx,fad7687446da2e312d5f442e4d8e4fe53af87303a5fbdbe1030e8b241473aeee,2026-09-30T02:20:59Z
mecon_treasury_maturity_interest_row_105,2026-03-31,2027-11,monthly,interest,securities,detail,105,TOTAL DEUDA EN MONEDA EXTRANJERA,947.317546,million_usd,official_projection,mecon_quarterly_treasury_maturity_profile,https://www.argentina.gob.ar/sites/default/files/deuda_publica_31-03-2026.xlsx,fad7687446da2e312d5f442e4d8e4fe53af87303a5fbdbe1030e8b241473aeee,2026-09-30T02:20:59Z
mecon_treasury_maturity_capital_total,2026-03-31,2027-12,monthly,capital,total,total,13,Total,20780.158225,million_usd,official_projection,mecon_quarterly_treasury_maturity_profile,https://www.argentina.gob.ar/sites/default/files/deuda_publica_31-03-2026.xlsx,fad7687446da2e312d5f442e4d8e4fe53af87303a5fbdbe1030e8b241473aeee,2026-09-30T02:20:59Z
mecon_treasury_maturity_capital_row_15,2026-03-31,2027-12,monthly,capital,total,term,15,MEDIANO Y LARGO PLAZO,20780.158225,million_usd,official_projection,mecon_quarterly_treasury_maturity_profile,https://www.argentina.gob.ar/sites/default/files/deuda_publica_31-03-2026.xlsx,fad7687446da2e312d5f442e4d8e4fe53af87303a5fbdbe1030e8b241473aeee,2026-09-30T02:20:59Z
mecon_treasury_maturity_capital_loans,2026-03-31,2027-12,monthly,capital,loans,category,17,Préstamos,1761.924225,million_usd,official_projection,mecon_quarterly_treasury_maturity_profile,https://www.argentina.gob.ar/sites/default/files/deuda_publica_31-03-2026.xlsx,fad7687446da2e312d5f442e4d8e4fe53af87303a5fbdbe1030e8b241473aeee,2026-09-30T02:20:59Z
mecon_treasury_maturity_capital_row_18,2026-03-31,2027-12,monthly,capital,loans,detail,18,Organismos Internacionales,960.559260,million_usd,official_projection,mecon_quarterly_treasury_maturity_profile,https://www.argentina.gob.ar/sites/default/files/deuda_publica_31-03-2026.xlsx,fad7687446da2e312d5f442e4d8e4fe53af87303a5fbdbe1030e8b241473aeee,2026-09-30T02:20:59Z
mecon_treasury_maturity_capital_row_19,2026-03-31,2027-12,monthly,capital,loans,detail,19,. BIRF,42.560399,million_usd,official_projection,mecon_quarterly_treasury_maturity_profile,https://www.argentina.gob.ar/sites/default/files/deuda_publica_31-03-2026.xlsx,fad7687446da2e312d5f442e4d8e4fe53af87303a5fbdbe1030e8b241473aeee,2026-09-30T02:20:59Z
mecon_treasury_maturity_capital_row_20,2026-03-31,2027-12,monthly,capital,loans,detail,20,. BID,21.408693,million_usd,official_projection,mecon_quarterly_treasury_maturity_profile,https://www.argentina.gob.ar/sites/default/files/deuda_publica_31-03-2026.xlsx,fad7687446da2e312d5f442e4d8e4fe53af87303a5fbdbe1030e8b241473aeee,2026-09-30T02:20:59Z
mecon_treasury_maturity_capital_row_21,2026-03-31,2027-12,monthly,capital,loans,detail,21,. FMI,847.687508,million_usd,official_projection,mecon_quarterly_treasury_maturity_profile,https://www.argentina.gob.ar/sites/default/files/deuda_publica_31-03-2026.xlsx,fad7687446da2e312d5f442e4d8e4fe53af87303a5fbdbe1030e8b241473aeee,2026-09-30T02:20:59Z
mecon_treasury_maturity_capital_row_22,2026-03-31,2027-12,monthly,capital,loans,detail,22,. Otros,48.902660,million_usd,official_projection,mecon_quarterly_treasury_maturity_profile,https://www.argentina.gob.ar/sites/default/files/deuda_publica_31-03-2026.xlsx,fad7687446da2e312d5f442e4d8e4fe53af87303a5fbdbe1030e8b241473aeee,2026-09-30T02:20:59Z
mecon_treasury_maturity_capital_row_27,2026-03-31,2027-12,monthly,capital,loans,detail,27,Organismos Oficiales,1.364965,million_usd,official_projection,mecon_quarterly_treasury_maturity_profile,https://www.argentina.gob.ar/sites/default/files/deuda_publica_31-03-2026.xlsx,fad7687446da2e312d5f442e4d8e4fe53af87303a5fbdbe1030e8b241473aeee,2026-09-30T02:20:59Z
mecon_treasury_maturity_capital_row_28,2026-03-31,2027-12,monthly,capital,loans,detail,28,Avales,800.000000,million_usd,official_projection,mecon_quarterly_treasury_maturity_profile,https://www.argentina.gob.ar/sites/default/files/deuda_publica_31-03-2026.xlsx,fad7687446da2e312d5f442e4d8e4fe53af87303a5fbdbe1030e8b241473aeee,2026-09-30T02:20:59Z
mecon_treasury_maturity_capital_row_30,2026-03-31,2027-12,monthly,capital,loans,detail,30,. En moneda extranjera,800.000000,million_usd,official_projection,mecon_quarterly_treasury_maturity_profile,https://www.argentina.gob.ar/sites/default/files/deuda_publica_31-03-2026.xlsx,fad7687446da2e312d5f442e4d8e4fe53af87303a5fbdbe1030e8b241473aeee,2026-09-30T02:20:59Z
mecon_treasury_maturity_capital_bcra_advances,2026-03-31,2027-12,monthly,capital,bcra_advances,category,32,Adelantos transitorios BCRA,0.000000,million_usd,official_projection,mecon_quarterly_treasury_maturity_profile,https://www.argentina.gob.ar/sites/default/files/deuda_publica_31-03-2026.xlsx,fad7687446da2e312d5f442e4d8e4fe53af87303a5fbdbe1030e8b241473aeee,2026-09-30T02:20:59Z
mecon_treasury_maturity_capital_securities,2026-03-31,2027-12,monthly,capital,securities,category,34,Títulos públicos y Letras del Tesoro,19018.234000,million_usd,official_projection,mecon_quarterly_treasury_maturity_profile,https://www.argentina.gob.ar/sites/default/files/deuda_publica_31-03-2026.xlsx,fad7687446da2e312d5f442e4d8e4fe53af87303a5fbdbe1030e8b241473aeee,2026-09-30T02:20:59Z
mecon_treasury_maturity_capital_row_35,2026-03-31,2027-12,monthly,capital,securities,detail,35,DESCUENTO,103.638215,million_usd,official_projection,mecon_quarterly_treasury_maturity_profile,https://www.argentina.gob.ar/sites/default/files/deuda_publica_31-03-2026.xlsx,fad7687446da2e312d5f442e4d8e4fe53af87303a5fbdbe1030e8b241473aeee,2026-09-30T02:20:59Z
mecon_treasury_maturity_capital_row_36,2026-03-31,2027-12,monthly,capital,securities,detail,36,"Discount/$+CER/5,83%/2033",100.543063,million_usd,official_projection,mecon_quarterly_treasury_maturity_profile,https://www.argentina.gob.ar/sites/default/files/deuda_publica_31-03-2026.xlsx,fad7687446da2e312d5f442e4d8e4fe53af87303a5fbdbe1030e8b241473aeee,2026-09-30T02:20:59Z
mecon_treasury_maturity_capital_row_37,2026-03-31,2027-12,monthly,capital,securities,detail,37,Emisión Canje 2005,97.633989,million_usd,official_projection,mecon_quarterly_treasury_maturity_profile,https://www.argentina.gob.ar/sites/default/files/deuda_publica_31-03-2026.xlsx,fad7687446da2e312d5f442e4d8e4fe53af87303a5fbdbe1030e8b241473aeee,2026-09-30T02:20:59Z
mecon_treasury_maturity_capital_row_38,2026-03-31,2027-12,monthly,capital,securities,detail,38,Emisión Canje 2010,2.909075,million_usd,official_projection,mecon_quarterly_treasury_maturity_profile,https://www.argentina.gob.ar/sites/default/files/deuda_publica_31-03-2026.xlsx,fad7687446da2e312d5f442e4d8e4fe53af87303a5fbdbe1030e8b241473aeee,2026-09-30T02:20:59Z
mecon_treasury_maturity_capital_row_39,2026-03-31,2027-12,monthly,capital,securities,detail,39,"Discount/JPY/4,33%/2033",3.095152,million_usd,official_projection,mecon_quarterly_treasury_maturity_profile,https://www.argentina.gob.ar/sites/default/files/deuda_publica_31-03-2026.xlsx,fad7687446da2e312d5f442e4d8e4fe53af87303a5fbdbe1030e8b241473aeee,2026-09-30T02:20:59Z
mecon_treasury_maturity_capital_row_40,2026-03-31,2027-12,monthly,capital,securities,detail,40,Emisión Canje 2005,2.135550,million_usd,official_projection,mecon_quarterly_treasury_maturity_profile,https://www.argentina.gob.ar/sites/default/files/deuda_publica_31-03-2026.xlsx,fad7687446da2e312d5f442e4d8e4fe53af87303a5fbdbe1030e8b241473aeee,2026-09-30T02:20:59Z
mecon_treasury_maturity_capital_row_41,2026-03-31,2027-12,monthly,capital,securities,detail,41,Emisión Canje 2010,0.959602,million_usd,official_projection,mecon_quarterly_treasury_maturity_profile,https://www.argentina.gob.ar/sites/default/files/deuda_publica_31-03-2026.xlsx,fad7687446da2e312d5f442e4d8e4fe53af87303a5fbdbe1030e8b241473aeee,2026-09-30T02:20:59Z
mecon_treasury_maturity_capital_row_53,2026-03-31,2027-12,monthly,capital,securities,detail,53,"BONAR/$/6,72763943919512%/31-12-2028",0.273676,million_usd,official_projection,mecon_quarterly_treasury_maturity_profile,https://www.argentina.gob.ar/sites/default/files/deuda_publica_31-03-2026.xlsx,fad7687446da2e312d5f442e4d8e4fe53af87303a5fbdbe1030e8b241473aeee,2026-09-30T02:20:59Z
mecon_treasury_maturity_capital_row_75,2026-03-31,2027-12,monthly,capital,securities,detail,75,BONCER/$/0%+CER/15-12-2027,18626.212608,million_usd,official_projection,mecon_quarterly_treasury_maturity_profile,https://www.argentina.gob.ar/sites/default/files/deuda_publica_31-03-2026.xlsx,fad7687446da2e312d5f442e4d8e4fe53af87303a5fbdbe1030e8b241473aeee,2026-09-30T02:20:59Z
mecon_treasury_maturity_capital_row_90,2026-03-31,2027-12,monthly,capital,securities,detail,90,Letras en Garantía,288.109500,million_usd,official_projection,mecon_quarterly_treasury_maturity_profile,https://www.argentina.gob.ar/sites/default/files/deuda_publica_31-03-2026.xlsx,fad7687446da2e312d5f442e4d8e4fe53af87303a5fbdbe1030e8b241473aeee,2026-09-30T02:20:59Z
mecon_treasury_maturity_capital_row_106,2026-03-31,2027-12,monthly,capital,securities,detail,106,TOTAL DEUDA DENOMINADA EN PESOS,18727.029348,million_usd,official_projection,mecon_quarterly_treasury_maturity_profile,https://www.argentina.gob.ar/sites/default/files/deuda_publica_31-03-2026.xlsx,fad7687446da2e312d5f442e4d8e4fe53af87303a5fbdbe1030e8b241473aeee,2026-09-30T02:20:59Z
mecon_treasury_maturity_capital_row_107,2026-03-31,2027-12,monthly,capital,securities,detail,107,· Deuda ajustable por CER,18726.755672,million_usd,official_projection,mecon_quarterly_treasury_maturity_profile,https://www.argentina.gob.ar/sites/default/files/deuda_publica_31-03-2026.xlsx,fad7687446da2e312d5f442e4d8e4fe53af87303a5fbdbe1030e8b241473aeee,2026-09-30T02:20:59Z
mecon_treasury_maturity_capital_row_108,2026-03-31,2027-12,monthly,capital,securities,detail,108,· Deuda no ajustable por CER,0.273676,million_usd,official_projection,mecon_quarterly_treasury_maturity_profile,https://www.argentina.gob.ar/sites/default/files/deuda_publica_31-03-2026.xlsx,fad7687446da2e312d5f442e4d8e4fe53af87303a5fbdbe1030e8b241473aeee,2026-09-30T02:20:59Z
mecon_treasury_maturity_capital_row_109,2026-03-31,2027-12,monthly,capital,securities,detail,109,TOTAL DEUDA EN MONEDA EXTRANJERA,2053.128878,million_usd,official_projection,mecon_quarterly_treasury_maturity_profile,https://www.argentina.gob.ar/sites/default/files/deuda_publica_31-03-2026.xlsx,fad7687446da2e312d5f442e4d8e4fe53af87303a5fbdbe1030e8b241473aeee,2026-09-30T02:20:59Z
mecon_treasury_maturity_interest_total,2026-03-31,2027-12,monthly,interest,total,total,13,Total,418.556185,million_usd,official_projection,mecon_quarterly_treasury_maturity_profile,https://www.argentina.gob.ar/sites/default/files/deuda_publica_31-03-2026.xlsx,fad7687446da2e312d5f442e4d8e4fe53af87303a5fbdbe1030e8b241473aeee,2026-09-30T02:20:59Z
mecon_treasury_maturity_interest_row_15,2026-03-31,2027-12,monthly,interest,total,term,15,MEDIANO Y LARGO PLAZO,418.556185,million_usd,official_projection,mecon_quarterly_treasury_maturity_profile,https://www.argentina.gob.ar/sites/default/files/deuda_publica_31-03-2026.xlsx,fad7687446da2e312d5f442e4d8e4fe53af87303a5fbdbe1030e8b241473aeee,2026-09-30T02:20:59Z
mecon_treasury_maturity_interest_loans,2026-03-31,2027-12,monthly,interest,loans,category,17,Préstamos,151.681486,million_usd,official_projection,mecon_quarterly_treasury_maturity_profile,https://www.argentina.gob.ar/sites/default/files/deuda_publica_31-03-2026.xlsx,fad7687446da2e312d5f442e4d8e4fe53af87303a5fbdbe1030e8b241473aeee,2026-09-30T02:20:59Z
mecon_treasury_maturity_interest_row_18,2026-03-31,2027-12,monthly,interest,loans,detail,18,Organismos Internacionales,130.866251,million_usd,official_projection,mecon_quarterly_treasury_maturity_profile,https://www.argentina.gob.ar/sites/default/files/deuda_publica_31-03-2026.xlsx,fad7687446da2e312d5f442e4d8e4fe53af87303a5fbdbe1030e8b241473aeee,2026-09-30T02:20:59Z
mecon_treasury_maturity_interest_row_19,2026-03-31,2027-12,monthly,interest,loans,detail,19,. BIRF,77.175572,million_usd,official_projection,mecon_quarterly_treasury_maturity_profile,https://www.argentina.gob.ar/sites/default/files/deuda_publica_31-03-2026.xlsx,fad7687446da2e312d5f442e4d8e4fe53af87303a5fbdbe1030e8b241473aeee,2026-09-30T02:20:59Z
mecon_treasury_maturity_interest_row_20,2026-03-31,2027-12,monthly,interest,loans,detail,20,. BID,29.201844,million_usd,official_projection,mecon_quarterly_treasury_maturity_profile,https://www.argentina.gob.ar/sites/default/files/deuda_publica_31-03-2026.xlsx,fad7687446da2e312d5f442e4d8e4fe53af87303a5fbdbe1030e8b241473aeee,2026-09-30T02:20:59Z
mecon_treasury_maturity_interest_row_22,2026-03-31,2027-12,monthly,interest,loans,detail,22,. Otros,24.488835,million_usd,official_projection,mecon_quarterly_treasury_maturity_profile,https://www.argentina.gob.ar/sites/default/files/deuda_publica_31-03-2026.xlsx,fad7687446da2e312d5f442e4d8e4fe53af87303a5fbdbe1030e8b241473aeee,2026-09-30T02:20:59Z
mecon_treasury_maturity_interest_row_23,2026-03-31,2027-12,monthly,interest,loans,detail,23,Préstamos Garantizados,3.528578,million_usd,official_projection,mecon_quarterly_treasury_maturity_profile,https://www.argentina.gob.ar/sites/default/files/deuda_publica_31-03-2026.xlsx,fad7687446da2e312d5f442e4d8e4fe53af87303a5fbdbe1030e8b241473aeee,2026-09-30T02:20:59Z
mecon_treasury_maturity_interest_row_24,2026-03-31,2027-12,monthly,interest,loans,detail,24,. En moneda nacional ajustable por CER,3.528578,million_usd,official_projection,mecon_quarterly_treasury_maturity_profile,https://www.argentina.gob.ar/sites/default/files/deuda_publica_31-03-2026.xlsx,fad7687446da2e312d5f442e4d8e4fe53af87303a5fbdbe1030e8b241473aeee,2026-09-30T02:20:59Z
mecon_treasury_maturity_interest_row_25,2026-03-31,2027-12,monthly,interest,loans,detail,25,Banca Comercial,0.543987,million_usd,official_projection,mecon_quarterly_treasury_maturity_profile,https://www.argentina.gob.ar/sites/default/files/deuda_publica_31-03-2026.xlsx,fad7687446da2e312d5f442e4d8e4fe53af87303a5fbdbe1030e8b241473aeee,2026-09-30T02:20:59Z
mecon_treasury_maturity_interest_row_26,2026-03-31,2027-12,monthly,interest,loans,detail,26,. En moneda extranjera,0.543987,million_usd,official_projection,mecon_quarterly_treasury_maturity_profile,https://www.argentina.gob.ar/sites/default/files/deuda_publica_31-03-2026.xlsx,fad7687446da2e312d5f442e4d8e4fe53af87303a5fbdbe1030e8b241473aeee,2026-09-30T02:20:59Z
mecon_treasury_maturity_interest_row_27,2026-03-31,2027-12,monthly,interest,loans,detail,27,Organismos Oficiales,16.742670,million_usd,official_projection,mecon_quarterly_treasury_maturity_profile,https://www.argentina.gob.ar/sites/default/files/deuda_publica_31-03-2026.xlsx,fad7687446da2e312d5f442e4d8e4fe53af87303a5fbdbe1030e8b241473aeee,2026-09-30T02:20:59Z
mecon_treasury_maturity_interest_securities,2026-03-31,2027-12,monthly,interest,securities,category,35,Títulos públicos y Letras del Tesoro,266.874700,million_usd,official_projection,mecon_quarterly_treasury_maturity_profile,https://www.argentina.gob.ar/sites/default/files/deuda_publica_31-03-2026.xlsx,fad7687446da2e312d5f442e4d8e4fe53af87303a5fbdbe1030e8b241473aeee,2026-09-30T02:20:59Z
mecon_treasury_maturity_interest_row_48,2026-03-31,2027-12,monthly,interest,securities,detail,48,DESCUENTO,38.971924,million_usd,official_projection,mecon_quarterly_treasury_maturity_profile,https://www.argentina.gob.ar/sites/default/files/deuda_publica_31-03-2026.xlsx,fad7687446da2e312d5f442e4d8e4fe53af87303a5fbdbe1030e8b241473aeee,2026-09-30T02:20:59Z
mecon_treasury_maturity_interest_row_49,2026-03-31,2027-12,monthly,interest,securities,detail,49,"Discount/$+CER/5,83%/2033",38.100794,million_usd,official_projection,mecon_quarterly_treasury_maturity_profile,https://www.argentina.gob.ar/sites/default/files/deuda_publica_31-03-2026.xlsx,fad7687446da2e312d5f442e4d8e4fe53af87303a5fbdbe1030e8b241473aeee,2026-09-30T02:20:59Z
mecon_treasury_maturity_interest_row_50,2026-03-31,2027-12,monthly,interest,securities,detail,50,Emisión Canje 2005,36.998400,million_usd,official_projection,mecon_quarterly_treasury_maturity_profile,https://www.argentina.gob.ar/sites/default/files/deuda_publica_31-03-2026.xlsx,fad7687446da2e312d5f442e4d8e4fe53af87303a5fbdbe1030e8b241473aeee,2026-09-30T02:20:59Z
mecon_treasury_maturity_interest_row_51,2026-03-31,2027-12,monthly,interest,securities,detail,51,Emisión Canje 2010,1.102394,million_usd,official_projection,mecon_quarterly_treasury_maturity_profile,https://www.argentina.gob.ar/sites/default/files/deuda_publica_31-03-2026.xlsx,fad7687446da2e312d5f442e4d8e4fe53af87303a5fbdbe1030e8b241473aeee,2026-09-30T02:20:59Z
mecon_treasury_maturity_interest_row_52,2026-03-31,2027-12,monthly,interest,securities,detail,52,"Discount/JPY/4,33%/2033",0.871131,million_usd,official_projection,mecon_quarterly_treasury_maturity_profile,https://www.argentina.gob.ar/sites/default/files/deuda_publica_31-03-2026.xlsx,fad7687446da2e312d5f442e4d8e4fe53af87303a5fbdbe1030e8b241473aeee,2026-09-30T02:20:59Z
mecon_treasury_maturity_interest_row_53,2026-03-31,2027-12,monthly,interest,securities,detail,53,Emisión Canje 2005,0.601050,million_usd,official_projection,mecon_quarterly_treasury_maturity_profile,https://www.argentina.gob.ar/sites/default/files/deuda_publica_31-03-2026.xlsx,fad7687446da2e312d5f442e4d8e4fe53af87303a5fbdbe1030e8b241473aeee,2026-09-30T02:20:59Z
mecon_treasury_maturity_interest_row_54,2026-03-31,2027-12,monthly,interest,securities,detail,54,Emisión Canje 2010,0.270080,million_usd,official_projection,mecon_quarterly_treasury_maturity_profile,https://www.argentina.gob.ar/sites/default/files/deuda_publica_31-03-2026.xlsx,fad7687446da2e312d5f442e4d8e4fe53af87303a5fbdbe1030e8b241473aeee,2026-09-30T02:20:59Z
mecon_treasury_maturity_interest_row_55,2026-03-31,2027-12,monthly,interest,securities,detail,55,"CUASIPAR/$+CER/3,31%/2045",196.581630,million_usd,official_projection,mecon_quarterly_treasury_maturity_profile,https://www.argentina.gob.ar/sites/default/files/deuda_publica_31-03-2026.xlsx,fad7687446da2e312d5f442e4d8e4fe53af87303a5fbdbe1030e8b241473aeee,2026-09-30T02:20:59Z
mecon_treasury_maturity_interest_row_56,2026-03-31,2027-12,monthly,interest,securities,detail,56,"BONAR/$/6,72763943919512%/31-12-2028",0.020632,million_usd,official_projection,mecon_quarterly_treasury_maturity_profile,https://www.argentina.gob.ar/sites/default/files/deuda_publica_31-03-2026.xlsx,fad7687446da2e312d5f442e4d8e4fe53af87303a5fbdbe1030e8b241473aeee,2026-09-30T02:20:59Z
mecon_treasury_maturity_interest_row_59,2026-03-31,2027-12,monthly,interest,securities,detail,59,BONAR/U$S/6%/31-10-2028,0.930772,million_usd,official_projection,mecon_quarterly_treasury_maturity_profile,https://www.argentina.gob.ar/sites/default/files/deuda_publica_31-03-2026.xlsx,fad7687446da2e312d5f442e4d8e4fe53af87303a5fbdbe1030e8b241473aeee,2026-09-30T02:20:59Z
mecon_treasury_maturity_interest_row_89,2026-03-31,2027-12,monthly,interest,securities,detail,89,LETRA INTRANSFERIBLE - BCRA,30.369742,million_usd,official_projection,mecon_quarterly_treasury_maturity_profile,https://www.argentina.gob.ar/sites/default/files/deuda_publica_31-03-2026.xlsx,fad7687446da2e312d5f442e4d8e4fe53af87303a5fbdbe1030e8b241473aeee,2026-09-30T02:20:59Z
mecon_treasury_maturity_interest_row_102,2026-03-31,2027-12,monthly,interest,securities,detail,102,TOTAL DEUDA DENOMINADA EN PESOS,238.231633,million_usd,official_projection,mecon_quarterly_treasury_maturity_profile,https://www.argentina.gob.ar/sites/default/files/deuda_publica_31-03-2026.xlsx,fad7687446da2e312d5f442e4d8e4fe53af87303a5fbdbe1030e8b241473aeee,2026-09-30T02:20:59Z
mecon_treasury_maturity_interest_row_103,2026-03-31,2027-12,monthly,interest,securities,detail,103,· Deuda ajustable por CER,238.211002,million_usd,official_projection,mecon_quarterly_treasury_maturity_profile,https://www.argentina.gob.ar/sites/default/files/deuda_publica_31-03-2026.xlsx,fad7687446da2e312d5f442e4d8e4fe53af87303a5fbdbe1030e8b241473aeee,2026-09-30T02:20:59Z
mecon_treasury_maturity_interest_row_104,2026-03-31,2027-12,monthly,interest,securities,detail,104,· Deuda no ajustable por CER,0.020632,million_usd,official_projection,mecon_quarterly_treasury_maturity_profile,https://www.argentina.gob.ar/sites/default/files/deuda_publica_31-03-2026.xlsx,fad7687446da2e312d5f442e4d8e4fe53af87303a5fbdbe1030e8b241473aeee,2026-09-30T02:20:59Z
mecon_treasury_maturity_interest_row_105,2026-03-31,2027-12,monthly,interest,securities,detail,105,TOTAL DEUDA EN MONEDA EXTRANJERA,180.324552,million_usd,official_projection,mecon_quarterly_treasury_maturity_profile,https://www.argentina.gob.ar/sites/default/files/deuda_publica_31-03-2026.xlsx,fad7687446da2e312d5f442e4d8e4fe53af87303a5fbdbe1030e8b241473aeee,2026-09-30T02:20:59Z
mecon_treasury_maturity_capital_total,2026-06-30,2026-07,monthly,capital,total,total,13,Total,11575.301463,million_usd,official_projection,mecon_quarterly_treasury_maturity_profile,https://www.argentina.gob.ar/sites/default/files/deuda_publica_30-06-2026_0.xlsx,e481f24585ef40b8ce7c2b515e66235c8b8ebcb4001a769091cb531a6373922e,2026-10-03T02:15:37Z
mecon_treasury_maturity_capital_row_14,2026-06-30,2026-07,monthly,capital,total,term,14,CORTO PLAZO,8501.554313,million_usd,official_projection,mecon_quarterly_treasury_maturity_profile,https://www.argentina.gob.ar/sites/default/files/deuda_publica_30-06-2026_0.xlsx,e481f24585ef40b8ce7c2b515e66235c8b8ebcb4001a769091cb531a6373922e,2026-10-03T02:15:37Z
mecon_treasury_maturity_capital_row_15,2026-06-30,2026-07,monthly,capital,total,term,15,MEDIANO Y LARGO PLAZO,3073.747150,million_usd,official_projection,mecon_quarterly_treasury_maturity_profile,https://www.argentina.gob.ar/sites/default/files/deuda_publica_30-06-2026_0.xlsx,e481f24585ef40b8ce7c2b515e66235c8b8ebcb4001a769091cb531a6373922e,2026-10-03T02:15:37Z
mecon_treasury_maturity_capital_loans,2026-06-30,2026-07,monthly,capital,loans,category,17,Préstamos,351.431872,million_usd,official_projection,mecon_quarterly_treasury_maturity_profile,https://www.argentina.gob.ar/sites/default/files/deuda_publica_30-06-2026_0.xlsx,e481f24585ef40b8ce7c2b515e66235c8b8ebcb4001a769091cb531a6373922e,2026-10-03T02:15:37Z
mecon_treasury_maturity_capital_row_18,2026-06-30,2026-07,monthly,capital,loans,detail,18,Organismos Internacionales,96.289908,million_usd,official_projection,mecon_quarterly_treasury_maturity_profile,https://www.argentina.gob.ar/sites/default/files/deuda_publica_30-06-2026_0.xlsx,e481f24585ef40b8ce7c2b515e66235c8b8ebcb4001a769091cb531a6373922e,2026-10-03T02:15:37Z
mecon_treasury_maturity_capital_row_19,2026-06-30,2026-07,monthly,capital,loans,detail,19,. BIRF,3.271886,million_usd,official_projection,mecon_quarterly_treasury_maturity_profile,https://www.argentina.gob.ar/sites/default/files/deuda_publica_30-06-2026_0.xlsx,e481f24585ef40b8ce7c2b515e66235c8b8ebcb4001a769091cb531a6373922e,2026-10-03T02:15:37Z
mecon_treasury_maturity_capital_row_20,2026-06-30,2026-07,monthly,capital,loans,detail,20,. BID,58.237827,million_usd,official_projection,mecon_quarterly_treasury_maturity_profile,https://www.argentina.gob.ar/sites/default/files/deuda_publica_30-06-2026_0.xlsx,e481f24585ef40b8ce7c2b515e66235c8b8ebcb4001a769091cb531a6373922e,2026-10-03T02:15:37Z
mecon_treasury_maturity_capital_row_22,2026-06-30,2026-07,monthly,capital,loans,detail,22,. Otros,34.780194,million_usd,official_projection,mecon_quarterly_treasury_maturity_profile,https://www.argentina.gob.ar/sites/default/files/deuda_publica_30-06-2026_0.xlsx,e481f24585ef40b8ce7c2b515e66235c8b8ebcb4001a769091cb531a6373922e,2026-10-03T02:15:37Z
mecon_treasury_maturity_capital_row_28,2026-06-30,2026-07,monthly,capital,loans,detail,28,Organismos Oficiales,231.129441,million_usd,official_projection,mecon_quarterly_treasury_maturity_profile,https://www.argentina.gob.ar/sites/default/files/deuda_publica_30-06-2026_0.xlsx,e481f24585ef40b8ce7c2b515e66235c8b8ebcb4001a769091cb531a6373922e,2026-10-03T02:15:37Z
mecon_treasury_maturity_capital_row_29,2026-06-30,2026-07,monthly,capital,loans,detail,29,Avales,24.012523,million_usd,official_projection,mecon_quarterly_treasury_maturity_profile,https://www.argentina.gob.ar/sites/default/files/deuda_publica_30-06-2026_0.xlsx,e481f24585ef40b8ce7c2b515e66235c8b8ebcb4001a769091cb531a6373922e,2026-10-03T02:15:37Z
mecon_treasury_maturity_capital_row_30,2026-06-30,2026-07,monthly,capital,loans,detail,30,. En moneda nacional,0.000464,million_usd,official_projection,mecon_quarterly_treasury_maturity_profile,https://www.argentina.gob.ar/sites/default/files/deuda_publica_30-06-2026_0.xlsx,e481f24585ef40b8ce7c2b515e66235c8b8ebcb4001a769091cb531a6373922e,2026-10-03T02:15:37Z
mecon_treasury_maturity_capital_row_31,2026-06-30,2026-07,monthly,capital,loans,detail,31,. En moneda extranjera,24.012059,million_usd,official_projection,mecon_quarterly_treasury_maturity_profile,https://www.argentina.gob.ar/sites/default/files/deuda_publica_30-06-2026_0.xlsx,e481f24585ef40b8ce7c2b515e66235c8b8ebcb4001a769091cb531a6373922e,2026-10-03T02:15:37Z
mecon_treasury_maturity_capital_bcra_advances,2026-06-30,2026-07,monthly,capital,bcra_advances,category,33,Adelantos transitorios BCRA,75.521581,million_usd,official_projection,mecon_quarterly_treasury_maturity_profile,https://www.argentina.gob.ar/sites/default/files/deuda_publica_30-06-2026_0.xlsx,e481f24585ef40b8ce7c2b515e66235c8b8ebcb4001a769091cb531a6373922e,2026-10-03T02:15:37Z
mecon_treasury_maturity_capital_securities,2026-06-30,2026-07,monthly,capital,securities,category,35,Títulos públicos y Letras del Tesoro,11148.348010,million_usd,official_projection,mecon_quarterly_treasury_maturity_profile,https://www.argentina.gob.ar/sites/default/files/deuda_publica_30-06-2026_0.xlsx,e481f24585ef40b8ce7c2b515e66235c8b8ebcb4001a769091cb531a6373922e,2026-10-03T02:15:37Z
mecon_treasury_maturity_capital_row_42,2026-06-30,2026-07,monthly,capital,securities,detail,42,"BONO GLOBAL/EUR/0,125%/09-07-2030",106.519610,million_usd,official_projection,mecon_quarterly_treasury_maturity_profile,https://www.argentina.gob.ar/sites/default/files/deuda_publica_30-06-2026_0.xlsx,e481f24585ef40b8ce7c2b515e66235c8b8ebcb4001a769091cb531a6373922e,2026-10-03T02:15:37Z
mecon_treasury_maturity_capital_row_43,2026-06-30,2026-07,monthly,capital,securities,detail,43,"BONO GLOBAL/EUR/0,50%/09-07-2029",10.325535,million_usd,official_projection,mecon_quarterly_treasury_maturity_profile,https://www.argentina.gob.ar/sites/default/files/deuda_publica_30-06-2026_0.xlsx,e481f24585ef40b8ce7c2b515e66235c8b8ebcb4001a769091cb531a6373922e,2026-10-03T02:15:37Z
mecon_treasury_maturity_capital_row_44,2026-06-30,2026-07,monthly,capital,securities,detail,44,BONO GLOBAL/EUR/STEP UP/09-07-2046,6.441889,million_usd,official_projection,mecon_quarterly_treasury_maturity_profile,https://www.argentina.gob.ar/sites/default/files/deuda_publica_30-06-2026_0.xlsx,e481f24585ef40b8ce7c2b515e66235c8b8ebcb4001a769091cb531a6373922e,2026-10-03T02:15:37Z
mecon_treasury_maturity_capital_row_46,2026-06-30,2026-07,monthly,capital,securities,detail,46,"BONO GLOBAL/U$S/1,00%/09-07-2029",262.052444,million_usd,official_projection,mecon_quarterly_treasury_maturity_profile,https://www.argentina.gob.ar/sites/default/files/deuda_publica_30-06-2026_0.xlsx,e481f24585ef40b8ce7c2b515e66235c8b8ebcb4001a769091cb531a6373922e,2026-10-03T02:15:37Z
mecon_treasury_maturity_capital_row_47,2026-06-30,2026-07,monthly,capital,securities,detail,47,BONO GLOBAL/U$S/STEP UP/09-07-2030,1086.994477,million_usd,official_projection,mecon_quarterly_treasury_maturity_profile,https://www.argentina.gob.ar/sites/default/files/deuda_publica_30-06-2026_0.xlsx,e481f24585ef40b8ce7c2b515e66235c8b8ebcb4001a769091cb531a6373922e,2026-10-03T02:15:37Z
mecon_treasury_maturity_capital_row_48,2026-06-30,2026-07,monthly,capital,securities,detail,48,BONO GLOBAL/U$S/STEP UP/09-07-2046,47.545389,million_usd,official_projection,mecon_quarterly_treasury_maturity_profile,https://www.argentina.gob.ar/sites/default/files/deuda_publica_30-06-2026_0.xlsx,e481f24585ef40b8ce7c2b515e66235c8b8ebcb4001a769091cb531a6373922e,2026-10-03T02:15:37Z
mecon_treasury_maturity_capital_row_50,2026-06-30,2026-07,monthly,capital,securities,detail,50,"BONO R.A./U$S/1,00%/09-07-2029",139.411866,million_usd,official_projection,mecon_quarterly_treasury_maturity_profile,https://www.argentina.gob.ar/sites/default/files/deuda_publica_30-06-2026_0.xlsx,e481f24585ef40b8ce7c2b515e66235c8b8ebcb4001a769091cb531a6373922e,2026-10-03T02:15:37Z
mecon_treasury_maturity_capital_row_51,2026-06-30,2026-07,monthly,capital,securities,detail,51,BONO R.A./U$S/STEP UP/09-07-2030,1047.344014,million_usd,official_projection,mecon_quarterly_treasury_maturity_profile,https://www.argentina.gob.ar/sites/default/files/deuda_publica_30-06-2026_0.xlsx,e481f24585ef40b8ce7c2b515e66235c8b8ebcb4001a769091cb531a6373922e,2026-10-03T02:15:37Z
mecon_treasury_maturity_capital_row_53,2026-06-30,2026-07,monthly,capital,securities,detail,53,"BONAR/$/6,72763943919512%/31-12-2028",0.232032,million_usd,official_projection,mecon_quarterly_treasury_maturity_profile,https://www.argentina.gob.ar/sites/default/files/deuda_publica_30-06-2026_0.xlsx,e481f24585ef40b8ce7c2b515e66235c8b8ebcb4001a769091cb531a6373922e,2026-10-03T02:15:37Z
mecon_treasury_maturity_capital_row_55,2026-06-30,2026-07,monthly,capital,securities,detail,55,BONTE/$/BADLAR/05-07-2030,1.731703,million_usd,official_projection,mecon_quarterly_treasury_maturity_profile,https://www.argentina.gob.ar/sites/default/files/deuda_publica_30-06-2026_0.xlsx,e481f24585ef40b8ce7c2b515e66235c8b8ebcb4001a769091cb531a6373922e,2026-10-03T02:15:37Z
mecon_treasury_maturity_capital_row_85,2026-06-30,2026-07,monthly,capital,securities,detail,85,LETRAS DEL TESORO,8424.822809,million_usd,official_projection,mecon_quarterly_treasury_maturity_profile,https://www.argentina.gob.ar/sites/default/files/deuda_publica_30-06-2026_0.xlsx,e481f24585ef40b8ce7c2b515e66235c8b8ebcb4001a769091cb531a6373922e,2026-10-03T02:15:37Z
mecon_treasury_maturity_capital_row_86,2026-06-30,2026-07,monthly,capital,securities,detail,86,. En moneda nacional,8424.822809,million_usd,official_projection,mecon_quarterly_treasury_maturity_profile,https://www.argentina.gob.ar/sites/default/files/deuda_publica_30-06-2026_0.xlsx,e481f24585ef40b8ce7c2b515e66235c8b8ebcb4001a769091cb531a6373922e,2026-10-03T02:15:37Z
mecon_treasury_maturity_capital_row_88,2026-06-30,2026-07,monthly,capital,securities,detail,88,OTROS (1),14.926241,million_usd,official_projection,mecon_quarterly_treasury_maturity_profile,https://www.argentina.gob.ar/sites/default/files/deuda_publica_30-06-2026_0.xlsx,e481f24585ef40b8ce7c2b515e66235c8b8ebcb4001a769091cb531a6373922e,2026-10-03T02:15:37Z
mecon_treasury_maturity_capital_row_89,2026-06-30,2026-07,monthly,capital,securities,detail,89,En moneda nacional,1.699110,million_usd,official_projection,mecon_quarterly_treasury_maturity_profile,https://www.argentina.gob.ar/sites/default/files/deuda_publica_30-06-2026_0.xlsx,e481f24585ef40b8ce7c2b515e66235c8b8ebcb4001a769091cb531a6373922e,2026-10-03T02:15:37Z
mecon_treasury_maturity_capital_row_90,2026-06-30,2026-07,monthly,capital,securities,detail,90,· Ajustable por CER,1.699018,million_usd,official_projection,mecon_quarterly_treasury_maturity_profile,https://www.argentina.gob.ar/sites/default/files/deuda_publica_30-06-2026_0.xlsx,e481f24585ef40b8ce7c2b515e66235c8b8ebcb4001a769091cb531a6373922e,2026-10-03T02:15:37Z
mecon_treasury_maturity_capital_row_91,2026-06-30,2026-07,monthly,capital,securities,detail,91,· Bonos de consolidación,1.475507,million_usd,official_projection,mecon_quarterly_treasury_maturity_profile,https://www.argentina.gob.ar/sites/default/files/deuda_publica_30-06-2026_0.xlsx,e481f24585ef40b8ce7c2b515e66235c8b8ebcb4001a769091cb531a6373922e,2026-10-03T02:15:37Z
mecon_treasury_maturity_capital_row_92,2026-06-30,2026-07,monthly,capital,securities,detail,92,· Otros,0.223511,million_usd,official_projection,mecon_quarterly_treasury_maturity_profile,https://www.argentina.gob.ar/sites/default/files/deuda_publica_30-06-2026_0.xlsx,e481f24585ef40b8ce7c2b515e66235c8b8ebcb4001a769091cb531a6373922e,2026-10-03T02:15:37Z
mecon_treasury_maturity_capital_row_93,2026-06-30,2026-07,monthly,capital,securities,detail,93,· No ajustable por CER,0.000092,million_usd,official_projection,mecon_quarterly_treasury_maturity_profile,https://www.argentina.gob.ar/sites/default/files/deuda_publica_30-06-2026_0.xlsx,e481f24585ef40b8ce7c2b515e66235c8b8ebcb4001a769091cb531a6373922e,2026-10-03T02:15:37Z
mecon_treasury_maturity_capital_row_94,2026-06-30,2026-07,monthly,capital,securities,detail,94,· Bonos de consolidación,0.000092,million_usd,official_projection,mecon_quarterly_treasury_maturity_profile,https://www.argentina.gob.ar/sites/default/files/deuda_publica_30-06-2026_0.xlsx,e481f24585ef40b8ce7c2b515e66235c8b8ebcb4001a769091cb531a6373922e,2026-10-03T02:15:37Z
mecon_treasury_maturity_capital_row_96,2026-06-30,2026-07,monthly,capital,securities,detail,96,En moneda extranjera,13.227132,million_usd,official_projection,mecon_quarterly_treasury_maturity_profile,https://www.argentina.gob.ar/sites/default/files/deuda_publica_30-06-2026_0.xlsx,e481f24585ef40b8ce7c2b515e66235c8b8ebcb4001a769091cb531a6373922e,2026-10-03T02:15:37Z
mecon_treasury_maturity_capital_row_97,2026-06-30,2026-07,monthly,capital,securities,detail,97,· Bonos de consolidación,3.073333,million_usd,official_projection,mecon_quarterly_treasury_maturity_profile,https://www.argentina.gob.ar/sites/default/files/deuda_publica_30-06-2026_0.xlsx,e481f24585ef40b8ce7c2b515e66235c8b8ebcb4001a769091cb531a6373922e,2026-10-03T02:15:37Z
mecon_treasury_maturity_capital_row_98,2026-06-30,2026-07,monthly,capital,securities,detail,98,· Otros,10.153798,million_usd,official_projection,mecon_quarterly_treasury_maturity_profile,https://www.argentina.gob.ar/sites/default/files/deuda_publica_30-06-2026_0.xlsx,e481f24585ef40b8ce7c2b515e66235c8b8ebcb4001a769091cb531a6373922e,2026-10-03T02:15:37Z
mecon_treasury_maturity_capital_row_100,2026-06-30,2026-07,monthly,capital,securities,detail,100,TOTAL DEUDA DENOMINADA EN PESOS,8504.007699,million_usd,official_projection,mecon_quarterly_treasury_maturity_profile,https://www.argentina.gob.ar/sites/default/files/deuda_publica_30-06-2026_0.xlsx,e481f24585ef40b8ce7c2b515e66235c8b8ebcb4001a769091cb531a6373922e,2026-10-03T02:15:37Z
mecon_treasury_maturity_capital_row_101,2026-06-30,2026-07,monthly,capital,securities,detail,101,· Deuda ajustable por CER,1096.466552,million_usd,official_projection,mecon_quarterly_treasury_maturity_profile,https://www.argentina.gob.ar/sites/default/files/deuda_publica_30-06-2026_0.xlsx,e481f24585ef40b8ce7c2b515e66235c8b8ebcb4001a769091cb531a6373922e,2026-10-03T02:15:37Z
mecon_treasury_maturity_capital_row_102,2026-06-30,2026-07,monthly,capital,securities,detail,102,· Deuda no ajustable por CER,7407.541147,million_usd,official_projection,mecon_quarterly_treasury_maturity_profile,https://www.argentina.gob.ar/sites/default/files/deuda_publica_30-06-2026_0.xlsx,e481f24585ef40b8ce7c2b515e66235c8b8ebcb4001a769091cb531a6373922e,2026-10-03T02:15:37Z
mecon_treasury_maturity_capital_row_103,2026-06-30,2026-07,monthly,capital,securities,detail,103,TOTAL DEUDA EN MONEDA EXTRANJERA,3071.293764,million_usd,official_projection,mecon_quarterly_treasury_maturity_profile,https://www.argentina.gob.ar/sites/default/files/deuda_publica_30-06-2026_0.xlsx,e481f24585ef40b8ce7c2b515e66235c8b8ebcb4001a769091cb531a6373922e,2026-10-03T02:15:37Z
mecon_treasury_maturity_interest_total,2026-06-30,2026-07,monthly,interest,total,total,13,Total,2176.749184,million_usd,official_projection,mecon_quarterly_treasury_maturity_profile,https://www.argentina.gob.ar/sites/default/files/deuda_publica_30-06-2026_0.xlsx,e481f24585ef40b8ce7c2b515e66235c8b8ebcb4001a769091cb531a6373922e,2026-10-03T02:15:37Z
mecon_treasury_maturity_interest_row_15,2026-06-30,2026-07,monthly,interest,total,term,15,MEDIANO Y LARGO PLAZO,2176.749184,million_usd,official_projection,mecon_quarterly_treasury_maturity_profile,https://www.argentina.gob.ar/sites/default/files/deuda_publica_30-06-2026_0.xlsx,e481f24585ef40b8ce7c2b515e66235c8b8ebcb4001a769091cb531a6373922e,2026-10-03T02:15:37Z
mecon_treasury_maturity_interest_loans,2026-06-30,2026-07,monthly,interest,loans,category,17,Préstamos,209.786322,million_usd,official_projection,mecon_quarterly_treasury_maturity_profile,https://www.argentina.gob.ar/sites/default/files/deuda_publica_30-06-2026_0.xlsx,e481f24585ef40b8ce7c2b515e66235c8b8ebcb4001a769091cb531a6373922e,2026-10-03T02:15:37Z
mecon_treasury_maturity_interest_row_18,2026-06-30,2026-07,monthly,interest,loans,detail,18,Organismos Internacionales,142.835748,million_usd,official_projection,mecon_quarterly_treasury_maturity_profile,https://www.argentina.gob.ar/sites/default/files/deuda_publica_30-06-2026_0.xlsx,e481f24585ef40b8ce7c2b515e66235c8b8ebcb4001a769091cb531a6373922e,2026-10-03T02:15:37Z
mecon_treasury_maturity_interest_row_19,2026-06-30,2026-07,monthly,interest,loans,detail,19,. BIRF,33.609937,million_usd,official_projection,mecon_quarterly_treasury_maturity_profile,https://www.argentina.gob.ar/sites/default/files/deuda_publica_30-06-2026_0.xlsx,e481f24585ef40b8ce7c2b515e66235c8b8ebcb4001a769091cb531a6373922e,2026-10-03T02:15:37Z
mecon_treasury_maturity_interest_row_20,2026-06-30,2026-07,monthly,interest,loans,detail,20,. BID,75.963700,million_usd,official_projection,mecon_quarterly_treasury_maturity_profile,https://www.argentina.gob.ar/sites/default/files/deuda_publica_30-06-2026_0.xlsx,e481f24585ef40b8ce7c2b515e66235c8b8ebcb4001a769091cb531a6373922e,2026-10-03T02:15:37Z
mecon_treasury_maturity_interest_row_22,2026-06-30,2026-07,monthly,interest,loans,detail,22,. Otros,33.262111,million_usd,official_projection,mecon_quarterly_treasury_maturity_profile,https://www.argentina.gob.ar/sites/default/files/deuda_publica_30-06-2026_0.xlsx,e481f24585ef40b8ce7c2b515e66235c8b8ebcb4001a769091cb531a6373922e,2026-10-03T02:15:37Z
mecon_treasury_maturity_interest_row_23,2026-06-30,2026-07,monthly,interest,loans,detail,23,Préstamos Garantizados,4.484057,million_usd,official_projection,mecon_quarterly_treasury_maturity_profile,https://www.argentina.gob.ar/sites/default/files/deuda_publica_30-06-2026_0.xlsx,e481f24585ef40b8ce7c2b515e66235c8b8ebcb4001a769091cb531a6373922e,2026-10-03T02:15:37Z
mecon_treasury_maturity_interest_row_24,2026-06-30,2026-07,monthly,interest,loans,detail,24,. En moneda nacional ajustable por CER,4.484057,million_usd,official_projection,mecon_quarterly_treasury_maturity_profile,https://www.argentina.gob.ar/sites/default/files/deuda_publica_30-06-2026_0.xlsx,e481f24585ef40b8ce7c2b515e66235c8b8ebcb4001a769091cb531a6373922e,2026-10-03T02:15:37Z
mecon_treasury_maturity_interest_row_28,2026-06-30,2026-07,monthly,interest,loans,detail,28,Organismos Oficiales,40.714558,million_usd,official_projection,mecon_quarterly_treasury_maturity_profile,https://www.argentina.gob.ar/sites/default/files/deuda_publica_30-06-2026_0.xlsx,e481f24585ef40b8ce7c2b515e66235c8b8ebcb4001a769091cb531a6373922e,2026-10-03T02:15:37Z
mecon_treasury_maturity_interest_row_32,2026-06-30,2026-07,monthly,interest,loans,detail,32,Avales,21.751958,million_usd,official_projection,mecon_quarterly_treasury_maturity_profile,https://www.argentina.gob.ar/sites/default/files/deuda_publica_30-06-2026_0.xlsx,e481f24585ef40b8ce7c2b515e66235c8b8ebcb4001a769091cb531a6373922e,2026-10-03T02:15:37Z
mecon_treasury_maturity_interest_row_33,2026-06-30,2026-07,monthly,interest,loans,detail,33,. En moneda nacional,0.007379,million_usd,official_projection,mecon_quarterly_treasury_maturity_profile,https://www.argentina.gob.ar/sites/default/files/deuda_publica_30-06-2026_0.xlsx,e481f24585ef40b8ce7c2b515e66235c8b8ebcb4001a769091cb531a6373922e,2026-10-03T02:15:37Z
mecon_treasury_maturity_interest_row_34,2026-06-30,2026-07,monthly,interest,loans,detail,34,. En moneda extranjera,21.744579,million_usd,official_projection,mecon_quarterly_treasury_maturity_profile,https://www.argentina.gob.ar/sites/default/files/deuda_publica_30-06-2026_0.xlsx,e481f24585ef40b8ce7c2b515e66235c8b8ebcb4001a769091cb531a6373922e,2026-10-03T02:15:37Z
mecon_treasury_maturity_interest_securities,2026-06-30,2026-07,monthly,interest,securities,category,36,Títulos públicos y Letras del Tesoro,1966.962862,million_usd,official_projection,mecon_quarterly_treasury_maturity_profile,https://www.argentina.gob.ar/sites/default/files/deuda_publica_30-06-2026_0.xlsx,e481f24585ef40b8ce7c2b515e66235c8b8ebcb4001a769091cb531a6373922e,2026-10-03T02:15:37Z
mecon_treasury_maturity_interest_row_57,2026-06-30,2026-07,monthly,interest,securities,detail,57,"BONAR/$/6,72763943919512%/31-12-2028",0.042378,million_usd,official_projection,mecon_quarterly_treasury_maturity_profile,https://www.argentina.gob.ar/sites/default/files/deuda_publica_30-06-2026_0.xlsx,e481f24585ef40b8ce7c2b515e66235c8b8ebcb4001a769091cb531a6373922e,2026-10-03T02:15:37Z
mecon_treasury_maturity_interest_row_59,2026-06-30,2026-07,monthly,interest,securities,detail,59,BONAR/U$S/6%/29-10-2027,10.001852,million_usd,official_projection,mecon_quarterly_treasury_maturity_profile,https://www.argentina.gob.ar/sites/default/files/deuda_publica_30-06-2026_0.xlsx,e481f24585ef40b8ce7c2b515e66235c8b8ebcb4001a769091cb531a6373922e,2026-10-03T02:15:37Z
mecon_treasury_maturity_interest_row_60,2026-06-30,2026-07,monthly,interest,securities,detail,60,BONAR/U$S/6%/31-10-2028,10.001848,million_usd,official_projection,mecon_quarterly_treasury_maturity_profile,https://www.argentina.gob.ar/sites/default/files/deuda_publica_30-06-2026_0.xlsx,e481f24585ef40b8ce7c2b515e66235c8b8ebcb4001a769091cb531a6373922e,2026-10-03T02:15:37Z
mecon_treasury_maturity_interest_row_64,2026-06-30,2026-07,monthly,interest,securities,detail,64,"BONO GLOBAL/EUR/0,125%/09-07-2030",0.599173,million_usd,official_projection,mecon_quarterly_treasury_maturity_profile,https://www.argentina.gob.ar/sites/default/files/deuda_publica_30-06-2026_0.xlsx,e481f24585ef40b8ce7c2b515e66235c8b8ebcb4001a769091cb531a6373922e,2026-10-03T02:15:37Z
mecon_treasury_maturity_interest_row_65,2026-06-30,2026-07,monthly,interest,securities,detail,65,"BONO GLOBAL/EUR/0,50%/09-07-2029",0.180697,million_usd,official_projection,mecon_quarterly_treasury_maturity_profile,https://www.argentina.gob.ar/sites/default/files/deuda_publica_30-06-2026_0.xlsx,e481f24585ef40b8ce7c2b515e66235c8b8ebcb4001a769091cb531a6373922e,2026-10-03T02:15:37Z
mecon_treasury_maturity_interest_row_66,2026-06-30,2026-07,monthly,interest,securities,detail,66,BONO GLOBAL/EUR/STEP UP/09-01-2038,19.646341,million_usd,official_projection,mecon_quarterly_treasury_maturity_profile,https://www.argentina.gob.ar/sites/default/files/deuda_publica_30-06-2026_0.xlsx,e481f24585ef40b8ce7c2b515e66235c8b8ebcb4001a769091cb531a6373922e,2026-10-03T02:15:37Z
mecon_treasury_maturity_interest_row_67,2026-06-30,2026-07,monthly,interest,securities,detail,67,BONO GLOBAL/EUR/STEP UP/09-07-2035,6.613158,million_usd,official_projection,mecon_quarterly_treasury_maturity_profile,https://www.argentina.gob.ar/sites/default/files/deuda_publica_30-06-2026_0.xlsx,e481f24585ef40b8ce7c2b515e66235c8b8ebcb4001a769091cb531a6373922e,2026-10-03T02:15:37Z
mecon_treasury_maturity_interest_row_68,2026-06-30,2026-07,monthly,interest,securities,detail,68,BONO GLOBAL/EUR/STEP UP/09-07-2041,26.946572,million_usd,official_projection,mecon_quarterly_treasury_maturity_profile,https://www.argentina.gob.ar/sites/default/files/deuda_publica_30-06-2026_0.xlsx,e481f24585ef40b8ce7c2b515e66235c8b8ebcb4001a769091cb531a6373922e,2026-10-03T02:15:37Z
mecon_treasury_maturity_interest_row_69,2026-06-30,2026-07,monthly,interest,securities,detail,69,BONO GLOBAL/EUR/STEP UP/09-07-2046,5.282349,million_usd,official_projection,mecon_quarterly_treasury_maturity_profile,https://www.argentina.gob.ar/sites/default/files/deuda_publica_30-06-2026_0.xlsx,e481f24585ef40b8ce7c2b515e66235c8b8ebcb4001a769091cb531a6373922e,2026-10-03T02:15:37Z
mecon_treasury_maturity_interest_row_70,2026-06-30,2026-07,monthly,interest,securities,detail,70,"BONO GLOBAL/U$S/1,00%/09-07-2029",9.171836,million_usd,official_projection,mecon_quarterly_treasury_maturity_profile,https://www.argentina.gob.ar/sites/default/files/deuda_publica_30-06-2026_0.xlsx,e481f24585ef40b8ce7c2b515e66235c8b8ebcb4001a769091cb531a6373922e,2026-10-03T02:15:37Z
mecon_treasury_maturity_interest_row_71,2026-06-30,2026-07,monthly,interest,securities,detail,71,BONO GLOBAL/U$S/STEP UP/09-01-2038,284.625584,million_usd,official_projection,mecon_quarterly_treasury_maturity_profile,https://www.argentina.gob.ar/sites/default/files/deuda_publica_30-06-2026_0.xlsx,e481f24585ef40b8ce7c2b515e66235c8b8ebcb4001a769091cb531a6373922e,2026-10-03T02:15:37Z
mecon_treasury_maturity_interest_row_72,2026-06-30,2026-07,monthly,interest,securities,detail,72,BONO GLOBAL/U$S/STEP UP/09-07-2030,36.686064,million_usd,official_projection,mecon_quarterly_treasury_maturity_profile,https://www.argentina.gob.ar/sites/default/files/deuda_publica_30-06-2026_0.xlsx,e481f24585ef40b8ce7c2b515e66235c8b8ebcb4001a769091cb531a6373922e,2026-10-03T02:15:37Z
mecon_treasury_maturity_interest_row_73,2026-06-30,2026-07,monthly,interest,securities,detail,73,BONO GLOBAL/U$S/STEP UP/09-07-2035,421.499713,million_usd,official_projection,mecon_quarterly_treasury_maturity_profile,https://www.argentina.gob.ar/sites/default/files/deuda_publica_30-06-2026_0.xlsx,e481f24585ef40b8ce7c2b515e66235c8b8ebcb4001a769091cb531a6373922e,2026-10-03T02:15:37Z
mecon_treasury_maturity_interest_row_74,2026-06-30,2026-07,monthly,interest,securities,detail,74,BONO GLOBAL/U$S/STEP UP/09-07-2041,183.436947,million_usd,official_projection,mecon_quarterly_treasury_maturity_profile,https://www.argentina.gob.ar/sites/default/files/deuda_publica_30-06-2026_0.xlsx,e481f24585ef40b8ce7c2b515e66235c8b8ebcb4001a769091cb531a6373922e,2026-10-03T02:15:37Z
mecon_treasury_maturity_interest_row_75,2026-06-30,2026-07,monthly,interest,securities,detail,75,BONO GLOBAL/U$S/STEP UP/09-07-2046,40.205570,million_usd,official_projection,mecon_quarterly_treasury_maturity_profile,https://www.argentina.gob.ar/sites/default/files/deuda_publica_30-06-2026_0.xlsx,e481f24585ef40b8ce7c2b515e66235c8b8ebcb4001a769091cb531a6373922e,2026-10-03T02:15:37Z
mecon_treasury_maturity_interest_row_76,2026-06-30,2026-07,monthly,interest,securities,detail,76,"BONO R.A./U$S/1,00%/09-07-2029",4.879415,million_usd,official_projection,mecon_quarterly_treasury_maturity_profile,https://www.argentina.gob.ar/sites/default/files/deuda_publica_30-06-2026_0.xlsx,e481f24585ef40b8ce7c2b515e66235c8b8ebcb4001a769091cb531a6373922e,2026-10-03T02:15:37Z
mecon_treasury_maturity_interest_row_77,2026-06-30,2026-07,monthly,interest,securities,detail,77,BONO R.A./U$S/STEP UP/09-01-2038,308.124439,million_usd,official_projection,mecon_quarterly_treasury_maturity_profile,https://www.argentina.gob.ar/sites/default/files/deuda_publica_30-06-2026_0.xlsx,e481f24585ef40b8ce7c2b515e66235c8b8ebcb4001a769091cb531a6373922e,2026-10-03T02:15:37Z
mecon_treasury_maturity_interest_row_78,2026-06-30,2026-07,monthly,interest,securities,detail,78,BONO R.A./U$S/STEP UP/09-07-2030,35.347860,million_usd,official_projection,mecon_quarterly_treasury_maturity_profile,https://www.argentina.gob.ar/sites/default/files/deuda_publica_30-06-2026_0.xlsx,e481f24585ef40b8ce7c2b515e66235c8b8ebcb4001a769091cb531a6373922e,2026-10-03T02:15:37Z
mecon_treasury_maturity_interest_row_79,2026-06-30,2026-07,monthly,interest,securities,detail,79,BONO R.A./U$S/STEP UP/09-07-2035,417.532491,million_usd,official_projection,mecon_quarterly_treasury_maturity_profile,https://www.argentina.gob.ar/sites/default/files/deuda_publica_30-06-2026_0.xlsx,e481f24585ef40b8ce7c2b515e66235c8b8ebcb4001a769091cb531a6373922e,2026-10-03T02:15:37Z
mecon_treasury_maturity_interest_row_80,2026-06-30,2026-07,monthly,interest,securities,detail,80,BONO R.A./U$S/STEP UP/09-07-2041,26.989091,million_usd,official_projection,mecon_quarterly_treasury_maturity_profile,https://www.argentina.gob.ar/sites/default/files/deuda_publica_30-06-2026_0.xlsx,e481f24585ef40b8ce7c2b515e66235c8b8ebcb4001a769091cb531a6373922e,2026-10-03T02:15:37Z
mecon_treasury_maturity_interest_row_84,2026-06-30,2026-07,monthly,interest,securities,detail,84,BONTE/$/BADLAR/05-07-2030,0.815929,million_usd,official_projection,mecon_quarterly_treasury_maturity_profile,https://www.argentina.gob.ar/sites/default/files/deuda_publica_30-06-2026_0.xlsx,e481f24585ef40b8ce7c2b515e66235c8b8ebcb4001a769091cb531a6373922e,2026-10-03T02:15:37Z
mecon_treasury_maturity_interest_row_89,2026-06-30,2026-07,monthly,interest,securities,detail,89,LETRA INTRANSFERIBLE - BCRA,118.333555,million_usd,official_projection,mecon_quarterly_treasury_maturity_profile,https://www.argentina.gob.ar/sites/default/files/deuda_publica_30-06-2026_0.xlsx,e481f24585ef40b8ce7c2b515e66235c8b8ebcb4001a769091cb531a6373922e,2026-10-03T02:15:37Z
mecon_treasury_maturity_interest_row_103,2026-06-30,2026-07,monthly,interest,securities,detail,103,TOTAL DEUDA DENOMINADA EN PESOS,5.349743,million_usd,official_projection,mecon_quarterly_treasury_maturity_profile,https://www.argentina.gob.ar/sites/default/files/deuda_publica_30-06-2026_0.xlsx,e481f24585ef40b8ce7c2b515e66235c8b8ebcb4001a769091cb531a6373922e,2026-10-03T02:15:37Z
mecon_treasury_maturity_interest_row_104,2026-06-30,2026-07,monthly,interest,securities,detail,104,· Deuda ajustable por CER,4.484057,million_usd,official_projection,mecon_quarterly_treasury_maturity_profile,https://www.argentina.gob.ar/sites/default/files/deuda_publica_30-06-2026_0.xlsx,e481f24585ef40b8ce7c2b515e66235c8b8ebcb4001a769091cb531a6373922e,2026-10-03T02:15:37Z
mecon_treasury_maturity_interest_row_105,2026-06-30,2026-07,monthly,interest,securities,detail,105,· Deuda no ajustable por CER,0.865686,million_usd,official_projection,mecon_quarterly_treasury_maturity_profile,https://www.argentina.gob.ar/sites/default/files/deuda_publica_30-06-2026_0.xlsx,e481f24585ef40b8ce7c2b515e66235c8b8ebcb4001a769091cb531a6373922e,2026-10-03T02:15:37Z
mecon_treasury_maturity_interest_row_106,2026-06-30,2026-07,monthly,interest,securities,detail,106,TOTAL DEUDA EN MONEDA EXTRANJERA,2171.399441,million_usd,official_projection,mecon_quarterly_treasury_maturity_profile,https://www.argentina.gob.ar/sites/default/files/deuda_publica_30-06-2026_0.xlsx,e481f24585ef40b8ce7c2b515e66235c8b8ebcb4001a769091cb531a6373922e,2026-10-03T02:15:37Z
mecon_treasury_maturity_capital_total,2026-06-30,2026-08,monthly,capital,total,total,13,Total,10925.921243,million_usd,official_projection,mecon_quarterly_treasury_maturity_profile,https://www.argentina.gob.ar/sites/default/files/deuda_publica_30-06-2026_0.xlsx,e481f24585ef40b8ce7c2b515e66235c8b8ebcb4001a769091cb531a6373922e,2026-10-03T02:15:37Z
mecon_treasury_maturity_capital_row_14,2026-06-30,2026-08,monthly,capital,total,term,14,CORTO PLAZO,10815.911073,million_usd,official_projection,mecon_quarterly_treasury_maturity_profile,https://www.argentina.gob.ar/sites/default/files/deuda_publica_30-06-2026_0.xlsx,e481f24585ef40b8ce7c2b515e66235c8b8ebcb4001a769091cb531a6373922e,2026-10-03T02:15:37Z
mecon_treasury_maturity_capital_row_15,2026-06-30,2026-08,monthly,capital,total,term,15,MEDIANO Y LARGO PLAZO,110.010171,million_usd,official_projection,mecon_quarterly_treasury_maturity_profile,https://www.argentina.gob.ar/sites/default/files/deuda_publica_30-06-2026_0.xlsx,e481f24585ef40b8ce7c2b515e66235c8b8ebcb4001a769091cb531a6373922e,2026-10-03T02:15:37Z
mecon_treasury_maturity_capital_loans,2026-06-30,2026-08,monthly,capital,loans,category,17,Préstamos,109.152268,million_usd,official_projection,mecon_quarterly_treasury_maturity_profile,https://www.argentina.gob.ar/sites/default/files/deuda_publica_30-06-2026_0.xlsx,e481f24585ef40b8ce7c2b515e66235c8b8ebcb4001a769091cb531a6373922e,2026-10-03T02:15:37Z
mecon_treasury_maturity_capital_row_18,2026-06-30,2026-08,monthly,capital,loans,detail,18,Organismos Internacionales,89.975250,million_usd,official_projection,mecon_quarterly_treasury_maturity_profile,https://www.argentina.gob.ar/sites/default/files/deuda_publica_30-06-2026_0.xlsx,e481f24585ef40b8ce7c2b515e66235c8b8ebcb4001a769091cb531a6373922e,2026-10-03T02:15:37Z
mecon_treasury_maturity_capital_row_19,2026-06-30,2026-08,monthly,capital,loans,detail,19,. BIRF,4.587491,million_usd,official_projection,mecon_quarterly_treasury_maturity_profile,https://www.argentina.gob.ar/sites/default/files/deuda_publica_30-06-2026_0.xlsx,e481f24585ef40b8ce7c2b515e66235c8b8ebcb4001a769091cb531a6373922e,2026-10-03T02:15:37Z
mecon_treasury_maturity_capital_row_20,2026-06-30,2026-08,monthly,capital,loans,detail,20,. BID,50.684465,million_usd,official_projection,mecon_quarterly_treasury_maturity_profile,https://www.argentina.gob.ar/sites/default/files/deuda_publica_30-06-2026_0.xlsx,e481f24585ef40b8ce7c2b515e66235c8b8ebcb4001a769091cb531a6373922e,2026-10-03T02:15:37Z
mecon_treasury_maturity_capital_row_22,2026-06-30,2026-08,monthly,capital,loans,detail,22,. Otros,34.703293,million_usd,official_projection,mecon_quarterly_treasury_maturity_profile,https://www.argentina.gob.ar/sites/default/files/deuda_publica_30-06-2026_0.xlsx,e481f24585ef40b8ce7c2b515e66235c8b8ebcb4001a769091cb531a6373922e,2026-10-03T02:15:37Z
mecon_treasury_maturity_capital_row_23,2026-06-30,2026-08,monthly,capital,loans,detail,23,Banca Comercial,2.478601,million_usd,official_projection,mecon_quarterly_treasury_maturity_profile,https://www.argentina.gob.ar/sites/default/files/deuda_publica_30-06-2026_0.xlsx,e481f24585ef40b8ce7c2b515e66235c8b8ebcb4001a769091cb531a6373922e,2026-10-03T02:15:37Z
mecon_treasury_maturity_capital_row_26,2026-06-30,2026-08,monthly,capital,loans,detail,26,. En moneda extranjera,2.478601,million_usd,official_projection,mecon_quarterly_treasury_maturity_profile,https://www.argentina.gob.ar/sites/default/files/deuda_publica_30-06-2026_0.xlsx,e481f24585ef40b8ce7c2b515e66235c8b8ebcb4001a769091cb531a6373922e,2026-10-03T02:15:37Z
mecon_treasury_maturity_capital_row_27,2026-06-30,2026-08,monthly,capital,loans,detail,27,Otros,2.478601,million_usd,official_projection,mecon_quarterly_treasury_maturity_profile,https://www.argentina.gob.ar/sites/default/files/deuda_publica_30-06-2026_0.xlsx,e481f24585ef40b8ce7c2b515e66235c8b8ebcb4001a769091cb531a6373922e,2026-10-03T02:15:37Z
mecon_treasury_maturity_capital_row_28,2026-06-30,2026-08,monthly,capital,loans,detail,28,Organismos Oficiales,4.756271,million_usd,official_projection,mecon_quarterly_treasury_maturity_profile,https://www.argentina.gob.ar/sites/default/files/deuda_publica_30-06-2026_0.xlsx,e481f24585ef40b8ce7c2b515e66235c8b8ebcb4001a769091cb531a6373922e,2026-10-03T02:15:37Z
mecon_treasury_maturity_capital_row_29,2026-06-30,2026-08,monthly,capital,loans,detail,29,Avales,11.942144,million_usd,official_projection,mecon_quarterly_treasury_maturity_profile,https://www.argentina.gob.ar/sites/default/files/deuda_publica_30-06-2026_0.xlsx,e481f24585ef40b8ce7c2b515e66235c8b8ebcb4001a769091cb531a6373922e,2026-10-03T02:15:37Z
mecon_treasury_maturity_capital_row_31,2026-06-30,2026-08,monthly,capital,loans,detail,31,. En moneda extranjera,11.942144,million_usd,official_projection,mecon_quarterly_treasury_maturity_profile,https://www.argentina.gob.ar/sites/default/files/deuda_publica_30-06-2026_0.xlsx,e481f24585ef40b8ce7c2b515e66235c8b8ebcb4001a769091cb531a6373922e,2026-10-03T02:15:37Z
mecon_treasury_maturity_capital_bcra_advances,2026-06-30,2026-08,monthly,capital,bcra_advances,category,33,Adelantos transitorios BCRA,58.664085,million_usd,official_projection,mecon_quarterly_treasury_maturity_profile,https://www.argentina.gob.ar/sites/default/files/deuda_publica_30-06-2026_0.xlsx,e481f24585ef40b8ce7c2b515e66235c8b8ebcb4001a769091cb531a6373922e,2026-10-03T02:15:37Z
mecon_treasury_maturity_capital_securities,2026-06-30,2026-08,monthly,capital,securities,category,35,Títulos públicos y Letras del Tesoro,10758.104890,million_usd,official_projection,mecon_quarterly_treasury_maturity_profile,https://www.argentina.gob.ar/sites/default/files/deuda_publica_30-06-2026_0.xlsx,e481f24585ef40b8ce7c2b515e66235c8b8ebcb4001a769091cb531a6373922e,2026-10-03T02:15:37Z
mecon_treasury_maturity_capital_row_53,2026-06-30,2026-08,monthly,capital,securities,detail,53,"BONAR/$/6,72763943919512%/31-12-2028",0.233333,million_usd,official_projection,mecon_quarterly_treasury_maturity_profile,https://www.argentina.gob.ar/sites/default/files/deuda_publica_30-06-2026_0.xlsx,e481f24585ef40b8ce7c2b515e66235c8b8ebcb4001a769091cb531a6373922e,2026-10-03T02:15:37Z
mecon_treasury_maturity_capital_row_56,2026-06-30,2026-08,monthly,capital,securities,detail,56,BONTE/$/BADLAR+400PB/17-08-31,0.199034,million_usd,official_projection,mecon_quarterly_treasury_maturity_profile,https://www.argentina.gob.ar/sites/default/files/deuda_publica_30-06-2026_0.xlsx,e481f24585ef40b8ce7c2b515e66235c8b8ebcb4001a769091cb531a6373922e,2026-10-03T02:15:37Z
mecon_treasury_maturity_capital_row_85,2026-06-30,2026-08,monthly,capital,securities,detail,85,LETRAS DEL TESORO,10752.467564,million_usd,official_projection,mecon_quarterly_treasury_maturity_profile,https://www.argentina.gob.ar/sites/default/files/deuda_publica_30-06-2026_0.xlsx,e481f24585ef40b8ce7c2b515e66235c8b8ebcb4001a769091cb531a6373922e,2026-10-03T02:15:37Z
mecon_treasury_maturity_capital_row_86,2026-06-30,2026-08,monthly,capital,securities,detail,86,. En moneda nacional,10752.467564,million_usd,official_projection,mecon_quarterly_treasury_maturity_profile,https://www.argentina.gob.ar/sites/default/files/deuda_publica_30-06-2026_0.xlsx,e481f24585ef40b8ce7c2b515e66235c8b8ebcb4001a769091cb531a6373922e,2026-10-03T02:15:37Z
mecon_treasury_maturity_capital_row_88,2026-06-30,2026-08,monthly,capital,securities,detail,88,OTROS (1),5.204960,million_usd,official_projection,mecon_quarterly_treasury_maturity_profile,https://www.argentina.gob.ar/sites/default/files/deuda_publica_30-06-2026_0.xlsx,e481f24585ef40b8ce7c2b515e66235c8b8ebcb4001a769091cb531a6373922e,2026-10-03T02:15:37Z
mecon_treasury_maturity_capital_row_89,2026-06-30,2026-08,monthly,capital,securities,detail,89,En moneda nacional,5.204960,million_usd,official_projection,mecon_quarterly_treasury_maturity_profile,https://www.argentina.gob.ar/sites/default/files/deuda_publica_30-06-2026_0.xlsx,e481f24585ef40b8ce7c2b515e66235c8b8ebcb4001a769091cb531a6373922e,2026-10-03T02:15:37Z
mecon_treasury_maturity_capital_row_93,2026-06-30,2026-08,monthly,capital,securities,detail,93,· No ajustable por CER,5.204960,million_usd,official_projection,mecon_quarterly_treasury_maturity_profile,https://www.argentina.gob.ar/sites/default/files/deuda_publica_30-06-2026_0.xlsx,e481f24585ef40b8ce7c2b515e66235c8b8ebcb4001a769091cb531a6373922e,2026-10-03T02:15:37Z
mecon_treasury_maturity_capital_row_94,2026-06-30,2026-08,monthly,capital,securities,detail,94,· Bonos de consolidación,5.204960,million_usd,official_projection,mecon_quarterly_treasury_maturity_profile,https://www.argentina.gob.ar/sites/default/files/deuda_publica_30-06-2026_0.xlsx,e481f24585ef40b8ce7c2b515e66235c8b8ebcb4001a769091cb531a6373922e,2026-10-03T02:15:37Z
mecon_treasury_maturity_capital_row_100,2026-06-30,2026-08,monthly,capital,securities,detail,100,TOTAL DEUDA DENOMINADA EN PESOS,10816.768976,million_usd,official_projection,mecon_quarterly_treasury_maturity_profile,https://www.argentina.gob.ar/sites/default/files/deuda_publica_30-06-2026_0.xlsx,e481f24585ef40b8ce7c2b515e66235c8b8ebcb4001a769091cb531a6373922e,2026-10-03T02:15:37Z
mecon_treasury_maturity_capital_row_102,2026-06-30,2026-08,monthly,capital,securities,detail,102,· Deuda no ajustable por CER,10816.768976,million_usd,official_projection,mecon_quarterly_treasury_maturity_profile,https://www.argentina.gob.ar/sites/default/files/deuda_publica_30-06-2026_0.xlsx,e481f24585ef40b8ce7c2b515e66235c8b8ebcb4001a769091cb531a6373922e,2026-10-03T02:15:37Z
mecon_treasury_maturity_capital_row_103,2026-06-30,2026-08,monthly,capital,securities,detail,103,TOTAL DEUDA EN MONEDA EXTRANJERA,109.152268,million_usd,official_projection,mecon_quarterly_treasury_maturity_profile,https://www.argentina.gob.ar/sites/default/files/deuda_publica_30-06-2026_0.xlsx,e481f24585ef40b8ce7c2b515e66235c8b8ebcb4001a769091cb531a6373922e,2026-10-03T02:15:37Z
mecon_treasury_maturity_interest_total,2026-06-30,2026-08,monthly,interest,total,total,13,Total,904.096666,million_usd,official_projection,mecon_quarterly_treasury_maturity_profile,https://www.argentina.gob.ar/sites/default/files/deuda_publica_30-06-2026_0.xlsx,e481f24585ef40b8ce7c2b515e66235c8b8ebcb4001a769091cb531a6373922e,2026-10-03T02:15:37Z
mecon_treasury_maturity_interest_row_15,2026-06-30,2026-08,monthly,interest,total,term,15,MEDIANO Y LARGO PLAZO,904.096666,million_usd,official_projection,mecon_quarterly_treasury_maturity_profile,https://www.argentina.gob.ar/sites/default/files/deuda_publica_30-06-2026_0.xlsx,e481f24585ef40b8ce7c2b515e66235c8b8ebcb4001a769091cb531a6373922e,2026-10-03T02:15:37Z
mecon_treasury_maturity_interest_loans,2026-06-30,2026-08,monthly,interest,loans,category,17,Préstamos,877.561660,million_usd,official_projection,mecon_quarterly_treasury_maturity_profile,https://www.argentina.gob.ar/sites/default/files/deuda_publica_30-06-2026_0.xlsx,e481f24585ef40b8ce7c2b515e66235c8b8ebcb4001a769091cb531a6373922e,2026-10-03T02:15:37Z
mecon_treasury_maturity_interest_row_18,2026-06-30,2026-08,monthly,interest,loans,detail,18,Organismos Internacionales,870.248734,million_usd,official_projection,mecon_quarterly_treasury_maturity_profile,https://www.argentina.gob.ar/sites/default/files/deuda_publica_30-06-2026_0.xlsx,e481f24585ef40b8ce7c2b515e66235c8b8ebcb4001a769091cb531a6373922e,2026-10-03T02:15:37Z
mecon_treasury_maturity_interest_row_19,2026-06-30,2026-08,monthly,interest,loans,detail,19,. BIRF,14.602628,million_usd,official_projection,mecon_quarterly_treasury_maturity_profile,https://www.argentina.gob.ar/sites/default/files/deuda_publica_30-06-2026_0.xlsx,e481f24585ef40b8ce7c2b515e66235c8b8ebcb4001a769091cb531a6373922e,2026-10-03T02:15:37Z
mecon_treasury_maturity_interest_row_20,2026-06-30,2026-08,monthly,interest,loans,detail,20,. BID,37.266938,million_usd,official_projection,mecon_quarterly_treasury_maturity_profile,https://www.argentina.gob.ar/sites/default/files/deuda_publica_30-06-2026_0.xlsx,e481f24585ef40b8ce7c2b515e66235c8b8ebcb4001a769091cb531a6373922e,2026-10-03T02:15:37Z
mecon_treasury_maturity_interest_row_21,2026-06-30,2026-08,monthly,interest,loans,detail,21,. FMI,796.803708,million_usd,official_projection,mecon_quarterly_treasury_maturity_profile,https://www.argentina.gob.ar/sites/default/files/deuda_publica_30-06-2026_0.xlsx,e481f24585ef40b8ce7c2b515e66235c8b8ebcb4001a769091cb531a6373922e,2026-10-03T02:15:37Z
mecon_treasury_maturity_interest_row_22,2026-06-30,2026-08,monthly,interest,loans,detail,22,. Otros,21.575460,million_usd,official_projection,mecon_quarterly_treasury_maturity_profile,https://www.argentina.gob.ar/sites/default/files/deuda_publica_30-06-2026_0.xlsx,e481f24585ef40b8ce7c2b515e66235c8b8ebcb4001a769091cb531a6373922e,2026-10-03T02:15:37Z
mecon_treasury_maturity_interest_row_23,2026-06-30,2026-08,monthly,interest,loans,detail,23,Préstamos Garantizados,4.594823,million_usd,official_projection,mecon_quarterly_treasury_maturity_profile,https://www.argentina.gob.ar/sites/default/files/deuda_publica_30-06-2026_0.xlsx,e481f24585ef40b8ce7c2b515e66235c8b8ebcb4001a769091cb531a6373922e,2026-10-03T02:15:37Z
mecon_treasury_maturity_interest_row_24,2026-06-30,2026-08,monthly,interest,loans,detail,24,. En moneda nacional ajustable por CER,4.594823,million_usd,official_projection,mecon_quarterly_treasury_maturity_profile,https://www.argentina.gob.ar/sites/default/files/deuda_publica_30-06-2026_0.xlsx,e481f24585ef40b8ce7c2b515e66235c8b8ebcb4001a769091cb531a6373922e,2026-10-03T02:15:37Z
mecon_treasury_maturity_interest_row_25,2026-06-30,2026-08,monthly,interest,loans,detail,25,Banca Comercial,0.017197,million_usd,official_projection,mecon_quarterly_treasury_maturity_profile,https://www.argentina.gob.ar/sites/default/files/deuda_publica_30-06-2026_0.xlsx,e481f24585ef40b8ce7c2b515e66235c8b8ebcb4001a769091cb531a6373922e,2026-10-03T02:15:37Z
mecon_treasury_maturity_interest_row_26,2026-06-30,2026-08,monthly,interest,loans,detail,26,. En moneda extranjera,0.017197,million_usd,official_projection,mecon_quarterly_treasury_maturity_profile,https://www.argentina.gob.ar/sites/default/files/deuda_publica_30-06-2026_0.xlsx,e481f24585ef40b8ce7c2b515e66235c8b8ebcb4001a769091cb531a6373922e,2026-10-03T02:15:37Z
mecon_treasury_maturity_interest_row_27,2026-06-30,2026-08,monthly,interest,loans,detail,27,Otros,0.017197,million_usd,official_projection,mecon_quarterly_treasury_maturity_profile,https://www.argentina.gob.ar/sites/default/files/deuda_publica_30-06-2026_0.xlsx,e481f24585ef40b8ce7c2b515e66235c8b8ebcb4001a769091cb531a6373922e,2026-10-03T02:15:37Z
mecon_treasury_maturity_interest_row_28,2026-06-30,2026-08,monthly,interest,loans,detail,28,Organismos Oficiales,1.967542,million_usd,official_projection,mecon_quarterly_treasury_maturity_profile,https://www.argentina.gob.ar/sites/default/files/deuda_publica_30-06-2026_0.xlsx,e481f24585ef40b8ce7c2b515e66235c8b8ebcb4001a769091cb531a6373922e,2026-10-03T02:15:37Z
mecon_treasury_maturity_interest_row_32,2026-06-30,2026-08,monthly,interest,loans,detail,32,Avales,0.733365,million_usd,official_projection,mecon_quarterly_treasury_maturity_profile,https://www.argentina.gob.ar/sites/default/files/deuda_publica_30-06-2026_0.xlsx,e481f24585ef40b8ce7c2b515e66235c8b8ebcb4001a769091cb531a6373922e,2026-10-03T02:15:37Z
mecon_treasury_maturity_interest_row_34,2026-06-30,2026-08,monthly,interest,loans,detail,34,. En moneda extranjera,0.733365,million_usd,official_projection,mecon_quarterly_treasury_maturity_profile,https://www.argentina.gob.ar/sites/default/files/deuda_publica_30-06-2026_0.xlsx,e481f24585ef40b8ce7c2b515e66235c8b8ebcb4001a769091cb531a6373922e,2026-10-03T02:15:37Z
mecon_treasury_maturity_interest_securities,2026-06-30,2026-08,monthly,interest,securities,category,36,Títulos públicos y Letras del Tesoro,26.535005,million_usd,official_projection,mecon_quarterly_treasury_maturity_profile,https://www.argentina.gob.ar/sites/default/files/deuda_publica_30-06-2026_0.xlsx,e481f24585ef40b8ce7c2b515e66235c8b8ebcb4001a769091cb531a6373922e,2026-10-03T02:15:37Z
mecon_treasury_maturity_interest_row_57,2026-06-30,2026-08,monthly,interest,securities,detail,57,"BONAR/$/6,72763943919512%/31-12-2028",0.041077,million_usd,official_projection,mecon_quarterly_treasury_maturity_profile,https://www.argentina.gob.ar/sites/default/files/deuda_publica_30-06-2026_0.xlsx,e481f24585ef40b8ce7c2b515e66235c8b8ebcb4001a769091cb531a6373922e,2026-10-03T02:15:37Z
mecon_treasury_maturity_interest_row_59,2026-06-30,2026-08,monthly,interest,securities,detail,59,BONAR/U$S/6%/29-10-2027,10.001852,million_usd,official_projection,mecon_quarterly_treasury_maturity_profile,https://www.argentina.gob.ar/sites/default/files/deuda_publica_30-06-2026_0.xlsx,e481f24585ef40b8ce7c2b515e66235c8b8ebcb4001a769091cb531a6373922e,2026-10-03T02:15:37Z
mecon_treasury_maturity_interest_row_60,2026-06-30,2026-08,monthly,interest,securities,detail,60,BONAR/U$S/6%/31-10-2028,10.001848,million_usd,official_projection,mecon_quarterly_treasury_maturity_profile,https://www.argentina.gob.ar/sites/default/files/deuda_publica_30-06-2026_0.xlsx,e481f24585ef40b8ce7c2b515e66235c8b8ebcb4001a769091cb531a6373922e,2026-10-03T02:15:37Z
mecon_treasury_maturity_interest_row_85,2026-06-30,2026-08,monthly,interest,securities,detail,85,BONTE/$/BADLAR/23-11-2027,2.444821,million_usd,official_projection,mecon_quarterly_treasury_maturity_profile,https://www.argentina.gob.ar/sites/default/files/deuda_publica_30-06-2026_0.xlsx,e481f24585ef40b8ce7c2b515e66235c8b8ebcb4001a769091cb531a6373922e,2026-10-03T02:15:37Z
mecon_treasury_maturity_interest_row_87,2026-06-30,2026-08,monthly,interest,securities,detail,87,BONTE/$/BADLAR+400PB/17-08-31,0.263363,million_usd,official_projection,mecon_quarterly_treasury_maturity_profile,https://www.argentina.gob.ar/sites/default/files/deuda_publica_30-06-2026_0.xlsx,e481f24585ef40b8ce7c2b515e66235c8b8ebcb4001a769091cb531a6373922e,2026-10-03T02:15:37Z
mecon_treasury_maturity_interest_row_93,2026-06-30,2026-08,monthly,interest,securities,detail,93,OTROS (1),3.782043,million_usd,official_projection,mecon_quarterly_treasury_maturity_profile,https://www.argentina.gob.ar/sites/default/files/deuda_publica_30-06-2026_0.xlsx,e481f24585ef40b8ce7c2b515e66235c8b8ebcb4001a769091cb531a6373922e,2026-10-03T02:15:37Z
mecon_treasury_maturity_interest_row_94,2026-06-30,2026-08,monthly,interest,securities,detail,94,. En moneda nacional,3.782043,million_usd,official_projection,mecon_quarterly_treasury_maturity_profile,https://www.argentina.gob.ar/sites/default/files/deuda_publica_30-06-2026_0.xlsx,e481f24585ef40b8ce7c2b515e66235c8b8ebcb4001a769091cb531a6373922e,2026-10-03T02:15:37Z
mecon_treasury_maturity_interest_row_97,2026-06-30,2026-08,monthly,interest,securities,detail,97,· No ajustable por CER,3.782043,million_usd,official_projection,mecon_quarterly_treasury_maturity_profile,https://www.argentina.gob.ar/sites/default/files/deuda_publica_30-06-2026_0.xlsx,e481f24585ef40b8ce7c2b515e66235c8b8ebcb4001a769091cb531a6373922e,2026-10-03T02:15:37Z
mecon_treasury_maturity_interest_row_98,2026-06-30,2026-08,monthly,interest,securities,detail,98,· Bonos de consolidación,3.782043,million_usd,official_projection,mecon_quarterly_treasury_maturity_profile,https://www.argentina.gob.ar/sites/default/files/deuda_publica_30-06-2026_0.xlsx,e481f24585ef40b8ce7c2b515e66235c8b8ebcb4001a769091cb531a6373922e,2026-10-03T02:15:37Z
mecon_treasury_maturity_interest_row_103,2026-06-30,2026-08,monthly,interest,securities,detail,103,TOTAL DEUDA DENOMINADA EN PESOS,11.126127,million_usd,official_projection,mecon_quarterly_treasury_maturity_profile,https://www.argentina.gob.ar/sites/default/files/deuda_publica_30-06-2026_0.xlsx,e481f24585ef40b8ce7c2b515e66235c8b8ebcb4001a769091cb531a6373922e,2026-10-03T02:15:37Z
mecon_treasury_maturity_interest_row_104,2026-06-30,2026-08,monthly,interest,securities,detail,104,· Deuda ajustable por CER,4.594823,million_usd,official_projection,mecon_quarterly_treasury_maturity_profile,https://www.argentina.gob.ar/sites/default/files/deuda_publica_30-06-2026_0.xlsx,e481f24585ef40b8ce7c2b515e66235c8b8ebcb4001a769091cb531a6373922e,2026-10-03T02:15:37Z
mecon_treasury_maturity_interest_row_105,2026-06-30,2026-08,monthly,interest,securities,detail,105,· Deuda no ajustable por CER,6.531304,million_usd,official_projection,mecon_quarterly_treasury_maturity_profile,https://www.argentina.gob.ar/sites/default/files/deuda_publica_30-06-2026_0.xlsx,e481f24585ef40b8ce7c2b515e66235c8b8ebcb4001a769091cb531a6373922e,2026-10-03T02:15:37Z
mecon_treasury_maturity_interest_row_106,2026-06-30,2026-08,monthly,interest,securities,detail,106,TOTAL DEUDA EN MONEDA EXTRANJERA,892.970538,million_usd,official_projection,mecon_quarterly_treasury_maturity_profile,https://www.argentina.gob.ar/sites/default/files/deuda_publica_30-06-2026_0.xlsx,e481f24585ef40b8ce7c2b515e66235c8b8ebcb4001a769091cb531a6373922e,2026-10-03T02:15:37Z
mecon_treasury_maturity_capital_total,2026-06-30,2026-09,monthly,capital,total,total,13,Total,12200.378945,million_usd,official_projection,mecon_quarterly_treasury_maturity_profile,https://www.argentina.gob.ar/sites/default/files/deuda_publica_30-06-2026_0.xlsx,e481f24585ef40b8ce7c2b515e66235c8b8ebcb4001a769091cb531a6373922e,2026-10-03T02:15:37Z
mecon_treasury_maturity_capital_row_14,2026-06-30,2026-09,monthly,capital,total,term,14,CORTO PLAZO,8409.119351,million_usd,official_projection,mecon_quarterly_treasury_maturity_profile,https://www.argentina.gob.ar/sites/default/files/deuda_publica_30-06-2026_0.xlsx,e481f24585ef40b8ce7c2b515e66235c8b8ebcb4001a769091cb531a6373922e,2026-10-03T02:15:37Z
mecon_treasury_maturity_capital_row_15,2026-06-30,2026-09,monthly,capital,total,term,15,MEDIANO Y LARGO PLAZO,3791.259593,million_usd,official_projection,mecon_quarterly_treasury_maturity_profile,https://www.argentina.gob.ar/sites/default/files/deuda_publica_30-06-2026_0.xlsx,e481f24585ef40b8ce7c2b515e66235c8b8ebcb4001a769091cb531a6373922e,2026-10-03T02:15:37Z
mecon_treasury_maturity_capital_loans,2026-06-30,2026-09,monthly,capital,loans,category,17,Préstamos,1334.719934,million_usd,official_projection,mecon_quarterly_treasury_maturity_profile,https://www.argentina.gob.ar/sites/default/files/deuda_publica_30-06-2026_0.xlsx,e481f24585ef40b8ce7c2b515e66235c8b8ebcb4001a769091cb531a6373922e,2026-10-03T02:15:37Z
mecon_treasury_maturity_capital_row_18,2026-06-30,2026-09,monthly,capital,loans,detail,18,Organismos Internacionales,1181.481476,million_usd,official_projection,mecon_quarterly_treasury_maturity_profile,https://www.argentina.gob.ar/sites/default/files/deuda_publica_30-06-2026_0.xlsx,e481f24585ef40b8ce7c2b515e66235c8b8ebcb4001a769091cb531a6373922e,2026-10-03T02:15:37Z
mecon_treasury_maturity_capital_row_19,2026-06-30,2026-09,monthly,capital,loans,detail,19,. BIRF,69.846777,million_usd,official_projection,mecon_quarterly_treasury_maturity_profile,https://www.argentina.gob.ar/sites/default/files/deuda_publica_30-06-2026_0.xlsx,e481f24585ef40b8ce7c2b515e66235c8b8ebcb4001a769091cb531a6373922e,2026-10-03T02:15:37Z
mecon_treasury_maturity_capital_row_20,2026-06-30,2026-09,monthly,capital,loans,detail,20,. BID,254.003342,million_usd,official_projection,mecon_quarterly_treasury_maturity_profile,https://www.argentina.gob.ar/sites/default/files/deuda_publica_30-06-2026_0.xlsx,e481f24585ef40b8ce7c2b515e66235c8b8ebcb4001a769091cb531a6373922e,2026-10-03T02:15:37Z
mecon_treasury_maturity_capital_row_21,2026-06-30,2026-09,monthly,capital,loans,detail,21,. FMI,791.067715,million_usd,official_projection,mecon_quarterly_treasury_maturity_profile,https://www.argentina.gob.ar/sites/default/files/deuda_publica_30-06-2026_0.xlsx,e481f24585ef40b8ce7c2b515e66235c8b8ebcb4001a769091cb531a6373922e,2026-10-03T02:15:37Z
mecon_treasury_maturity_capital_row_22,2026-06-30,2026-09,monthly,capital,loans,detail,22,. Otros,66.563642,million_usd,official_projection,mecon_quarterly_treasury_maturity_profile,https://www.argentina.gob.ar/sites/default/files/deuda_publica_30-06-2026_0.xlsx,e481f24585ef40b8ce7c2b515e66235c8b8ebcb4001a769091cb531a6373922e,2026-10-03T02:15:37Z
mecon_treasury_maturity_capital_row_28,2026-06-30,2026-09,monthly,capital,loans,detail,28,Organismos Oficiales,146.075736,million_usd,official_projection,mecon_quarterly_treasury_maturity_profile,https://www.argentina.gob.ar/sites/default/files/deuda_publica_30-06-2026_0.xlsx,e481f24585ef40b8ce7c2b515e66235c8b8ebcb4001a769091cb531a6373922e,2026-10-03T02:15:37Z
mecon_treasury_maturity_capital_row_29,2026-06-30,2026-09,monthly,capital,loans,detail,29,Avales,7.162722,million_usd,official_projection,mecon_quarterly_treasury_maturity_profile,https://www.argentina.gob.ar/sites/default/files/deuda_publica_30-06-2026_0.xlsx,e481f24585ef40b8ce7c2b515e66235c8b8ebcb4001a769091cb531a6373922e,2026-10-03T02:15:37Z
mecon_treasury_maturity_capital_row_31,2026-06-30,2026-09,monthly,capital,loans,detail,31,. En moneda extranjera,7.162722,million_usd,official_projection,mecon_quarterly_treasury_maturity_profile,https://www.argentina.gob.ar/sites/default/files/deuda_publica_30-06-2026_0.xlsx,e481f24585ef40b8ce7c2b515e66235c8b8ebcb4001a769091cb531a6373922e,2026-10-03T02:15:37Z
mecon_treasury_maturity_capital_bcra_advances,2026-06-30,2026-09,monthly,capital,bcra_advances,category,33,Adelantos transitorios BCRA,70.127182,million_usd,official_projection,mecon_quarterly_treasury_maturity_profile,https://www.argentina.gob.ar/sites/default/files/deuda_publica_30-06-2026_0.xlsx,e481f24585ef40b8ce7c2b515e66235c8b8ebcb4001a769091cb531a6373922e,2026-10-03T02:15:37Z
mecon_treasury_maturity_capital_securities,2026-06-30,2026-09,monthly,capital,securities,category,35,Títulos públicos y Letras del Tesoro,10795.531829,million_usd,official_projection,mecon_quarterly_treasury_maturity_profile,https://www.argentina.gob.ar/sites/default/files/deuda_publica_30-06-2026_0.xlsx,e481f24585ef40b8ce7c2b515e66235c8b8ebcb4001a769091cb531a6373922e,2026-10-03T02:15:37Z
mecon_treasury_maturity_capital_row_53,2026-06-30,2026-09,monthly,capital,securities,detail,53,"BONAR/$/6,72763943919512%/31-12-2028",0.234641,million_usd,official_projection,mecon_quarterly_treasury_maturity_profile,https://www.argentina.gob.ar/sites/default/files/deuda_publica_30-06-2026_0.xlsx,e481f24585ef40b8ce7c2b515e66235c8b8ebcb4001a769091cb531a6373922e,2026-10-03T02:15:37Z
mecon_treasury_maturity_capital_row_57,2026-06-30,2026-09,monthly,capital,securities,detail,57,BONTE /$/ BADLAR/22-12-2026,0.475173,million_usd,official_projection,mecon_quarterly_treasury_maturity_profile,https://www.argentina.gob.ar/sites/default/files/deuda_publica_30-06-2026_0.xlsx,e481f24585ef40b8ce7c2b515e66235c8b8ebcb4001a769091cb531a6373922e,2026-10-03T02:15:37Z
mecon_treasury_maturity_capital_row_74,2026-06-30,2026-09,monthly,capital,securities,detail,74,BONCAP DUAL/$/15-09-2026,2455.829845,million_usd,official_projection,mecon_quarterly_treasury_maturity_profile,https://www.argentina.gob.ar/sites/default/files/deuda_publica_30-06-2026_0.xlsx,e481f24585ef40b8ce7c2b515e66235c8b8ebcb4001a769091cb531a6373922e,2026-10-03T02:15:37Z
mecon_treasury_maturity_capital_row_85,2026-06-30,2026-09,monthly,capital,securities,detail,85,LETRAS DEL TESORO,8338.992169,million_usd,official_projection,mecon_quarterly_treasury_maturity_profile,https://www.argentina.gob.ar/sites/default/files/deuda_publica_30-06-2026_0.xlsx,e481f24585ef40b8ce7c2b515e66235c8b8ebcb4001a769091cb531a6373922e,2026-10-03T02:15:37Z
mecon_treasury_maturity_capital_row_86,2026-06-30,2026-09,monthly,capital,securities,detail,86,. En moneda nacional,8338.992169,million_usd,official_projection,mecon_quarterly_treasury_maturity_profile,https://www.argentina.gob.ar/sites/default/files/deuda_publica_30-06-2026_0.xlsx,e481f24585ef40b8ce7c2b515e66235c8b8ebcb4001a769091cb531a6373922e,2026-10-03T02:15:37Z
mecon_treasury_maturity_capital_row_100,2026-06-30,2026-09,monthly,capital,securities,detail,100,TOTAL DEUDA DENOMINADA EN PESOS,10865.659011,million_usd,official_projection,mecon_quarterly_treasury_maturity_profile,https://www.argentina.gob.ar/sites/default/files/deuda_publica_30-06-2026_0.xlsx,e481f24585ef40b8ce7c2b515e66235c8b8ebcb4001a769091cb531a6373922e,2026-10-03T02:15:37Z
mecon_treasury_maturity_capital_row_101,2026-06-30,2026-09,monthly,capital,securities,detail,101,· Deuda ajustable por CER,830.702323,million_usd,official_projection,mecon_quarterly_treasury_maturity_profile,https://www.argentina.gob.ar/sites/default/files/deuda_publica_30-06-2026_0.xlsx,e481f24585ef40b8ce7c2b515e66235c8b8ebcb4001a769091cb531a6373922e,2026-10-03T02:15:37Z
mecon_treasury_maturity_capital_row_102,2026-06-30,2026-09,monthly,capital,securities,detail,102,· Deuda no ajustable por CER,10034.956688,million_usd,official_projection,mecon_quarterly_treasury_maturity_profile,https://www.argentina.gob.ar/sites/default/files/deuda_publica_30-06-2026_0.xlsx,e481f24585ef40b8ce7c2b515e66235c8b8ebcb4001a769091cb531a6373922e,2026-10-03T02:15:37Z
mecon_treasury_maturity_capital_row_103,2026-06-30,2026-09,monthly,capital,securities,detail,103,TOTAL DEUDA EN MONEDA EXTRANJERA,1334.719934,million_usd,official_projection,mecon_quarterly_treasury_maturity_profile,https://www.argentina.gob.ar/sites/default/files/deuda_publica_30-06-2026_0.xlsx,e481f24585ef40b8ce7c2b515e66235c8b8ebcb4001a769091cb531a6373922e,2026-10-03T02:15:37Z
mecon_treasury_maturity_interest_total,2026-06-30,2026-09,monthly,interest,total,total,13,Total,355.838047,million_usd,official_projection,mecon_quarterly_treasury_maturity_profile,https://www.argentina.gob.ar/sites/default/files/deuda_publica_30-06-2026_0.xlsx,e481f24585ef40b8ce7c2b515e66235c8b8ebcb4001a769091cb531a6373922e,2026-10-03T02:15:37Z
mecon_treasury_maturity_interest_row_15,2026-06-30,2026-09,monthly,interest,total,term,15,MEDIANO Y LARGO PLAZO,355.838047,million_usd,official_projection,mecon_quarterly_treasury_maturity_profile,https://www.argentina.gob.ar/sites/default/files/deuda_publica_30-06-2026_0.xlsx,e481f24585ef40b8ce7c2b515e66235c8b8ebcb4001a769091cb531a6373922e,2026-10-03T02:15:37Z
mecon_treasury_maturity_interest_loans,2026-06-30,2026-09,monthly,interest,loans,category,17,Préstamos,273.648410,million_usd,official_projection,mecon_quarterly_treasury_maturity_profile,https://www.argentina.gob.ar/sites/default/files/deuda_publica_30-06-2026_0.xlsx,e481f24585ef40b8ce7c2b515e66235c8b8ebcb4001a769091cb531a6373922e,2026-10-03T02:15:37Z
mecon_treasury_maturity_interest_row_18,2026-06-30,2026-09,monthly,interest,loans,detail,18,Organismos Internacionales,247.516536,million_usd,official_projection,mecon_quarterly_treasury_maturity_profile,https://www.argentina.gob.ar/sites/default/files/deuda_publica_30-06-2026_0.xlsx,e481f24585ef40b8ce7c2b515e66235c8b8ebcb4001a769091cb531a6373922e,2026-10-03T02:15:37Z
mecon_treasury_maturity_interest_row_19,2026-06-30,2026-09,monthly,interest,loans,detail,19,. BIRF,64.629806,million_usd,official_projection,mecon_quarterly_treasury_maturity_profile,https://www.argentina.gob.ar/sites/default/files/deuda_publica_30-06-2026_0.xlsx,e481f24585ef40b8ce7c2b515e66235c8b8ebcb4001a769091cb531a6373922e,2026-10-03T02:15:37Z
mecon_treasury_maturity_interest_row_20,2026-06-30,2026-09,monthly,interest,loans,detail,20,. BID,122.690305,million_usd,official_projection,mecon_quarterly_treasury_maturity_profile,https://www.argentina.gob.ar/sites/default/files/deuda_publica_30-06-2026_0.xlsx,e481f24585ef40b8ce7c2b515e66235c8b8ebcb4001a769091cb531a6373922e,2026-10-03T02:15:37Z
mecon_treasury_maturity_interest_row_22,2026-06-30,2026-09,monthly,interest,loans,detail,22,. Otros,60.196425,million_usd,official_projection,mecon_quarterly_treasury_maturity_profile,https://www.argentina.gob.ar/sites/default/files/deuda_publica_30-06-2026_0.xlsx,e481f24585ef40b8ce7c2b515e66235c8b8ebcb4001a769091cb531a6373922e,2026-10-03T02:15:37Z
mecon_treasury_maturity_interest_row_23,2026-06-30,2026-09,monthly,interest,loans,detail,23,Préstamos Garantizados,4.594823,million_usd,official_projection,mecon_quarterly_treasury_maturity_profile,https://www.argentina.gob.ar/sites/default/files/deuda_publica_30-06-2026_0.xlsx,e481f24585ef40b8ce7c2b515e66235c8b8ebcb4001a769091cb531a6373922e,2026-10-03T02:15:37Z
mecon_treasury_maturity_interest_row_24,2026-06-30,2026-09,monthly,interest,loans,detail,24,. En moneda nacional ajustable por CER,4.594823,million_usd,official_projection,mecon_quarterly_treasury_maturity_profile,https://www.argentina.gob.ar/sites/default/files/deuda_publica_30-06-2026_0.xlsx,e481f24585ef40b8ce7c2b515e66235c8b8ebcb4001a769091cb531a6373922e,2026-10-03T02:15:37Z
mecon_treasury_maturity_interest_row_25,2026-06-30,2026-09,monthly,interest,loans,detail,25,Banca Comercial,0.534912,million_usd,official_projection,mecon_quarterly_treasury_maturity_profile,https://www.argentina.gob.ar/sites/default/files/deuda_publica_30-06-2026_0.xlsx,e481f24585ef40b8ce7c2b515e66235c8b8ebcb4001a769091cb531a6373922e,2026-10-03T02:15:37Z
mecon_treasury_maturity_interest_row_26,2026-06-30,2026-09,monthly,interest,loans,detail,26,. En moneda extranjera,0.534912,million_usd,official_projection,mecon_quarterly_treasury_maturity_profile,https://www.argentina.gob.ar/sites/default/files/deuda_publica_30-06-2026_0.xlsx,e481f24585ef40b8ce7c2b515e66235c8b8ebcb4001a769091cb531a6373922e,2026-10-03T02:15:37Z
mecon_treasury_maturity_interest_row_27,2026-06-30,2026-09,monthly,interest,loans,detail,27,Otros,0.534912,million_usd,official_projection,mecon_quarterly_treasury_maturity_profile,https://www.argentina.gob.ar/sites/default/files/deuda_publica_30-06-2026_0.xlsx,e481f24585ef40b8ce7c2b515e66235c8b8ebcb4001a769091cb531a6373922e,2026-10-03T02:15:37Z
mecon_treasury_maturity_interest_row_28,2026-06-30,2026-09,monthly,interest,loans,detail,28,Organismos Oficiales,15.471866,million_usd,official_projection,mecon_quarterly_treasury_maturity_profile,https://www.argentina.gob.ar/sites/default/files/deuda_publica_30-06-2026_0.xlsx,e481f24585ef40b8ce7c2b515e66235c8b8ebcb4001a769091cb531a6373922e,2026-10-03T02:15:37Z
mecon_treasury_maturity_interest_row_29,2026-06-30,2026-09,monthly,interest,loans,detail,29,Pagarés,4.801293,million_usd,official_projection,mecon_quarterly_treasury_maturity_profile,https://www.argentina.gob.ar/sites/default/files/deuda_publica_30-06-2026_0.xlsx,e481f24585ef40b8ce7c2b515e66235c8b8ebcb4001a769091cb531a6373922e,2026-10-03T02:15:37Z
mecon_treasury_maturity_interest_row_30,2026-06-30,2026-09,monthly,interest,loans,detail,30,. En moneda nacional ajustable por CER,4.801293,million_usd,official_projection,mecon_quarterly_treasury_maturity_profile,https://www.argentina.gob.ar/sites/default/files/deuda_publica_30-06-2026_0.xlsx,e481f24585ef40b8ce7c2b515e66235c8b8ebcb4001a769091cb531a6373922e,2026-10-03T02:15:37Z
mecon_treasury_maturity_interest_row_31,2026-06-30,2026-09,monthly,interest,loans,detail,31,Pagaré 2038 - B.N.A.,4.801293,million_usd,official_projection,mecon_quarterly_treasury_maturity_profile,https://www.argentina.gob.ar/sites/default/files/deuda_publica_30-06-2026_0.xlsx,e481f24585ef40b8ce7c2b515e66235c8b8ebcb4001a769091cb531a6373922e,2026-10-03T02:15:37Z
mecon_treasury_maturity_interest_row_32,2026-06-30,2026-09,monthly,interest,loans,detail,32,Avales,0.728980,million_usd,official_projection,mecon_quarterly_treasury_maturity_profile,https://www.argentina.gob.ar/sites/default/files/deuda_publica_30-06-2026_0.xlsx,e481f24585ef40b8ce7c2b515e66235c8b8ebcb4001a769091cb531a6373922e,2026-10-03T02:15:37Z
mecon_treasury_maturity_interest_row_34,2026-06-30,2026-09,monthly,interest,loans,detail,34,. En moneda extranjera,0.728980,million_usd,official_projection,mecon_quarterly_treasury_maturity_profile,https://www.argentina.gob.ar/sites/default/files/deuda_publica_30-06-2026_0.xlsx,e481f24585ef40b8ce7c2b515e66235c8b8ebcb4001a769091cb531a6373922e,2026-10-03T02:15:37Z
mecon_treasury_maturity_interest_securities,2026-06-30,2026-09,monthly,interest,securities,category,36,Títulos públicos y Letras del Tesoro,82.189636,million_usd,official_projection,mecon_quarterly_treasury_maturity_profile,https://www.argentina.gob.ar/sites/default/files/deuda_publica_30-06-2026_0.xlsx,e481f24585ef40b8ce7c2b515e66235c8b8ebcb4001a769091cb531a6373922e,2026-10-03T02:15:37Z
mecon_treasury_maturity_interest_row_37,2026-06-30,2026-09,monthly,interest,securities,detail,37,PAR,21.308136,million_usd,official_projection,mecon_quarterly_treasury_maturity_profile,https://www.argentina.gob.ar/sites/default/files/deuda_publica_30-06-2026_0.xlsx,e481f24585ef40b8ce7c2b515e66235c8b8ebcb4001a769091cb531a6373922e,2026-10-03T02:15:37Z
mecon_treasury_maturity_interest_row_38,2026-06-30,2026-09,monthly,interest,securities,detail,38,Par/$+CER/T.Fija/2038,9.293964,million_usd,official_projection,mecon_quarterly_treasury_maturity_profile,https://www.argentina.gob.ar/sites/default/files/deuda_publica_30-06-2026_0.xlsx,e481f24585ef40b8ce7c2b515e66235c8b8ebcb4001a769091cb531a6373922e,2026-10-03T02:15:37Z
mecon_treasury_maturity_interest_row_39,2026-06-30,2026-09,monthly,interest,securities,detail,39,Emisión Canje 2005,9.257148,million_usd,official_projection,mecon_quarterly_treasury_maturity_profile,https://www.argentina.gob.ar/sites/default/files/deuda_publica_30-06-2026_0.xlsx,e481f24585ef40b8ce7c2b515e66235c8b8ebcb4001a769091cb531a6373922e,2026-10-03T02:15:37Z
mecon_treasury_maturity_interest_row_40,2026-06-30,2026-09,monthly,interest,securities,detail,40,Emisión Canje 2010,0.036816,million_usd,official_projection,mecon_quarterly_treasury_maturity_profile,https://www.argentina.gob.ar/sites/default/files/deuda_publica_30-06-2026_0.xlsx,e481f24585ef40b8ce7c2b515e66235c8b8ebcb4001a769091cb531a6373922e,2026-10-03T02:15:37Z
mecon_treasury_maturity_interest_row_41,2026-06-30,2026-09,monthly,interest,securities,detail,41,Par/U$S/T.Fija/2038,0.671617,million_usd,official_projection,mecon_quarterly_treasury_maturity_profile,https://www.argentina.gob.ar/sites/default/files/deuda_publica_30-06-2026_0.xlsx,e481f24585ef40b8ce7c2b515e66235c8b8ebcb4001a769091cb531a6373922e,2026-10-03T02:15:37Z
mecon_treasury_maturity_interest_row_42,2026-06-30,2026-09,monthly,interest,securities,detail,42,Emisión Canje 2010,0.671617,million_usd,official_projection,mecon_quarterly_treasury_maturity_profile,https://www.argentina.gob.ar/sites/default/files/deuda_publica_30-06-2026_0.xlsx,e481f24585ef40b8ce7c2b515e66235c8b8ebcb4001a769091cb531a6373922e,2026-10-03T02:15:37Z
mecon_treasury_maturity_interest_row_43,2026-06-30,2026-09,monthly,interest,securities,detail,43,Leg. Nueva York,0.671617,million_usd,official_projection,mecon_quarterly_treasury_maturity_profile,https://www.argentina.gob.ar/sites/default/files/deuda_publica_30-06-2026_0.xlsx,e481f24585ef40b8ce7c2b515e66235c8b8ebcb4001a769091cb531a6373922e,2026-10-03T02:15:37Z
mecon_treasury_maturity_interest_row_44,2026-06-30,2026-09,monthly,interest,securities,detail,44,Par/EUR/T.Fija/2038,10.969058,million_usd,official_projection,mecon_quarterly_treasury_maturity_profile,https://www.argentina.gob.ar/sites/default/files/deuda_publica_30-06-2026_0.xlsx,e481f24585ef40b8ce7c2b515e66235c8b8ebcb4001a769091cb531a6373922e,2026-10-03T02:15:37Z
mecon_treasury_maturity_interest_row_45,2026-06-30,2026-09,monthly,interest,securities,detail,45,Emisión Canje 2010,10.969058,million_usd,official_projection,mecon_quarterly_treasury_maturity_profile,https://www.argentina.gob.ar/sites/default/files/deuda_publica_30-06-2026_0.xlsx,e481f24585ef40b8ce7c2b515e66235c8b8ebcb4001a769091cb531a6373922e,2026-10-03T02:15:37Z
mecon_treasury_maturity_interest_row_46,2026-06-30,2026-09,monthly,interest,securities,detail,46,Par/JPY/T.Fija/2038,0.373497,million_usd,official_projection,mecon_quarterly_treasury_maturity_profile,https://www.argentina.gob.ar/sites/default/files/deuda_publica_30-06-2026_0.xlsx,e481f24585ef40b8ce7c2b515e66235c8b8ebcb4001a769091cb531a6373922e,2026-10-03T02:15:37Z
mecon_treasury_maturity_interest_row_47,2026-06-30,2026-09,monthly,interest,securities,detail,47,Emisión Canje 2005,0.355895,million_usd,official_projection,mecon_quarterly_treasury_maturity_profile,https://www.argentina.gob.ar/sites/default/files/deuda_publica_30-06-2026_0.xlsx,e481f24585ef40b8ce7c2b515e66235c8b8ebcb4001a769091cb531a6373922e,2026-10-03T02:15:37Z
mecon_treasury_maturity_interest_row_48,2026-06-30,2026-09,monthly,interest,securities,detail,48,Emisión Canje 2010,0.017602,million_usd,official_projection,mecon_quarterly_treasury_maturity_profile,https://www.argentina.gob.ar/sites/default/files/deuda_publica_30-06-2026_0.xlsx,e481f24585ef40b8ce7c2b515e66235c8b8ebcb4001a769091cb531a6373922e,2026-10-03T02:15:37Z
mecon_treasury_maturity_interest_row_57,2026-06-30,2026-09,monthly,interest,securities,detail,57,"BONAR/$/6,72763943919512%/31-12-2028",0.039769,million_usd,official_projection,mecon_quarterly_treasury_maturity_profile,https://www.argentina.gob.ar/sites/default/files/deuda_publica_30-06-2026_0.xlsx,e481f24585ef40b8ce7c2b515e66235c8b8ebcb4001a769091cb531a6373922e,2026-10-03T02:15:37Z
mecon_treasury_maturity_interest_row_58,2026-06-30,2026-09,monthly,interest,securities,detail,58,BONAR DUAL 2036/DLK/29-09-2036,9.613117,million_usd,official_projection,mecon_quarterly_treasury_maturity_profile,https://www.argentina.gob.ar/sites/default/files/deuda_publica_30-06-2026_0.xlsx,e481f24585ef40b8ce7c2b515e66235c8b8ebcb4001a769091cb531a6373922e,2026-10-03T02:15:37Z
mecon_treasury_maturity_interest_row_59,2026-06-30,2026-09,monthly,interest,securities,detail,59,BONAR/U$S/6%/29-10-2027,10.001852,million_usd,official_projection,mecon_quarterly_treasury_maturity_profile,https://www.argentina.gob.ar/sites/default/files/deuda_publica_30-06-2026_0.xlsx,e481f24585ef40b8ce7c2b515e66235c8b8ebcb4001a769091cb531a6373922e,2026-10-03T02:15:37Z
mecon_treasury_maturity_interest_row_60,2026-06-30,2026-09,monthly,interest,securities,detail,60,BONAR/U$S/6%/31-10-2028,10.001848,million_usd,official_projection,mecon_quarterly_treasury_maturity_profile,https://www.argentina.gob.ar/sites/default/files/deuda_publica_30-06-2026_0.xlsx,e481f24585ef40b8ce7c2b515e66235c8b8ebcb4001a769091cb531a6373922e,2026-10-03T02:15:37Z
mecon_treasury_maturity_interest_row_81,2026-06-30,2026-09,monthly,interest,securities,detail,81,BONTE /$/ BADLAR/22-12-2026,0.050300,million_usd,official_projection,mecon_quarterly_treasury_maturity_profile,https://www.argentina.gob.ar/sites/default/files/deuda_publica_30-06-2026_0.xlsx,e481f24585ef40b8ce7c2b515e66235c8b8ebcb4001a769091cb531a6373922e,2026-10-03T02:15:37Z
mecon_treasury_maturity_interest_row_89,2026-06-30,2026-09,monthly,interest,securities,detail,89,LETRA INTRANSFERIBLE - BCRA,31.148484,million_usd,official_projection,mecon_quarterly_treasury_maturity_profile,https://www.argentina.gob.ar/sites/default/files/deuda_publica_30-06-2026_0.xlsx,e481f24585ef40b8ce7c2b515e66235c8b8ebcb4001a769091cb531a6373922e,2026-10-03T02:15:37Z
mecon_treasury_maturity_interest_row_93,2026-06-30,2026-09,monthly,interest,securities,detail,93,OTROS (1),0.026130,million_usd,official_projection,mecon_quarterly_treasury_maturity_profile,https://www.argentina.gob.ar/sites/default/files/deuda_publica_30-06-2026_0.xlsx,e481f24585ef40b8ce7c2b515e66235c8b8ebcb4001a769091cb531a6373922e,2026-10-03T02:15:37Z
mecon_treasury_maturity_interest_row_99,2026-06-30,2026-09,monthly,interest,securities,detail,99,. En moneda extranjera,0.026130,million_usd,official_projection,mecon_quarterly_treasury_maturity_profile,https://www.argentina.gob.ar/sites/default/files/deuda_publica_30-06-2026_0.xlsx,e481f24585ef40b8ce7c2b515e66235c8b8ebcb4001a769091cb531a6373922e,2026-10-03T02:15:37Z
mecon_treasury_maturity_interest_row_101,2026-06-30,2026-09,monthly,interest,securities,detail,101,· Otros,0.026130,million_usd,official_projection,mecon_quarterly_treasury_maturity_profile,https://www.argentina.gob.ar/sites/default/files/deuda_publica_30-06-2026_0.xlsx,e481f24585ef40b8ce7c2b515e66235c8b8ebcb4001a769091cb531a6373922e,2026-10-03T02:15:37Z
mecon_treasury_maturity_interest_row_103,2026-06-30,2026-09,monthly,interest,securities,detail,103,TOTAL DEUDA DENOMINADA EN PESOS,28.393265,million_usd,official_projection,mecon_quarterly_treasury_maturity_profile,https://www.argentina.gob.ar/sites/default/files/deuda_publica_30-06-2026_0.xlsx,e481f24585ef40b8ce7c2b515e66235c8b8ebcb4001a769091cb531a6373922e,2026-10-03T02:15:37Z
mecon_treasury_maturity_interest_row_104,2026-06-30,2026-09,monthly,interest,securities,detail,104,· Deuda ajustable por CER,18.690079,million_usd,official_projection,mecon_quarterly_treasury_maturity_profile,https://www.argentina.gob.ar/sites/default/files/deuda_publica_30-06-2026_0.xlsx,e481f24585ef40b8ce7c2b515e66235c8b8ebcb4001a769091cb531a6373922e,2026-10-03T02:15:37Z
mecon_treasury_maturity_interest_row_105,2026-06-30,2026-09,monthly,interest,securities,detail,105,· Deuda no ajustable por CER,9.703186,million_usd,official_projection,mecon_quarterly_treasury_maturity_profile,https://www.argentina.gob.ar/sites/default/files/deuda_publica_30-06-2026_0.xlsx,e481f24585ef40b8ce7c2b515e66235c8b8ebcb4001a769091cb531a6373922e,2026-10-03T02:15:37Z
mecon_treasury_maturity_interest_row_106,2026-06-30,2026-09,monthly,interest,securities,detail,106,TOTAL DEUDA EN MONEDA EXTRANJERA,327.444782,million_usd,official_projection,mecon_quarterly_treasury_maturity_profile,https://www.argentina.gob.ar/sites/default/files/deuda_publica_30-06-2026_0.xlsx,e481f24585ef40b8ce7c2b515e66235c8b8ebcb4001a769091cb531a6373922e,2026-10-03T02:15:37Z
mecon_treasury_maturity_capital_total,2026-06-30,2026-10,monthly,capital,total,total,13,Total,10776.219666,million_usd,official_projection,mecon_quarterly_treasury_maturity_profile,https://www.argentina.gob.ar/sites/default/files/deuda_publica_30-06-2026_0.xlsx,e481f24585ef40b8ce7c2b515e66235c8b8ebcb4001a769091cb531a6373922e,2026-10-03T02:15:37Z
mecon_treasury_maturity_capital_row_14,2026-06-30,2026-10,monthly,capital,total,term,14,CORTO PLAZO,6574.171394,million_usd,official_projection,mecon_quarterly_treasury_maturity_profile,https://www.argentina.gob.ar/sites/default/files/deuda_publica_30-06-2026_0.xlsx,e481f24585ef40b8ce7c2b515e66235c8b8ebcb4001a769091cb531a6373922e,2026-10-03T02:15:37Z
mecon_treasury_maturity_capital_row_15,2026-06-30,2026-10,monthly,capital,total,term,15,MEDIANO Y LARGO PLAZO,4202.048271,million_usd,official_projection,mecon_quarterly_treasury_maturity_profile,https://www.argentina.gob.ar/sites/default/files/deuda_publica_30-06-2026_0.xlsx,e481f24585ef40b8ce7c2b515e66235c8b8ebcb4001a769091cb531a6373922e,2026-10-03T02:15:37Z
mecon_treasury_maturity_capital_loans,2026-06-30,2026-10,monthly,capital,loans,category,17,Préstamos,190.303772,million_usd,official_projection,mecon_quarterly_treasury_maturity_profile,https://www.argentina.gob.ar/sites/default/files/deuda_publica_30-06-2026_0.xlsx,e481f24585ef40b8ce7c2b515e66235c8b8ebcb4001a769091cb531a6373922e,2026-10-03T02:15:37Z
mecon_treasury_maturity_capital_row_18,2026-06-30,2026-10,monthly,capital,loans,detail,18,Organismos Internacionales,170.266799,million_usd,official_projection,mecon_quarterly_treasury_maturity_profile,https://www.argentina.gob.ar/sites/default/files/deuda_publica_30-06-2026_0.xlsx,e481f24585ef40b8ce7c2b515e66235c8b8ebcb4001a769091cb531a6373922e,2026-10-03T02:15:37Z
mecon_treasury_maturity_capital_row_19,2026-06-30,2026-10,monthly,capital,loans,detail,19,. BIRF,63.196336,million_usd,official_projection,mecon_quarterly_treasury_maturity_profile,https://www.argentina.gob.ar/sites/default/files/deuda_publica_30-06-2026_0.xlsx,e481f24585ef40b8ce7c2b515e66235c8b8ebcb4001a769091cb531a6373922e,2026-10-03T02:15:37Z
mecon_treasury_maturity_capital_row_20,2026-06-30,2026-10,monthly,capital,loans,detail,20,. BID,66.996236,million_usd,official_projection,mecon_quarterly_treasury_maturity_profile,https://www.argentina.gob.ar/sites/default/files/deuda_publica_30-06-2026_0.xlsx,e481f24585ef40b8ce7c2b515e66235c8b8ebcb4001a769091cb531a6373922e,2026-10-03T02:15:37Z
mecon_treasury_maturity_capital_row_22,2026-06-30,2026-10,monthly,capital,loans,detail,22,. Otros,40.074226,million_usd,official_projection,mecon_quarterly_treasury_maturity_profile,https://www.argentina.gob.ar/sites/default/files/deuda_publica_30-06-2026_0.xlsx,e481f24585ef40b8ce7c2b515e66235c8b8ebcb4001a769091cb531a6373922e,2026-10-03T02:15:37Z
mecon_treasury_maturity_capital_row_23,2026-06-30,2026-10,monthly,capital,loans,detail,23,Banca Comercial,7.808483,million_usd,official_projection,mecon_quarterly_treasury_maturity_profile,https://www.argentina.gob.ar/sites/default/files/deuda_publica_30-06-2026_0.xlsx,e481f24585ef40b8ce7c2b515e66235c8b8ebcb4001a769091cb531a6373922e,2026-10-03T02:15:37Z
mecon_treasury_maturity_capital_row_26,2026-06-30,2026-10,monthly,capital,loans,detail,26,. En moneda extranjera,7.808483,million_usd,official_projection,mecon_quarterly_treasury_maturity_profile,https://www.argentina.gob.ar/sites/default/files/deuda_publica_30-06-2026_0.xlsx,e481f24585ef40b8ce7c2b515e66235c8b8ebcb4001a769091cb531a6373922e,2026-10-03T02:15:37Z
mecon_treasury_maturity_capital_row_27,2026-06-30,2026-10,monthly,capital,loans,detail,27,Otros,7.808483,million_usd,official_projection,mecon_quarterly_treasury_maturity_profile,https://www.argentina.gob.ar/sites/default/files/deuda_publica_30-06-2026_0.xlsx,e481f24585ef40b8ce7c2b515e66235c8b8ebcb4001a769091cb531a6373922e,2026-10-03T02:15:37Z
mecon_treasury_maturity_capital_row_28,2026-06-30,2026-10,monthly,capital,loans,detail,28,Organismos Oficiales,5.065769,million_usd,official_projection,mecon_quarterly_treasury_maturity_profile,https://www.argentina.gob.ar/sites/default/files/deuda_publica_30-06-2026_0.xlsx,e481f24585ef40b8ce7c2b515e66235c8b8ebcb4001a769091cb531a6373922e,2026-10-03T02:15:37Z
mecon_treasury_maturity_capital_row_29,2026-06-30,2026-10,monthly,capital,loans,detail,29,Avales,7.162722,million_usd,official_projection,mecon_quarterly_treasury_maturity_profile,https://www.argentina.gob.ar/sites/default/files/deuda_publica_30-06-2026_0.xlsx,e481f24585ef40b8ce7c2b515e66235c8b8ebcb4001a769091cb531a6373922e,2026-10-03T02:15:37Z
mecon_treasury_maturity_capital_row_31,2026-06-30,2026-10,monthly,capital,loans,detail,31,. En moneda extranjera,7.162722,million_usd,official_projection,mecon_quarterly_treasury_maturity_profile,https://www.argentina.gob.ar/sites/default/files/deuda_publica_30-06-2026_0.xlsx,e481f24585ef40b8ce7c2b515e66235c8b8ebcb4001a769091cb531a6373922e,2026-10-03T02:15:37Z
mecon_treasury_maturity_capital_bcra_advances,2026-06-30,2026-10,monthly,capital,bcra_advances,category,33,Adelantos transitorios BCRA,0.000000,million_usd,official_projection,mecon_quarterly_treasury_maturity_profile,https://www.argentina.gob.ar/sites/default/files/deuda_publica_30-06-2026_0.xlsx,e481f24585ef40b8ce7c2b515e66235c8b8ebcb4001a769091cb531a6373922e,2026-10-03T02:15:37Z
mecon_treasury_maturity_capital_securities,2026-06-30,2026-10,monthly,capital,securities,category,35,Títulos públicos y Letras del Tesoro,10585.915894,million_usd,official_projection,mecon_quarterly_treasury_maturity_profile,https://www.argentina.gob.ar/sites/default/files/deuda_publica_30-06-2026_0.xlsx,e481f24585ef40b8ce7c2b515e66235c8b8ebcb4001a769091cb531a6373922e,2026-10-03T02:15:37Z
mecon_treasury_maturity_capital_row_53,2026-06-30,2026-10,monthly,capital,securities,detail,53,"BONAR/$/6,72763943919512%/31-12-2028",0.235956,million_usd,official_projection,mecon_quarterly_treasury_maturity_profile,https://www.argentina.gob.ar/sites/default/files/deuda_publica_30-06-2026_0.xlsx,e481f24585ef40b8ce7c2b515e66235c8b8ebcb4001a769091cb531a6373922e,2026-10-03T02:15:37Z
mecon_treasury_maturity_capital_row_60,2026-06-30,2026-10,monthly,capital,securities,detail,60,"BONTE/$/15,50%/17-10-2026",65.116942,million_usd,official_projection,mecon_quarterly_treasury_maturity_profile,https://www.argentina.gob.ar/sites/default/files/deuda_publica_30-06-2026_0.xlsx,e481f24585ef40b8ce7c2b515e66235c8b8ebcb4001a769091cb531a6373922e,2026-10-03T02:15:37Z
mecon_treasury_maturity_capital_row_63,2026-06-30,2026-10,monthly,capital,securities,detail,63,BONCER/$/0%+CER/30-10-2026,3946.391601,million_usd,official_projection,mecon_quarterly_treasury_maturity_profile,https://www.argentina.gob.ar/sites/default/files/deuda_publica_30-06-2026_0.xlsx,e481f24585ef40b8ce7c2b515e66235c8b8ebcb4001a769091cb531a6373922e,2026-10-03T02:15:37Z
mecon_treasury_maturity_capital_row_85,2026-06-30,2026-10,monthly,capital,securities,detail,85,LETRAS DEL TESORO,6574.171394,million_usd,official_projection,mecon_quarterly_treasury_maturity_profile,https://www.argentina.gob.ar/sites/default/files/deuda_publica_30-06-2026_0.xlsx,e481f24585ef40b8ce7c2b515e66235c8b8ebcb4001a769091cb531a6373922e,2026-10-03T02:15:37Z
mecon_treasury_maturity_capital_row_86,2026-06-30,2026-10,monthly,capital,securities,detail,86,. En moneda nacional,6574.171394,million_usd,official_projection,mecon_quarterly_treasury_maturity_profile,https://www.argentina.gob.ar/sites/default/files/deuda_publica_30-06-2026_0.xlsx,e481f24585ef40b8ce7c2b515e66235c8b8ebcb4001a769091cb531a6373922e,2026-10-03T02:15:37Z
mecon_treasury_maturity_capital_row_100,2026-06-30,2026-10,monthly,capital,securities,detail,100,TOTAL DEUDA DENOMINADA EN PESOS,10585.915894,million_usd,official_projection,mecon_quarterly_treasury_maturity_profile,https://www.argentina.gob.ar/sites/default/files/deuda_publica_30-06-2026_0.xlsx,e481f24585ef40b8ce7c2b515e66235c8b8ebcb4001a769091cb531a6373922e,2026-10-03T02:15:37Z
mecon_treasury_maturity_capital_row_101,2026-06-30,2026-10,monthly,capital,securities,detail,101,· Deuda ajustable por CER,3946.391601,million_usd,official_projection,mecon_quarterly_treasury_maturity_profile,https://www.argentina.gob.ar/sites/default/files/deuda_publica_30-06-2026_0.xlsx,e481f24585ef40b8ce7c2b515e66235c8b8ebcb4001a769091cb531a6373922e,2026-10-03T02:15:37Z
mecon_treasury_maturity_capital_row_102,2026-06-30,2026-10,monthly,capital,securities,detail,102,· Deuda no ajustable por CER,6639.524292,million_usd,official_projection,mecon_quarterly_treasury_maturity_profile,https://www.argentina.gob.ar/sites/default/files/deuda_publica_30-06-2026_0.xlsx,e481f24585ef40b8ce7c2b515e66235c8b8ebcb4001a769091cb531a6373922e,2026-10-03T02:15:37Z
mecon_treasury_maturity_capital_row_103,2026-06-30,2026-10,monthly,capital,securities,detail,103,TOTAL DEUDA EN MONEDA EXTRANJERA,190.303772,million_usd,official_projection,mecon_quarterly_treasury_maturity_profile,https://www.argentina.gob.ar/sites/default/files/deuda_publica_30-06-2026_0.xlsx,e481f24585ef40b8ce7c2b515e66235c8b8ebcb4001a769091cb531a6373922e,2026-10-03T02:15:37Z
mecon_treasury_maturity_interest_total,2026-06-30,2026-10,monthly,interest,total,total,13,Total,278.010644,million_usd,official_projection,mecon_quarterly_treasury_maturity_profile,https://www.argentina.gob.ar/sites/default/files/deuda_publica_30-06-2026_0.xlsx,e481f24585ef40b8ce7c2b515e66235c8b8ebcb4001a769091cb531a6373922e,2026-10-03T02:15:37Z
mecon_treasury_maturity_interest_row_15,2026-06-30,2026-10,monthly,interest,total,term,15,MEDIANO Y LARGO PLAZO,278.010644,million_usd,official_projection,mecon_quarterly_treasury_maturity_profile,https://www.argentina.gob.ar/sites/default/files/deuda_publica_30-06-2026_0.xlsx,e481f24585ef40b8ce7c2b515e66235c8b8ebcb4001a769091cb531a6373922e,2026-10-03T02:15:37Z
mecon_treasury_maturity_interest_loans,2026-06-30,2026-10,monthly,interest,loans,category,17,Préstamos,225.376497,million_usd,official_projection,mecon_quarterly_treasury_maturity_profile,https://www.argentina.gob.ar/sites/default/files/deuda_publica_30-06-2026_0.xlsx,e481f24585ef40b8ce7c2b515e66235c8b8ebcb4001a769091cb531a6373922e,2026-10-03T02:15:37Z
mecon_treasury_maturity_interest_row_18,2026-06-30,2026-10,monthly,interest,loans,detail,18,Organismos Internacionales,217.802398,million_usd,official_projection,mecon_quarterly_treasury_maturity_profile,https://www.argentina.gob.ar/sites/default/files/deuda_publica_30-06-2026_0.xlsx,e481f24585ef40b8ce7c2b515e66235c8b8ebcb4001a769091cb531a6373922e,2026-10-03T02:15:37Z
mecon_treasury_maturity_interest_row_19,2026-06-30,2026-10,monthly,interest,loans,detail,19,. BIRF,121.755476,million_usd,official_projection,mecon_quarterly_treasury_maturity_profile,https://www.argentina.gob.ar/sites/default/files/deuda_publica_30-06-2026_0.xlsx,e481f24585ef40b8ce7c2b515e66235c8b8ebcb4001a769091cb531a6373922e,2026-10-03T02:15:37Z
mecon_treasury_maturity_interest_row_20,2026-06-30,2026-10,monthly,interest,loans,detail,20,. BID,55.012221,million_usd,official_projection,mecon_quarterly_treasury_maturity_profile,https://www.argentina.gob.ar/sites/default/files/deuda_publica_30-06-2026_0.xlsx,e481f24585ef40b8ce7c2b515e66235c8b8ebcb4001a769091cb531a6373922e,2026-10-03T02:15:37Z
mecon_treasury_maturity_interest_row_22,2026-06-30,2026-10,monthly,interest,loans,detail,22,. Otros,41.034701,million_usd,official_projection,mecon_quarterly_treasury_maturity_profile,https://www.argentina.gob.ar/sites/default/files/deuda_publica_30-06-2026_0.xlsx,e481f24585ef40b8ce7c2b515e66235c8b8ebcb4001a769091cb531a6373922e,2026-10-03T02:15:37Z
mecon_treasury_maturity_interest_row_23,2026-06-30,2026-10,monthly,interest,loans,detail,23,Préstamos Garantizados,4.484057,million_usd,official_projection,mecon_quarterly_treasury_maturity_profile,https://www.argentina.gob.ar/sites/default/files/deuda_publica_30-06-2026_0.xlsx,e481f24585ef40b8ce7c2b515e66235c8b8ebcb4001a769091cb531a6373922e,2026-10-03T02:15:37Z
mecon_treasury_maturity_interest_row_24,2026-06-30,2026-10,monthly,interest,loans,detail,24,. En moneda nacional ajustable por CER,4.484057,million_usd,official_projection,mecon_quarterly_treasury_maturity_profile,https://www.argentina.gob.ar/sites/default/files/deuda_publica_30-06-2026_0.xlsx,e481f24585ef40b8ce7c2b515e66235c8b8ebcb4001a769091cb531a6373922e,2026-10-03T02:15:37Z
mecon_treasury_maturity_interest_row_25,2026-06-30,2026-10,monthly,interest,loans,detail,25,Banca Comercial,0.705851,million_usd,official_projection,mecon_quarterly_treasury_maturity_profile,https://www.argentina.gob.ar/sites/default/files/deuda_publica_30-06-2026_0.xlsx,e481f24585ef40b8ce7c2b515e66235c8b8ebcb4001a769091cb531a6373922e,2026-10-03T02:15:37Z
mecon_treasury_maturity_interest_row_26,2026-06-30,2026-10,monthly,interest,loans,detail,26,. En moneda extranjera,0.705851,million_usd,official_projection,mecon_quarterly_treasury_maturity_profile,https://www.argentina.gob.ar/sites/default/files/deuda_publica_30-06-2026_0.xlsx,e481f24585ef40b8ce7c2b515e66235c8b8ebcb4001a769091cb531a6373922e,2026-10-03T02:15:37Z
mecon_treasury_maturity_interest_row_27,2026-06-30,2026-10,monthly,interest,loans,detail,27,Otros,0.705851,million_usd,official_projection,mecon_quarterly_treasury_maturity_profile,https://www.argentina.gob.ar/sites/default/files/deuda_publica_30-06-2026_0.xlsx,e481f24585ef40b8ce7c2b515e66235c8b8ebcb4001a769091cb531a6373922e,2026-10-03T02:15:37Z
mecon_treasury_maturity_interest_row_28,2026-06-30,2026-10,monthly,interest,loans,detail,28,Organismos Oficiales,1.707051,million_usd,official_projection,mecon_quarterly_treasury_maturity_profile,https://www.argentina.gob.ar/sites/default/files/deuda_publica_30-06-2026_0.xlsx,e481f24585ef40b8ce7c2b515e66235c8b8ebcb4001a769091cb531a6373922e,2026-10-03T02:15:37Z
mecon_treasury_maturity_interest_row_32,2026-06-30,2026-10,monthly,interest,loans,detail,32,Avales,0.677140,million_usd,official_projection,mecon_quarterly_treasury_maturity_profile,https://www.argentina.gob.ar/sites/default/files/deuda_publica_30-06-2026_0.xlsx,e481f24585ef40b8ce7c2b515e66235c8b8ebcb4001a769091cb531a6373922e,2026-10-03T02:15:37Z
mecon_treasury_maturity_interest_row_34,2026-06-30,2026-10,monthly,interest,loans,detail,34,. En moneda extranjera,0.677140,million_usd,official_projection,mecon_quarterly_treasury_maturity_profile,https://www.argentina.gob.ar/sites/default/files/deuda_publica_30-06-2026_0.xlsx,e481f24585ef40b8ce7c2b515e66235c8b8ebcb4001a769091cb531a6373922e,2026-10-03T02:15:37Z
mecon_treasury_maturity_interest_securities,2026-06-30,2026-10,monthly,interest,securities,category,36,Títulos públicos y Letras del Tesoro,52.634147,million_usd,official_projection,mecon_quarterly_treasury_maturity_profile,https://www.argentina.gob.ar/sites/default/files/deuda_publica_30-06-2026_0.xlsx,e481f24585ef40b8ce7c2b515e66235c8b8ebcb4001a769091cb531a6373922e,2026-10-03T02:15:37Z
mecon_treasury_maturity_interest_row_57,2026-06-30,2026-10,monthly,interest,securities,detail,57,"BONAR/$/6,72763943919512%/31-12-2028",0.038454,million_usd,official_projection,mecon_quarterly_treasury_maturity_profile,https://www.argentina.gob.ar/sites/default/files/deuda_publica_30-06-2026_0.xlsx,e481f24585ef40b8ce7c2b515e66235c8b8ebcb4001a769091cb531a6373922e,2026-10-03T02:15:37Z
mecon_treasury_maturity_interest_row_59,2026-06-30,2026-10,monthly,interest,securities,detail,59,BONAR/U$S/6%/29-10-2027,10.001852,million_usd,official_projection,mecon_quarterly_treasury_maturity_profile,https://www.argentina.gob.ar/sites/default/files/deuda_publica_30-06-2026_0.xlsx,e481f24585ef40b8ce7c2b515e66235c8b8ebcb4001a769091cb531a6373922e,2026-10-03T02:15:37Z
mecon_treasury_maturity_interest_row_60,2026-06-30,2026-10,monthly,interest,securities,detail,60,BONAR/U$S/6%/31-10-2028,10.001848,million_usd,official_projection,mecon_quarterly_treasury_maturity_profile,https://www.argentina.gob.ar/sites/default/files/deuda_publica_30-06-2026_0.xlsx,e481f24585ef40b8ce7c2b515e66235c8b8ebcb4001a769091cb531a6373922e,2026-10-03T02:15:37Z
mecon_treasury_maturity_interest_row_82,2026-06-30,2026-10,monthly,interest,securities,detail,82,"BONTE/$/15,50%/17-10-2026",5.046563,million_usd,official_projection,mecon_quarterly_treasury_maturity_profile,https://www.argentina.gob.ar/sites/default/files/deuda_publica_30-06-2026_0.xlsx,e481f24585ef40b8ce7c2b515e66235c8b8ebcb4001a769091cb531a6373922e,2026-10-03T02:15:37Z
mecon_treasury_maturity_interest_row_84,2026-06-30,2026-10,monthly,interest,securities,detail,84,BONTE/$/BADLAR/05-07-2030,0.733240,million_usd,official_projection,mecon_quarterly_treasury_maturity_profile,https://www.argentina.gob.ar/sites/default/files/deuda_publica_30-06-2026_0.xlsx,e481f24585ef40b8ce7c2b515e66235c8b8ebcb4001a769091cb531a6373922e,2026-10-03T02:15:37Z
mecon_treasury_maturity_interest_row_89,2026-06-30,2026-10,monthly,interest,securities,detail,89,LETRA INTRANSFERIBLE - BCRA,26.812189,million_usd,official_projection,mecon_quarterly_treasury_maturity_profile,https://www.argentina.gob.ar/sites/default/files/deuda_publica_30-06-2026_0.xlsx,e481f24585ef40b8ce7c2b515e66235c8b8ebcb4001a769091cb531a6373922e,2026-10-03T02:15:37Z
mecon_treasury_maturity_interest_row_103,2026-06-30,2026-10,monthly,interest,securities,detail,103,TOTAL DEUDA DENOMINADA EN PESOS,10.302314,million_usd,official_projection,mecon_quarterly_treasury_maturity_profile,https://www.argentina.gob.ar/sites/default/files/deuda_publica_30-06-2026_0.xlsx,e481f24585ef40b8ce7c2b515e66235c8b8ebcb4001a769091cb531a6373922e,2026-10-03T02:15:37Z
mecon_treasury_maturity_interest_row_104,2026-06-30,2026-10,monthly,interest,securities,detail,104,· Deuda ajustable por CER,4.484057,million_usd,official_projection,mecon_quarterly_treasury_maturity_profile,https://www.argentina.gob.ar/sites/default/files/deuda_publica_30-06-2026_0.xlsx,e481f24585ef40b8ce7c2b515e66235c8b8ebcb4001a769091cb531a6373922e,2026-10-03T02:15:37Z
mecon_treasury_maturity_interest_row_105,2026-06-30,2026-10,monthly,interest,securities,detail,105,· Deuda no ajustable por CER,5.818257,million_usd,official_projection,mecon_quarterly_treasury_maturity_profile,https://www.argentina.gob.ar/sites/default/files/deuda_publica_30-06-2026_0.xlsx,e481f24585ef40b8ce7c2b515e66235c8b8ebcb4001a769091cb531a6373922e,2026-10-03T02:15:37Z
mecon_treasury_maturity_interest_row_106,2026-06-30,2026-10,monthly,interest,securities,detail,106,TOTAL DEUDA EN MONEDA EXTRANJERA,267.708330,million_usd,official_projection,mecon_quarterly_treasury_maturity_profile,https://www.argentina.gob.ar/sites/default/files/deuda_publica_30-06-2026_0.xlsx,e481f24585ef40b8ce7c2b515e66235c8b8ebcb4001a769091cb531a6373922e,2026-10-03T02:15:37Z
mecon_treasury_maturity_capital_total,2026-06-30,2026-11,monthly,capital,total,total,13,Total,10189.146712,million_usd,official_projection,mecon_quarterly_treasury_maturity_profile,https://www.argentina.gob.ar/sites/default/files/deuda_publica_30-06-2026_0.xlsx,e481f24585ef40b8ce7c2b515e66235c8b8ebcb4001a769091cb531a6373922e,2026-10-03T02:15:37Z
mecon_treasury_maturity_capital_row_14,2026-06-30,2026-11,monthly,capital,total,term,14,CORTO PLAZO,8644.951913,million_usd,official_projection,mecon_quarterly_treasury_maturity_profile,https://www.argentina.gob.ar/sites/default/files/deuda_publica_30-06-2026_0.xlsx,e481f24585ef40b8ce7c2b515e66235c8b8ebcb4001a769091cb531a6373922e,2026-10-03T02:15:37Z
mecon_treasury_maturity_capital_row_15,2026-06-30,2026-11,monthly,capital,total,term,15,MEDIANO Y LARGO PLAZO,1544.194799,million_usd,official_projection,mecon_quarterly_treasury_maturity_profile,https://www.argentina.gob.ar/sites/default/files/deuda_publica_30-06-2026_0.xlsx,e481f24585ef40b8ce7c2b515e66235c8b8ebcb4001a769091cb531a6373922e,2026-10-03T02:15:37Z
mecon_treasury_maturity_capital_loans,2026-06-30,2026-11,monthly,capital,loans,category,17,Préstamos,263.996572,million_usd,official_projection,mecon_quarterly_treasury_maturity_profile,https://www.argentina.gob.ar/sites/default/files/deuda_publica_30-06-2026_0.xlsx,e481f24585ef40b8ce7c2b515e66235c8b8ebcb4001a769091cb531a6373922e,2026-10-03T02:15:37Z
mecon_treasury_maturity_capital_row_18,2026-06-30,2026-11,monthly,capital,loans,detail,18,Organismos Internacionales,214.779419,million_usd,official_projection,mecon_quarterly_treasury_maturity_profile,https://www.argentina.gob.ar/sites/default/files/deuda_publica_30-06-2026_0.xlsx,e481f24585ef40b8ce7c2b515e66235c8b8ebcb4001a769091cb531a6373922e,2026-10-03T02:15:37Z
mecon_treasury_maturity_capital_row_19,2026-06-30,2026-11,monthly,capital,loans,detail,19,. BIRF,29.079874,million_usd,official_projection,mecon_quarterly_treasury_maturity_profile,https://www.argentina.gob.ar/sites/default/files/deuda_publica_30-06-2026_0.xlsx,e481f24585ef40b8ce7c2b515e66235c8b8ebcb4001a769091cb531a6373922e,2026-10-03T02:15:37Z
mecon_treasury_maturity_capital_row_20,2026-06-30,2026-11,monthly,capital,loans,detail,20,. BID,149.146899,million_usd,official_projection,mecon_quarterly_treasury_maturity_profile,https://www.argentina.gob.ar/sites/default/files/deuda_publica_30-06-2026_0.xlsx,e481f24585ef40b8ce7c2b515e66235c8b8ebcb4001a769091cb531a6373922e,2026-10-03T02:15:37Z
mecon_treasury_maturity_capital_row_22,2026-06-30,2026-11,monthly,capital,loans,detail,22,. Otros,36.552646,million_usd,official_projection,mecon_quarterly_treasury_maturity_profile,https://www.argentina.gob.ar/sites/default/files/deuda_publica_30-06-2026_0.xlsx,e481f24585ef40b8ce7c2b515e66235c8b8ebcb4001a769091cb531a6373922e,2026-10-03T02:15:37Z
mecon_treasury_maturity_capital_row_23,2026-06-30,2026-11,monthly,capital,loans,detail,23,Banca Comercial,23.301000,million_usd,official_projection,mecon_quarterly_treasury_maturity_profile,https://www.argentina.gob.ar/sites/default/files/deuda_publica_30-06-2026_0.xlsx,e481f24585ef40b8ce7c2b515e66235c8b8ebcb4001a769091cb531a6373922e,2026-10-03T02:15:37Z
mecon_treasury_maturity_capital_row_26,2026-06-30,2026-11,monthly,capital,loans,detail,26,. En moneda extranjera,23.301000,million_usd,official_projection,mecon_quarterly_treasury_maturity_profile,https://www.argentina.gob.ar/sites/default/files/deuda_publica_30-06-2026_0.xlsx,e481f24585ef40b8ce7c2b515e66235c8b8ebcb4001a769091cb531a6373922e,2026-10-03T02:15:37Z
mecon_treasury_maturity_capital_row_27,2026-06-30,2026-11,monthly,capital,loans,detail,27,Otros,23.301000,million_usd,official_projection,mecon_quarterly_treasury_maturity_profile,https://www.argentina.gob.ar/sites/default/files/deuda_publica_30-06-2026_0.xlsx,e481f24585ef40b8ce7c2b515e66235c8b8ebcb4001a769091cb531a6373922e,2026-10-03T02:15:37Z
mecon_treasury_maturity_capital_row_28,2026-06-30,2026-11,monthly,capital,loans,detail,28,Organismos Oficiales,1.618409,million_usd,official_projection,mecon_quarterly_treasury_maturity_profile,https://www.argentina.gob.ar/sites/default/files/deuda_publica_30-06-2026_0.xlsx,e481f24585ef40b8ce7c2b515e66235c8b8ebcb4001a769091cb531a6373922e,2026-10-03T02:15:37Z
mecon_treasury_maturity_capital_row_29,2026-06-30,2026-11,monthly,capital,loans,detail,29,Avales,24.297746,million_usd,official_projection,mecon_quarterly_treasury_maturity_profile,https://www.argentina.gob.ar/sites/default/files/deuda_publica_30-06-2026_0.xlsx,e481f24585ef40b8ce7c2b515e66235c8b8ebcb4001a769091cb531a6373922e,2026-10-03T02:15:37Z
mecon_treasury_maturity_capital_row_31,2026-06-30,2026-11,monthly,capital,loans,detail,31,. En moneda extranjera,24.297746,million_usd,official_projection,mecon_quarterly_treasury_maturity_profile,https://www.argentina.gob.ar/sites/default/files/deuda_publica_30-06-2026_0.xlsx,e481f24585ef40b8ce7c2b515e66235c8b8ebcb4001a769091cb531a6373922e,2026-10-03T02:15:37Z
mecon_treasury_maturity_capital_bcra_advances,2026-06-30,2026-11,monthly,capital,bcra_advances,category,33,Adelantos transitorios BCRA,53.943986,million_usd,official_projection,mecon_quarterly_treasury_maturity_profile,https://www.argentina.gob.ar/sites/default/files/deuda_publica_30-06-2026_0.xlsx,e481f24585ef40b8ce7c2b515e66235c8b8ebcb4001a769091cb531a6373922e,2026-10-03T02:15:37Z
mecon_treasury_maturity_capital_securities,2026-06-30,2026-11,monthly,capital,securities,category,35,Títulos públicos y Letras del Tesoro,9871.206153,million_usd,official_projection,mecon_quarterly_treasury_maturity_profile,https://www.argentina.gob.ar/sites/default/files/deuda_publica_30-06-2026_0.xlsx,e481f24585ef40b8ce7c2b515e66235c8b8ebcb4001a769091cb531a6373922e,2026-10-03T02:15:37Z
mecon_treasury_maturity_capital_row_53,2026-06-30,2026-11,monthly,capital,securities,detail,53,"BONAR/$/6,72763943919512%/31-12-2028",0.237279,million_usd,official_projection,mecon_quarterly_treasury_maturity_profile,https://www.argentina.gob.ar/sites/default/files/deuda_publica_30-06-2026_0.xlsx,e481f24585ef40b8ce7c2b515e66235c8b8ebcb4001a769091cb531a6373922e,2026-10-03T02:15:37Z
mecon_treasury_maturity_capital_row_56,2026-06-30,2026-11,monthly,capital,securities,detail,56,BONTE/$/BADLAR+400PB/17-08-31,0.199034,million_usd,official_projection,mecon_quarterly_treasury_maturity_profile,https://www.argentina.gob.ar/sites/default/files/deuda_publica_30-06-2026_0.xlsx,e481f24585ef40b8ce7c2b515e66235c8b8ebcb4001a769091cb531a6373922e,2026-10-03T02:15:37Z
mecon_treasury_maturity_capital_row_59,2026-06-30,2026-11,monthly,capital,securities,detail,59,BONTE/$/BADLAR/23-11-2027,32.994106,million_usd,official_projection,mecon_quarterly_treasury_maturity_profile,https://www.argentina.gob.ar/sites/default/files/deuda_publica_30-06-2026_0.xlsx,e481f24585ef40b8ce7c2b515e66235c8b8ebcb4001a769091cb531a6373922e,2026-10-03T02:15:37Z
mecon_treasury_maturity_capital_row_64,2026-06-30,2026-11,monthly,capital,securities,detail,64,BONCER/$+CER/2%/09-11-2026,1052.999019,million_usd,official_projection,mecon_quarterly_treasury_maturity_profile,https://www.argentina.gob.ar/sites/default/files/deuda_publica_30-06-2026_0.xlsx,e481f24585ef40b8ce7c2b515e66235c8b8ebcb4001a769091cb531a6373922e,2026-10-03T02:15:37Z
mecon_treasury_maturity_capital_row_65,2026-06-30,2026-11,monthly,capital,securities,detail,65,"BONCER/$+CER/2,25%/09-11-2028",188.563828,million_usd,official_projection,mecon_quarterly_treasury_maturity_profile,https://www.argentina.gob.ar/sites/default/files/deuda_publica_30-06-2026_0.xlsx,e481f24585ef40b8ce7c2b515e66235c8b8ebcb4001a769091cb531a6373922e,2026-10-03T02:15:37Z
mecon_treasury_maturity_capital_row_85,2026-06-30,2026-11,monthly,capital,securities,detail,85,LETRAS DEL TESORO,8591.007927,million_usd,official_projection,mecon_quarterly_treasury_maturity_profile,https://www.argentina.gob.ar/sites/default/files/deuda_publica_30-06-2026_0.xlsx,e481f24585ef40b8ce7c2b515e66235c8b8ebcb4001a769091cb531a6373922e,2026-10-03T02:15:37Z
mecon_treasury_maturity_capital_row_86,2026-06-30,2026-11,monthly,capital,securities,detail,86,. En moneda nacional,8591.007927,million_usd,official_projection,mecon_quarterly_treasury_maturity_profile,https://www.argentina.gob.ar/sites/default/files/deuda_publica_30-06-2026_0.xlsx,e481f24585ef40b8ce7c2b515e66235c8b8ebcb4001a769091cb531a6373922e,2026-10-03T02:15:37Z
mecon_treasury_maturity_capital_row_88,2026-06-30,2026-11,monthly,capital,securities,detail,88,OTROS (1),5.204960,million_usd,official_projection,mecon_quarterly_treasury_maturity_profile,https://www.argentina.gob.ar/sites/default/files/deuda_publica_30-06-2026_0.xlsx,e481f24585ef40b8ce7c2b515e66235c8b8ebcb4001a769091cb531a6373922e,2026-10-03T02:15:37Z
mecon_treasury_maturity_capital_row_89,2026-06-30,2026-11,monthly,capital,securities,detail,89,En moneda nacional,5.204960,million_usd,official_projection,mecon_quarterly_treasury_maturity_profile,https://www.argentina.gob.ar/sites/default/files/deuda_publica_30-06-2026_0.xlsx,e481f24585ef40b8ce7c2b515e66235c8b8ebcb4001a769091cb531a6373922e,2026-10-03T02:15:37Z
mecon_treasury_maturity_capital_row_93,2026-06-30,2026-11,monthly,capital,securities,detail,93,· No ajustable por CER,5.204960,million_usd,official_projection,mecon_quarterly_treasury_maturity_profile,https://www.argentina.gob.ar/sites/default/files/deuda_publica_30-06-2026_0.xlsx,e481f24585ef40b8ce7c2b515e66235c8b8ebcb4001a769091cb531a6373922e,2026-10-03T02:15:37Z
mecon_treasury_maturity_capital_row_94,2026-06-30,2026-11,monthly,capital,securities,detail,94,· Bonos de consolidación,5.204960,million_usd,official_projection,mecon_quarterly_treasury_maturity_profile,https://www.argentina.gob.ar/sites/default/files/deuda_publica_30-06-2026_0.xlsx,e481f24585ef40b8ce7c2b515e66235c8b8ebcb4001a769091cb531a6373922e,2026-10-03T02:15:37Z
mecon_treasury_maturity_capital_row_100,2026-06-30,2026-11,monthly,capital,securities,detail,100,TOTAL DEUDA DENOMINADA EN PESOS,9925.150140,million_usd,official_projection,mecon_quarterly_treasury_maturity_profile,https://www.argentina.gob.ar/sites/default/files/deuda_publica_30-06-2026_0.xlsx,e481f24585ef40b8ce7c2b515e66235c8b8ebcb4001a769091cb531a6373922e,2026-10-03T02:15:37Z
mecon_treasury_maturity_capital_row_101,2026-06-30,2026-11,monthly,capital,securities,detail,101,· Deuda ajustable por CER,5635.982727,million_usd,official_projection,mecon_quarterly_treasury_maturity_profile,https://www.argentina.gob.ar/sites/default/files/deuda_publica_30-06-2026_0.xlsx,e481f24585ef40b8ce7c2b515e66235c8b8ebcb4001a769091cb531a6373922e,2026-10-03T02:15:37Z
mecon_treasury_maturity_capital_row_102,2026-06-30,2026-11,monthly,capital,securities,detail,102,· Deuda no ajustable por CER,4289.167413,million_usd,official_projection,mecon_quarterly_treasury_maturity_profile,https://www.argentina.gob.ar/sites/default/files/deuda_publica_30-06-2026_0.xlsx,e481f24585ef40b8ce7c2b515e66235c8b8ebcb4001a769091cb531a6373922e,2026-10-03T02:15:37Z
mecon_treasury_maturity_capital_row_103,2026-06-30,2026-11,monthly,capital,securities,detail,103,TOTAL DEUDA EN MONEDA EXTRANJERA,263.996572,million_usd,official_projection,mecon_quarterly_treasury_maturity_profile,https://www.argentina.gob.ar/sites/default/files/deuda_publica_30-06-2026_0.xlsx,e481f24585ef40b8ce7c2b515e66235c8b8ebcb4001a769091cb531a6373922e,2026-10-03T02:15:37Z
mecon_treasury_maturity_interest_total,2026-06-30,2026-11,monthly,interest,total,total,13,Total,1285.671613,million_usd,official_projection,mecon_quarterly_treasury_maturity_profile,https://www.argentina.gob.ar/sites/default/files/deuda_publica_30-06-2026_0.xlsx,e481f24585ef40b8ce7c2b515e66235c8b8ebcb4001a769091cb531a6373922e,2026-10-03T02:15:37Z
mecon_treasury_maturity_interest_row_15,2026-06-30,2026-11,monthly,interest,total,term,15,MEDIANO Y LARGO PLAZO,1285.671613,million_usd,official_projection,mecon_quarterly_treasury_maturity_profile,https://www.argentina.gob.ar/sites/default/files/deuda_publica_30-06-2026_0.xlsx,e481f24585ef40b8ce7c2b515e66235c8b8ebcb4001a769091cb531a6373922e,2026-10-03T02:15:37Z
mecon_treasury_maturity_interest_loans,2026-06-30,2026-11,monthly,interest,loans,category,17,Préstamos,1004.861956,million_usd,official_projection,mecon_quarterly_treasury_maturity_profile,https://www.argentina.gob.ar/sites/default/files/deuda_publica_30-06-2026_0.xlsx,e481f24585ef40b8ce7c2b515e66235c8b8ebcb4001a769091cb531a6373922e,2026-10-03T02:15:37Z
mecon_treasury_maturity_interest_row_18,2026-06-30,2026-11,monthly,interest,loans,detail,18,Organismos Internacionales,997.461055,million_usd,official_projection,mecon_quarterly_treasury_maturity_profile,https://www.argentina.gob.ar/sites/default/files/deuda_publica_30-06-2026_0.xlsx,e481f24585ef40b8ce7c2b515e66235c8b8ebcb4001a769091cb531a6373922e,2026-10-03T02:15:37Z
mecon_treasury_maturity_interest_row_19,2026-06-30,2026-11,monthly,interest,loans,detail,19,. BIRF,26.221013,million_usd,official_projection,mecon_quarterly_treasury_maturity_profile,https://www.argentina.gob.ar/sites/default/files/deuda_publica_30-06-2026_0.xlsx,e481f24585ef40b8ce7c2b515e66235c8b8ebcb4001a769091cb531a6373922e,2026-10-03T02:15:37Z
mecon_treasury_maturity_interest_row_20,2026-06-30,2026-11,monthly,interest,loans,detail,20,. BID,138.671047,million_usd,official_projection,mecon_quarterly_treasury_maturity_profile,https://www.argentina.gob.ar/sites/default/files/deuda_publica_30-06-2026_0.xlsx,e481f24585ef40b8ce7c2b515e66235c8b8ebcb4001a769091cb531a6373922e,2026-10-03T02:15:37Z
mecon_treasury_maturity_interest_row_21,2026-06-30,2026-11,monthly,interest,loans,detail,21,. FMI,801.291787,million_usd,official_projection,mecon_quarterly_treasury_maturity_profile,https://www.argentina.gob.ar/sites/default/files/deuda_publica_30-06-2026_0.xlsx,e481f24585ef40b8ce7c2b515e66235c8b8ebcb4001a769091cb531a6373922e,2026-10-03T02:15:37Z
mecon_treasury_maturity_interest_row_22,2026-06-30,2026-11,monthly,interest,loans,detail,22,. Otros,31.277208,million_usd,official_projection,mecon_quarterly_treasury_maturity_profile,https://www.argentina.gob.ar/sites/default/files/deuda_publica_30-06-2026_0.xlsx,e481f24585ef40b8ce7c2b515e66235c8b8ebcb4001a769091cb531a6373922e,2026-10-03T02:15:37Z
mecon_treasury_maturity_interest_row_23,2026-06-30,2026-11,monthly,interest,loans,detail,23,Préstamos Garantizados,4.594823,million_usd,official_projection,mecon_quarterly_treasury_maturity_profile,https://www.argentina.gob.ar/sites/default/files/deuda_publica_30-06-2026_0.xlsx,e481f24585ef40b8ce7c2b515e66235c8b8ebcb4001a769091cb531a6373922e,2026-10-03T02:15:37Z
mecon_treasury_maturity_interest_row_24,2026-06-30,2026-11,monthly,interest,loans,detail,24,. En moneda nacional ajustable por CER,4.594823,million_usd,official_projection,mecon_quarterly_treasury_maturity_profile,https://www.argentina.gob.ar/sites/default/files/deuda_publica_30-06-2026_0.xlsx,e481f24585ef40b8ce7c2b515e66235c8b8ebcb4001a769091cb531a6373922e,2026-10-03T02:15:37Z
mecon_treasury_maturity_interest_row_25,2026-06-30,2026-11,monthly,interest,loans,detail,25,Banca Comercial,1.500273,million_usd,official_projection,mecon_quarterly_treasury_maturity_profile,https://www.argentina.gob.ar/sites/default/files/deuda_publica_30-06-2026_0.xlsx,e481f24585ef40b8ce7c2b515e66235c8b8ebcb4001a769091cb531a6373922e,2026-10-03T02:15:37Z
mecon_treasury_maturity_interest_row_26,2026-06-30,2026-11,monthly,interest,loans,detail,26,. En moneda extranjera,1.500273,million_usd,official_projection,mecon_quarterly_treasury_maturity_profile,https://www.argentina.gob.ar/sites/default/files/deuda_publica_30-06-2026_0.xlsx,e481f24585ef40b8ce7c2b515e66235c8b8ebcb4001a769091cb531a6373922e,2026-10-03T02:15:37Z
mecon_treasury_maturity_interest_row_27,2026-06-30,2026-11,monthly,interest,loans,detail,27,Otros,1.500273,million_usd,official_projection,mecon_quarterly_treasury_maturity_profile,https://www.argentina.gob.ar/sites/default/files/deuda_publica_30-06-2026_0.xlsx,e481f24585ef40b8ce7c2b515e66235c8b8ebcb4001a769091cb531a6373922e,2026-10-03T02:15:37Z
mecon_treasury_maturity_interest_row_28,2026-06-30,2026-11,monthly,interest,loans,detail,28,Organismos Oficiales,0.702061,million_usd,official_projection,mecon_quarterly_treasury_maturity_profile,https://www.argentina.gob.ar/sites/default/files/deuda_publica_30-06-2026_0.xlsx,e481f24585ef40b8ce7c2b515e66235c8b8ebcb4001a769091cb531a6373922e,2026-10-03T02:15:37Z
mecon_treasury_maturity_interest_row_32,2026-06-30,2026-11,monthly,interest,loans,detail,32,Avales,0.603745,million_usd,official_projection,mecon_quarterly_treasury_maturity_profile,https://www.argentina.gob.ar/sites/default/files/deuda_publica_30-06-2026_0.xlsx,e481f24585ef40b8ce7c2b515e66235c8b8ebcb4001a769091cb531a6373922e,2026-10-03T02:15:37Z
mecon_treasury_maturity_interest_row_34,2026-06-30,2026-11,monthly,interest,loans,detail,34,. En moneda extranjera,0.603745,million_usd,official_projection,mecon_quarterly_treasury_maturity_profile,https://www.argentina.gob.ar/sites/default/files/deuda_publica_30-06-2026_0.xlsx,e481f24585ef40b8ce7c2b515e66235c8b8ebcb4001a769091cb531a6373922e,2026-10-03T02:15:37Z
mecon_treasury_maturity_interest_securities,2026-06-30,2026-11,monthly,interest,securities,category,36,Títulos públicos y Letras del Tesoro,280.809657,million_usd,official_projection,mecon_quarterly_treasury_maturity_profile,https://www.argentina.gob.ar/sites/default/files/deuda_publica_30-06-2026_0.xlsx,e481f24585ef40b8ce7c2b515e66235c8b8ebcb4001a769091cb531a6373922e,2026-10-03T02:15:37Z
mecon_treasury_maturity_interest_row_57,2026-06-30,2026-11,monthly,interest,securities,detail,57,"BONAR/$/6,72763943919512%/31-12-2028",0.037131,million_usd,official_projection,mecon_quarterly_treasury_maturity_profile,https://www.argentina.gob.ar/sites/default/files/deuda_publica_30-06-2026_0.xlsx,e481f24585ef40b8ce7c2b515e66235c8b8ebcb4001a769091cb531a6373922e,2026-10-03T02:15:37Z
mecon_treasury_maturity_interest_row_59,2026-06-30,2026-11,monthly,interest,securities,detail,59,BONAR/U$S/6%/29-10-2027,10.001852,million_usd,official_projection,mecon_quarterly_treasury_maturity_profile,https://www.argentina.gob.ar/sites/default/files/deuda_publica_30-06-2026_0.xlsx,e481f24585ef40b8ce7c2b515e66235c8b8ebcb4001a769091cb531a6373922e,2026-10-03T02:15:37Z
mecon_treasury_maturity_interest_row_60,2026-06-30,2026-11,monthly,interest,securities,detail,60,BONAR/U$S/6%/31-10-2028,10.001848,million_usd,official_projection,mecon_quarterly_treasury_maturity_profile,https://www.argentina.gob.ar/sites/default/files/deuda_publica_30-06-2026_0.xlsx,e481f24585ef40b8ce7c2b515e66235c8b8ebcb4001a769091cb531a6373922e,2026-10-03T02:15:37Z
mecon_treasury_maturity_interest_row_61,2026-06-30,2026-11,monthly,interest,securities,detail,61,"BONCER/$/2,50%+CER/30-11-2031",15.391977,million_usd,official_projection,mecon_quarterly_treasury_maturity_profile,https://www.argentina.gob.ar/sites/default/files/deuda_publica_30-06-2026_0.xlsx,e481f24585ef40b8ce7c2b515e66235c8b8ebcb4001a769091cb531a6373922e,2026-10-03T02:15:37Z
mecon_treasury_maturity_interest_row_62,2026-06-30,2026-11,monthly,interest,securities,detail,62,BONCER/$+CER/2%/09-11-2026,10.529990,million_usd,official_projection,mecon_quarterly_treasury_maturity_profile,https://www.argentina.gob.ar/sites/default/files/deuda_publica_30-06-2026_0.xlsx,e481f24585ef40b8ce7c2b515e66235c8b8ebcb4001a769091cb531a6373922e,2026-10-03T02:15:37Z
mecon_treasury_maturity_interest_row_63,2026-06-30,2026-11,monthly,interest,securities,detail,63,"BONCER/$+CER/2,25%/09-11-2028",10.606715,million_usd,official_projection,mecon_quarterly_treasury_maturity_profile,https://www.argentina.gob.ar/sites/default/files/deuda_publica_30-06-2026_0.xlsx,e481f24585ef40b8ce7c2b515e66235c8b8ebcb4001a769091cb531a6373922e,2026-10-03T02:15:37Z
mecon_treasury_maturity_interest_row_83,2026-06-30,2026-11,monthly,interest,securities,detail,83,"BONTE/$/43,25%/23-05-2027",17.281280,million_usd,official_projection,mecon_quarterly_treasury_maturity_profile,https://www.argentina.gob.ar/sites/default/files/deuda_publica_30-06-2026_0.xlsx,e481f24585ef40b8ce7c2b515e66235c8b8ebcb4001a769091cb531a6373922e,2026-10-03T02:15:37Z
mecon_treasury_maturity_interest_row_85,2026-06-30,2026-11,monthly,interest,securities,detail,85,BONTE/$/BADLAR/23-11-2027,2.444821,million_usd,official_projection,mecon_quarterly_treasury_maturity_profile,https://www.argentina.gob.ar/sites/default/files/deuda_publica_30-06-2026_0.xlsx,e481f24585ef40b8ce7c2b515e66235c8b8ebcb4001a769091cb531a6373922e,2026-10-03T02:15:37Z
mecon_treasury_maturity_interest_row_86,2026-06-30,2026-11,monthly,interest,securities,detail,86,"BONTE/$/29,50%/30-05-2030",168.265847,million_usd,official_projection,mecon_quarterly_treasury_maturity_profile,https://www.argentina.gob.ar/sites/default/files/deuda_publica_30-06-2026_0.xlsx,e481f24585ef40b8ce7c2b515e66235c8b8ebcb4001a769091cb531a6373922e,2026-10-03T02:15:37Z
mecon_treasury_maturity_interest_row_87,2026-06-30,2026-11,monthly,interest,securities,detail,87,BONTE/$/BADLAR+400PB/17-08-31,0.250822,million_usd,official_projection,mecon_quarterly_treasury_maturity_profile,https://www.argentina.gob.ar/sites/default/files/deuda_publica_30-06-2026_0.xlsx,e481f24585ef40b8ce7c2b515e66235c8b8ebcb4001a769091cb531a6373922e,2026-10-03T02:15:37Z
mecon_treasury_maturity_interest_row_88,2026-06-30,2026-11,monthly,interest,securities,detail,88,"BONTE/U$S/6,5%/30-11-2029",32.500000,million_usd,official_projection,mecon_quarterly_treasury_maturity_profile,https://www.argentina.gob.ar/sites/default/files/deuda_publica_30-06-2026_0.xlsx,e481f24585ef40b8ce7c2b515e66235c8b8ebcb4001a769091cb531a6373922e,2026-10-03T02:15:37Z
mecon_treasury_maturity_interest_row_93,2026-06-30,2026-11,monthly,interest,securities,detail,93,OTROS (1),3.497373,million_usd,official_projection,mecon_quarterly_treasury_maturity_profile,https://www.argentina.gob.ar/sites/default/files/deuda_publica_30-06-2026_0.xlsx,e481f24585ef40b8ce7c2b515e66235c8b8ebcb4001a769091cb531a6373922e,2026-10-03T02:15:37Z
mecon_treasury_maturity_interest_row_94,2026-06-30,2026-11,monthly,interest,securities,detail,94,. En moneda nacional,3.497373,million_usd,official_projection,mecon_quarterly_treasury_maturity_profile,https://www.argentina.gob.ar/sites/default/files/deuda_publica_30-06-2026_0.xlsx,e481f24585ef40b8ce7c2b515e66235c8b8ebcb4001a769091cb531a6373922e,2026-10-03T02:15:37Z
mecon_treasury_maturity_interest_row_97,2026-06-30,2026-11,monthly,interest,securities,detail,97,· No ajustable por CER,3.497373,million_usd,official_projection,mecon_quarterly_treasury_maturity_profile,https://www.argentina.gob.ar/sites/default/files/deuda_publica_30-06-2026_0.xlsx,e481f24585ef40b8ce7c2b515e66235c8b8ebcb4001a769091cb531a6373922e,2026-10-03T02:15:37Z
mecon_treasury_maturity_interest_row_98,2026-06-30,2026-11,monthly,interest,securities,detail,98,· Bonos de consolidación,3.497373,million_usd,official_projection,mecon_quarterly_treasury_maturity_profile,https://www.argentina.gob.ar/sites/default/files/deuda_publica_30-06-2026_0.xlsx,e481f24585ef40b8ce7c2b515e66235c8b8ebcb4001a769091cb531a6373922e,2026-10-03T02:15:37Z
mecon_treasury_maturity_interest_row_103,2026-06-30,2026-11,monthly,interest,securities,detail,103,TOTAL DEUDA DENOMINADA EN PESOS,232.900779,million_usd,official_projection,mecon_quarterly_treasury_maturity_profile,https://www.argentina.gob.ar/sites/default/files/deuda_publica_30-06-2026_0.xlsx,e481f24585ef40b8ce7c2b515e66235c8b8ebcb4001a769091cb531a6373922e,2026-10-03T02:15:37Z
mecon_treasury_maturity_interest_row_104,2026-06-30,2026-11,monthly,interest,securities,detail,104,· Deuda ajustable por CER,41.123505,million_usd,official_projection,mecon_quarterly_treasury_maturity_profile,https://www.argentina.gob.ar/sites/default/files/deuda_publica_30-06-2026_0.xlsx,e481f24585ef40b8ce7c2b515e66235c8b8ebcb4001a769091cb531a6373922e,2026-10-03T02:15:37Z
mecon_treasury_maturity_interest_row_105,2026-06-30,2026-11,monthly,interest,securities,detail,105,· Deuda no ajustable por CER,191.777274,million_usd,official_projection,mecon_quarterly_treasury_maturity_profile,https://www.argentina.gob.ar/sites/default/files/deuda_publica_30-06-2026_0.xlsx,e481f24585ef40b8ce7c2b515e66235c8b8ebcb4001a769091cb531a6373922e,2026-10-03T02:15:37Z
mecon_treasury_maturity_interest_row_106,2026-06-30,2026-11,monthly,interest,securities,detail,106,TOTAL DEUDA EN MONEDA EXTRANJERA,1052.770834,million_usd,official_projection,mecon_quarterly_treasury_maturity_profile,https://www.argentina.gob.ar/sites/default/files/deuda_publica_30-06-2026_0.xlsx,e481f24585ef40b8ce7c2b515e66235c8b8ebcb4001a769091cb531a6373922e,2026-10-03T02:15:37Z
mecon_treasury_maturity_capital_total,2026-06-30,2026-12,monthly,capital,total,total,13,Total,25050.095259,million_usd,official_projection,mecon_quarterly_treasury_maturity_profile,https://www.argentina.gob.ar/sites/default/files/deuda_publica_30-06-2026_0.xlsx,e481f24585ef40b8ce7c2b515e66235c8b8ebcb4001a769091cb531a6373922e,2026-10-03T02:15:37Z
mecon_treasury_maturity_capital_row_14,2026-06-30,2026-12,monthly,capital,total,term,14,CORTO PLAZO,730.266717,million_usd,official_projection,mecon_quarterly_treasury_maturity_profile,https://www.argentina.gob.ar/sites/default/files/deuda_publica_30-06-2026_0.xlsx,e481f24585ef40b8ce7c2b515e66235c8b8ebcb4001a769091cb531a6373922e,2026-10-03T02:15:37Z
mecon_treasury_maturity_capital_row_15,2026-06-30,2026-12,monthly,capital,total,term,15,MEDIANO Y LARGO PLAZO,24319.828542,million_usd,official_projection,mecon_quarterly_treasury_maturity_profile,https://www.argentina.gob.ar/sites/default/files/deuda_publica_30-06-2026_0.xlsx,e481f24585ef40b8ce7c2b515e66235c8b8ebcb4001a769091cb531a6373922e,2026-10-03T02:15:37Z
mecon_treasury_maturity_capital_loans,2026-06-30,2026-12,monthly,capital,loans,category,17,Préstamos,930.218450,million_usd,official_projection,mecon_quarterly_treasury_maturity_profile,https://www.argentina.gob.ar/sites/default/files/deuda_publica_30-06-2026_0.xlsx,e481f24585ef40b8ce7c2b515e66235c8b8ebcb4001a769091cb531a6373922e,2026-10-03T02:15:37Z
mecon_treasury_maturity_capital_row_18,2026-06-30,2026-12,monthly,capital,loans,detail,18,Organismos Internacionales,457.306482,million_usd,official_projection,mecon_quarterly_treasury_maturity_profile,https://www.argentina.gob.ar/sites/default/files/deuda_publica_30-06-2026_0.xlsx,e481f24585ef40b8ce7c2b515e66235c8b8ebcb4001a769091cb531a6373922e,2026-10-03T02:15:37Z
mecon_treasury_maturity_capital_row_19,2026-06-30,2026-12,monthly,capital,loans,detail,19,. BIRF,42.560399,million_usd,official_projection,mecon_quarterly_treasury_maturity_profile,https://www.argentina.gob.ar/sites/default/files/deuda_publica_30-06-2026_0.xlsx,e481f24585ef40b8ce7c2b515e66235c8b8ebcb4001a769091cb531a6373922e,2026-10-03T02:15:37Z
mecon_treasury_maturity_capital_row_20,2026-06-30,2026-12,monthly,capital,loans,detail,20,. BID,22.120386,million_usd,official_projection,mecon_quarterly_treasury_maturity_profile,https://www.argentina.gob.ar/sites/default/files/deuda_publica_30-06-2026_0.xlsx,e481f24585ef40b8ce7c2b515e66235c8b8ebcb4001a769091cb531a6373922e,2026-10-03T02:15:37Z
mecon_treasury_maturity_capital_row_21,2026-06-30,2026-12,monthly,capital,loans,detail,21,. FMI,339.029021,million_usd,official_projection,mecon_quarterly_treasury_maturity_profile,https://www.argentina.gob.ar/sites/default/files/deuda_publica_30-06-2026_0.xlsx,e481f24585ef40b8ce7c2b515e66235c8b8ebcb4001a769091cb531a6373922e,2026-10-03T02:15:37Z
mecon_treasury_maturity_capital_row_22,2026-06-30,2026-12,monthly,capital,loans,detail,22,. Otros,53.596677,million_usd,official_projection,mecon_quarterly_treasury_maturity_profile,https://www.argentina.gob.ar/sites/default/files/deuda_publica_30-06-2026_0.xlsx,e481f24585ef40b8ce7c2b515e66235c8b8ebcb4001a769091cb531a6373922e,2026-10-03T02:15:37Z
mecon_treasury_maturity_capital_row_23,2026-06-30,2026-12,monthly,capital,loans,detail,23,Banca Comercial,464.362054,million_usd,official_projection,mecon_quarterly_treasury_maturity_profile,https://www.argentina.gob.ar/sites/default/files/deuda_publica_30-06-2026_0.xlsx,e481f24585ef40b8ce7c2b515e66235c8b8ebcb4001a769091cb531a6373922e,2026-10-03T02:15:37Z
mecon_treasury_maturity_capital_row_24,2026-06-30,2026-12,monthly,capital,loans,detail,24,. En moneda nacional,461.895384,million_usd,official_projection,mecon_quarterly_treasury_maturity_profile,https://www.argentina.gob.ar/sites/default/files/deuda_publica_30-06-2026_0.xlsx,e481f24585ef40b8ce7c2b515e66235c8b8ebcb4001a769091cb531a6373922e,2026-10-03T02:15:37Z
mecon_treasury_maturity_capital_row_25,2026-06-30,2026-12,monthly,capital,loans,detail,25,FUCO,461.895384,million_usd,official_projection,mecon_quarterly_treasury_maturity_profile,https://www.argentina.gob.ar/sites/default/files/deuda_publica_30-06-2026_0.xlsx,e481f24585ef40b8ce7c2b515e66235c8b8ebcb4001a769091cb531a6373922e,2026-10-03T02:15:37Z
mecon_treasury_maturity_capital_row_26,2026-06-30,2026-12,monthly,capital,loans,detail,26,. En moneda extranjera,2.466670,million_usd,official_projection,mecon_quarterly_treasury_maturity_profile,https://www.argentina.gob.ar/sites/default/files/deuda_publica_30-06-2026_0.xlsx,e481f24585ef40b8ce7c2b515e66235c8b8ebcb4001a769091cb531a6373922e,2026-10-03T02:15:37Z
mecon_treasury_maturity_capital_row_27,2026-06-30,2026-12,monthly,capital,loans,detail,27,Otros,2.466670,million_usd,official_projection,mecon_quarterly_treasury_maturity_profile,https://www.argentina.gob.ar/sites/default/files/deuda_publica_30-06-2026_0.xlsx,e481f24585ef40b8ce7c2b515e66235c8b8ebcb4001a769091cb531a6373922e,2026-10-03T02:15:37Z
mecon_treasury_maturity_capital_row_28,2026-06-30,2026-12,monthly,capital,loans,detail,28,Organismos Oficiales,1.387192,million_usd,official_projection,mecon_quarterly_treasury_maturity_profile,https://www.argentina.gob.ar/sites/default/files/deuda_publica_30-06-2026_0.xlsx,e481f24585ef40b8ce7c2b515e66235c8b8ebcb4001a769091cb531a6373922e,2026-10-03T02:15:37Z
mecon_treasury_maturity_capital_row_29,2026-06-30,2026-12,monthly,capital,loans,detail,29,Avales,7.162722,million_usd,official_projection,mecon_quarterly_treasury_maturity_profile,https://www.argentina.gob.ar/sites/default/files/deuda_publica_30-06-2026_0.xlsx,e481f24585ef40b8ce7c2b515e66235c8b8ebcb4001a769091cb531a6373922e,2026-10-03T02:15:37Z
mecon_treasury_maturity_capital_row_31,2026-06-30,2026-12,monthly,capital,loans,detail,31,. En moneda extranjera,7.162722,million_usd,official_projection,mecon_quarterly_treasury_maturity_profile,https://www.argentina.gob.ar/sites/default/files/deuda_publica_30-06-2026_0.xlsx,e481f24585ef40b8ce7c2b515e66235c8b8ebcb4001a769091cb531a6373922e,2026-10-03T02:15:37Z
mecon_treasury_maturity_capital_bcra_advances,2026-06-30,2026-12,monthly,capital,bcra_advances,category,33,Adelantos transitorios BCRA,730.266717,million_usd,official_projection,mecon_quarterly_treasury_maturity_profile,https://www.argentina.gob.ar/sites/default/files/deuda_publica_30-06-2026_0.xlsx,e481f24585ef40b8ce7c2b515e66235c8b8ebcb4001a769091cb531a6373922e,2026-10-03T02:15:37Z
mecon_treasury_maturity_capital_securities,2026-06-30,2026-12,monthly,capital,securities,category,35,Títulos públicos y Letras del Tesoro,23389.610092,million_usd,official_projection,mecon_quarterly_treasury_maturity_profile,https://www.argentina.gob.ar/sites/default/files/deuda_publica_30-06-2026_0.xlsx,e481f24585ef40b8ce7c2b515e66235c8b8ebcb4001a769091cb531a6373922e,2026-10-03T02:15:37Z
mecon_treasury_maturity_capital_row_36,2026-06-30,2026-12,monthly,capital,securities,detail,36,"Discount/$+CER/5,83%/2033",101.891839,million_usd,official_projection,mecon_quarterly_treasury_maturity_profile,https://www.argentina.gob.ar/sites/default/files/deuda_publica_30-06-2026_0.xlsx,e481f24585ef40b8ce7c2b515e66235c8b8ebcb4001a769091cb531a6373922e,2026-10-03T02:15:37Z
mecon_treasury_maturity_capital_row_37,2026-06-30,2026-12,monthly,capital,securities,detail,37,Emisión Canje 2005,98.943739,million_usd,official_projection,mecon_quarterly_treasury_maturity_profile,https://www.argentina.gob.ar/sites/default/files/deuda_publica_30-06-2026_0.xlsx,e481f24585ef40b8ce7c2b515e66235c8b8ebcb4001a769091cb531a6373922e,2026-10-03T02:15:37Z
mecon_treasury_maturity_capital_row_38,2026-06-30,2026-12,monthly,capital,securities,detail,38,Emisión Canje 2010,2.948100,million_usd,official_projection,mecon_quarterly_treasury_maturity_profile,https://www.argentina.gob.ar/sites/default/files/deuda_publica_30-06-2026_0.xlsx,e481f24585ef40b8ce7c2b515e66235c8b8ebcb4001a769091cb531a6373922e,2026-10-03T02:15:37Z
mecon_treasury_maturity_capital_row_39,2026-06-30,2026-12,monthly,capital,securities,detail,39,"Discount/JPY/4,33%/2033",3.022778,million_usd,official_projection,mecon_quarterly_treasury_maturity_profile,https://www.argentina.gob.ar/sites/default/files/deuda_publica_30-06-2026_0.xlsx,e481f24585ef40b8ce7c2b515e66235c8b8ebcb4001a769091cb531a6373922e,2026-10-03T02:15:37Z
mecon_treasury_maturity_capital_row_40,2026-06-30,2026-12,monthly,capital,securities,detail,40,Emisión Canje 2005,2.085614,million_usd,official_projection,mecon_quarterly_treasury_maturity_profile,https://www.argentina.gob.ar/sites/default/files/deuda_publica_30-06-2026_0.xlsx,e481f24585ef40b8ce7c2b515e66235c8b8ebcb4001a769091cb531a6373922e,2026-10-03T02:15:37Z
mecon_treasury_maturity_capital_row_41,2026-06-30,2026-12,monthly,capital,securities,detail,41,Emisión Canje 2010,0.937164,million_usd,official_projection,mecon_quarterly_treasury_maturity_profile,https://www.argentina.gob.ar/sites/default/files/deuda_publica_30-06-2026_0.xlsx,e481f24585ef40b8ce7c2b515e66235c8b8ebcb4001a769091cb531a6373922e,2026-10-03T02:15:37Z
mecon_treasury_maturity_capital_row_53,2026-06-30,2026-12,monthly,capital,securities,detail,53,"BONAR/$/6,72763943919512%/31-12-2028",0.238610,million_usd,official_projection,mecon_quarterly_treasury_maturity_profile,https://www.argentina.gob.ar/sites/default/files/deuda_publica_30-06-2026_0.xlsx,e481f24585ef40b8ce7c2b515e66235c8b8ebcb4001a769091cb531a6373922e,2026-10-03T02:15:37Z
mecon_treasury_maturity_capital_row_57,2026-06-30,2026-12,monthly,capital,securities,detail,57,BONTE /$/ BADLAR/22-12-2026,0.475173,million_usd,official_projection,mecon_quarterly_treasury_maturity_profile,https://www.argentina.gob.ar/sites/default/files/deuda_publica_30-06-2026_0.xlsx,e481f24585ef40b8ce7c2b515e66235c8b8ebcb4001a769091cb531a6373922e,2026-10-03T02:15:37Z
mecon_treasury_maturity_capital_row_62,2026-06-30,2026-12,monthly,capital,securities,detail,62,BONCER/$/0%+CER/15-12-2026,17962.335852,million_usd,official_projection,mecon_quarterly_treasury_maturity_profile,https://www.argentina.gob.ar/sites/default/files/deuda_publica_30-06-2026_0.xlsx,e481f24585ef40b8ce7c2b515e66235c8b8ebcb4001a769091cb531a6373922e,2026-10-03T02:15:37Z
mecon_treasury_maturity_capital_row_75,2026-06-30,2026-12,monthly,capital,securities,detail,75,BONCAP DUAL/$/15-12-2026,5055.903371,million_usd,official_projection,mecon_quarterly_treasury_maturity_profile,https://www.argentina.gob.ar/sites/default/files/deuda_publica_30-06-2026_0.xlsx,e481f24585ef40b8ce7c2b515e66235c8b8ebcb4001a769091cb531a6373922e,2026-10-03T02:15:37Z
mecon_treasury_maturity_capital_row_84,2026-06-30,2026-12,monthly,capital,securities,detail,84,Letras en Garantía,265.742470,million_usd,official_projection,mecon_quarterly_treasury_maturity_profile,https://www.argentina.gob.ar/sites/default/files/deuda_publica_30-06-2026_0.xlsx,e481f24585ef40b8ce7c2b515e66235c8b8ebcb4001a769091cb531a6373922e,2026-10-03T02:15:37Z
mecon_treasury_maturity_capital_row_100,2026-06-30,2026-12,monthly,capital,securities,detail,100,TOTAL DEUDA DENOMINADA EN PESOS,24313.006945,million_usd,official_projection,mecon_quarterly_treasury_maturity_profile,https://www.argentina.gob.ar/sites/default/files/deuda_publica_30-06-2026_0.xlsx,e481f24585ef40b8ce7c2b515e66235c8b8ebcb4001a769091cb531a6373922e,2026-10-03T02:15:37Z
mecon_treasury_maturity_capital_row_101,2026-06-30,2026-12,monthly,capital,securities,detail,101,· Deuda ajustable por CER,18064.227691,million_usd,official_projection,mecon_quarterly_treasury_maturity_profile,https://www.argentina.gob.ar/sites/default/files/deuda_publica_30-06-2026_0.xlsx,e481f24585ef40b8ce7c2b515e66235c8b8ebcb4001a769091cb531a6373922e,2026-10-03T02:15:37Z
mecon_treasury_maturity_capital_row_102,2026-06-30,2026-12,monthly,capital,securities,detail,102,· Deuda no ajustable por CER,6248.779254,million_usd,official_projection,mecon_quarterly_treasury_maturity_profile,https://www.argentina.gob.ar/sites/default/files/deuda_publica_30-06-2026_0.xlsx,e481f24585ef40b8ce7c2b515e66235c8b8ebcb4001a769091cb531a6373922e,2026-10-03T02:15:37Z
mecon_treasury_maturity_capital_row_103,2026-06-30,2026-12,monthly,capital,securities,detail,103,TOTAL DEUDA EN MONEDA EXTRANJERA,737.088314,million_usd,official_projection,mecon_quarterly_treasury_maturity_profile,https://www.argentina.gob.ar/sites/default/files/deuda_publica_30-06-2026_0.xlsx,e481f24585ef40b8ce7c2b515e66235c8b8ebcb4001a769091cb531a6373922e,2026-10-03T02:15:37Z
mecon_treasury_maturity_interest_total,2026-06-30,2026-12,monthly,interest,total,total,13,Total,432.352661,million_usd,official_projection,mecon_quarterly_treasury_maturity_profile,https://www.argentina.gob.ar/sites/default/files/deuda_publica_30-06-2026_0.xlsx,e481f24585ef40b8ce7c2b515e66235c8b8ebcb4001a769091cb531a6373922e,2026-10-03T02:15:37Z
mecon_treasury_maturity_interest_row_15,2026-06-30,2026-12,monthly,interest,total,term,15,MEDIANO Y LARGO PLAZO,432.352661,million_usd,official_projection,mecon_quarterly_treasury_maturity_profile,https://www.argentina.gob.ar/sites/default/files/deuda_publica_30-06-2026_0.xlsx,e481f24585ef40b8ce7c2b515e66235c8b8ebcb4001a769091cb531a6373922e,2026-10-03T02:15:37Z
mecon_treasury_maturity_interest_loans,2026-06-30,2026-12,monthly,interest,loans,category,17,Préstamos,161.012734,million_usd,official_projection,mecon_quarterly_treasury_maturity_profile,https://www.argentina.gob.ar/sites/default/files/deuda_publica_30-06-2026_0.xlsx,e481f24585ef40b8ce7c2b515e66235c8b8ebcb4001a769091cb531a6373922e,2026-10-03T02:15:37Z
mecon_treasury_maturity_interest_row_18,2026-06-30,2026-12,monthly,interest,loans,detail,18,Organismos Internacionales,132.273235,million_usd,official_projection,mecon_quarterly_treasury_maturity_profile,https://www.argentina.gob.ar/sites/default/files/deuda_publica_30-06-2026_0.xlsx,e481f24585ef40b8ce7c2b515e66235c8b8ebcb4001a769091cb531a6373922e,2026-10-03T02:15:37Z
mecon_treasury_maturity_interest_row_19,2026-06-30,2026-12,monthly,interest,loans,detail,19,. BIRF,78.169980,million_usd,official_projection,mecon_quarterly_treasury_maturity_profile,https://www.argentina.gob.ar/sites/default/files/deuda_publica_30-06-2026_0.xlsx,e481f24585ef40b8ce7c2b515e66235c8b8ebcb4001a769091cb531a6373922e,2026-10-03T02:15:37Z
mecon_treasury_maturity_interest_row_20,2026-06-30,2026-12,monthly,interest,loans,detail,20,. BID,28.057175,million_usd,official_projection,mecon_quarterly_treasury_maturity_profile,https://www.argentina.gob.ar/sites/default/files/deuda_publica_30-06-2026_0.xlsx,e481f24585ef40b8ce7c2b515e66235c8b8ebcb4001a769091cb531a6373922e,2026-10-03T02:15:37Z
mecon_treasury_maturity_interest_row_22,2026-06-30,2026-12,monthly,interest,loans,detail,22,. Otros,26.046080,million_usd,official_projection,mecon_quarterly_treasury_maturity_profile,https://www.argentina.gob.ar/sites/default/files/deuda_publica_30-06-2026_0.xlsx,e481f24585ef40b8ce7c2b515e66235c8b8ebcb4001a769091cb531a6373922e,2026-10-03T02:15:37Z
mecon_treasury_maturity_interest_row_23,2026-06-30,2026-12,monthly,interest,loans,detail,23,Préstamos Garantizados,4.484057,million_usd,official_projection,mecon_quarterly_treasury_maturity_profile,https://www.argentina.gob.ar/sites/default/files/deuda_publica_30-06-2026_0.xlsx,e481f24585ef40b8ce7c2b515e66235c8b8ebcb4001a769091cb531a6373922e,2026-10-03T02:15:37Z
mecon_treasury_maturity_interest_row_24,2026-06-30,2026-12,monthly,interest,loans,detail,24,. En moneda nacional ajustable por CER,4.484057,million_usd,official_projection,mecon_quarterly_treasury_maturity_profile,https://www.argentina.gob.ar/sites/default/files/deuda_publica_30-06-2026_0.xlsx,e481f24585ef40b8ce7c2b515e66235c8b8ebcb4001a769091cb531a6373922e,2026-10-03T02:15:37Z
mecon_treasury_maturity_interest_row_25,2026-06-30,2026-12,monthly,interest,loans,detail,25,Banca Comercial,0.616782,million_usd,official_projection,mecon_quarterly_treasury_maturity_profile,https://www.argentina.gob.ar/sites/default/files/deuda_publica_30-06-2026_0.xlsx,e481f24585ef40b8ce7c2b515e66235c8b8ebcb4001a769091cb531a6373922e,2026-10-03T02:15:37Z
mecon_treasury_maturity_interest_row_26,2026-06-30,2026-12,monthly,interest,loans,detail,26,. En moneda extranjera,0.616782,million_usd,official_projection,mecon_quarterly_treasury_maturity_profile,https://www.argentina.gob.ar/sites/default/files/deuda_publica_30-06-2026_0.xlsx,e481f24585ef40b8ce7c2b515e66235c8b8ebcb4001a769091cb531a6373922e,2026-10-03T02:15:37Z
mecon_treasury_maturity_interest_row_27,2026-06-30,2026-12,monthly,interest,loans,detail,27,Otros,0.616782,million_usd,official_projection,mecon_quarterly_treasury_maturity_profile,https://www.argentina.gob.ar/sites/default/files/deuda_publica_30-06-2026_0.xlsx,e481f24585ef40b8ce7c2b515e66235c8b8ebcb4001a769091cb531a6373922e,2026-10-03T02:15:37Z
mecon_treasury_maturity_interest_row_28,2026-06-30,2026-12,monthly,interest,loans,detail,28,Organismos Oficiales,23.033374,million_usd,official_projection,mecon_quarterly_treasury_maturity_profile,https://www.argentina.gob.ar/sites/default/files/deuda_publica_30-06-2026_0.xlsx,e481f24585ef40b8ce7c2b515e66235c8b8ebcb4001a769091cb531a6373922e,2026-10-03T02:15:37Z
mecon_treasury_maturity_interest_row_32,2026-06-30,2026-12,monthly,interest,loans,detail,32,Avales,0.605285,million_usd,official_projection,mecon_quarterly_treasury_maturity_profile,https://www.argentina.gob.ar/sites/default/files/deuda_publica_30-06-2026_0.xlsx,e481f24585ef40b8ce7c2b515e66235c8b8ebcb4001a769091cb531a6373922e,2026-10-03T02:15:37Z
mecon_treasury_maturity_interest_row_34,2026-06-30,2026-12,monthly,interest,loans,detail,34,. En moneda extranjera,0.605285,million_usd,official_projection,mecon_quarterly_treasury_maturity_profile,https://www.argentina.gob.ar/sites/default/files/deuda_publica_30-06-2026_0.xlsx,e481f24585ef40b8ce7c2b515e66235c8b8ebcb4001a769091cb531a6373922e,2026-10-03T02:15:37Z
mecon_treasury_maturity_interest_securities,2026-06-30,2026-12,monthly,interest,securities,category,36,Títulos públicos y Letras del Tesoro,271.339927,million_usd,official_projection,mecon_quarterly_treasury_maturity_profile,https://www.argentina.gob.ar/sites/default/files/deuda_publica_30-06-2026_0.xlsx,e481f24585ef40b8ce7c2b515e66235c8b8ebcb4001a769091cb531a6373922e,2026-10-03T02:15:37Z
mecon_treasury_maturity_interest_row_49,2026-06-30,2026-12,monthly,interest,securities,detail,49,DESCUENTO,45.533853,million_usd,official_projection,mecon_quarterly_treasury_maturity_profile,https://www.argentina.gob.ar/sites/default/files/deuda_publica_30-06-2026_0.xlsx,e481f24585ef40b8ce7c2b515e66235c8b8ebcb4001a769091cb531a6373922e,2026-10-03T02:15:37Z
mecon_treasury_maturity_interest_row_50,2026-06-30,2026-12,monthly,interest,securities,detail,50,"Discount/$+CER/5,83%/2033",44.552206,million_usd,official_projection,mecon_quarterly_treasury_maturity_profile,https://www.argentina.gob.ar/sites/default/files/deuda_publica_30-06-2026_0.xlsx,e481f24585ef40b8ce7c2b515e66235c8b8ebcb4001a769091cb531a6373922e,2026-10-03T02:15:37Z
mecon_treasury_maturity_interest_row_51,2026-06-30,2026-12,monthly,interest,securities,detail,51,Emisión Canje 2005,43.263150,million_usd,official_projection,mecon_quarterly_treasury_maturity_profile,https://www.argentina.gob.ar/sites/default/files/deuda_publica_30-06-2026_0.xlsx,e481f24585ef40b8ce7c2b515e66235c8b8ebcb4001a769091cb531a6373922e,2026-10-03T02:15:37Z
mecon_treasury_maturity_interest_row_52,2026-06-30,2026-12,monthly,interest,securities,detail,52,Emisión Canje 2010,1.289057,million_usd,official_projection,mecon_quarterly_treasury_maturity_profile,https://www.argentina.gob.ar/sites/default/files/deuda_publica_30-06-2026_0.xlsx,e481f24585ef40b8ce7c2b515e66235c8b8ebcb4001a769091cb531a6373922e,2026-10-03T02:15:37Z
mecon_treasury_maturity_interest_row_53,2026-06-30,2026-12,monthly,interest,securities,detail,53,"Discount/JPY/4,33%/2033",0.981647,million_usd,official_projection,mecon_quarterly_treasury_maturity_profile,https://www.argentina.gob.ar/sites/default/files/deuda_publica_30-06-2026_0.xlsx,e481f24585ef40b8ce7c2b515e66235c8b8ebcb4001a769091cb531a6373922e,2026-10-03T02:15:37Z
mecon_treasury_maturity_interest_row_54,2026-06-30,2026-12,monthly,interest,securities,detail,54,Emisión Canje 2005,0.677303,million_usd,official_projection,mecon_quarterly_treasury_maturity_profile,https://www.argentina.gob.ar/sites/default/files/deuda_publica_30-06-2026_0.xlsx,e481f24585ef40b8ce7c2b515e66235c8b8ebcb4001a769091cb531a6373922e,2026-10-03T02:15:37Z
mecon_treasury_maturity_interest_row_55,2026-06-30,2026-12,monthly,interest,securities,detail,55,Emisión Canje 2010,0.304344,million_usd,official_projection,mecon_quarterly_treasury_maturity_profile,https://www.argentina.gob.ar/sites/default/files/deuda_publica_30-06-2026_0.xlsx,e481f24585ef40b8ce7c2b515e66235c8b8ebcb4001a769091cb531a6373922e,2026-10-03T02:15:37Z
mecon_treasury_maturity_interest_row_56,2026-06-30,2026-12,monthly,interest,securities,detail,56,"CUASIPAR/$+CER/3,31%/2045",199.218753,million_usd,official_projection,mecon_quarterly_treasury_maturity_profile,https://www.argentina.gob.ar/sites/default/files/deuda_publica_30-06-2026_0.xlsx,e481f24585ef40b8ce7c2b515e66235c8b8ebcb4001a769091cb531a6373922e,2026-10-03T02:15:37Z
mecon_treasury_maturity_interest_row_57,2026-06-30,2026-12,monthly,interest,securities,detail,57,"BONAR/$/6,72763943919512%/31-12-2028",0.035801,million_usd,official_projection,mecon_quarterly_treasury_maturity_profile,https://www.argentina.gob.ar/sites/default/files/deuda_publica_30-06-2026_0.xlsx,e481f24585ef40b8ce7c2b515e66235c8b8ebcb4001a769091cb531a6373922e,2026-10-03T02:15:37Z
mecon_treasury_maturity_interest_row_59,2026-06-30,2026-12,monthly,interest,securities,detail,59,BONAR/U$S/6%/29-10-2027,10.001852,million_usd,official_projection,mecon_quarterly_treasury_maturity_profile,https://www.argentina.gob.ar/sites/default/files/deuda_publica_30-06-2026_0.xlsx,e481f24585ef40b8ce7c2b515e66235c8b8ebcb4001a769091cb531a6373922e,2026-10-03T02:15:37Z
mecon_treasury_maturity_interest_row_60,2026-06-30,2026-12,monthly,interest,securities,detail,60,BONAR/U$S/6%/31-10-2028,10.001848,million_usd,official_projection,mecon_quarterly_treasury_maturity_profile,https://www.argentina.gob.ar/sites/default/files/deuda_publica_30-06-2026_0.xlsx,e481f24585ef40b8ce7c2b515e66235c8b8ebcb4001a769091cb531a6373922e,2026-10-03T02:15:37Z
mecon_treasury_maturity_interest_row_81,2026-06-30,2026-12,monthly,interest,securities,detail,81,BONTE /$/ BADLAR/22-12-2026,0.024876,million_usd,official_projection,mecon_quarterly_treasury_maturity_profile,https://www.argentina.gob.ar/sites/default/files/deuda_publica_30-06-2026_0.xlsx,e481f24585ef40b8ce7c2b515e66235c8b8ebcb4001a769091cb531a6373922e,2026-10-03T02:15:37Z
mecon_treasury_maturity_interest_row_89,2026-06-30,2026-12,monthly,interest,securities,detail,89,LETRA INTRANSFERIBLE - BCRA,6.522943,million_usd,official_projection,mecon_quarterly_treasury_maturity_profile,https://www.argentina.gob.ar/sites/default/files/deuda_publica_30-06-2026_0.xlsx,e481f24585ef40b8ce7c2b515e66235c8b8ebcb4001a769091cb531a6373922e,2026-10-03T02:15:37Z
mecon_treasury_maturity_interest_row_103,2026-06-30,2026-12,monthly,interest,securities,detail,103,TOTAL DEUDA DENOMINADA EN PESOS,248.315694,million_usd,official_projection,mecon_quarterly_treasury_maturity_profile,https://www.argentina.gob.ar/sites/default/files/deuda_publica_30-06-2026_0.xlsx,e481f24585ef40b8ce7c2b515e66235c8b8ebcb4001a769091cb531a6373922e,2026-10-03T02:15:37Z
mecon_treasury_maturity_interest_row_104,2026-06-30,2026-12,monthly,interest,securities,detail,104,· Deuda ajustable por CER,248.255017,million_usd,official_projection,mecon_quarterly_treasury_maturity_profile,https://www.argentina.gob.ar/sites/default/files/deuda_publica_30-06-2026_0.xlsx,e481f24585ef40b8ce7c2b515e66235c8b8ebcb4001a769091cb531a6373922e,2026-10-03T02:15:37Z
mecon_treasury_maturity_interest_row_105,2026-06-30,2026-12,monthly,interest,securities,detail,105,· Deuda no ajustable por CER,0.060677,million_usd,official_projection,mecon_quarterly_treasury_maturity_profile,https://www.argentina.gob.ar/sites/default/files/deuda_publica_30-06-2026_0.xlsx,e481f24585ef40b8ce7c2b515e66235c8b8ebcb4001a769091cb531a6373922e,2026-10-03T02:15:37Z
mecon_treasury_maturity_interest_row_106,2026-06-30,2026-12,monthly,interest,securities,detail,106,TOTAL DEUDA EN MONEDA EXTRANJERA,184.036967,million_usd,official_projection,mecon_quarterly_treasury_maturity_profile,https://www.argentina.gob.ar/sites/default/files/deuda_publica_30-06-2026_0.xlsx,e481f24585ef40b8ce7c2b515e66235c8b8ebcb4001a769091cb531a6373922e,2026-10-03T02:15:37Z
mecon_treasury_maturity_capital_total,2026-06-30,2027-01,monthly,capital,total,total,13,Total,13558.194708,million_usd,official_projection,mecon_quarterly_treasury_maturity_profile,https://www.argentina.gob.ar/sites/default/files/deuda_publica_30-06-2026_0.xlsx,e481f24585ef40b8ce7c2b515e66235c8b8ebcb4001a769091cb531a6373922e,2026-10-03T02:15:37Z
mecon_treasury_maturity_capital_row_14,2026-06-30,2027-01,monthly,capital,total,term,14,CORTO PLAZO,436.271990,million_usd,official_projection,mecon_quarterly_treasury_maturity_profile,https://www.argentina.gob.ar/sites/default/files/deuda_publica_30-06-2026_0.xlsx,e481f24585ef40b8ce7c2b515e66235c8b8ebcb4001a769091cb531a6373922e,2026-10-03T02:15:37Z
mecon_treasury_maturity_capital_row_15,2026-06-30,2027-01,monthly,capital,total,term,15,MEDIANO Y LARGO PLAZO,13121.922717,million_usd,official_projection,mecon_quarterly_treasury_maturity_profile,https://www.argentina.gob.ar/sites/default/files/deuda_publica_30-06-2026_0.xlsx,e481f24585ef40b8ce7c2b515e66235c8b8ebcb4001a769091cb531a6373922e,2026-10-03T02:15:37Z
mecon_treasury_maturity_capital_loans,2026-06-30,2027-01,monthly,capital,loans,category,17,Préstamos,343.668981,million_usd,official_projection,mecon_quarterly_treasury_maturity_profile,https://www.argentina.gob.ar/sites/default/files/deuda_publica_30-06-2026_0.xlsx,e481f24585ef40b8ce7c2b515e66235c8b8ebcb4001a769091cb531a6373922e,2026-10-03T02:15:37Z
mecon_treasury_maturity_capital_row_18,2026-06-30,2027-01,monthly,capital,loans,detail,18,Organismos Internacionales,105.376818,million_usd,official_projection,mecon_quarterly_treasury_maturity_profile,https://www.argentina.gob.ar/sites/default/files/deuda_publica_30-06-2026_0.xlsx,e481f24585ef40b8ce7c2b515e66235c8b8ebcb4001a769091cb531a6373922e,2026-10-03T02:15:37Z
mecon_treasury_maturity_capital_row_19,2026-06-30,2027-01,monthly,capital,loans,detail,19,. BIRF,8.159773,million_usd,official_projection,mecon_quarterly_treasury_maturity_profile,https://www.argentina.gob.ar/sites/default/files/deuda_publica_30-06-2026_0.xlsx,e481f24585ef40b8ce7c2b515e66235c8b8ebcb4001a769091cb531a6373922e,2026-10-03T02:15:37Z
mecon_treasury_maturity_capital_row_20,2026-06-30,2027-01,monthly,capital,loans,detail,20,. BID,58.237827,million_usd,official_projection,mecon_quarterly_treasury_maturity_profile,https://www.argentina.gob.ar/sites/default/files/deuda_publica_30-06-2026_0.xlsx,e481f24585ef40b8ce7c2b515e66235c8b8ebcb4001a769091cb531a6373922e,2026-10-03T02:15:37Z
mecon_treasury_maturity_capital_row_22,2026-06-30,2027-01,monthly,capital,loans,detail,22,. Otros,38.979218,million_usd,official_projection,mecon_quarterly_treasury_maturity_profile,https://www.argentina.gob.ar/sites/default/files/deuda_publica_30-06-2026_0.xlsx,e481f24585ef40b8ce7c2b515e66235c8b8ebcb4001a769091cb531a6373922e,2026-10-03T02:15:37Z
mecon_treasury_maturity_capital_row_27,2026-06-30,2027-01,monthly,capital,loans,detail,27,Organismos Oficiales,231.129441,million_usd,official_projection,mecon_quarterly_treasury_maturity_profile,https://www.argentina.gob.ar/sites/default/files/deuda_publica_30-06-2026_0.xlsx,e481f24585ef40b8ce7c2b515e66235c8b8ebcb4001a769091cb531a6373922e,2026-10-03T02:15:37Z
mecon_treasury_maturity_capital_row_28,2026-06-30,2027-01,monthly,capital,loans,detail,28,Avales,7.162722,million_usd,official_projection,mecon_quarterly_treasury_maturity_profile,https://www.argentina.gob.ar/sites/default/files/deuda_publica_30-06-2026_0.xlsx,e481f24585ef40b8ce7c2b515e66235c8b8ebcb4001a769091cb531a6373922e,2026-10-03T02:15:37Z
mecon_treasury_maturity_capital_row_30,2026-06-30,2027-01,monthly,capital,loans,detail,30,. En moneda extranjera,7.162722,million_usd,official_projection,mecon_quarterly_treasury_maturity_profile,https://www.argentina.gob.ar/sites/default/files/deuda_publica_30-06-2026_0.xlsx,e481f24585ef40b8ce7c2b515e66235c8b8ebcb4001a769091cb531a6373922e,2026-10-03T02:15:37Z
mecon_treasury_maturity_capital_bcra_advances,2026-06-30,2027-01,monthly,capital,bcra_advances,category,32,Adelantos transitorios BCRA,436.271990,million_usd,official_projection,mecon_quarterly_treasury_maturity_profile,https://www.argentina.gob.ar/sites/default/files/deuda_publica_30-06-2026_0.xlsx,e481f24585ef40b8ce7c2b515e66235c8b8ebcb4001a769091cb531a6373922e,2026-10-03T02:15:37Z
mecon_treasury_maturity_capital_securities,2026-06-30,2027-01,monthly,capital,securities,category,34,Títulos públicos y Letras del Tesoro,12778.253736,million_usd,official_projection,mecon_quarterly_treasury_maturity_profile,https://www.argentina.gob.ar/sites/default/files/deuda_publica_30-06-2026_0.xlsx,e481f24585ef40b8ce7c2b515e66235c8b8ebcb4001a769091cb531a6373922e,2026-10-03T02:15:37Z
mecon_treasury_maturity_capital_row_42,2026-06-30,2027-01,monthly,capital,securities,detail,42,"BONO GLOBAL/EUR/0,125%/09-07-2030",106.519610,million_usd,official_projection,mecon_quarterly_treasury_maturity_profile,https://www.argentina.gob.ar/sites/default/files/deuda_publica_30-06-2026_0.xlsx,e481f24585ef40b8ce7c2b515e66235c8b8ebcb4001a769091cb531a6373922e,2026-10-03T02:15:37Z
mecon_treasury_maturity_capital_row_43,2026-06-30,2027-01,monthly,capital,securities,detail,43,"BONO GLOBAL/EUR/0,50%/09-07-2029",10.325535,million_usd,official_projection,mecon_quarterly_treasury_maturity_profile,https://www.argentina.gob.ar/sites/default/files/deuda_publica_30-06-2026_0.xlsx,e481f24585ef40b8ce7c2b515e66235c8b8ebcb4001a769091cb531a6373922e,2026-10-03T02:15:37Z
mecon_treasury_maturity_capital_row_44,2026-06-30,2027-01,monthly,capital,securities,detail,44,BONO GLOBAL/EUR/STEP UP/09-07-2046,6.441889,million_usd,official_projection,mecon_quarterly_treasury_maturity_profile,https://www.argentina.gob.ar/sites/default/files/deuda_publica_30-06-2026_0.xlsx,e481f24585ef40b8ce7c2b515e66235c8b8ebcb4001a769091cb531a6373922e,2026-10-03T02:15:37Z
mecon_treasury_maturity_capital_row_46,2026-06-30,2027-01,monthly,capital,securities,detail,46,"BONO GLOBAL/U$S/1,00%/09-07-2029",262.052444,million_usd,official_projection,mecon_quarterly_treasury_maturity_profile,https://www.argentina.gob.ar/sites/default/files/deuda_publica_30-06-2026_0.xlsx,e481f24585ef40b8ce7c2b515e66235c8b8ebcb4001a769091cb531a6373922e,2026-10-03T02:15:37Z
mecon_treasury_maturity_capital_row_47,2026-06-30,2027-01,monthly,capital,securities,detail,47,BONO GLOBAL/U$S/STEP UP/09-07-2030,1086.994477,million_usd,official_projection,mecon_quarterly_treasury_maturity_profile,https://www.argentina.gob.ar/sites/default/files/deuda_publica_30-06-2026_0.xlsx,e481f24585ef40b8ce7c2b515e66235c8b8ebcb4001a769091cb531a6373922e,2026-10-03T02:15:37Z
mecon_treasury_maturity_capital_row_48,2026-06-30,2027-01,monthly,capital,securities,detail,48,BONO GLOBAL/U$S/STEP UP/09-07-2046,47.545389,million_usd,official_projection,mecon_quarterly_treasury_maturity_profile,https://www.argentina.gob.ar/sites/default/files/deuda_publica_30-06-2026_0.xlsx,e481f24585ef40b8ce7c2b515e66235c8b8ebcb4001a769091cb531a6373922e,2026-10-03T02:15:37Z
mecon_treasury_maturity_capital_row_50,2026-06-30,2027-01,monthly,capital,securities,detail,50,"BONO R.A./U$S/1,00%/09-07-2029",139.411866,million_usd,official_projection,mecon_quarterly_treasury_maturity_profile,https://www.argentina.gob.ar/sites/default/files/deuda_publica_30-06-2026_0.xlsx,e481f24585ef40b8ce7c2b515e66235c8b8ebcb4001a769091cb531a6373922e,2026-10-03T02:15:37Z
mecon_treasury_maturity_capital_row_51,2026-06-30,2027-01,monthly,capital,securities,detail,51,BONO R.A./U$S/STEP UP/09-07-2030,1047.344014,million_usd,official_projection,mecon_quarterly_treasury_maturity_profile,https://www.argentina.gob.ar/sites/default/files/deuda_publica_30-06-2026_0.xlsx,e481f24585ef40b8ce7c2b515e66235c8b8ebcb4001a769091cb531a6373922e,2026-10-03T02:15:37Z
mecon_treasury_maturity_capital_row_53,2026-06-30,2027-01,monthly,capital,securities,detail,53,"BONAR/$/6,72763943919512%/31-12-2028",0.239947,million_usd,official_projection,mecon_quarterly_treasury_maturity_profile,https://www.argentina.gob.ar/sites/default/files/deuda_publica_30-06-2026_0.xlsx,e481f24585ef40b8ce7c2b515e66235c8b8ebcb4001a769091cb531a6373922e,2026-10-03T02:15:37Z
mecon_treasury_maturity_capital_row_55,2026-06-30,2027-01,monthly,capital,securities,detail,55,BONTE/$/BADLAR/05-07-2030,1.731703,million_usd,official_projection,mecon_quarterly_treasury_maturity_profile,https://www.argentina.gob.ar/sites/default/files/deuda_publica_30-06-2026_0.xlsx,e481f24585ef40b8ce7c2b515e66235c8b8ebcb4001a769091cb531a6373922e,2026-10-03T02:15:37Z
mecon_treasury_maturity_capital_row_76,2026-06-30,2027-01,monthly,capital,securities,detail,76,BONCAP/$/15-01-2027,10069.640917,million_usd,official_projection,mecon_quarterly_treasury_maturity_profile,https://www.argentina.gob.ar/sites/default/files/deuda_publica_30-06-2026_0.xlsx,e481f24585ef40b8ce7c2b515e66235c8b8ebcb4001a769091cb531a6373922e,2026-10-03T02:15:37Z
mecon_treasury_maturity_capital_row_88,2026-06-30,2027-01,monthly,capital,securities,detail,88,OTROS (1),0.005944,million_usd,official_projection,mecon_quarterly_treasury_maturity_profile,https://www.argentina.gob.ar/sites/default/files/deuda_publica_30-06-2026_0.xlsx,e481f24585ef40b8ce7c2b515e66235c8b8ebcb4001a769091cb531a6373922e,2026-10-03T02:15:37Z
mecon_treasury_maturity_capital_row_89,2026-06-30,2027-01,monthly,capital,securities,detail,89,En moneda nacional,0.005944,million_usd,official_projection,mecon_quarterly_treasury_maturity_profile,https://www.argentina.gob.ar/sites/default/files/deuda_publica_30-06-2026_0.xlsx,e481f24585ef40b8ce7c2b515e66235c8b8ebcb4001a769091cb531a6373922e,2026-10-03T02:15:37Z
mecon_treasury_maturity_capital_row_92,2026-06-30,2027-01,monthly,capital,securities,detail,92,· No ajustable por CER,0.005944,million_usd,official_projection,mecon_quarterly_treasury_maturity_profile,https://www.argentina.gob.ar/sites/default/files/deuda_publica_30-06-2026_0.xlsx,e481f24585ef40b8ce7c2b515e66235c8b8ebcb4001a769091cb531a6373922e,2026-10-03T02:15:37Z
mecon_treasury_maturity_capital_row_94,2026-06-30,2027-01,monthly,capital,securities,detail,94,· Otros,0.005944,million_usd,official_projection,mecon_quarterly_treasury_maturity_profile,https://www.argentina.gob.ar/sites/default/files/deuda_publica_30-06-2026_0.xlsx,e481f24585ef40b8ce7c2b515e66235c8b8ebcb4001a769091cb531a6373922e,2026-10-03T02:15:37Z
mecon_treasury_maturity_capital_row_100,2026-06-30,2027-01,monthly,capital,securities,detail,100,TOTAL DEUDA DENOMINADA EN PESOS,10507.890502,million_usd,official_projection,mecon_quarterly_treasury_maturity_profile,https://www.argentina.gob.ar/sites/default/files/deuda_publica_30-06-2026_0.xlsx,e481f24585ef40b8ce7c2b515e66235c8b8ebcb4001a769091cb531a6373922e,2026-10-03T02:15:37Z
mecon_treasury_maturity_capital_row_102,2026-06-30,2027-01,monthly,capital,securities,detail,102,· Deuda no ajustable por CER,10507.890502,million_usd,official_projection,mecon_quarterly_treasury_maturity_profile,https://www.argentina.gob.ar/sites/default/files/deuda_publica_30-06-2026_0.xlsx,e481f24585ef40b8ce7c2b515e66235c8b8ebcb4001a769091cb531a6373922e,2026-10-03T02:15:37Z
mecon_treasury_maturity_capital_row_103,2026-06-30,2027-01,monthly,capital,securities,detail,103,TOTAL DEUDA EN MONEDA EXTRANJERA,3050.304205,million_usd,official_projection,mecon_quarterly_treasury_maturity_profile,https://www.argentina.gob.ar/sites/default/files/deuda_publica_30-06-2026_0.xlsx,e481f24585ef40b8ce7c2b515e66235c8b8ebcb4001a769091cb531a6373922e,2026-10-03T02:15:37Z
mecon_treasury_maturity_interest_total,2026-06-30,2027-01,monthly,interest,total,total,13,Total,2144.054847,million_usd,official_projection,mecon_quarterly_treasury_maturity_profile,https://www.argentina.gob.ar/sites/default/files/deuda_publica_30-06-2026_0.xlsx,e481f24585ef40b8ce7c2b515e66235c8b8ebcb4001a769091cb531a6373922e,2026-10-03T02:15:37Z
mecon_treasury_maturity_interest_row_15,2026-06-30,2027-01,monthly,interest,total,term,15,MEDIANO Y LARGO PLAZO,2144.054847,million_usd,official_projection,mecon_quarterly_treasury_maturity_profile,https://www.argentina.gob.ar/sites/default/files/deuda_publica_30-06-2026_0.xlsx,e481f24585ef40b8ce7c2b515e66235c8b8ebcb4001a769091cb531a6373922e,2026-10-03T02:15:37Z
mecon_treasury_maturity_interest_loans,2026-06-30,2027-01,monthly,interest,loans,category,17,Préstamos,186.939943,million_usd,official_projection,mecon_quarterly_treasury_maturity_profile,https://www.argentina.gob.ar/sites/default/files/deuda_publica_30-06-2026_0.xlsx,e481f24585ef40b8ce7c2b515e66235c8b8ebcb4001a769091cb531a6373922e,2026-10-03T02:15:37Z
mecon_treasury_maturity_interest_row_18,2026-06-30,2027-01,monthly,interest,loans,detail,18,Organismos Internacionales,145.199994,million_usd,official_projection,mecon_quarterly_treasury_maturity_profile,https://www.argentina.gob.ar/sites/default/files/deuda_publica_30-06-2026_0.xlsx,e481f24585ef40b8ce7c2b515e66235c8b8ebcb4001a769091cb531a6373922e,2026-10-03T02:15:37Z
mecon_treasury_maturity_interest_row_19,2026-06-30,2027-01,monthly,interest,loans,detail,19,. BIRF,33.644925,million_usd,official_projection,mecon_quarterly_treasury_maturity_profile,https://www.argentina.gob.ar/sites/default/files/deuda_publica_30-06-2026_0.xlsx,e481f24585ef40b8ce7c2b515e66235c8b8ebcb4001a769091cb531a6373922e,2026-10-03T02:15:37Z
mecon_treasury_maturity_interest_row_20,2026-06-30,2027-01,monthly,interest,loans,detail,20,. BID,78.314799,million_usd,official_projection,mecon_quarterly_treasury_maturity_profile,https://www.argentina.gob.ar/sites/default/files/deuda_publica_30-06-2026_0.xlsx,e481f24585ef40b8ce7c2b515e66235c8b8ebcb4001a769091cb531a6373922e,2026-10-03T02:15:37Z
mecon_treasury_maturity_interest_row_22,2026-06-30,2027-01,monthly,interest,loans,detail,22,. Otros,33.240270,million_usd,official_projection,mecon_quarterly_treasury_maturity_profile,https://www.argentina.gob.ar/sites/default/files/deuda_publica_30-06-2026_0.xlsx,e481f24585ef40b8ce7c2b515e66235c8b8ebcb4001a769091cb531a6373922e,2026-10-03T02:15:37Z
mecon_treasury_maturity_interest_row_23,2026-06-30,2027-01,monthly,interest,loans,detail,23,Préstamos Garantizados,4.594823,million_usd,official_projection,mecon_quarterly_treasury_maturity_profile,https://www.argentina.gob.ar/sites/default/files/deuda_publica_30-06-2026_0.xlsx,e481f24585ef40b8ce7c2b515e66235c8b8ebcb4001a769091cb531a6373922e,2026-10-03T02:15:37Z
mecon_treasury_maturity_interest_row_24,2026-06-30,2027-01,monthly,interest,loans,detail,24,. En moneda nacional ajustable por CER,4.594823,million_usd,official_projection,mecon_quarterly_treasury_maturity_profile,https://www.argentina.gob.ar/sites/default/files/deuda_publica_30-06-2026_0.xlsx,e481f24585ef40b8ce7c2b515e66235c8b8ebcb4001a769091cb531a6373922e,2026-10-03T02:15:37Z
mecon_treasury_maturity_interest_row_27,2026-06-30,2027-01,monthly,interest,loans,detail,27,Organismos Oficiales,36.673159,million_usd,official_projection,mecon_quarterly_treasury_maturity_profile,https://www.argentina.gob.ar/sites/default/files/deuda_publica_30-06-2026_0.xlsx,e481f24585ef40b8ce7c2b515e66235c8b8ebcb4001a769091cb531a6373922e,2026-10-03T02:15:37Z
mecon_treasury_maturity_interest_row_31,2026-06-30,2027-01,monthly,interest,loans,detail,31,Avales,0.471968,million_usd,official_projection,mecon_quarterly_treasury_maturity_profile,https://www.argentina.gob.ar/sites/default/files/deuda_publica_30-06-2026_0.xlsx,e481f24585ef40b8ce7c2b515e66235c8b8ebcb4001a769091cb531a6373922e,2026-10-03T02:15:37Z
mecon_treasury_maturity_interest_row_33,2026-06-30,2027-01,monthly,interest,loans,detail,33,. En moneda extranjera,0.471968,million_usd,official_projection,mecon_quarterly_treasury_maturity_profile,https://www.argentina.gob.ar/sites/default/files/deuda_publica_30-06-2026_0.xlsx,e481f24585ef40b8ce7c2b515e66235c8b8ebcb4001a769091cb531a6373922e,2026-10-03T02:15:37Z
mecon_treasury_maturity_interest_securities,2026-06-30,2027-01,monthly,interest,securities,category,35,Títulos públicos y Letras del Tesoro,1957.114904,million_usd,official_projection,mecon_quarterly_treasury_maturity_profile,https://www.argentina.gob.ar/sites/default/files/deuda_publica_30-06-2026_0.xlsx,e481f24585ef40b8ce7c2b515e66235c8b8ebcb4001a769091cb531a6373922e,2026-10-03T02:15:37Z
mecon_treasury_maturity_interest_row_56,2026-06-30,2027-01,monthly,interest,securities,detail,56,"BONAR/$/6,72763943919512%/31-12-2028",0.034463,million_usd,official_projection,mecon_quarterly_treasury_maturity_profile,https://www.argentina.gob.ar/sites/default/files/deuda_publica_30-06-2026_0.xlsx,e481f24585ef40b8ce7c2b515e66235c8b8ebcb4001a769091cb531a6373922e,2026-10-03T02:15:37Z
mecon_treasury_maturity_interest_row_58,2026-06-30,2027-01,monthly,interest,securities,detail,58,BONAR/U$S/6%/29-10-2027,9.668457,million_usd,official_projection,mecon_quarterly_treasury_maturity_profile,https://www.argentina.gob.ar/sites/default/files/deuda_publica_30-06-2026_0.xlsx,e481f24585ef40b8ce7c2b515e66235c8b8ebcb4001a769091cb531a6373922e,2026-10-03T02:15:37Z
mecon_treasury_maturity_interest_row_59,2026-06-30,2027-01,monthly,interest,securities,detail,59,BONAR/U$S/6%/31-10-2028,9.668453,million_usd,official_projection,mecon_quarterly_treasury_maturity_profile,https://www.argentina.gob.ar/sites/default/files/deuda_publica_30-06-2026_0.xlsx,e481f24585ef40b8ce7c2b515e66235c8b8ebcb4001a769091cb531a6373922e,2026-10-03T02:15:37Z
mecon_treasury_maturity_interest_row_63,2026-06-30,2027-01,monthly,interest,securities,detail,63,"BONO GLOBAL/EUR/0,125%/09-07-2030",0.532598,million_usd,official_projection,mecon_quarterly_treasury_maturity_profile,https://www.argentina.gob.ar/sites/default/files/deuda_publica_30-06-2026_0.xlsx,e481f24585ef40b8ce7c2b515e66235c8b8ebcb4001a769091cb531a6373922e,2026-10-03T02:15:37Z
mecon_treasury_maturity_interest_row_64,2026-06-30,2027-01,monthly,interest,securities,detail,64,"BONO GLOBAL/EUR/0,50%/09-07-2029",0.154883,million_usd,official_projection,mecon_quarterly_treasury_maturity_profile,https://www.argentina.gob.ar/sites/default/files/deuda_publica_30-06-2026_0.xlsx,e481f24585ef40b8ce7c2b515e66235c8b8ebcb4001a769091cb531a6373922e,2026-10-03T02:15:37Z
mecon_treasury_maturity_interest_row_65,2026-06-30,2027-01,monthly,interest,securities,detail,65,BONO GLOBAL/EUR/STEP UP/09-01-2038,19.646341,million_usd,official_projection,mecon_quarterly_treasury_maturity_profile,https://www.argentina.gob.ar/sites/default/files/deuda_publica_30-06-2026_0.xlsx,e481f24585ef40b8ce7c2b515e66235c8b8ebcb4001a769091cb531a6373922e,2026-10-03T02:15:37Z
mecon_treasury_maturity_interest_row_66,2026-06-30,2027-01,monthly,interest,securities,detail,66,BONO GLOBAL/EUR/STEP UP/09-07-2035,6.613158,million_usd,official_projection,mecon_quarterly_treasury_maturity_profile,https://www.argentina.gob.ar/sites/default/files/deuda_publica_30-06-2026_0.xlsx,e481f24585ef40b8ce7c2b515e66235c8b8ebcb4001a769091cb531a6373922e,2026-10-03T02:15:37Z
mecon_treasury_maturity_interest_row_67,2026-06-30,2027-01,monthly,interest,securities,detail,67,BONO GLOBAL/EUR/STEP UP/09-07-2041,26.946572,million_usd,official_projection,mecon_quarterly_treasury_maturity_profile,https://www.argentina.gob.ar/sites/default/files/deuda_publica_30-06-2026_0.xlsx,e481f24585ef40b8ce7c2b515e66235c8b8ebcb4001a769091cb531a6373922e,2026-10-03T02:15:37Z
mecon_treasury_maturity_interest_row_68,2026-06-30,2027-01,monthly,interest,securities,detail,68,BONO GLOBAL/EUR/STEP UP/09-07-2046,5.314558,million_usd,official_projection,mecon_quarterly_treasury_maturity_profile,https://www.argentina.gob.ar/sites/default/files/deuda_publica_30-06-2026_0.xlsx,e481f24585ef40b8ce7c2b515e66235c8b8ebcb4001a769091cb531a6373922e,2026-10-03T02:15:37Z
mecon_treasury_maturity_interest_row_69,2026-06-30,2027-01,monthly,interest,securities,detail,69,"BONO GLOBAL/U$S/1,00%/09-07-2029",7.861573,million_usd,official_projection,mecon_quarterly_treasury_maturity_profile,https://www.argentina.gob.ar/sites/default/files/deuda_publica_30-06-2026_0.xlsx,e481f24585ef40b8ce7c2b515e66235c8b8ebcb4001a769091cb531a6373922e,2026-10-03T02:15:37Z
mecon_treasury_maturity_interest_row_70,2026-06-30,2027-01,monthly,interest,securities,detail,70,BONO GLOBAL/U$S/STEP UP/09-01-2038,284.625584,million_usd,official_projection,mecon_quarterly_treasury_maturity_profile,https://www.argentina.gob.ar/sites/default/files/deuda_publica_30-06-2026_0.xlsx,e481f24585ef40b8ce7c2b515e66235c8b8ebcb4001a769091cb531a6373922e,2026-10-03T02:15:37Z
mecon_treasury_maturity_interest_row_71,2026-06-30,2027-01,monthly,interest,securities,detail,71,BONO GLOBAL/U$S/STEP UP/09-07-2030,32.609834,million_usd,official_projection,mecon_quarterly_treasury_maturity_profile,https://www.argentina.gob.ar/sites/default/files/deuda_publica_30-06-2026_0.xlsx,e481f24585ef40b8ce7c2b515e66235c8b8ebcb4001a769091cb531a6373922e,2026-10-03T02:15:37Z
mecon_treasury_maturity_interest_row_72,2026-06-30,2027-01,monthly,interest,securities,detail,72,BONO GLOBAL/U$S/STEP UP/09-07-2035,421.499713,million_usd,official_projection,mecon_quarterly_treasury_maturity_profile,https://www.argentina.gob.ar/sites/default/files/deuda_publica_30-06-2026_0.xlsx,e481f24585ef40b8ce7c2b515e66235c8b8ebcb4001a769091cb531a6373922e,2026-10-03T02:15:37Z
mecon_treasury_maturity_interest_row_73,2026-06-30,2027-01,monthly,interest,securities,detail,73,BONO GLOBAL/U$S/STEP UP/09-07-2041,183.436947,million_usd,official_projection,mecon_quarterly_treasury_maturity_profile,https://www.argentina.gob.ar/sites/default/files/deuda_publica_30-06-2026_0.xlsx,e481f24585ef40b8ce7c2b515e66235c8b8ebcb4001a769091cb531a6373922e,2026-10-03T02:15:37Z
mecon_treasury_maturity_interest_row_74,2026-06-30,2027-01,monthly,interest,securities,detail,74,BONO GLOBAL/U$S/STEP UP/09-07-2046,39.224946,million_usd,official_projection,mecon_quarterly_treasury_maturity_profile,https://www.argentina.gob.ar/sites/default/files/deuda_publica_30-06-2026_0.xlsx,e481f24585ef40b8ce7c2b515e66235c8b8ebcb4001a769091cb531a6373922e,2026-10-03T02:15:37Z
mecon_treasury_maturity_interest_row_75,2026-06-30,2027-01,monthly,interest,securities,detail,75,"BONO R.A./U$S/1,00%/09-07-2029",4.182356,million_usd,official_projection,mecon_quarterly_treasury_maturity_profile,https://www.argentina.gob.ar/sites/default/files/deuda_publica_30-06-2026_0.xlsx,e481f24585ef40b8ce7c2b515e66235c8b8ebcb4001a769091cb531a6373922e,2026-10-03T02:15:37Z
mecon_treasury_maturity_interest_row_76,2026-06-30,2027-01,monthly,interest,securities,detail,76,BONO R.A./U$S/STEP UP/09-01-2038,308.124439,million_usd,official_projection,mecon_quarterly_treasury_maturity_profile,https://www.argentina.gob.ar/sites/default/files/deuda_publica_30-06-2026_0.xlsx,e481f24585ef40b8ce7c2b515e66235c8b8ebcb4001a769091cb531a6373922e,2026-10-03T02:15:37Z
mecon_treasury_maturity_interest_row_77,2026-06-30,2027-01,monthly,interest,securities,detail,77,BONO R.A./U$S/STEP UP/09-07-2030,31.420320,million_usd,official_projection,mecon_quarterly_treasury_maturity_profile,https://www.argentina.gob.ar/sites/default/files/deuda_publica_30-06-2026_0.xlsx,e481f24585ef40b8ce7c2b515e66235c8b8ebcb4001a769091cb531a6373922e,2026-10-03T02:15:37Z
mecon_treasury_maturity_interest_row_78,2026-06-30,2027-01,monthly,interest,securities,detail,78,BONO R.A./U$S/STEP UP/09-07-2035,417.532491,million_usd,official_projection,mecon_quarterly_treasury_maturity_profile,https://www.argentina.gob.ar/sites/default/files/deuda_publica_30-06-2026_0.xlsx,e481f24585ef40b8ce7c2b515e66235c8b8ebcb4001a769091cb531a6373922e,2026-10-03T02:15:37Z
mecon_treasury_maturity_interest_row_79,2026-06-30,2027-01,monthly,interest,securities,detail,79,BONO R.A./U$S/STEP UP/09-07-2041,26.989091,million_usd,official_projection,mecon_quarterly_treasury_maturity_profile,https://www.argentina.gob.ar/sites/default/files/deuda_publica_30-06-2026_0.xlsx,e481f24585ef40b8ce7c2b515e66235c8b8ebcb4001a769091cb531a6373922e,2026-10-03T02:15:37Z
mecon_treasury_maturity_interest_row_83,2026-06-30,2027-01,monthly,interest,securities,detail,83,BONTE/$/BADLAR/05-07-2030,0.733240,million_usd,official_projection,mecon_quarterly_treasury_maturity_profile,https://www.argentina.gob.ar/sites/default/files/deuda_publica_30-06-2026_0.xlsx,e481f24585ef40b8ce7c2b515e66235c8b8ebcb4001a769091cb531a6373922e,2026-10-03T02:15:37Z
mecon_treasury_maturity_interest_row_88,2026-06-30,2027-01,monthly,interest,securities,detail,88,LETRA INTRANSFERIBLE - BCRA,120.294885,million_usd,official_projection,mecon_quarterly_treasury_maturity_profile,https://www.argentina.gob.ar/sites/default/files/deuda_publica_30-06-2026_0.xlsx,e481f24585ef40b8ce7c2b515e66235c8b8ebcb4001a769091cb531a6373922e,2026-10-03T02:15:37Z
mecon_treasury_maturity_interest_row_101,2026-06-30,2027-01,monthly,interest,securities,detail,101,TOTAL DEUDA DENOMINADA EN PESOS,5.362526,million_usd,official_projection,mecon_quarterly_treasury_maturity_profile,https://www.argentina.gob.ar/sites/default/files/deuda_publica_30-06-2026_0.xlsx,e481f24585ef40b8ce7c2b515e66235c8b8ebcb4001a769091cb531a6373922e,2026-10-03T02:15:37Z
mecon_treasury_maturity_interest_row_102,2026-06-30,2027-01,monthly,interest,securities,detail,102,· Deuda ajustable por CER,4.594823,million_usd,official_projection,mecon_quarterly_treasury_maturity_profile,https://www.argentina.gob.ar/sites/default/files/deuda_publica_30-06-2026_0.xlsx,e481f24585ef40b8ce7c2b515e66235c8b8ebcb4001a769091cb531a6373922e,2026-10-03T02:15:37Z
mecon_treasury_maturity_interest_row_103,2026-06-30,2027-01,monthly,interest,securities,detail,103,· Deuda no ajustable por CER,0.767703,million_usd,official_projection,mecon_quarterly_treasury_maturity_profile,https://www.argentina.gob.ar/sites/default/files/deuda_publica_30-06-2026_0.xlsx,e481f24585ef40b8ce7c2b515e66235c8b8ebcb4001a769091cb531a6373922e,2026-10-03T02:15:37Z
mecon_treasury_maturity_interest_row_104,2026-06-30,2027-01,monthly,interest,securities,detail,104,TOTAL DEUDA EN MONEDA EXTRANJERA,2138.692321,million_usd,official_projection,mecon_quarterly_treasury_maturity_profile,https://www.argentina.gob.ar/sites/default/files/deuda_publica_30-06-2026_0.xlsx,e481f24585ef40b8ce7c2b515e66235c8b8ebcb4001a769091cb531a6373922e,2026-10-03T02:15:37Z
mecon_treasury_maturity_capital_total,2026-06-30,2027-02,monthly,capital,total,total,13,Total,4294.642469,million_usd,official_projection,mecon_quarterly_treasury_maturity_profile,https://www.argentina.gob.ar/sites/default/files/deuda_publica_30-06-2026_0.xlsx,e481f24585ef40b8ce7c2b515e66235c8b8ebcb4001a769091cb531a6373922e,2026-10-03T02:15:37Z
mecon_treasury_maturity_capital_row_14,2026-06-30,2027-02,monthly,capital,total,term,14,CORTO PLAZO,26.971993,million_usd,official_projection,mecon_quarterly_treasury_maturity_profile,https://www.argentina.gob.ar/sites/default/files/deuda_publica_30-06-2026_0.xlsx,e481f24585ef40b8ce7c2b515e66235c8b8ebcb4001a769091cb531a6373922e,2026-10-03T02:15:37Z
mecon_treasury_maturity_capital_row_15,2026-06-30,2027-02,monthly,capital,total,term,15,MEDIANO Y LARGO PLAZO,4267.670475,million_usd,official_projection,mecon_quarterly_treasury_maturity_profile,https://www.argentina.gob.ar/sites/default/files/deuda_publica_30-06-2026_0.xlsx,e481f24585ef40b8ce7c2b515e66235c8b8ebcb4001a769091cb531a6373922e,2026-10-03T02:15:37Z
mecon_treasury_maturity_capital_loans,2026-06-30,2027-02,monthly,capital,loans,category,17,Préstamos,93.316625,million_usd,official_projection,mecon_quarterly_treasury_maturity_profile,https://www.argentina.gob.ar/sites/default/files/deuda_publica_30-06-2026_0.xlsx,e481f24585ef40b8ce7c2b515e66235c8b8ebcb4001a769091cb531a6373922e,2026-10-03T02:15:37Z
mecon_treasury_maturity_capital_row_18,2026-06-30,2027-02,monthly,capital,loans,detail,18,Organismos Internacionales,81.670833,million_usd,official_projection,mecon_quarterly_treasury_maturity_profile,https://www.argentina.gob.ar/sites/default/files/deuda_publica_30-06-2026_0.xlsx,e481f24585ef40b8ce7c2b515e66235c8b8ebcb4001a769091cb531a6373922e,2026-10-03T02:15:37Z
mecon_treasury_maturity_capital_row_19,2026-06-30,2027-02,monthly,capital,loans,detail,19,. BIRF,5.023009,million_usd,official_projection,mecon_quarterly_treasury_maturity_profile,https://www.argentina.gob.ar/sites/default/files/deuda_publica_30-06-2026_0.xlsx,e481f24585ef40b8ce7c2b515e66235c8b8ebcb4001a769091cb531a6373922e,2026-10-03T02:15:37Z
mecon_treasury_maturity_capital_row_20,2026-06-30,2027-02,monthly,capital,loans,detail,20,. BID,41.652207,million_usd,official_projection,mecon_quarterly_treasury_maturity_profile,https://www.argentina.gob.ar/sites/default/files/deuda_publica_30-06-2026_0.xlsx,e481f24585ef40b8ce7c2b515e66235c8b8ebcb4001a769091cb531a6373922e,2026-10-03T02:15:37Z
mecon_treasury_maturity_capital_row_22,2026-06-30,2027-02,monthly,capital,loans,detail,22,. Otros,34.995617,million_usd,official_projection,mecon_quarterly_treasury_maturity_profile,https://www.argentina.gob.ar/sites/default/files/deuda_publica_30-06-2026_0.xlsx,e481f24585ef40b8ce7c2b515e66235c8b8ebcb4001a769091cb531a6373922e,2026-10-03T02:15:37Z
mecon_treasury_maturity_capital_row_27,2026-06-30,2027-02,monthly,capital,loans,detail,27,Organismos Oficiales,4.756271,million_usd,official_projection,mecon_quarterly_treasury_maturity_profile,https://www.argentina.gob.ar/sites/default/files/deuda_publica_30-06-2026_0.xlsx,e481f24585ef40b8ce7c2b515e66235c8b8ebcb4001a769091cb531a6373922e,2026-10-03T02:15:37Z
mecon_treasury_maturity_capital_row_28,2026-06-30,2027-02,monthly,capital,loans,detail,28,Avales,6.889520,million_usd,official_projection,mecon_quarterly_treasury_maturity_profile,https://www.argentina.gob.ar/sites/default/files/deuda_publica_30-06-2026_0.xlsx,e481f24585ef40b8ce7c2b515e66235c8b8ebcb4001a769091cb531a6373922e,2026-10-03T02:15:37Z
mecon_treasury_maturity_capital_row_30,2026-06-30,2027-02,monthly,capital,loans,detail,30,. En moneda extranjera,6.889520,million_usd,official_projection,mecon_quarterly_treasury_maturity_profile,https://www.argentina.gob.ar/sites/default/files/deuda_publica_30-06-2026_0.xlsx,e481f24585ef40b8ce7c2b515e66235c8b8ebcb4001a769091cb531a6373922e,2026-10-03T02:15:37Z
mecon_treasury_maturity_capital_bcra_advances,2026-06-30,2027-02,monthly,capital,bcra_advances,category,32,Adelantos transitorios BCRA,26.971993,million_usd,official_projection,mecon_quarterly_treasury_maturity_profile,https://www.argentina.gob.ar/sites/default/files/deuda_publica_30-06-2026_0.xlsx,e481f24585ef40b8ce7c2b515e66235c8b8ebcb4001a769091cb531a6373922e,2026-10-03T02:15:37Z
mecon_treasury_maturity_capital_securities,2026-06-30,2027-02,monthly,capital,securities,category,34,Títulos públicos y Letras del Tesoro,4174.353851,million_usd,official_projection,mecon_quarterly_treasury_maturity_profile,https://www.argentina.gob.ar/sites/default/files/deuda_publica_30-06-2026_0.xlsx,e481f24585ef40b8ce7c2b515e66235c8b8ebcb4001a769091cb531a6373922e,2026-10-03T02:15:37Z
mecon_treasury_maturity_capital_row_53,2026-06-30,2027-02,monthly,capital,securities,detail,53,"BONAR/$/6,72763943919512%/31-12-2028",0.243500,million_usd,official_projection,mecon_quarterly_treasury_maturity_profile,https://www.argentina.gob.ar/sites/default/files/deuda_publica_30-06-2026_0.xlsx,e481f24585ef40b8ce7c2b515e66235c8b8ebcb4001a769091cb531a6373922e,2026-10-03T02:15:37Z
mecon_treasury_maturity_capital_row_56,2026-06-30,2027-02,monthly,capital,securities,detail,56,BONTE/$/BADLAR+400PB/17-08-31,0.199034,million_usd,official_projection,mecon_quarterly_treasury_maturity_profile,https://www.argentina.gob.ar/sites/default/files/deuda_publica_30-06-2026_0.xlsx,e481f24585ef40b8ce7c2b515e66235c8b8ebcb4001a769091cb531a6373922e,2026-10-03T02:15:37Z
mecon_treasury_maturity_capital_row_80,2026-06-30,2027-02,monthly,capital,securities,detail,80,"BONCAP/$/TAMAR+6,5%/26-02-2027",2940.547124,million_usd,official_projection,mecon_quarterly_treasury_maturity_profile,https://www.argentina.gob.ar/sites/default/files/deuda_publica_30-06-2026_0.xlsx,e481f24585ef40b8ce7c2b515e66235c8b8ebcb4001a769091cb531a6373922e,2026-10-03T02:15:37Z
mecon_treasury_maturity_capital_row_85,2026-06-30,2027-02,monthly,capital,securities,detail,85,LETRAS DEL TESORO,1228.159233,million_usd,official_projection,mecon_quarterly_treasury_maturity_profile,https://www.argentina.gob.ar/sites/default/files/deuda_publica_30-06-2026_0.xlsx,e481f24585ef40b8ce7c2b515e66235c8b8ebcb4001a769091cb531a6373922e,2026-10-03T02:15:37Z
mecon_treasury_maturity_capital_row_87,2026-06-30,2027-02,monthly,capital,securities,detail,87,. En moneda extranjera,1228.159233,million_usd,official_projection,mecon_quarterly_treasury_maturity_profile,https://www.argentina.gob.ar/sites/default/files/deuda_publica_30-06-2026_0.xlsx,e481f24585ef40b8ce7c2b515e66235c8b8ebcb4001a769091cb531a6373922e,2026-10-03T02:15:37Z
mecon_treasury_maturity_capital_row_88,2026-06-30,2027-02,monthly,capital,securities,detail,88,OTROS (1),5.204960,million_usd,official_projection,mecon_quarterly_treasury_maturity_profile,https://www.argentina.gob.ar/sites/default/files/deuda_publica_30-06-2026_0.xlsx,e481f24585ef40b8ce7c2b515e66235c8b8ebcb4001a769091cb531a6373922e,2026-10-03T02:15:37Z
mecon_treasury_maturity_capital_row_89,2026-06-30,2027-02,monthly,capital,securities,detail,89,En moneda nacional,5.204960,million_usd,official_projection,mecon_quarterly_treasury_maturity_profile,https://www.argentina.gob.ar/sites/default/files/deuda_publica_30-06-2026_0.xlsx,e481f24585ef40b8ce7c2b515e66235c8b8ebcb4001a769091cb531a6373922e,2026-10-03T02:15:37Z
mecon_treasury_maturity_capital_row_92,2026-06-30,2027-02,monthly,capital,securities,detail,92,· No ajustable por CER,5.204960,million_usd,official_projection,mecon_quarterly_treasury_maturity_profile,https://www.argentina.gob.ar/sites/default/files/deuda_publica_30-06-2026_0.xlsx,e481f24585ef40b8ce7c2b515e66235c8b8ebcb4001a769091cb531a6373922e,2026-10-03T02:15:37Z
mecon_treasury_maturity_capital_row_93,2026-06-30,2027-02,monthly,capital,securities,detail,93,· Bonos de consolidación,5.204960,million_usd,official_projection,mecon_quarterly_treasury_maturity_profile,https://www.argentina.gob.ar/sites/default/files/deuda_publica_30-06-2026_0.xlsx,e481f24585ef40b8ce7c2b515e66235c8b8ebcb4001a769091cb531a6373922e,2026-10-03T02:15:37Z
mecon_treasury_maturity_capital_row_100,2026-06-30,2027-02,monthly,capital,securities,detail,100,TOTAL DEUDA DENOMINADA EN PESOS,2973.166611,million_usd,official_projection,mecon_quarterly_treasury_maturity_profile,https://www.argentina.gob.ar/sites/default/files/deuda_publica_30-06-2026_0.xlsx,e481f24585ef40b8ce7c2b515e66235c8b8ebcb4001a769091cb531a6373922e,2026-10-03T02:15:37Z
mecon_treasury_maturity_capital_row_102,2026-06-30,2027-02,monthly,capital,securities,detail,102,· Deuda no ajustable por CER,2973.166611,million_usd,official_projection,mecon_quarterly_treasury_maturity_profile,https://www.argentina.gob.ar/sites/default/files/deuda_publica_30-06-2026_0.xlsx,e481f24585ef40b8ce7c2b515e66235c8b8ebcb4001a769091cb531a6373922e,2026-10-03T02:15:37Z
mecon_treasury_maturity_capital_row_103,2026-06-30,2027-02,monthly,capital,securities,detail,103,TOTAL DEUDA EN MONEDA EXTRANJERA,1321.475857,million_usd,official_projection,mecon_quarterly_treasury_maturity_profile,https://www.argentina.gob.ar/sites/default/files/deuda_publica_30-06-2026_0.xlsx,e481f24585ef40b8ce7c2b515e66235c8b8ebcb4001a769091cb531a6373922e,2026-10-03T02:15:37Z
mecon_treasury_maturity_interest_total,2026-06-30,2027-02,monthly,interest,total,total,13,Total,894.320438,million_usd,official_projection,mecon_quarterly_treasury_maturity_profile,https://www.argentina.gob.ar/sites/default/files/deuda_publica_30-06-2026_0.xlsx,e481f24585ef40b8ce7c2b515e66235c8b8ebcb4001a769091cb531a6373922e,2026-10-03T02:15:37Z
mecon_treasury_maturity_interest_row_15,2026-06-30,2027-02,monthly,interest,total,term,15,MEDIANO Y LARGO PLAZO,894.320438,million_usd,official_projection,mecon_quarterly_treasury_maturity_profile,https://www.argentina.gob.ar/sites/default/files/deuda_publica_30-06-2026_0.xlsx,e481f24585ef40b8ce7c2b515e66235c8b8ebcb4001a769091cb531a6373922e,2026-10-03T02:15:37Z
mecon_treasury_maturity_interest_loans,2026-06-30,2027-02,monthly,interest,loans,category,17,Préstamos,871.610595,million_usd,official_projection,mecon_quarterly_treasury_maturity_profile,https://www.argentina.gob.ar/sites/default/files/deuda_publica_30-06-2026_0.xlsx,e481f24585ef40b8ce7c2b515e66235c8b8ebcb4001a769091cb531a6373922e,2026-10-03T02:15:37Z
mecon_treasury_maturity_interest_row_18,2026-06-30,2027-02,monthly,interest,loans,detail,18,Organismos Internacionales,864.692528,million_usd,official_projection,mecon_quarterly_treasury_maturity_profile,https://www.argentina.gob.ar/sites/default/files/deuda_publica_30-06-2026_0.xlsx,e481f24585ef40b8ce7c2b515e66235c8b8ebcb4001a769091cb531a6373922e,2026-10-03T02:15:37Z
mecon_treasury_maturity_interest_row_19,2026-06-30,2027-02,monthly,interest,loans,detail,19,. BIRF,15.709833,million_usd,official_projection,mecon_quarterly_treasury_maturity_profile,https://www.argentina.gob.ar/sites/default/files/deuda_publica_30-06-2026_0.xlsx,e481f24585ef40b8ce7c2b515e66235c8b8ebcb4001a769091cb531a6373922e,2026-10-03T02:15:37Z
mecon_treasury_maturity_interest_row_20,2026-06-30,2027-02,monthly,interest,loans,detail,20,. BID,36.979961,million_usd,official_projection,mecon_quarterly_treasury_maturity_profile,https://www.argentina.gob.ar/sites/default/files/deuda_publica_30-06-2026_0.xlsx,e481f24585ef40b8ce7c2b515e66235c8b8ebcb4001a769091cb531a6373922e,2026-10-03T02:15:37Z
mecon_treasury_maturity_interest_row_21,2026-06-30,2027-02,monthly,interest,loans,detail,21,. FMI,791.715932,million_usd,official_projection,mecon_quarterly_treasury_maturity_profile,https://www.argentina.gob.ar/sites/default/files/deuda_publica_30-06-2026_0.xlsx,e481f24585ef40b8ce7c2b515e66235c8b8ebcb4001a769091cb531a6373922e,2026-10-03T02:15:37Z
mecon_treasury_maturity_interest_row_22,2026-06-30,2027-02,monthly,interest,loans,detail,22,. Otros,20.286801,million_usd,official_projection,mecon_quarterly_treasury_maturity_profile,https://www.argentina.gob.ar/sites/default/files/deuda_publica_30-06-2026_0.xlsx,e481f24585ef40b8ce7c2b515e66235c8b8ebcb4001a769091cb531a6373922e,2026-10-03T02:15:37Z
mecon_treasury_maturity_interest_row_23,2026-06-30,2027-02,monthly,interest,loans,detail,23,Préstamos Garantizados,4.594823,million_usd,official_projection,mecon_quarterly_treasury_maturity_profile,https://www.argentina.gob.ar/sites/default/files/deuda_publica_30-06-2026_0.xlsx,e481f24585ef40b8ce7c2b515e66235c8b8ebcb4001a769091cb531a6373922e,2026-10-03T02:15:37Z
mecon_treasury_maturity_interest_row_24,2026-06-30,2027-02,monthly,interest,loans,detail,24,. En moneda nacional ajustable por CER,4.594823,million_usd,official_projection,mecon_quarterly_treasury_maturity_profile,https://www.argentina.gob.ar/sites/default/files/deuda_publica_30-06-2026_0.xlsx,e481f24585ef40b8ce7c2b515e66235c8b8ebcb4001a769091cb531a6373922e,2026-10-03T02:15:37Z
mecon_treasury_maturity_interest_row_27,2026-06-30,2027-02,monthly,interest,loans,detail,27,Organismos Oficiales,1.857600,million_usd,official_projection,mecon_quarterly_treasury_maturity_profile,https://www.argentina.gob.ar/sites/default/files/deuda_publica_30-06-2026_0.xlsx,e481f24585ef40b8ce7c2b515e66235c8b8ebcb4001a769091cb531a6373922e,2026-10-03T02:15:37Z
mecon_treasury_maturity_interest_row_31,2026-06-30,2027-02,monthly,interest,loans,detail,31,Avales,0.465645,million_usd,official_projection,mecon_quarterly_treasury_maturity_profile,https://www.argentina.gob.ar/sites/default/files/deuda_publica_30-06-2026_0.xlsx,e481f24585ef40b8ce7c2b515e66235c8b8ebcb4001a769091cb531a6373922e,2026-10-03T02:15:37Z
mecon_treasury_maturity_interest_row_33,2026-06-30,2027-02,monthly,interest,loans,detail,33,. En moneda extranjera,0.465645,million_usd,official_projection,mecon_quarterly_treasury_maturity_profile,https://www.argentina.gob.ar/sites/default/files/deuda_publica_30-06-2026_0.xlsx,e481f24585ef40b8ce7c2b515e66235c8b8ebcb4001a769091cb531a6373922e,2026-10-03T02:15:37Z
mecon_treasury_maturity_interest_securities,2026-06-30,2027-02,monthly,interest,securities,category,35,Títulos públicos y Letras del Tesoro,22.709843,million_usd,official_projection,mecon_quarterly_treasury_maturity_profile,https://www.argentina.gob.ar/sites/default/files/deuda_publica_30-06-2026_0.xlsx,e481f24585ef40b8ce7c2b515e66235c8b8ebcb4001a769091cb531a6373922e,2026-10-03T02:15:37Z
mecon_treasury_maturity_interest_row_56,2026-06-30,2027-02,monthly,interest,securities,detail,56,"BONAR/$/6,72763943919512%/31-12-2028",0.033118,million_usd,official_projection,mecon_quarterly_treasury_maturity_profile,https://www.argentina.gob.ar/sites/default/files/deuda_publica_30-06-2026_0.xlsx,e481f24585ef40b8ce7c2b515e66235c8b8ebcb4001a769091cb531a6373922e,2026-10-03T02:15:37Z
mecon_treasury_maturity_interest_row_58,2026-06-30,2027-02,monthly,interest,securities,detail,58,BONAR/U$S/6%/29-10-2027,9.001667,million_usd,official_projection,mecon_quarterly_treasury_maturity_profile,https://www.argentina.gob.ar/sites/default/files/deuda_publica_30-06-2026_0.xlsx,e481f24585ef40b8ce7c2b515e66235c8b8ebcb4001a769091cb531a6373922e,2026-10-03T02:15:37Z
mecon_treasury_maturity_interest_row_59,2026-06-30,2027-02,monthly,interest,securities,detail,59,BONAR/U$S/6%/31-10-2028,9.001664,million_usd,official_projection,mecon_quarterly_treasury_maturity_profile,https://www.argentina.gob.ar/sites/default/files/deuda_publica_30-06-2026_0.xlsx,e481f24585ef40b8ce7c2b515e66235c8b8ebcb4001a769091cb531a6373922e,2026-10-03T02:15:37Z
mecon_treasury_maturity_interest_row_84,2026-06-30,2027-02,monthly,interest,securities,detail,84,BONTE/$/BADLAR/23-11-2027,1.222411,million_usd,official_projection,mecon_quarterly_treasury_maturity_profile,https://www.argentina.gob.ar/sites/default/files/deuda_publica_30-06-2026_0.xlsx,e481f24585ef40b8ce7c2b515e66235c8b8ebcb4001a769091cb531a6373922e,2026-10-03T02:15:37Z
mecon_treasury_maturity_interest_row_86,2026-06-30,2027-02,monthly,interest,securities,detail,86,BONTE/$/BADLAR+400PB/17-08-31,0.238281,million_usd,official_projection,mecon_quarterly_treasury_maturity_profile,https://www.argentina.gob.ar/sites/default/files/deuda_publica_30-06-2026_0.xlsx,e481f24585ef40b8ce7c2b515e66235c8b8ebcb4001a769091cb531a6373922e,2026-10-03T02:15:37Z
mecon_treasury_maturity_interest_row_92,2026-06-30,2027-02,monthly,interest,securities,detail,92,OTROS (1),3.212703,million_usd,official_projection,mecon_quarterly_treasury_maturity_profile,https://www.argentina.gob.ar/sites/default/files/deuda_publica_30-06-2026_0.xlsx,e481f24585ef40b8ce7c2b515e66235c8b8ebcb4001a769091cb531a6373922e,2026-10-03T02:15:37Z
mecon_treasury_maturity_interest_row_93,2026-06-30,2027-02,monthly,interest,securities,detail,93,. En moneda nacional,3.212703,million_usd,official_projection,mecon_quarterly_treasury_maturity_profile,https://www.argentina.gob.ar/sites/default/files/deuda_publica_30-06-2026_0.xlsx,e481f24585ef40b8ce7c2b515e66235c8b8ebcb4001a769091cb531a6373922e,2026-10-03T02:15:37Z
mecon_treasury_maturity_interest_row_96,2026-06-30,2027-02,monthly,interest,securities,detail,96,· No ajustable por CER,3.212703,million_usd,official_projection,mecon_quarterly_treasury_maturity_profile,https://www.argentina.gob.ar/sites/default/files/deuda_publica_30-06-2026_0.xlsx,e481f24585ef40b8ce7c2b515e66235c8b8ebcb4001a769091cb531a6373922e,2026-10-03T02:15:37Z
mecon_treasury_maturity_interest_row_97,2026-06-30,2027-02,monthly,interest,securities,detail,97,· Bonos de consolidación,3.212703,million_usd,official_projection,mecon_quarterly_treasury_maturity_profile,https://www.argentina.gob.ar/sites/default/files/deuda_publica_30-06-2026_0.xlsx,e481f24585ef40b8ce7c2b515e66235c8b8ebcb4001a769091cb531a6373922e,2026-10-03T02:15:37Z
mecon_treasury_maturity_interest_row_101,2026-06-30,2027-02,monthly,interest,securities,detail,101,TOTAL DEUDA DENOMINADA EN PESOS,9.301335,million_usd,official_projection,mecon_quarterly_treasury_maturity_profile,https://www.argentina.gob.ar/sites/default/files/deuda_publica_30-06-2026_0.xlsx,e481f24585ef40b8ce7c2b515e66235c8b8ebcb4001a769091cb531a6373922e,2026-10-03T02:15:37Z
mecon_treasury_maturity_interest_row_102,2026-06-30,2027-02,monthly,interest,securities,detail,102,· Deuda ajustable por CER,4.594823,million_usd,official_projection,mecon_quarterly_treasury_maturity_profile,https://www.argentina.gob.ar/sites/default/files/deuda_publica_30-06-2026_0.xlsx,e481f24585ef40b8ce7c2b515e66235c8b8ebcb4001a769091cb531a6373922e,2026-10-03T02:15:37Z
mecon_treasury_maturity_interest_row_103,2026-06-30,2027-02,monthly,interest,securities,detail,103,· Deuda no ajustable por CER,4.706512,million_usd,official_projection,mecon_quarterly_treasury_maturity_profile,https://www.argentina.gob.ar/sites/default/files/deuda_publica_30-06-2026_0.xlsx,e481f24585ef40b8ce7c2b515e66235c8b8ebcb4001a769091cb531a6373922e,2026-10-03T02:15:37Z
mecon_treasury_maturity_interest_row_104,2026-06-30,2027-02,monthly,interest,securities,detail,104,TOTAL DEUDA EN MONEDA EXTRANJERA,885.019104,million_usd,official_projection,mecon_quarterly_treasury_maturity_profile,https://www.argentina.gob.ar/sites/default/files/deuda_publica_30-06-2026_0.xlsx,e481f24585ef40b8ce7c2b515e66235c8b8ebcb4001a769091cb531a6373922e,2026-10-03T02:15:37Z
mecon_treasury_maturity_capital_total,2026-06-30,2027-03,monthly,capital,total,total,13,Total,5128.608817,million_usd,official_projection,mecon_quarterly_treasury_maturity_profile,https://www.argentina.gob.ar/sites/default/files/deuda_publica_30-06-2026_0.xlsx,e481f24585ef40b8ce7c2b515e66235c8b8ebcb4001a769091cb531a6373922e,2026-10-03T02:15:37Z
mecon_treasury_maturity_capital_row_14,2026-06-30,2027-03,monthly,capital,total,term,14,CORTO PLAZO,942.682373,million_usd,official_projection,mecon_quarterly_treasury_maturity_profile,https://www.argentina.gob.ar/sites/default/files/deuda_publica_30-06-2026_0.xlsx,e481f24585ef40b8ce7c2b515e66235c8b8ebcb4001a769091cb531a6373922e,2026-10-03T02:15:37Z
mecon_treasury_maturity_capital_row_15,2026-06-30,2027-03,monthly,capital,total,term,15,MEDIANO Y LARGO PLAZO,4185.926444,million_usd,official_projection,mecon_quarterly_treasury_maturity_profile,https://www.argentina.gob.ar/sites/default/files/deuda_publica_30-06-2026_0.xlsx,e481f24585ef40b8ce7c2b515e66235c8b8ebcb4001a769091cb531a6373922e,2026-10-03T02:15:37Z
mecon_treasury_maturity_capital_loans,2026-06-30,2027-03,monthly,capital,loans,category,17,Préstamos,1335.953385,million_usd,official_projection,mecon_quarterly_treasury_maturity_profile,https://www.argentina.gob.ar/sites/default/files/deuda_publica_30-06-2026_0.xlsx,e481f24585ef40b8ce7c2b515e66235c8b8ebcb4001a769091cb531a6373922e,2026-10-03T02:15:37Z
mecon_treasury_maturity_capital_row_18,2026-06-30,2027-03,monthly,capital,loans,detail,18,Organismos Internacionales,1189.043316,million_usd,official_projection,mecon_quarterly_treasury_maturity_profile,https://www.argentina.gob.ar/sites/default/files/deuda_publica_30-06-2026_0.xlsx,e481f24585ef40b8ce7c2b515e66235c8b8ebcb4001a769091cb531a6373922e,2026-10-03T02:15:37Z
mecon_treasury_maturity_capital_row_19,2026-06-30,2027-03,monthly,capital,loans,detail,19,. BIRF,70.300777,million_usd,official_projection,mecon_quarterly_treasury_maturity_profile,https://www.argentina.gob.ar/sites/default/files/deuda_publica_30-06-2026_0.xlsx,e481f24585ef40b8ce7c2b515e66235c8b8ebcb4001a769091cb531a6373922e,2026-10-03T02:15:37Z
mecon_treasury_maturity_capital_row_20,2026-06-30,2027-03,monthly,capital,loans,detail,20,. BID,262.871477,million_usd,official_projection,mecon_quarterly_treasury_maturity_profile,https://www.argentina.gob.ar/sites/default/files/deuda_publica_30-06-2026_0.xlsx,e481f24585ef40b8ce7c2b515e66235c8b8ebcb4001a769091cb531a6373922e,2026-10-03T02:15:37Z
mecon_treasury_maturity_capital_row_21,2026-06-30,2027-03,monthly,capital,loans,detail,21,. FMI,791.067715,million_usd,official_projection,mecon_quarterly_treasury_maturity_profile,https://www.argentina.gob.ar/sites/default/files/deuda_publica_30-06-2026_0.xlsx,e481f24585ef40b8ce7c2b515e66235c8b8ebcb4001a769091cb531a6373922e,2026-10-03T02:15:37Z
mecon_treasury_maturity_capital_row_22,2026-06-30,2027-03,monthly,capital,loans,detail,22,. Otros,64.803347,million_usd,official_projection,mecon_quarterly_treasury_maturity_profile,https://www.argentina.gob.ar/sites/default/files/deuda_publica_30-06-2026_0.xlsx,e481f24585ef40b8ce7c2b515e66235c8b8ebcb4001a769091cb531a6373922e,2026-10-03T02:15:37Z
mecon_treasury_maturity_capital_row_27,2026-06-30,2027-03,monthly,capital,loans,detail,27,Organismos Oficiales,140.020548,million_usd,official_projection,mecon_quarterly_treasury_maturity_profile,https://www.argentina.gob.ar/sites/default/files/deuda_publica_30-06-2026_0.xlsx,e481f24585ef40b8ce7c2b515e66235c8b8ebcb4001a769091cb531a6373922e,2026-10-03T02:15:37Z
mecon_treasury_maturity_capital_row_28,2026-06-30,2027-03,monthly,capital,loans,detail,28,Avales,6.889520,million_usd,official_projection,mecon_quarterly_treasury_maturity_profile,https://www.argentina.gob.ar/sites/default/files/deuda_publica_30-06-2026_0.xlsx,e481f24585ef40b8ce7c2b515e66235c8b8ebcb4001a769091cb531a6373922e,2026-10-03T02:15:37Z
mecon_treasury_maturity_capital_row_30,2026-06-30,2027-03,monthly,capital,loans,detail,30,. En moneda extranjera,6.889520,million_usd,official_projection,mecon_quarterly_treasury_maturity_profile,https://www.argentina.gob.ar/sites/default/files/deuda_publica_30-06-2026_0.xlsx,e481f24585ef40b8ce7c2b515e66235c8b8ebcb4001a769091cb531a6373922e,2026-10-03T02:15:37Z
mecon_treasury_maturity_capital_bcra_advances,2026-06-30,2027-03,monthly,capital,bcra_advances,category,32,Adelantos transitorios BCRA,155.371724,million_usd,official_projection,mecon_quarterly_treasury_maturity_profile,https://www.argentina.gob.ar/sites/default/files/deuda_publica_30-06-2026_0.xlsx,e481f24585ef40b8ce7c2b515e66235c8b8ebcb4001a769091cb531a6373922e,2026-10-03T02:15:37Z
mecon_treasury_maturity_capital_securities,2026-06-30,2027-03,monthly,capital,securities,category,34,Títulos públicos y Letras del Tesoro,3637.283708,million_usd,official_projection,mecon_quarterly_treasury_maturity_profile,https://www.argentina.gob.ar/sites/default/files/deuda_publica_30-06-2026_0.xlsx,e481f24585ef40b8ce7c2b515e66235c8b8ebcb4001a769091cb531a6373922e,2026-10-03T02:15:37Z
mecon_treasury_maturity_capital_row_53,2026-06-30,2027-03,monthly,capital,securities,detail,53,"BONAR/$/6,72763943919512%/31-12-2028",0.241599,million_usd,official_projection,mecon_quarterly_treasury_maturity_profile,https://www.argentina.gob.ar/sites/default/files/deuda_publica_30-06-2026_0.xlsx,e481f24585ef40b8ce7c2b515e66235c8b8ebcb4001a769091cb531a6373922e,2026-10-03T02:15:37Z
mecon_treasury_maturity_capital_row_66,2026-06-30,2027-03,monthly,capital,securities,detail,66,BONCER/$/0%+CER/31-03-2027,2849.731460,million_usd,official_projection,mecon_quarterly_treasury_maturity_profile,https://www.argentina.gob.ar/sites/default/files/deuda_publica_30-06-2026_0.xlsx,e481f24585ef40b8ce7c2b515e66235c8b8ebcb4001a769091cb531a6373922e,2026-10-03T02:15:37Z
mecon_treasury_maturity_capital_row_85,2026-06-30,2027-03,monthly,capital,securities,detail,85,LETRAS DEL TESORO,787.310649,million_usd,official_projection,mecon_quarterly_treasury_maturity_profile,https://www.argentina.gob.ar/sites/default/files/deuda_publica_30-06-2026_0.xlsx,e481f24585ef40b8ce7c2b515e66235c8b8ebcb4001a769091cb531a6373922e,2026-10-03T02:15:37Z
mecon_treasury_maturity_capital_row_86,2026-06-30,2027-03,monthly,capital,securities,detail,86,. En moneda nacional,787.310649,million_usd,official_projection,mecon_quarterly_treasury_maturity_profile,https://www.argentina.gob.ar/sites/default/files/deuda_publica_30-06-2026_0.xlsx,e481f24585ef40b8ce7c2b515e66235c8b8ebcb4001a769091cb531a6373922e,2026-10-03T02:15:37Z
mecon_treasury_maturity_capital_row_100,2026-06-30,2027-03,monthly,capital,securities,detail,100,TOTAL DEUDA DENOMINADA EN PESOS,3792.655433,million_usd,official_projection,mecon_quarterly_treasury_maturity_profile,https://www.argentina.gob.ar/sites/default/files/deuda_publica_30-06-2026_0.xlsx,e481f24585ef40b8ce7c2b515e66235c8b8ebcb4001a769091cb531a6373922e,2026-10-03T02:15:37Z
mecon_treasury_maturity_capital_row_101,2026-06-30,2027-03,monthly,capital,securities,detail,101,· Deuda ajustable por CER,2849.731460,million_usd,official_projection,mecon_quarterly_treasury_maturity_profile,https://www.argentina.gob.ar/sites/default/files/deuda_publica_30-06-2026_0.xlsx,e481f24585ef40b8ce7c2b515e66235c8b8ebcb4001a769091cb531a6373922e,2026-10-03T02:15:37Z
mecon_treasury_maturity_capital_row_102,2026-06-30,2027-03,monthly,capital,securities,detail,102,· Deuda no ajustable por CER,942.923973,million_usd,official_projection,mecon_quarterly_treasury_maturity_profile,https://www.argentina.gob.ar/sites/default/files/deuda_publica_30-06-2026_0.xlsx,e481f24585ef40b8ce7c2b515e66235c8b8ebcb4001a769091cb531a6373922e,2026-10-03T02:15:37Z
mecon_treasury_maturity_capital_row_103,2026-06-30,2027-03,monthly,capital,securities,detail,103,TOTAL DEUDA EN MONEDA EXTRANJERA,1335.953385,million_usd,official_projection,mecon_quarterly_treasury_maturity_profile,https://www.argentina.gob.ar/sites/default/files/deuda_publica_30-06-2026_0.xlsx,e481f24585ef40b8ce7c2b515e66235c8b8ebcb4001a769091cb531a6373922e,2026-10-03T02:15:37Z
mecon_treasury_maturity_interest_total,2026-06-30,2027-03,monthly,interest,total,total,13,Total,341.348189,million_usd,official_projection,mecon_quarterly_treasury_maturity_profile,https://www.argentina.gob.ar/sites/default/files/deuda_publica_30-06-2026_0.xlsx,e481f24585ef40b8ce7c2b515e66235c8b8ebcb4001a769091cb531a6373922e,2026-10-03T02:15:37Z
mecon_treasury_maturity_interest_row_15,2026-06-30,2027-03,monthly,interest,total,term,15,MEDIANO Y LARGO PLAZO,341.348189,million_usd,official_projection,mecon_quarterly_treasury_maturity_profile,https://www.argentina.gob.ar/sites/default/files/deuda_publica_30-06-2026_0.xlsx,e481f24585ef40b8ce7c2b515e66235c8b8ebcb4001a769091cb531a6373922e,2026-10-03T02:15:37Z
mecon_treasury_maturity_interest_loans,2026-06-30,2027-03,monthly,interest,loans,category,17,Préstamos,256.125025,million_usd,official_projection,mecon_quarterly_treasury_maturity_profile,https://www.argentina.gob.ar/sites/default/files/deuda_publica_30-06-2026_0.xlsx,e481f24585ef40b8ce7c2b515e66235c8b8ebcb4001a769091cb531a6373922e,2026-10-03T02:15:37Z
mecon_treasury_maturity_interest_row_18,2026-06-30,2027-03,monthly,interest,loans,detail,18,Organismos Internacionales,234.492711,million_usd,official_projection,mecon_quarterly_treasury_maturity_profile,https://www.argentina.gob.ar/sites/default/files/deuda_publica_30-06-2026_0.xlsx,e481f24585ef40b8ce7c2b515e66235c8b8ebcb4001a769091cb531a6373922e,2026-10-03T02:15:37Z
mecon_treasury_maturity_interest_row_19,2026-06-30,2027-03,monthly,interest,loans,detail,19,. BIRF,62.020699,million_usd,official_projection,mecon_quarterly_treasury_maturity_profile,https://www.argentina.gob.ar/sites/default/files/deuda_publica_30-06-2026_0.xlsx,e481f24585ef40b8ce7c2b515e66235c8b8ebcb4001a769091cb531a6373922e,2026-10-03T02:15:37Z
mecon_treasury_maturity_interest_row_20,2026-06-30,2027-03,monthly,interest,loans,detail,20,. BID,114.574939,million_usd,official_projection,mecon_quarterly_treasury_maturity_profile,https://www.argentina.gob.ar/sites/default/files/deuda_publica_30-06-2026_0.xlsx,e481f24585ef40b8ce7c2b515e66235c8b8ebcb4001a769091cb531a6373922e,2026-10-03T02:15:37Z
mecon_treasury_maturity_interest_row_22,2026-06-30,2027-03,monthly,interest,loans,detail,22,. Otros,57.897072,million_usd,official_projection,mecon_quarterly_treasury_maturity_profile,https://www.argentina.gob.ar/sites/default/files/deuda_publica_30-06-2026_0.xlsx,e481f24585ef40b8ce7c2b515e66235c8b8ebcb4001a769091cb531a6373922e,2026-10-03T02:15:37Z
mecon_treasury_maturity_interest_row_23,2026-06-30,2027-03,monthly,interest,loans,detail,23,Préstamos Garantizados,4.262527,million_usd,official_projection,mecon_quarterly_treasury_maturity_profile,https://www.argentina.gob.ar/sites/default/files/deuda_publica_30-06-2026_0.xlsx,e481f24585ef40b8ce7c2b515e66235c8b8ebcb4001a769091cb531a6373922e,2026-10-03T02:15:37Z
mecon_treasury_maturity_interest_row_24,2026-06-30,2027-03,monthly,interest,loans,detail,24,. En moneda nacional ajustable por CER,4.262527,million_usd,official_projection,mecon_quarterly_treasury_maturity_profile,https://www.argentina.gob.ar/sites/default/files/deuda_publica_30-06-2026_0.xlsx,e481f24585ef40b8ce7c2b515e66235c8b8ebcb4001a769091cb531a6373922e,2026-10-03T02:15:37Z
mecon_treasury_maturity_interest_row_27,2026-06-30,2027-03,monthly,interest,loans,detail,27,Organismos Oficiales,12.143955,million_usd,official_projection,mecon_quarterly_treasury_maturity_profile,https://www.argentina.gob.ar/sites/default/files/deuda_publica_30-06-2026_0.xlsx,e481f24585ef40b8ce7c2b515e66235c8b8ebcb4001a769091cb531a6373922e,2026-10-03T02:15:37Z
mecon_treasury_maturity_interest_row_28,2026-06-30,2027-03,monthly,interest,loans,detail,28,Pagarés del Tesoro,4.801293,million_usd,official_projection,mecon_quarterly_treasury_maturity_profile,https://www.argentina.gob.ar/sites/default/files/deuda_publica_30-06-2026_0.xlsx,e481f24585ef40b8ce7c2b515e66235c8b8ebcb4001a769091cb531a6373922e,2026-10-03T02:15:37Z
mecon_treasury_maturity_interest_row_29,2026-06-30,2027-03,monthly,interest,loans,detail,29,. En moneda nacional ajustable por CER,4.801293,million_usd,official_projection,mecon_quarterly_treasury_maturity_profile,https://www.argentina.gob.ar/sites/default/files/deuda_publica_30-06-2026_0.xlsx,e481f24585ef40b8ce7c2b515e66235c8b8ebcb4001a769091cb531a6373922e,2026-10-03T02:15:37Z
mecon_treasury_maturity_interest_row_30,2026-06-30,2027-03,monthly,interest,loans,detail,30,Pagaré 2038 - B.N.A.,4.801293,million_usd,official_projection,mecon_quarterly_treasury_maturity_profile,https://www.argentina.gob.ar/sites/default/files/deuda_publica_30-06-2026_0.xlsx,e481f24585ef40b8ce7c2b515e66235c8b8ebcb4001a769091cb531a6373922e,2026-10-03T02:15:37Z
mecon_treasury_maturity_interest_row_31,2026-06-30,2027-03,monthly,interest,loans,detail,31,Avales,0.424540,million_usd,official_projection,mecon_quarterly_treasury_maturity_profile,https://www.argentina.gob.ar/sites/default/files/deuda_publica_30-06-2026_0.xlsx,e481f24585ef40b8ce7c2b515e66235c8b8ebcb4001a769091cb531a6373922e,2026-10-03T02:15:37Z
mecon_treasury_maturity_interest_row_33,2026-06-30,2027-03,monthly,interest,loans,detail,33,. En moneda extranjera,0.424540,million_usd,official_projection,mecon_quarterly_treasury_maturity_profile,https://www.argentina.gob.ar/sites/default/files/deuda_publica_30-06-2026_0.xlsx,e481f24585ef40b8ce7c2b515e66235c8b8ebcb4001a769091cb531a6373922e,2026-10-03T02:15:37Z
mecon_treasury_maturity_interest_securities,2026-06-30,2027-03,monthly,interest,securities,category,35,Títulos públicos y Letras del Tesoro,85.223163,million_usd,official_projection,mecon_quarterly_treasury_maturity_profile,https://www.argentina.gob.ar/sites/default/files/deuda_publica_30-06-2026_0.xlsx,e481f24585ef40b8ce7c2b515e66235c8b8ebcb4001a769091cb531a6373922e,2026-10-03T02:15:37Z
mecon_treasury_maturity_interest_row_36,2026-06-30,2027-03,monthly,interest,securities,detail,36,PAR,21.308136,million_usd,official_projection,mecon_quarterly_treasury_maturity_profile,https://www.argentina.gob.ar/sites/default/files/deuda_publica_30-06-2026_0.xlsx,e481f24585ef40b8ce7c2b515e66235c8b8ebcb4001a769091cb531a6373922e,2026-10-03T02:15:37Z
mecon_treasury_maturity_interest_row_37,2026-06-30,2027-03,monthly,interest,securities,detail,37,Par/$+CER/T.Fija/2038,9.293964,million_usd,official_projection,mecon_quarterly_treasury_maturity_profile,https://www.argentina.gob.ar/sites/default/files/deuda_publica_30-06-2026_0.xlsx,e481f24585ef40b8ce7c2b515e66235c8b8ebcb4001a769091cb531a6373922e,2026-10-03T02:15:37Z
mecon_treasury_maturity_interest_row_38,2026-06-30,2027-03,monthly,interest,securities,detail,38,Emisión Canje 2005,9.257148,million_usd,official_projection,mecon_quarterly_treasury_maturity_profile,https://www.argentina.gob.ar/sites/default/files/deuda_publica_30-06-2026_0.xlsx,e481f24585ef40b8ce7c2b515e66235c8b8ebcb4001a769091cb531a6373922e,2026-10-03T02:15:37Z
mecon_treasury_maturity_interest_row_39,2026-06-30,2027-03,monthly,interest,securities,detail,39,Emisión Canje 2010,0.036816,million_usd,official_projection,mecon_quarterly_treasury_maturity_profile,https://www.argentina.gob.ar/sites/default/files/deuda_publica_30-06-2026_0.xlsx,e481f24585ef40b8ce7c2b515e66235c8b8ebcb4001a769091cb531a6373922e,2026-10-03T02:15:37Z
mecon_treasury_maturity_interest_row_40,2026-06-30,2027-03,monthly,interest,securities,detail,40,Par/U$S/T.Fija/2038,0.671617,million_usd,official_projection,mecon_quarterly_treasury_maturity_profile,https://www.argentina.gob.ar/sites/default/files/deuda_publica_30-06-2026_0.xlsx,e481f24585ef40b8ce7c2b515e66235c8b8ebcb4001a769091cb531a6373922e,2026-10-03T02:15:37Z
mecon_treasury_maturity_interest_row_41,2026-06-30,2027-03,monthly,interest,securities,detail,41,Emisión Canje 2010,0.671617,million_usd,official_projection,mecon_quarterly_treasury_maturity_profile,https://www.argentina.gob.ar/sites/default/files/deuda_publica_30-06-2026_0.xlsx,e481f24585ef40b8ce7c2b515e66235c8b8ebcb4001a769091cb531a6373922e,2026-10-03T02:15:37Z
mecon_treasury_maturity_interest_row_42,2026-06-30,2027-03,monthly,interest,securities,detail,42,Leg. Nueva York,0.671617,million_usd,official_projection,mecon_quarterly_treasury_maturity_profile,https://www.argentina.gob.ar/sites/default/files/deuda_publica_30-06-2026_0.xlsx,e481f24585ef40b8ce7c2b515e66235c8b8ebcb4001a769091cb531a6373922e,2026-10-03T02:15:37Z
mecon_treasury_maturity_interest_row_43,2026-06-30,2027-03,monthly,interest,securities,detail,43,Par/EUR/T.Fija/2038,10.969058,million_usd,official_projection,mecon_quarterly_treasury_maturity_profile,https://www.argentina.gob.ar/sites/default/files/deuda_publica_30-06-2026_0.xlsx,e481f24585ef40b8ce7c2b515e66235c8b8ebcb4001a769091cb531a6373922e,2026-10-03T02:15:37Z
mecon_treasury_maturity_interest_row_44,2026-06-30,2027-03,monthly,interest,securities,detail,44,Emisión Canje 2010,10.969058,million_usd,official_projection,mecon_quarterly_treasury_maturity_profile,https://www.argentina.gob.ar/sites/default/files/deuda_publica_30-06-2026_0.xlsx,e481f24585ef40b8ce7c2b515e66235c8b8ebcb4001a769091cb531a6373922e,2026-10-03T02:15:37Z
mecon_treasury_maturity_interest_row_45,2026-06-30,2027-03,monthly,interest,securities,detail,45,Par/JPY/T.Fija/2038,0.373497,million_usd,official_projection,mecon_quarterly_treasury_maturity_profile,https://www.argentina.gob.ar/sites/default/files/deuda_publica_30-06-2026_0.xlsx,e481f24585ef40b8ce7c2b515e66235c8b8ebcb4001a769091cb531a6373922e,2026-10-03T02:15:37Z
mecon_treasury_maturity_interest_row_46,2026-06-30,2027-03,monthly,interest,securities,detail,46,Emisión Canje 2005,0.355895,million_usd,official_projection,mecon_quarterly_treasury_maturity_profile,https://www.argentina.gob.ar/sites/default/files/deuda_publica_30-06-2026_0.xlsx,e481f24585ef40b8ce7c2b515e66235c8b8ebcb4001a769091cb531a6373922e,2026-10-03T02:15:37Z
mecon_treasury_maturity_interest_row_47,2026-06-30,2027-03,monthly,interest,securities,detail,47,Emisión Canje 2010,0.017602,million_usd,official_projection,mecon_quarterly_treasury_maturity_profile,https://www.argentina.gob.ar/sites/default/files/deuda_publica_30-06-2026_0.xlsx,e481f24585ef40b8ce7c2b515e66235c8b8ebcb4001a769091cb531a6373922e,2026-10-03T02:15:37Z
mecon_treasury_maturity_interest_row_56,2026-06-30,2027-03,monthly,interest,securities,detail,56,"BONAR/$/6,72763943919512%/31-12-2028",0.031753,million_usd,official_projection,mecon_quarterly_treasury_maturity_profile,https://www.argentina.gob.ar/sites/default/files/deuda_publica_30-06-2026_0.xlsx,e481f24585ef40b8ce7c2b515e66235c8b8ebcb4001a769091cb531a6373922e,2026-10-03T02:15:37Z
mecon_treasury_maturity_interest_row_57,2026-06-30,2027-03,monthly,interest,securities,detail,57,BONAR DUAL 2036/DLK/29-09-2036,9.613117,million_usd,official_projection,mecon_quarterly_treasury_maturity_profile,https://www.argentina.gob.ar/sites/default/files/deuda_publica_30-06-2026_0.xlsx,e481f24585ef40b8ce7c2b515e66235c8b8ebcb4001a769091cb531a6373922e,2026-10-03T02:15:37Z
mecon_treasury_maturity_interest_row_58,2026-06-30,2027-03,monthly,interest,securities,detail,58,BONAR/U$S/6%/29-10-2027,11.668828,million_usd,official_projection,mecon_quarterly_treasury_maturity_profile,https://www.argentina.gob.ar/sites/default/files/deuda_publica_30-06-2026_0.xlsx,e481f24585ef40b8ce7c2b515e66235c8b8ebcb4001a769091cb531a6373922e,2026-10-03T02:15:37Z
mecon_treasury_maturity_interest_row_59,2026-06-30,2027-03,monthly,interest,securities,detail,59,BONAR/U$S/6%/31-10-2028,11.668823,million_usd,official_projection,mecon_quarterly_treasury_maturity_profile,https://www.argentina.gob.ar/sites/default/files/deuda_publica_30-06-2026_0.xlsx,e481f24585ef40b8ce7c2b515e66235c8b8ebcb4001a769091cb531a6373922e,2026-10-03T02:15:37Z
mecon_treasury_maturity_interest_row_88,2026-06-30,2027-03,monthly,interest,securities,detail,88,LETRA INTRANSFERIBLE - BCRA,30.906377,million_usd,official_projection,mecon_quarterly_treasury_maturity_profile,https://www.argentina.gob.ar/sites/default/files/deuda_publica_30-06-2026_0.xlsx,e481f24585ef40b8ce7c2b515e66235c8b8ebcb4001a769091cb531a6373922e,2026-10-03T02:15:37Z
mecon_treasury_maturity_interest_row_92,2026-06-30,2027-03,monthly,interest,securities,detail,92,OTROS (1),0.026130,million_usd,official_projection,mecon_quarterly_treasury_maturity_profile,https://www.argentina.gob.ar/sites/default/files/deuda_publica_30-06-2026_0.xlsx,e481f24585ef40b8ce7c2b515e66235c8b8ebcb4001a769091cb531a6373922e,2026-10-03T02:15:37Z
mecon_treasury_maturity_interest_row_98,2026-06-30,2027-03,monthly,interest,securities,detail,98,. En moneda extranjera,0.026130,million_usd,official_projection,mecon_quarterly_treasury_maturity_profile,https://www.argentina.gob.ar/sites/default/files/deuda_publica_30-06-2026_0.xlsx,e481f24585ef40b8ce7c2b515e66235c8b8ebcb4001a769091cb531a6373922e,2026-10-03T02:15:37Z
mecon_treasury_maturity_interest_row_99,2026-06-30,2027-03,monthly,interest,securities,detail,99,· Otros,0.026130,million_usd,official_projection,mecon_quarterly_treasury_maturity_profile,https://www.argentina.gob.ar/sites/default/files/deuda_publica_30-06-2026_0.xlsx,e481f24585ef40b8ce7c2b515e66235c8b8ebcb4001a769091cb531a6373922e,2026-10-03T02:15:37Z
mecon_treasury_maturity_interest_row_101,2026-06-30,2027-03,monthly,interest,securities,detail,101,TOTAL DEUDA DENOMINADA EN PESOS,28.002653,million_usd,official_projection,mecon_quarterly_treasury_maturity_profile,https://www.argentina.gob.ar/sites/default/files/deuda_publica_30-06-2026_0.xlsx,e481f24585ef40b8ce7c2b515e66235c8b8ebcb4001a769091cb531a6373922e,2026-10-03T02:15:37Z
mecon_treasury_maturity_interest_row_102,2026-06-30,2027-03,monthly,interest,securities,detail,102,· Deuda ajustable por CER,18.357783,million_usd,official_projection,mecon_quarterly_treasury_maturity_profile,https://www.argentina.gob.ar/sites/default/files/deuda_publica_30-06-2026_0.xlsx,e481f24585ef40b8ce7c2b515e66235c8b8ebcb4001a769091cb531a6373922e,2026-10-03T02:15:37Z
mecon_treasury_maturity_interest_row_103,2026-06-30,2027-03,monthly,interest,securities,detail,103,· Deuda no ajustable por CER,9.644869,million_usd,official_projection,mecon_quarterly_treasury_maturity_profile,https://www.argentina.gob.ar/sites/default/files/deuda_publica_30-06-2026_0.xlsx,e481f24585ef40b8ce7c2b515e66235c8b8ebcb4001a769091cb531a6373922e,2026-10-03T02:15:37Z
mecon_treasury_maturity_interest_row_104,2026-06-30,2027-03,monthly,interest,securities,detail,104,TOTAL DEUDA EN MONEDA EXTRANJERA,313.345536,million_usd,official_projection,mecon_quarterly_treasury_maturity_profile,https://www.argentina.gob.ar/sites/default/files/deuda_publica_30-06-2026_0.xlsx,e481f24585ef40b8ce7c2b515e66235c8b8ebcb4001a769091cb531a6373922e,2026-10-03T02:15:37Z
mecon_treasury_maturity_capital_total,2026-06-30,2027-04,monthly,capital,total,total,13,Total,9838.225576,million_usd,official_projection,mecon_quarterly_treasury_maturity_profile,https://www.argentina.gob.ar/sites/default/files/deuda_publica_30-06-2026_0.xlsx,e481f24585ef40b8ce7c2b515e66235c8b8ebcb4001a769091cb531a6373922e,2026-10-03T02:15:37Z
mecon_treasury_maturity_capital_row_14,2026-06-30,2027-04,monthly,capital,total,term,14,CORTO PLAZO,317.008579,million_usd,official_projection,mecon_quarterly_treasury_maturity_profile,https://www.argentina.gob.ar/sites/default/files/deuda_publica_30-06-2026_0.xlsx,e481f24585ef40b8ce7c2b515e66235c8b8ebcb4001a769091cb531a6373922e,2026-10-03T02:15:37Z
mecon_treasury_maturity_capital_row_15,2026-06-30,2027-04,monthly,capital,total,term,15,MEDIANO Y LARGO PLAZO,9521.216997,million_usd,official_projection,mecon_quarterly_treasury_maturity_profile,https://www.argentina.gob.ar/sites/default/files/deuda_publica_30-06-2026_0.xlsx,e481f24585ef40b8ce7c2b515e66235c8b8ebcb4001a769091cb531a6373922e,2026-10-03T02:15:37Z
mecon_treasury_maturity_capital_loans,2026-06-30,2027-04,monthly,capital,loans,category,17,Préstamos,536.254011,million_usd,official_projection,mecon_quarterly_treasury_maturity_profile,https://www.argentina.gob.ar/sites/default/files/deuda_publica_30-06-2026_0.xlsx,e481f24585ef40b8ce7c2b515e66235c8b8ebcb4001a769091cb531a6373922e,2026-10-03T02:15:37Z
mecon_treasury_maturity_capital_row_18,2026-06-30,2027-04,monthly,capital,loans,detail,18,Organismos Internacionales,516.490239,million_usd,official_projection,mecon_quarterly_treasury_maturity_profile,https://www.argentina.gob.ar/sites/default/files/deuda_publica_30-06-2026_0.xlsx,e481f24585ef40b8ce7c2b515e66235c8b8ebcb4001a769091cb531a6373922e,2026-10-03T02:15:37Z
mecon_treasury_maturity_capital_row_19,2026-06-30,2027-04,monthly,capital,loans,detail,19,. BIRF,69.196336,million_usd,official_projection,mecon_quarterly_treasury_maturity_profile,https://www.argentina.gob.ar/sites/default/files/deuda_publica_30-06-2026_0.xlsx,e481f24585ef40b8ce7c2b515e66235c8b8ebcb4001a769091cb531a6373922e,2026-10-03T02:15:37Z
mecon_treasury_maturity_capital_row_20,2026-06-30,2027-04,monthly,capital,loans,detail,20,. BID,68.190656,million_usd,official_projection,mecon_quarterly_treasury_maturity_profile,https://www.argentina.gob.ar/sites/default/files/deuda_publica_30-06-2026_0.xlsx,e481f24585ef40b8ce7c2b515e66235c8b8ebcb4001a769091cb531a6373922e,2026-10-03T02:15:37Z
mecon_treasury_maturity_capital_row_21,2026-06-30,2027-04,monthly,capital,loans,detail,21,. FMI,339.029021,million_usd,official_projection,mecon_quarterly_treasury_maturity_profile,https://www.argentina.gob.ar/sites/default/files/deuda_publica_30-06-2026_0.xlsx,e481f24585ef40b8ce7c2b515e66235c8b8ebcb4001a769091cb531a6373922e,2026-10-03T02:15:37Z
mecon_treasury_maturity_capital_row_22,2026-06-30,2027-04,monthly,capital,loans,detail,22,. Otros,40.074226,million_usd,official_projection,mecon_quarterly_treasury_maturity_profile,https://www.argentina.gob.ar/sites/default/files/deuda_publica_30-06-2026_0.xlsx,e481f24585ef40b8ce7c2b515e66235c8b8ebcb4001a769091cb531a6373922e,2026-10-03T02:15:37Z
mecon_treasury_maturity_capital_row_25,2026-06-30,2027-04,monthly,capital,loans,detail,25,Banca Comercial,7.808483,million_usd,official_projection,mecon_quarterly_treasury_maturity_profile,https://www.argentina.gob.ar/sites/default/files/deuda_publica_30-06-2026_0.xlsx,e481f24585ef40b8ce7c2b515e66235c8b8ebcb4001a769091cb531a6373922e,2026-10-03T02:15:37Z
mecon_treasury_maturity_capital_row_26,2026-06-30,2027-04,monthly,capital,loans,detail,26,. En moneda extranjera,7.808483,million_usd,official_projection,mecon_quarterly_treasury_maturity_profile,https://www.argentina.gob.ar/sites/default/files/deuda_publica_30-06-2026_0.xlsx,e481f24585ef40b8ce7c2b515e66235c8b8ebcb4001a769091cb531a6373922e,2026-10-03T02:15:37Z
mecon_treasury_maturity_capital_row_27,2026-06-30,2027-04,monthly,capital,loans,detail,27,Organismos Oficiales,5.065769,million_usd,official_projection,mecon_quarterly_treasury_maturity_profile,https://www.argentina.gob.ar/sites/default/files/deuda_publica_30-06-2026_0.xlsx,e481f24585ef40b8ce7c2b515e66235c8b8ebcb4001a769091cb531a6373922e,2026-10-03T02:15:37Z
mecon_treasury_maturity_capital_row_28,2026-06-30,2027-04,monthly,capital,loans,detail,28,Avales,6.889520,million_usd,official_projection,mecon_quarterly_treasury_maturity_profile,https://www.argentina.gob.ar/sites/default/files/deuda_publica_30-06-2026_0.xlsx,e481f24585ef40b8ce7c2b515e66235c8b8ebcb4001a769091cb531a6373922e,2026-10-03T02:15:37Z
mecon_treasury_maturity_capital_row_30,2026-06-30,2027-04,monthly,capital,loans,detail,30,. En moneda extranjera,6.889520,million_usd,official_projection,mecon_quarterly_treasury_maturity_profile,https://www.argentina.gob.ar/sites/default/files/deuda_publica_30-06-2026_0.xlsx,e481f24585ef40b8ce7c2b515e66235c8b8ebcb4001a769091cb531a6373922e,2026-10-03T02:15:37Z
mecon_treasury_maturity_capital_bcra_advances,2026-06-30,2027-04,monthly,capital,bcra_advances,category,32,Adelantos transitorios BCRA,317.008579,million_usd,official_projection,mecon_quarterly_treasury_maturity_profile,https://www.argentina.gob.ar/sites/default/files/deuda_publica_30-06-2026_0.xlsx,e481f24585ef40b8ce7c2b515e66235c8b8ebcb4001a769091cb531a6373922e,2026-10-03T02:15:37Z
mecon_treasury_maturity_capital_securities,2026-06-30,2027-04,monthly,capital,securities,category,34,Títulos públicos y Letras del Tesoro,8984.962986,million_usd,official_projection,mecon_quarterly_treasury_maturity_profile,https://www.argentina.gob.ar/sites/default/files/deuda_publica_30-06-2026_0.xlsx,e481f24585ef40b8ce7c2b515e66235c8b8ebcb4001a769091cb531a6373922e,2026-10-03T02:15:37Z
mecon_treasury_maturity_capital_row_53,2026-06-30,2027-04,monthly,capital,securities,detail,53,"BONAR/$/6,72763943919512%/31-12-2028",0.244012,million_usd,official_projection,mecon_quarterly_treasury_maturity_profile,https://www.argentina.gob.ar/sites/default/files/deuda_publica_30-06-2026_0.xlsx,e481f24585ef40b8ce7c2b515e66235c8b8ebcb4001a769091cb531a6373922e,2026-10-03T02:15:37Z
mecon_treasury_maturity_capital_row_67,2026-06-30,2027-04,monthly,capital,securities,detail,67,BONCER/$/0%+CER/30-04-2027,302.873700,million_usd,official_projection,mecon_quarterly_treasury_maturity_profile,https://www.argentina.gob.ar/sites/default/files/deuda_publica_30-06-2026_0.xlsx,e481f24585ef40b8ce7c2b515e66235c8b8ebcb4001a769091cb531a6373922e,2026-10-03T02:15:37Z
mecon_treasury_maturity_capital_row_77,2026-06-30,2027-04,monthly,capital,securities,detail,77,BONCAP/$/30-04-2027,8681.845273,million_usd,official_projection,mecon_quarterly_treasury_maturity_profile,https://www.argentina.gob.ar/sites/default/files/deuda_publica_30-06-2026_0.xlsx,e481f24585ef40b8ce7c2b515e66235c8b8ebcb4001a769091cb531a6373922e,2026-10-03T02:15:37Z
mecon_treasury_maturity_capital_row_100,2026-06-30,2027-04,monthly,capital,securities,detail,100,TOTAL DEUDA DENOMINADA EN PESOS,9301.971565,million_usd,official_projection,mecon_quarterly_treasury_maturity_profile,https://www.argentina.gob.ar/sites/default/files/deuda_publica_30-06-2026_0.xlsx,e481f24585ef40b8ce7c2b515e66235c8b8ebcb4001a769091cb531a6373922e,2026-10-03T02:15:37Z
mecon_treasury_maturity_capital_row_101,2026-06-30,2027-04,monthly,capital,securities,detail,101,· Deuda ajustable por CER,302.873700,million_usd,official_projection,mecon_quarterly_treasury_maturity_profile,https://www.argentina.gob.ar/sites/default/files/deuda_publica_30-06-2026_0.xlsx,e481f24585ef40b8ce7c2b515e66235c8b8ebcb4001a769091cb531a6373922e,2026-10-03T02:15:37Z
mecon_treasury_maturity_capital_row_102,2026-06-30,2027-04,monthly,capital,securities,detail,102,· Deuda no ajustable por CER,8999.097865,million_usd,official_projection,mecon_quarterly_treasury_maturity_profile,https://www.argentina.gob.ar/sites/default/files/deuda_publica_30-06-2026_0.xlsx,e481f24585ef40b8ce7c2b515e66235c8b8ebcb4001a769091cb531a6373922e,2026-10-03T02:15:37Z
mecon_treasury_maturity_capital_row_103,2026-06-30,2027-04,monthly,capital,securities,detail,103,TOTAL DEUDA EN MONEDA EXTRANJERA,536.254011,million_usd,official_projection,mecon_quarterly_treasury_maturity_profile,https://www.argentina.gob.ar/sites/default/files/deuda_publica_30-06-2026_0.xlsx,e481f24585ef40b8ce7c2b515e66235c8b8ebcb4001a769091cb531a6373922e,2026-10-03T02:15:37Z
mecon_treasury_maturity_interest_total,2026-06-30,2027-04,monthly,interest,total,total,13,Total,266.988165,million_usd,official_projection,mecon_quarterly_treasury_maturity_profile,https://www.argentina.gob.ar/sites/default/files/deuda_publica_30-06-2026_0.xlsx,e481f24585ef40b8ce7c2b515e66235c8b8ebcb4001a769091cb531a6373922e,2026-10-03T02:15:37Z
mecon_treasury_maturity_interest_row_15,2026-06-30,2027-04,monthly,interest,total,term,15,MEDIANO Y LARGO PLAZO,266.988165,million_usd,official_projection,mecon_quarterly_treasury_maturity_profile,https://www.argentina.gob.ar/sites/default/files/deuda_publica_30-06-2026_0.xlsx,e481f24585ef40b8ce7c2b515e66235c8b8ebcb4001a769091cb531a6373922e,2026-10-03T02:15:37Z
mecon_treasury_maturity_interest_loans,2026-06-30,2027-04,monthly,interest,loans,category,17,Préstamos,219.660755,million_usd,official_projection,mecon_quarterly_treasury_maturity_profile,https://www.argentina.gob.ar/sites/default/files/deuda_publica_30-06-2026_0.xlsx,e481f24585ef40b8ce7c2b515e66235c8b8ebcb4001a769091cb531a6373922e,2026-10-03T02:15:37Z
mecon_treasury_maturity_interest_row_18,2026-06-30,2027-04,monthly,interest,loans,detail,18,Organismos Internacionales,212.503222,million_usd,official_projection,mecon_quarterly_treasury_maturity_profile,https://www.argentina.gob.ar/sites/default/files/deuda_publica_30-06-2026_0.xlsx,e481f24585ef40b8ce7c2b515e66235c8b8ebcb4001a769091cb531a6373922e,2026-10-03T02:15:37Z
mecon_treasury_maturity_interest_row_19,2026-06-30,2027-04,monthly,interest,loans,detail,19,. BIRF,119.592633,million_usd,official_projection,mecon_quarterly_treasury_maturity_profile,https://www.argentina.gob.ar/sites/default/files/deuda_publica_30-06-2026_0.xlsx,e481f24585ef40b8ce7c2b515e66235c8b8ebcb4001a769091cb531a6373922e,2026-10-03T02:15:37Z
mecon_treasury_maturity_interest_row_20,2026-06-30,2027-04,monthly,interest,loans,detail,20,. BID,53.309880,million_usd,official_projection,mecon_quarterly_treasury_maturity_profile,https://www.argentina.gob.ar/sites/default/files/deuda_publica_30-06-2026_0.xlsx,e481f24585ef40b8ce7c2b515e66235c8b8ebcb4001a769091cb531a6373922e,2026-10-03T02:15:37Z
mecon_treasury_maturity_interest_row_22,2026-06-30,2027-04,monthly,interest,loans,detail,22,. Otros,39.600710,million_usd,official_projection,mecon_quarterly_treasury_maturity_profile,https://www.argentina.gob.ar/sites/default/files/deuda_publica_30-06-2026_0.xlsx,e481f24585ef40b8ce7c2b515e66235c8b8ebcb4001a769091cb531a6373922e,2026-10-03T02:15:37Z
mecon_treasury_maturity_interest_row_23,2026-06-30,2027-04,monthly,interest,loans,detail,23,Préstamos Garantizados,4.594823,million_usd,official_projection,mecon_quarterly_treasury_maturity_profile,https://www.argentina.gob.ar/sites/default/files/deuda_publica_30-06-2026_0.xlsx,e481f24585ef40b8ce7c2b515e66235c8b8ebcb4001a769091cb531a6373922e,2026-10-03T02:15:37Z
mecon_treasury_maturity_interest_row_24,2026-06-30,2027-04,monthly,interest,loans,detail,24,. En moneda nacional ajustable por CER,4.594823,million_usd,official_projection,mecon_quarterly_treasury_maturity_profile,https://www.argentina.gob.ar/sites/default/files/deuda_publica_30-06-2026_0.xlsx,e481f24585ef40b8ce7c2b515e66235c8b8ebcb4001a769091cb531a6373922e,2026-10-03T02:15:37Z
mecon_treasury_maturity_interest_row_25,2026-06-30,2027-04,monthly,interest,loans,detail,25,Banca Comercial,0.625680,million_usd,official_projection,mecon_quarterly_treasury_maturity_profile,https://www.argentina.gob.ar/sites/default/files/deuda_publica_30-06-2026_0.xlsx,e481f24585ef40b8ce7c2b515e66235c8b8ebcb4001a769091cb531a6373922e,2026-10-03T02:15:37Z
mecon_treasury_maturity_interest_row_26,2026-06-30,2027-04,monthly,interest,loans,detail,26,. En moneda extranjera,0.625680,million_usd,official_projection,mecon_quarterly_treasury_maturity_profile,https://www.argentina.gob.ar/sites/default/files/deuda_publica_30-06-2026_0.xlsx,e481f24585ef40b8ce7c2b515e66235c8b8ebcb4001a769091cb531a6373922e,2026-10-03T02:15:37Z
mecon_treasury_maturity_interest_row_27,2026-06-30,2027-04,monthly,interest,loans,detail,27,Organismos Oficiales,1.607549,million_usd,official_projection,mecon_quarterly_treasury_maturity_profile,https://www.argentina.gob.ar/sites/default/files/deuda_publica_30-06-2026_0.xlsx,e481f24585ef40b8ce7c2b515e66235c8b8ebcb4001a769091cb531a6373922e,2026-10-03T02:15:37Z
mecon_treasury_maturity_interest_row_31,2026-06-30,2027-04,monthly,interest,loans,detail,31,Avales,0.329480,million_usd,official_projection,mecon_quarterly_treasury_maturity_profile,https://www.argentina.gob.ar/sites/default/files/deuda_publica_30-06-2026_0.xlsx,e481f24585ef40b8ce7c2b515e66235c8b8ebcb4001a769091cb531a6373922e,2026-10-03T02:15:37Z
mecon_treasury_maturity_interest_row_33,2026-06-30,2027-04,monthly,interest,loans,detail,33,. En moneda extranjera,0.329480,million_usd,official_projection,mecon_quarterly_treasury_maturity_profile,https://www.argentina.gob.ar/sites/default/files/deuda_publica_30-06-2026_0.xlsx,e481f24585ef40b8ce7c2b515e66235c8b8ebcb4001a769091cb531a6373922e,2026-10-03T02:15:37Z
mecon_treasury_maturity_interest_securities,2026-06-30,2027-04,monthly,interest,securities,category,35,Títulos públicos y Letras del Tesoro,47.327411,million_usd,official_projection,mecon_quarterly_treasury_maturity_profile,https://www.argentina.gob.ar/sites/default/files/deuda_publica_30-06-2026_0.xlsx,e481f24585ef40b8ce7c2b515e66235c8b8ebcb4001a769091cb531a6373922e,2026-10-03T02:15:37Z
mecon_treasury_maturity_interest_row_56,2026-06-30,2027-04,monthly,interest,securities,detail,56,"BONAR/$/6,72763943919512%/31-12-2028",0.030398,million_usd,official_projection,mecon_quarterly_treasury_maturity_profile,https://www.argentina.gob.ar/sites/default/files/deuda_publica_30-06-2026_0.xlsx,e481f24585ef40b8ce7c2b515e66235c8b8ebcb4001a769091cb531a6373922e,2026-10-03T02:15:37Z
mecon_treasury_maturity_interest_row_58,2026-06-30,2027-04,monthly,interest,securities,detail,58,BONAR/U$S/6%/29-10-2027,10.001852,million_usd,official_projection,mecon_quarterly_treasury_maturity_profile,https://www.argentina.gob.ar/sites/default/files/deuda_publica_30-06-2026_0.xlsx,e481f24585ef40b8ce7c2b515e66235c8b8ebcb4001a769091cb531a6373922e,2026-10-03T02:15:37Z
mecon_treasury_maturity_interest_row_59,2026-06-30,2027-04,monthly,interest,securities,detail,59,BONAR/U$S/6%/31-10-2028,10.001848,million_usd,official_projection,mecon_quarterly_treasury_maturity_profile,https://www.argentina.gob.ar/sites/default/files/deuda_publica_30-06-2026_0.xlsx,e481f24585ef40b8ce7c2b515e66235c8b8ebcb4001a769091cb531a6373922e,2026-10-03T02:15:37Z
mecon_treasury_maturity_interest_row_83,2026-06-30,2027-04,monthly,interest,securities,detail,83,BONTE/$/BADLAR/05-07-2030,0.627638,million_usd,official_projection,mecon_quarterly_treasury_maturity_profile,https://www.argentina.gob.ar/sites/default/files/deuda_publica_30-06-2026_0.xlsx,e481f24585ef40b8ce7c2b515e66235c8b8ebcb4001a769091cb531a6373922e,2026-10-03T02:15:37Z
mecon_treasury_maturity_interest_row_88,2026-06-30,2027-04,monthly,interest,securities,detail,88,LETRA INTRANSFERIBLE - BCRA,26.665674,million_usd,official_projection,mecon_quarterly_treasury_maturity_profile,https://www.argentina.gob.ar/sites/default/files/deuda_publica_30-06-2026_0.xlsx,e481f24585ef40b8ce7c2b515e66235c8b8ebcb4001a769091cb531a6373922e,2026-10-03T02:15:37Z
mecon_treasury_maturity_interest_row_101,2026-06-30,2027-04,monthly,interest,securities,detail,101,TOTAL DEUDA DENOMINADA EN PESOS,5.252858,million_usd,official_projection,mecon_quarterly_treasury_maturity_profile,https://www.argentina.gob.ar/sites/default/files/deuda_publica_30-06-2026_0.xlsx,e481f24585ef40b8ce7c2b515e66235c8b8ebcb4001a769091cb531a6373922e,2026-10-03T02:15:37Z
mecon_treasury_maturity_interest_row_102,2026-06-30,2027-04,monthly,interest,securities,detail,102,· Deuda ajustable por CER,4.594823,million_usd,official_projection,mecon_quarterly_treasury_maturity_profile,https://www.argentina.gob.ar/sites/default/files/deuda_publica_30-06-2026_0.xlsx,e481f24585ef40b8ce7c2b515e66235c8b8ebcb4001a769091cb531a6373922e,2026-10-03T02:15:37Z
mecon_treasury_maturity_interest_row_103,2026-06-30,2027-04,monthly,interest,securities,detail,103,· Deuda no ajustable por CER,0.658036,million_usd,official_projection,mecon_quarterly_treasury_maturity_profile,https://www.argentina.gob.ar/sites/default/files/deuda_publica_30-06-2026_0.xlsx,e481f24585ef40b8ce7c2b515e66235c8b8ebcb4001a769091cb531a6373922e,2026-10-03T02:15:37Z
mecon_treasury_maturity_interest_row_104,2026-06-30,2027-04,monthly,interest,securities,detail,104,TOTAL DEUDA EN MONEDA EXTRANJERA,261.735307,million_usd,official_projection,mecon_quarterly_treasury_maturity_profile,https://www.argentina.gob.ar/sites/default/files/deuda_publica_30-06-2026_0.xlsx,e481f24585ef40b8ce7c2b515e66235c8b8ebcb4001a769091cb531a6373922e,2026-10-03T02:15:37Z
mecon_treasury_maturity_capital_total,2026-06-30,2027-05,monthly,capital,total,total,13,Total,9199.953611,million_usd,official_projection,mecon_quarterly_treasury_maturity_profile,https://www.argentina.gob.ar/sites/default/files/deuda_publica_30-06-2026_0.xlsx,e481f24585ef40b8ce7c2b515e66235c8b8ebcb4001a769091cb531a6373922e,2026-10-03T02:15:37Z
mecon_treasury_maturity_capital_row_14,2026-06-30,2027-05,monthly,capital,total,term,14,CORTO PLAZO,394.162658,million_usd,official_projection,mecon_quarterly_treasury_maturity_profile,https://www.argentina.gob.ar/sites/default/files/deuda_publica_30-06-2026_0.xlsx,e481f24585ef40b8ce7c2b515e66235c8b8ebcb4001a769091cb531a6373922e,2026-10-03T02:15:37Z
mecon_treasury_maturity_capital_row_15,2026-06-30,2027-05,monthly,capital,total,term,15,MEDIANO Y LARGO PLAZO,8805.790953,million_usd,official_projection,mecon_quarterly_treasury_maturity_profile,https://www.argentina.gob.ar/sites/default/files/deuda_publica_30-06-2026_0.xlsx,e481f24585ef40b8ce7c2b515e66235c8b8ebcb4001a769091cb531a6373922e,2026-10-03T02:15:37Z
mecon_treasury_maturity_capital_loans,2026-06-30,2027-05,monthly,capital,loans,category,17,Préstamos,260.825270,million_usd,official_projection,mecon_quarterly_treasury_maturity_profile,https://www.argentina.gob.ar/sites/default/files/deuda_publica_30-06-2026_0.xlsx,e481f24585ef40b8ce7c2b515e66235c8b8ebcb4001a769091cb531a6373922e,2026-10-03T02:15:37Z
mecon_treasury_maturity_capital_row_18,2026-06-30,2027-05,monthly,capital,loans,detail,18,Organismos Internacionales,229.016342,million_usd,official_projection,mecon_quarterly_treasury_maturity_profile,https://www.argentina.gob.ar/sites/default/files/deuda_publica_30-06-2026_0.xlsx,e481f24585ef40b8ce7c2b515e66235c8b8ebcb4001a769091cb531a6373922e,2026-10-03T02:15:37Z
mecon_treasury_maturity_capital_row_19,2026-06-30,2027-05,monthly,capital,loans,detail,19,. BIRF,29.079874,million_usd,official_projection,mecon_quarterly_treasury_maturity_profile,https://www.argentina.gob.ar/sites/default/files/deuda_publica_30-06-2026_0.xlsx,e481f24585ef40b8ce7c2b515e66235c8b8ebcb4001a769091cb531a6373922e,2026-10-03T02:15:37Z
mecon_treasury_maturity_capital_row_20,2026-06-30,2027-05,monthly,capital,loans,detail,20,. BID,147.207459,million_usd,official_projection,mecon_quarterly_treasury_maturity_profile,https://www.argentina.gob.ar/sites/default/files/deuda_publica_30-06-2026_0.xlsx,e481f24585ef40b8ce7c2b515e66235c8b8ebcb4001a769091cb531a6373922e,2026-10-03T02:15:37Z
mecon_treasury_maturity_capital_row_22,2026-06-30,2027-05,monthly,capital,loans,detail,22,. Otros,52.729009,million_usd,official_projection,mecon_quarterly_treasury_maturity_profile,https://www.argentina.gob.ar/sites/default/files/deuda_publica_30-06-2026_0.xlsx,e481f24585ef40b8ce7c2b515e66235c8b8ebcb4001a769091cb531a6373922e,2026-10-03T02:15:37Z
mecon_treasury_maturity_capital_row_25,2026-06-30,2027-05,monthly,capital,loans,detail,25,Banca Comercial,23.301000,million_usd,official_projection,mecon_quarterly_treasury_maturity_profile,https://www.argentina.gob.ar/sites/default/files/deuda_publica_30-06-2026_0.xlsx,e481f24585ef40b8ce7c2b515e66235c8b8ebcb4001a769091cb531a6373922e,2026-10-03T02:15:37Z
mecon_treasury_maturity_capital_row_26,2026-06-30,2027-05,monthly,capital,loans,detail,26,. En moneda extranjera,23.301000,million_usd,official_projection,mecon_quarterly_treasury_maturity_profile,https://www.argentina.gob.ar/sites/default/files/deuda_publica_30-06-2026_0.xlsx,e481f24585ef40b8ce7c2b515e66235c8b8ebcb4001a769091cb531a6373922e,2026-10-03T02:15:37Z
mecon_treasury_maturity_capital_row_27,2026-06-30,2027-05,monthly,capital,loans,detail,27,Organismos Oficiales,1.618409,million_usd,official_projection,mecon_quarterly_treasury_maturity_profile,https://www.argentina.gob.ar/sites/default/files/deuda_publica_30-06-2026_0.xlsx,e481f24585ef40b8ce7c2b515e66235c8b8ebcb4001a769091cb531a6373922e,2026-10-03T02:15:37Z
mecon_treasury_maturity_capital_row_28,2026-06-30,2027-05,monthly,capital,loans,detail,28,Avales,6.889520,million_usd,official_projection,mecon_quarterly_treasury_maturity_profile,https://www.argentina.gob.ar/sites/default/files/deuda_publica_30-06-2026_0.xlsx,e481f24585ef40b8ce7c2b515e66235c8b8ebcb4001a769091cb531a6373922e,2026-10-03T02:15:37Z
mecon_treasury_maturity_capital_row_30,2026-06-30,2027-05,monthly,capital,loans,detail,30,. En moneda extranjera,6.889520,million_usd,official_projection,mecon_quarterly_treasury_maturity_profile,https://www.argentina.gob.ar/sites/default/files/deuda_publica_30-06-2026_0.xlsx,e481f24585ef40b8ce7c2b515e66235c8b8ebcb4001a769091cb531a6373922e,2026-10-03T02:15:37Z
mecon_treasury_maturity_capital_bcra_advances,2026-06-30,2027-05,monthly,capital,bcra_advances,category,32,Adelantos transitorios BCRA,394.162658,million_usd,official_projection,mecon_quarterly_treasury_maturity_profile,https://www.argentina.gob.ar/sites/default/files/deuda_publica_30-06-2026_0.xlsx,e481f24585ef40b8ce7c2b515e66235c8b8ebcb4001a769091cb531a6373922e,2026-10-03T02:15:37Z
mecon_treasury_maturity_capital_securities,2026-06-30,2027-05,monthly,capital,securities,category,34,Títulos públicos y Letras del Tesoro,8544.965682,million_usd,official_projection,mecon_quarterly_treasury_maturity_profile,https://www.argentina.gob.ar/sites/default/files/deuda_publica_30-06-2026_0.xlsx,e481f24585ef40b8ce7c2b515e66235c8b8ebcb4001a769091cb531a6373922e,2026-10-03T02:15:37Z
mecon_treasury_maturity_capital_row_53,2026-06-30,2027-05,monthly,capital,securities,detail,53,"BONAR/$/6,72763943919512%/31-12-2028",0.245380,million_usd,official_projection,mecon_quarterly_treasury_maturity_profile,https://www.argentina.gob.ar/sites/default/files/deuda_publica_30-06-2026_0.xlsx,e481f24585ef40b8ce7c2b515e66235c8b8ebcb4001a769091cb531a6373922e,2026-10-03T02:15:37Z
mecon_treasury_maturity_capital_row_56,2026-06-30,2027-05,monthly,capital,securities,detail,56,BONTE/$/BADLAR+400PB/17-08-31,0.199034,million_usd,official_projection,mecon_quarterly_treasury_maturity_profile,https://www.argentina.gob.ar/sites/default/files/deuda_publica_30-06-2026_0.xlsx,e481f24585ef40b8ce7c2b515e66235c8b8ebcb4001a769091cb531a6373922e,2026-10-03T02:15:37Z
mecon_treasury_maturity_capital_row_58,2026-06-30,2027-05,monthly,capital,securities,detail,58,"BONTE/$/43,25%/23-05-2027",93.459468,million_usd,official_projection,mecon_quarterly_treasury_maturity_profile,https://www.argentina.gob.ar/sites/default/files/deuda_publica_30-06-2026_0.xlsx,e481f24585ef40b8ce7c2b515e66235c8b8ebcb4001a769091cb531a6373922e,2026-10-03T02:15:37Z
mecon_treasury_maturity_capital_row_65,2026-06-30,2027-05,monthly,capital,securities,detail,65,"BONCER/$+CER/2,25%/09-11-2028",188.563828,million_usd,official_projection,mecon_quarterly_treasury_maturity_profile,https://www.argentina.gob.ar/sites/default/files/deuda_publica_30-06-2026_0.xlsx,e481f24585ef40b8ce7c2b515e66235c8b8ebcb4001a769091cb531a6373922e,2026-10-03T02:15:37Z
mecon_treasury_maturity_capital_row_68,2026-06-30,2027-05,monthly,capital,securities,detail,68,"BONCER/$/2,50%+CER/30-11-2031",123.135815,million_usd,official_projection,mecon_quarterly_treasury_maturity_profile,https://www.argentina.gob.ar/sites/default/files/deuda_publica_30-06-2026_0.xlsx,e481f24585ef40b8ce7c2b515e66235c8b8ebcb4001a769091cb531a6373922e,2026-10-03T02:15:37Z
mecon_treasury_maturity_capital_row_69,2026-06-30,2027-05,monthly,capital,securities,detail,69,BONCER/$/0%+CER/31-05-2027,2718.590312,million_usd,official_projection,mecon_quarterly_treasury_maturity_profile,https://www.argentina.gob.ar/sites/default/files/deuda_publica_30-06-2026_0.xlsx,e481f24585ef40b8ce7c2b515e66235c8b8ebcb4001a769091cb531a6373922e,2026-10-03T02:15:37Z
mecon_treasury_maturity_capital_row_78,2026-06-30,2027-05,monthly,capital,securities,detail,78,BONCAP/$/31-05-2027,5415.566886,million_usd,official_projection,mecon_quarterly_treasury_maturity_profile,https://www.argentina.gob.ar/sites/default/files/deuda_publica_30-06-2026_0.xlsx,e481f24585ef40b8ce7c2b515e66235c8b8ebcb4001a769091cb531a6373922e,2026-10-03T02:15:37Z
mecon_treasury_maturity_capital_row_88,2026-06-30,2027-05,monthly,capital,securities,detail,88,OTROS (1),5.204960,million_usd,official_projection,mecon_quarterly_treasury_maturity_profile,https://www.argentina.gob.ar/sites/default/files/deuda_publica_30-06-2026_0.xlsx,e481f24585ef40b8ce7c2b515e66235c8b8ebcb4001a769091cb531a6373922e,2026-10-03T02:15:37Z
mecon_treasury_maturity_capital_row_89,2026-06-30,2027-05,monthly,capital,securities,detail,89,En moneda nacional,5.204960,million_usd,official_projection,mecon_quarterly_treasury_maturity_profile,https://www.argentina.gob.ar/sites/default/files/deuda_publica_30-06-2026_0.xlsx,e481f24585ef40b8ce7c2b515e66235c8b8ebcb4001a769091cb531a6373922e,2026-10-03T02:15:37Z
mecon_treasury_maturity_capital_row_92,2026-06-30,2027-05,monthly,capital,securities,detail,92,· No ajustable por CER,5.204960,million_usd,official_projection,mecon_quarterly_treasury_maturity_profile,https://www.argentina.gob.ar/sites/default/files/deuda_publica_30-06-2026_0.xlsx,e481f24585ef40b8ce7c2b515e66235c8b8ebcb4001a769091cb531a6373922e,2026-10-03T02:15:37Z
mecon_treasury_maturity_capital_row_93,2026-06-30,2027-05,monthly,capital,securities,detail,93,· Bonos de consolidación,5.204960,million_usd,official_projection,mecon_quarterly_treasury_maturity_profile,https://www.argentina.gob.ar/sites/default/files/deuda_publica_30-06-2026_0.xlsx,e481f24585ef40b8ce7c2b515e66235c8b8ebcb4001a769091cb531a6373922e,2026-10-03T02:15:37Z
mecon_treasury_maturity_capital_row_100,2026-06-30,2027-05,monthly,capital,securities,detail,100,TOTAL DEUDA DENOMINADA EN PESOS,8939.128341,million_usd,official_projection,mecon_quarterly_treasury_maturity_profile,https://www.argentina.gob.ar/sites/default/files/deuda_publica_30-06-2026_0.xlsx,e481f24585ef40b8ce7c2b515e66235c8b8ebcb4001a769091cb531a6373922e,2026-10-03T02:15:37Z
mecon_treasury_maturity_capital_row_101,2026-06-30,2027-05,monthly,capital,securities,detail,101,· Deuda ajustable por CER,3030.289956,million_usd,official_projection,mecon_quarterly_treasury_maturity_profile,https://www.argentina.gob.ar/sites/default/files/deuda_publica_30-06-2026_0.xlsx,e481f24585ef40b8ce7c2b515e66235c8b8ebcb4001a769091cb531a6373922e,2026-10-03T02:15:37Z
mecon_treasury_maturity_capital_row_102,2026-06-30,2027-05,monthly,capital,securities,detail,102,· Deuda no ajustable por CER,5908.838385,million_usd,official_projection,mecon_quarterly_treasury_maturity_profile,https://www.argentina.gob.ar/sites/default/files/deuda_publica_30-06-2026_0.xlsx,e481f24585ef40b8ce7c2b515e66235c8b8ebcb4001a769091cb531a6373922e,2026-10-03T02:15:37Z
mecon_treasury_maturity_capital_row_103,2026-06-30,2027-05,monthly,capital,securities,detail,103,TOTAL DEUDA EN MONEDA EXTRANJERA,260.825270,million_usd,official_projection,mecon_quarterly_treasury_maturity_profile,https://www.argentina.gob.ar/sites/default/files/deuda_publica_30-06-2026_0.xlsx,e481f24585ef40b8ce7c2b515e66235c8b8ebcb4001a769091cb531a6373922e,2026-10-03T02:15:37Z
mecon_treasury_maturity_interest_total,2026-06-30,2027-05,monthly,interest,total,total,13,Total,1217.365337,million_usd,official_projection,mecon_quarterly_treasury_maturity_profile,https://www.argentina.gob.ar/sites/default/files/deuda_publica_30-06-2026_0.xlsx,e481f24585ef40b8ce7c2b515e66235c8b8ebcb4001a769091cb531a6373922e,2026-10-03T02:15:37Z
mecon_treasury_maturity_interest_row_15,2026-06-30,2027-05,monthly,interest,total,term,15,MEDIANO Y LARGO PLAZO,1217.365337,million_usd,official_projection,mecon_quarterly_treasury_maturity_profile,https://www.argentina.gob.ar/sites/default/files/deuda_publica_30-06-2026_0.xlsx,e481f24585ef40b8ce7c2b515e66235c8b8ebcb4001a769091cb531a6373922e,2026-10-03T02:15:37Z
mecon_treasury_maturity_interest_loans,2026-06-30,2027-05,monthly,interest,loans,category,17,Préstamos,951.174648,million_usd,official_projection,mecon_quarterly_treasury_maturity_profile,https://www.argentina.gob.ar/sites/default/files/deuda_publica_30-06-2026_0.xlsx,e481f24585ef40b8ce7c2b515e66235c8b8ebcb4001a769091cb531a6373922e,2026-10-03T02:15:37Z
mecon_treasury_maturity_interest_row_18,2026-06-30,2027-05,monthly,interest,loans,detail,18,Organismos Internacionales,944.337768,million_usd,official_projection,mecon_quarterly_treasury_maturity_profile,https://www.argentina.gob.ar/sites/default/files/deuda_publica_30-06-2026_0.xlsx,e481f24585ef40b8ce7c2b515e66235c8b8ebcb4001a769091cb531a6373922e,2026-10-03T02:15:37Z
mecon_treasury_maturity_interest_row_19,2026-06-30,2027-05,monthly,interest,loans,detail,19,. BIRF,25.061622,million_usd,official_projection,mecon_quarterly_treasury_maturity_profile,https://www.argentina.gob.ar/sites/default/files/deuda_publica_30-06-2026_0.xlsx,e481f24585ef40b8ce7c2b515e66235c8b8ebcb4001a769091cb531a6373922e,2026-10-03T02:15:37Z
mecon_treasury_maturity_interest_row_20,2026-06-30,2027-05,monthly,interest,loans,detail,20,. BID,132.917034,million_usd,official_projection,mecon_quarterly_treasury_maturity_profile,https://www.argentina.gob.ar/sites/default/files/deuda_publica_30-06-2026_0.xlsx,e481f24585ef40b8ce7c2b515e66235c8b8ebcb4001a769091cb531a6373922e,2026-10-03T02:15:37Z
mecon_treasury_maturity_interest_row_21,2026-06-30,2027-05,monthly,interest,loans,detail,21,. FMI,756.651056,million_usd,official_projection,mecon_quarterly_treasury_maturity_profile,https://www.argentina.gob.ar/sites/default/files/deuda_publica_30-06-2026_0.xlsx,e481f24585ef40b8ce7c2b515e66235c8b8ebcb4001a769091cb531a6373922e,2026-10-03T02:15:37Z
mecon_treasury_maturity_interest_row_22,2026-06-30,2027-05,monthly,interest,loans,detail,22,. Otros,29.708056,million_usd,official_projection,mecon_quarterly_treasury_maturity_profile,https://www.argentina.gob.ar/sites/default/files/deuda_publica_30-06-2026_0.xlsx,e481f24585ef40b8ce7c2b515e66235c8b8ebcb4001a769091cb531a6373922e,2026-10-03T02:15:37Z
mecon_treasury_maturity_interest_row_23,2026-06-30,2027-05,monthly,interest,loans,detail,23,Préstamos Garantizados,4.484057,million_usd,official_projection,mecon_quarterly_treasury_maturity_profile,https://www.argentina.gob.ar/sites/default/files/deuda_publica_30-06-2026_0.xlsx,e481f24585ef40b8ce7c2b515e66235c8b8ebcb4001a769091cb531a6373922e,2026-10-03T02:15:37Z
mecon_treasury_maturity_interest_row_24,2026-06-30,2027-05,monthly,interest,loans,detail,24,. En moneda nacional ajustable por CER,4.484057,million_usd,official_projection,mecon_quarterly_treasury_maturity_profile,https://www.argentina.gob.ar/sites/default/files/deuda_publica_30-06-2026_0.xlsx,e481f24585ef40b8ce7c2b515e66235c8b8ebcb4001a769091cb531a6373922e,2026-10-03T02:15:37Z
mecon_treasury_maturity_interest_row_25,2026-06-30,2027-05,monthly,interest,loans,detail,25,Banca Comercial,1.116095,million_usd,official_projection,mecon_quarterly_treasury_maturity_profile,https://www.argentina.gob.ar/sites/default/files/deuda_publica_30-06-2026_0.xlsx,e481f24585ef40b8ce7c2b515e66235c8b8ebcb4001a769091cb531a6373922e,2026-10-03T02:15:37Z
mecon_treasury_maturity_interest_row_26,2026-06-30,2027-05,monthly,interest,loans,detail,26,. En moneda extranjera,1.116095,million_usd,official_projection,mecon_quarterly_treasury_maturity_profile,https://www.argentina.gob.ar/sites/default/files/deuda_publica_30-06-2026_0.xlsx,e481f24585ef40b8ce7c2b515e66235c8b8ebcb4001a769091cb531a6373922e,2026-10-03T02:15:37Z
mecon_treasury_maturity_interest_row_27,2026-06-30,2027-05,monthly,interest,loans,detail,27,Organismos Oficiales,0.936178,million_usd,official_projection,mecon_quarterly_treasury_maturity_profile,https://www.argentina.gob.ar/sites/default/files/deuda_publica_30-06-2026_0.xlsx,e481f24585ef40b8ce7c2b515e66235c8b8ebcb4001a769091cb531a6373922e,2026-10-03T02:15:37Z
mecon_treasury_maturity_interest_row_31,2026-06-30,2027-05,monthly,interest,loans,detail,31,Avales,0.300549,million_usd,official_projection,mecon_quarterly_treasury_maturity_profile,https://www.argentina.gob.ar/sites/default/files/deuda_publica_30-06-2026_0.xlsx,e481f24585ef40b8ce7c2b515e66235c8b8ebcb4001a769091cb531a6373922e,2026-10-03T02:15:37Z
mecon_treasury_maturity_interest_row_33,2026-06-30,2027-05,monthly,interest,loans,detail,33,. En moneda extranjera,0.300549,million_usd,official_projection,mecon_quarterly_treasury_maturity_profile,https://www.argentina.gob.ar/sites/default/files/deuda_publica_30-06-2026_0.xlsx,e481f24585ef40b8ce7c2b515e66235c8b8ebcb4001a769091cb531a6373922e,2026-10-03T02:15:37Z
mecon_treasury_maturity_interest_securities,2026-06-30,2027-05,monthly,interest,securities,category,35,Títulos públicos y Letras del Tesoro,266.190689,million_usd,official_projection,mecon_quarterly_treasury_maturity_profile,https://www.argentina.gob.ar/sites/default/files/deuda_publica_30-06-2026_0.xlsx,e481f24585ef40b8ce7c2b515e66235c8b8ebcb4001a769091cb531a6373922e,2026-10-03T02:15:37Z
mecon_treasury_maturity_interest_row_56,2026-06-30,2027-05,monthly,interest,securities,detail,56,"BONAR/$/6,72763943919512%/31-12-2028",0.029030,million_usd,official_projection,mecon_quarterly_treasury_maturity_profile,https://www.argentina.gob.ar/sites/default/files/deuda_publica_30-06-2026_0.xlsx,e481f24585ef40b8ce7c2b515e66235c8b8ebcb4001a769091cb531a6373922e,2026-10-03T02:15:37Z
mecon_treasury_maturity_interest_row_58,2026-06-30,2027-05,monthly,interest,securities,detail,58,BONAR/U$S/6%/29-10-2027,10.001852,million_usd,official_projection,mecon_quarterly_treasury_maturity_profile,https://www.argentina.gob.ar/sites/default/files/deuda_publica_30-06-2026_0.xlsx,e481f24585ef40b8ce7c2b515e66235c8b8ebcb4001a769091cb531a6373922e,2026-10-03T02:15:37Z
mecon_treasury_maturity_interest_row_59,2026-06-30,2027-05,monthly,interest,securities,detail,59,BONAR/U$S/6%/31-10-2028,10.001848,million_usd,official_projection,mecon_quarterly_treasury_maturity_profile,https://www.argentina.gob.ar/sites/default/files/deuda_publica_30-06-2026_0.xlsx,e481f24585ef40b8ce7c2b515e66235c8b8ebcb4001a769091cb531a6373922e,2026-10-03T02:15:37Z
mecon_treasury_maturity_interest_row_60,2026-06-30,2027-05,monthly,interest,securities,detail,60,"BONCER/$/2,50%+CER/30-11-2031",15.391977,million_usd,official_projection,mecon_quarterly_treasury_maturity_profile,https://www.argentina.gob.ar/sites/default/files/deuda_publica_30-06-2026_0.xlsx,e481f24585ef40b8ce7c2b515e66235c8b8ebcb4001a769091cb531a6373922e,2026-10-03T02:15:37Z
mecon_treasury_maturity_interest_row_62,2026-06-30,2027-05,monthly,interest,securities,detail,62,"BONCER/$+CER/2,25%/09-11-2028",8.485372,million_usd,official_projection,mecon_quarterly_treasury_maturity_profile,https://www.argentina.gob.ar/sites/default/files/deuda_publica_30-06-2026_0.xlsx,e481f24585ef40b8ce7c2b515e66235c8b8ebcb4001a769091cb531a6373922e,2026-10-03T02:15:37Z
mecon_treasury_maturity_interest_row_82,2026-06-30,2027-05,monthly,interest,securities,detail,82,"BONTE/$/43,25%/23-05-2027",17.281280,million_usd,official_projection,mecon_quarterly_treasury_maturity_profile,https://www.argentina.gob.ar/sites/default/files/deuda_publica_30-06-2026_0.xlsx,e481f24585ef40b8ce7c2b515e66235c8b8ebcb4001a769091cb531a6373922e,2026-10-03T02:15:37Z
mecon_treasury_maturity_interest_row_84,2026-06-30,2027-05,monthly,interest,securities,detail,84,BONTE/$/BADLAR/23-11-2027,1.182549,million_usd,official_projection,mecon_quarterly_treasury_maturity_profile,https://www.argentina.gob.ar/sites/default/files/deuda_publica_30-06-2026_0.xlsx,e481f24585ef40b8ce7c2b515e66235c8b8ebcb4001a769091cb531a6373922e,2026-10-03T02:15:37Z
mecon_treasury_maturity_interest_row_85,2026-06-30,2027-05,monthly,interest,securities,detail,85,"BONTE/$/29,50%/30-05-2030",168.265847,million_usd,official_projection,mecon_quarterly_treasury_maturity_profile,https://www.argentina.gob.ar/sites/default/files/deuda_publica_30-06-2026_0.xlsx,e481f24585ef40b8ce7c2b515e66235c8b8ebcb4001a769091cb531a6373922e,2026-10-03T02:15:37Z
mecon_treasury_maturity_interest_row_86,2026-06-30,2027-05,monthly,interest,securities,detail,86,BONTE/$/BADLAR+400PB/17-08-31,0.218378,million_usd,official_projection,mecon_quarterly_treasury_maturity_profile,https://www.argentina.gob.ar/sites/default/files/deuda_publica_30-06-2026_0.xlsx,e481f24585ef40b8ce7c2b515e66235c8b8ebcb4001a769091cb531a6373922e,2026-10-03T02:15:37Z
mecon_treasury_maturity_interest_row_87,2026-06-30,2027-05,monthly,interest,securities,detail,87,"BONTE/U$S/6,5%/30-11-2029",32.500000,million_usd,official_projection,mecon_quarterly_treasury_maturity_profile,https://www.argentina.gob.ar/sites/default/files/deuda_publica_30-06-2026_0.xlsx,e481f24585ef40b8ce7c2b515e66235c8b8ebcb4001a769091cb531a6373922e,2026-10-03T02:15:37Z
mecon_treasury_maturity_interest_row_92,2026-06-30,2027-05,monthly,interest,securities,detail,92,OTROS (1),2.832554,million_usd,official_projection,mecon_quarterly_treasury_maturity_profile,https://www.argentina.gob.ar/sites/default/files/deuda_publica_30-06-2026_0.xlsx,e481f24585ef40b8ce7c2b515e66235c8b8ebcb4001a769091cb531a6373922e,2026-10-03T02:15:37Z
mecon_treasury_maturity_interest_row_93,2026-06-30,2027-05,monthly,interest,securities,detail,93,. En moneda nacional,2.832554,million_usd,official_projection,mecon_quarterly_treasury_maturity_profile,https://www.argentina.gob.ar/sites/default/files/deuda_publica_30-06-2026_0.xlsx,e481f24585ef40b8ce7c2b515e66235c8b8ebcb4001a769091cb531a6373922e,2026-10-03T02:15:37Z
mecon_treasury_maturity_interest_row_96,2026-06-30,2027-05,monthly,interest,securities,detail,96,· No ajustable por CER,2.832554,million_usd,official_projection,mecon_quarterly_treasury_maturity_profile,https://www.argentina.gob.ar/sites/default/files/deuda_publica_30-06-2026_0.xlsx,e481f24585ef40b8ce7c2b515e66235c8b8ebcb4001a769091cb531a6373922e,2026-10-03T02:15:37Z
mecon_treasury_maturity_interest_row_97,2026-06-30,2027-05,monthly,interest,securities,detail,97,· Bonos de consolidación,2.832554,million_usd,official_projection,mecon_quarterly_treasury_maturity_profile,https://www.argentina.gob.ar/sites/default/files/deuda_publica_30-06-2026_0.xlsx,e481f24585ef40b8ce7c2b515e66235c8b8ebcb4001a769091cb531a6373922e,2026-10-03T02:15:37Z
mecon_treasury_maturity_interest_row_101,2026-06-30,2027-05,monthly,interest,securities,detail,101,TOTAL DEUDA DENOMINADA EN PESOS,218.171045,million_usd,official_projection,mecon_quarterly_treasury_maturity_profile,https://www.argentina.gob.ar/sites/default/files/deuda_publica_30-06-2026_0.xlsx,e481f24585ef40b8ce7c2b515e66235c8b8ebcb4001a769091cb531a6373922e,2026-10-03T02:15:37Z
mecon_treasury_maturity_interest_row_102,2026-06-30,2027-05,monthly,interest,securities,detail,102,· Deuda ajustable por CER,28.361407,million_usd,official_projection,mecon_quarterly_treasury_maturity_profile,https://www.argentina.gob.ar/sites/default/files/deuda_publica_30-06-2026_0.xlsx,e481f24585ef40b8ce7c2b515e66235c8b8ebcb4001a769091cb531a6373922e,2026-10-03T02:15:37Z
mecon_treasury_maturity_interest_row_103,2026-06-30,2027-05,monthly,interest,securities,detail,103,· Deuda no ajustable por CER,189.809639,million_usd,official_projection,mecon_quarterly_treasury_maturity_profile,https://www.argentina.gob.ar/sites/default/files/deuda_publica_30-06-2026_0.xlsx,e481f24585ef40b8ce7c2b515e66235c8b8ebcb4001a769091cb531a6373922e,2026-10-03T02:15:37Z
mecon_treasury_maturity_interest_row_104,2026-06-30,2027-05,monthly,interest,securities,detail,104,TOTAL DEUDA EN MONEDA EXTRANJERA,999.194292,million_usd,official_projection,mecon_quarterly_treasury_maturity_profile,https://www.argentina.gob.ar/sites/default/files/deuda_publica_30-06-2026_0.xlsx,e481f24585ef40b8ce7c2b515e66235c8b8ebcb4001a769091cb531a6373922e,2026-10-03T02:15:37Z
mecon_treasury_maturity_capital_total,2026-06-30,2027-06,monthly,capital,total,total,13,Total,14475.102905,million_usd,official_projection,mecon_quarterly_treasury_maturity_profile,https://www.argentina.gob.ar/sites/default/files/deuda_publica_30-06-2026_0.xlsx,e481f24585ef40b8ce7c2b515e66235c8b8ebcb4001a769091cb531a6373922e,2026-10-03T02:15:37Z
mecon_treasury_maturity_capital_row_14,2026-06-30,2027-06,monthly,capital,total,term,14,CORTO PLAZO,440.317789,million_usd,official_projection,mecon_quarterly_treasury_maturity_profile,https://www.argentina.gob.ar/sites/default/files/deuda_publica_30-06-2026_0.xlsx,e481f24585ef40b8ce7c2b515e66235c8b8ebcb4001a769091cb531a6373922e,2026-10-03T02:15:37Z
mecon_treasury_maturity_capital_row_15,2026-06-30,2027-06,monthly,capital,total,term,15,MEDIANO Y LARGO PLAZO,14034.785115,million_usd,official_projection,mecon_quarterly_treasury_maturity_profile,https://www.argentina.gob.ar/sites/default/files/deuda_publica_30-06-2026_0.xlsx,e481f24585ef40b8ce7c2b515e66235c8b8ebcb4001a769091cb531a6373922e,2026-10-03T02:15:37Z
mecon_treasury_maturity_capital_loans,2026-06-30,2027-06,monthly,capital,loans,category,17,Préstamos,973.988157,million_usd,official_projection,mecon_quarterly_treasury_maturity_profile,https://www.argentina.gob.ar/sites/default/files/deuda_publica_30-06-2026_0.xlsx,e481f24585ef40b8ce7c2b515e66235c8b8ebcb4001a769091cb531a6373922e,2026-10-03T02:15:37Z
mecon_treasury_maturity_capital_row_18,2026-06-30,2027-06,monthly,capital,loans,detail,18,Organismos Internacionales,965.711445,million_usd,official_projection,mecon_quarterly_treasury_maturity_profile,https://www.argentina.gob.ar/sites/default/files/deuda_publica_30-06-2026_0.xlsx,e481f24585ef40b8ce7c2b515e66235c8b8ebcb4001a769091cb531a6373922e,2026-10-03T02:15:37Z
mecon_treasury_maturity_capital_row_19,2026-06-30,2027-06,monthly,capital,loans,detail,19,. BIRF,42.560399,million_usd,official_projection,mecon_quarterly_treasury_maturity_profile,https://www.argentina.gob.ar/sites/default/files/deuda_publica_30-06-2026_0.xlsx,e481f24585ef40b8ce7c2b515e66235c8b8ebcb4001a769091cb531a6373922e,2026-10-03T02:15:37Z
mecon_treasury_maturity_capital_row_20,2026-06-30,2027-06,monthly,capital,loans,detail,20,. BID,22.120386,million_usd,official_projection,mecon_quarterly_treasury_maturity_profile,https://www.argentina.gob.ar/sites/default/files/deuda_publica_30-06-2026_0.xlsx,e481f24585ef40b8ce7c2b515e66235c8b8ebcb4001a769091cb531a6373922e,2026-10-03T02:15:37Z
mecon_treasury_maturity_capital_row_21,2026-06-30,2027-06,monthly,capital,loans,detail,21,. FMI,847.572552,million_usd,official_projection,mecon_quarterly_treasury_maturity_profile,https://www.argentina.gob.ar/sites/default/files/deuda_publica_30-06-2026_0.xlsx,e481f24585ef40b8ce7c2b515e66235c8b8ebcb4001a769091cb531a6373922e,2026-10-03T02:15:37Z
mecon_treasury_maturity_capital_row_22,2026-06-30,2027-06,monthly,capital,loans,detail,22,. Otros,53.458108,million_usd,official_projection,mecon_quarterly_treasury_maturity_profile,https://www.argentina.gob.ar/sites/default/files/deuda_publica_30-06-2026_0.xlsx,e481f24585ef40b8ce7c2b515e66235c8b8ebcb4001a769091cb531a6373922e,2026-10-03T02:15:37Z
mecon_treasury_maturity_capital_row_27,2026-06-30,2027-06,monthly,capital,loans,detail,27,Organismos Oficiales,1.387192,million_usd,official_projection,mecon_quarterly_treasury_maturity_profile,https://www.argentina.gob.ar/sites/default/files/deuda_publica_30-06-2026_0.xlsx,e481f24585ef40b8ce7c2b515e66235c8b8ebcb4001a769091cb531a6373922e,2026-10-03T02:15:37Z
mecon_treasury_maturity_capital_row_28,2026-06-30,2027-06,monthly,capital,loans,detail,28,Avales,6.889520,million_usd,official_projection,mecon_quarterly_treasury_maturity_profile,https://www.argentina.gob.ar/sites/default/files/deuda_publica_30-06-2026_0.xlsx,e481f24585ef40b8ce7c2b515e66235c8b8ebcb4001a769091cb531a6373922e,2026-10-03T02:15:37Z
mecon_treasury_maturity_capital_row_30,2026-06-30,2027-06,monthly,capital,loans,detail,30,. En moneda extranjera,6.889520,million_usd,official_projection,mecon_quarterly_treasury_maturity_profile,https://www.argentina.gob.ar/sites/default/files/deuda_publica_30-06-2026_0.xlsx,e481f24585ef40b8ce7c2b515e66235c8b8ebcb4001a769091cb531a6373922e,2026-10-03T02:15:37Z
mecon_treasury_maturity_capital_bcra_advances,2026-06-30,2027-06,monthly,capital,bcra_advances,category,32,Adelantos transitorios BCRA,440.317789,million_usd,official_projection,mecon_quarterly_treasury_maturity_profile,https://www.argentina.gob.ar/sites/default/files/deuda_publica_30-06-2026_0.xlsx,e481f24585ef40b8ce7c2b515e66235c8b8ebcb4001a769091cb531a6373922e,2026-10-03T02:15:37Z
mecon_treasury_maturity_capital_securities,2026-06-30,2027-06,monthly,capital,securities,category,34,Títulos públicos y Letras del Tesoro,13060.796958,million_usd,official_projection,mecon_quarterly_treasury_maturity_profile,https://www.argentina.gob.ar/sites/default/files/deuda_publica_30-06-2026_0.xlsx,e481f24585ef40b8ce7c2b515e66235c8b8ebcb4001a769091cb531a6373922e,2026-10-03T02:15:37Z
mecon_treasury_maturity_capital_row_35,2026-06-30,2027-06,monthly,capital,securities,detail,35,DESCUENTO,104.914616,million_usd,official_projection,mecon_quarterly_treasury_maturity_profile,https://www.argentina.gob.ar/sites/default/files/deuda_publica_30-06-2026_0.xlsx,e481f24585ef40b8ce7c2b515e66235c8b8ebcb4001a769091cb531a6373922e,2026-10-03T02:15:37Z
mecon_treasury_maturity_capital_row_36,2026-06-30,2027-06,monthly,capital,securities,detail,36,"Discount/$+CER/5,83%/2033",101.891839,million_usd,official_projection,mecon_quarterly_treasury_maturity_profile,https://www.argentina.gob.ar/sites/default/files/deuda_publica_30-06-2026_0.xlsx,e481f24585ef40b8ce7c2b515e66235c8b8ebcb4001a769091cb531a6373922e,2026-10-03T02:15:37Z
mecon_treasury_maturity_capital_row_37,2026-06-30,2027-06,monthly,capital,securities,detail,37,Emisión Canje 2005,98.943739,million_usd,official_projection,mecon_quarterly_treasury_maturity_profile,https://www.argentina.gob.ar/sites/default/files/deuda_publica_30-06-2026_0.xlsx,e481f24585ef40b8ce7c2b515e66235c8b8ebcb4001a769091cb531a6373922e,2026-10-03T02:15:37Z
mecon_treasury_maturity_capital_row_38,2026-06-30,2027-06,monthly,capital,securities,detail,38,Emisión Canje 2010,2.948100,million_usd,official_projection,mecon_quarterly_treasury_maturity_profile,https://www.argentina.gob.ar/sites/default/files/deuda_publica_30-06-2026_0.xlsx,e481f24585ef40b8ce7c2b515e66235c8b8ebcb4001a769091cb531a6373922e,2026-10-03T02:15:37Z
mecon_treasury_maturity_capital_row_39,2026-06-30,2027-06,monthly,capital,securities,detail,39,"Discount/JPY/4,33%/2033",3.022778,million_usd,official_projection,mecon_quarterly_treasury_maturity_profile,https://www.argentina.gob.ar/sites/default/files/deuda_publica_30-06-2026_0.xlsx,e481f24585ef40b8ce7c2b515e66235c8b8ebcb4001a769091cb531a6373922e,2026-10-03T02:15:37Z
mecon_treasury_maturity_capital_row_40,2026-06-30,2027-06,monthly,capital,securities,detail,40,Emisión Canje 2005,2.085614,million_usd,official_projection,mecon_quarterly_treasury_maturity_profile,https://www.argentina.gob.ar/sites/default/files/deuda_publica_30-06-2026_0.xlsx,e481f24585ef40b8ce7c2b515e66235c8b8ebcb4001a769091cb531a6373922e,2026-10-03T02:15:37Z
mecon_treasury_maturity_capital_row_41,2026-06-30,2027-06,monthly,capital,securities,detail,41,Emisión Canje 2010,0.937164,million_usd,official_projection,mecon_quarterly_treasury_maturity_profile,https://www.argentina.gob.ar/sites/default/files/deuda_publica_30-06-2026_0.xlsx,e481f24585ef40b8ce7c2b515e66235c8b8ebcb4001a769091cb531a6373922e,2026-10-03T02:15:37Z
mecon_treasury_maturity_capital_row_53,2026-06-30,2027-06,monthly,capital,securities,detail,53,"BONAR/$/6,72763943919512%/31-12-2028",0.246756,million_usd,official_projection,mecon_quarterly_treasury_maturity_profile,https://www.argentina.gob.ar/sites/default/files/deuda_publica_30-06-2026_0.xlsx,e481f24585ef40b8ce7c2b515e66235c8b8ebcb4001a769091cb531a6373922e,2026-10-03T02:15:37Z
mecon_treasury_maturity_capital_row_61,2026-06-30,2027-06,monthly,capital,securities,detail,61,BONTE/DLK/30-06-2027,730.760504,million_usd,official_projection,mecon_quarterly_treasury_maturity_profile,https://www.argentina.gob.ar/sites/default/files/deuda_publica_30-06-2026_0.xlsx,e481f24585ef40b8ce7c2b515e66235c8b8ebcb4001a769091cb531a6373922e,2026-10-03T02:15:37Z
mecon_treasury_maturity_capital_row_70,2026-06-30,2027-06,monthly,capital,securities,detail,70,BONCER/$/0%+CER/30-06-2027,6121.769804,million_usd,official_projection,mecon_quarterly_treasury_maturity_profile,https://www.argentina.gob.ar/sites/default/files/deuda_publica_30-06-2026_0.xlsx,e481f24585ef40b8ce7c2b515e66235c8b8ebcb4001a769091cb531a6373922e,2026-10-03T02:15:37Z
mecon_treasury_maturity_capital_row_79,2026-06-30,2027-06,monthly,capital,securities,detail,79,BONCAP/$/30-06-2027,6103.105278,million_usd,official_projection,mecon_quarterly_treasury_maturity_profile,https://www.argentina.gob.ar/sites/default/files/deuda_publica_30-06-2026_0.xlsx,e481f24585ef40b8ce7c2b515e66235c8b8ebcb4001a769091cb531a6373922e,2026-10-03T02:15:37Z
mecon_treasury_maturity_capital_row_100,2026-06-30,2027-06,monthly,capital,securities,detail,100,TOTAL DEUDA DENOMINADA EN PESOS,13498.091970,million_usd,official_projection,mecon_quarterly_treasury_maturity_profile,https://www.argentina.gob.ar/sites/default/files/deuda_publica_30-06-2026_0.xlsx,e481f24585ef40b8ce7c2b515e66235c8b8ebcb4001a769091cb531a6373922e,2026-10-03T02:15:37Z
mecon_treasury_maturity_capital_row_101,2026-06-30,2027-06,monthly,capital,securities,detail,101,· Deuda ajustable por CER,6223.661643,million_usd,official_projection,mecon_quarterly_treasury_maturity_profile,https://www.argentina.gob.ar/sites/default/files/deuda_publica_30-06-2026_0.xlsx,e481f24585ef40b8ce7c2b515e66235c8b8ebcb4001a769091cb531a6373922e,2026-10-03T02:15:37Z
mecon_treasury_maturity_capital_row_102,2026-06-30,2027-06,monthly,capital,securities,detail,102,· Deuda no ajustable por CER,7274.430327,million_usd,official_projection,mecon_quarterly_treasury_maturity_profile,https://www.argentina.gob.ar/sites/default/files/deuda_publica_30-06-2026_0.xlsx,e481f24585ef40b8ce7c2b515e66235c8b8ebcb4001a769091cb531a6373922e,2026-10-03T02:15:37Z
mecon_treasury_maturity_capital_row_103,2026-06-30,2027-06,monthly,capital,securities,detail,103,TOTAL DEUDA EN MONEDA EXTRANJERA,977.010935,million_usd,official_projection,mecon_quarterly_treasury_maturity_profile,https://www.argentina.gob.ar/sites/default/files/deuda_publica_30-06-2026_0.xlsx,e481f24585ef40b8ce7c2b515e66235c8b8ebcb4001a769091cb531a6373922e,2026-10-03T02:15:37Z
mecon_treasury_maturity_interest_total,2026-06-30,2027-06,monthly,interest,total,total,13,Total,421.106481,million_usd,official_projection,mecon_quarterly_treasury_maturity_profile,https://www.argentina.gob.ar/sites/default/files/deuda_publica_30-06-2026_0.xlsx,e481f24585ef40b8ce7c2b515e66235c8b8ebcb4001a769091cb531a6373922e,2026-10-03T02:15:37Z
mecon_treasury_maturity_interest_row_15,2026-06-30,2027-06,monthly,interest,total,term,15,MEDIANO Y LARGO PLAZO,421.106481,million_usd,official_projection,mecon_quarterly_treasury_maturity_profile,https://www.argentina.gob.ar/sites/default/files/deuda_publica_30-06-2026_0.xlsx,e481f24585ef40b8ce7c2b515e66235c8b8ebcb4001a769091cb531a6373922e,2026-10-03T02:15:37Z
mecon_treasury_maturity_interest_loans,2026-06-30,2027-06,monthly,interest,loans,category,17,Préstamos,152.870811,million_usd,official_projection,mecon_quarterly_treasury_maturity_profile,https://www.argentina.gob.ar/sites/default/files/deuda_publica_30-06-2026_0.xlsx,e481f24585ef40b8ce7c2b515e66235c8b8ebcb4001a769091cb531a6373922e,2026-10-03T02:15:37Z
mecon_treasury_maturity_interest_row_18,2026-06-30,2027-06,monthly,interest,loans,detail,18,Organismos Internacionales,128.302046,million_usd,official_projection,mecon_quarterly_treasury_maturity_profile,https://www.argentina.gob.ar/sites/default/files/deuda_publica_30-06-2026_0.xlsx,e481f24585ef40b8ce7c2b515e66235c8b8ebcb4001a769091cb531a6373922e,2026-10-03T02:15:37Z
mecon_treasury_maturity_interest_row_19,2026-06-30,2027-06,monthly,interest,loans,detail,19,. BIRF,76.696236,million_usd,official_projection,mecon_quarterly_treasury_maturity_profile,https://www.argentina.gob.ar/sites/default/files/deuda_publica_30-06-2026_0.xlsx,e481f24585ef40b8ce7c2b515e66235c8b8ebcb4001a769091cb531a6373922e,2026-10-03T02:15:37Z
mecon_treasury_maturity_interest_row_20,2026-06-30,2027-06,monthly,interest,loans,detail,20,. BID,27.396761,million_usd,official_projection,mecon_quarterly_treasury_maturity_profile,https://www.argentina.gob.ar/sites/default/files/deuda_publica_30-06-2026_0.xlsx,e481f24585ef40b8ce7c2b515e66235c8b8ebcb4001a769091cb531a6373922e,2026-10-03T02:15:37Z
mecon_treasury_maturity_interest_row_22,2026-06-30,2027-06,monthly,interest,loans,detail,22,. Otros,24.209049,million_usd,official_projection,mecon_quarterly_treasury_maturity_profile,https://www.argentina.gob.ar/sites/default/files/deuda_publica_30-06-2026_0.xlsx,e481f24585ef40b8ce7c2b515e66235c8b8ebcb4001a769091cb531a6373922e,2026-10-03T02:15:37Z
mecon_treasury_maturity_interest_row_23,2026-06-30,2027-06,monthly,interest,loans,detail,23,Préstamos Garantizados,4.594823,million_usd,official_projection,mecon_quarterly_treasury_maturity_profile,https://www.argentina.gob.ar/sites/default/files/deuda_publica_30-06-2026_0.xlsx,e481f24585ef40b8ce7c2b515e66235c8b8ebcb4001a769091cb531a6373922e,2026-10-03T02:15:37Z
mecon_treasury_maturity_interest_row_24,2026-06-30,2027-06,monthly,interest,loans,detail,24,. En moneda nacional ajustable por CER,4.594823,million_usd,official_projection,mecon_quarterly_treasury_maturity_profile,https://www.argentina.gob.ar/sites/default/files/deuda_publica_30-06-2026_0.xlsx,e481f24585ef40b8ce7c2b515e66235c8b8ebcb4001a769091cb531a6373922e,2026-10-03T02:15:37Z
mecon_treasury_maturity_interest_row_25,2026-06-30,2027-06,monthly,interest,loans,detail,25,Banca Comercial,0.529066,million_usd,official_projection,mecon_quarterly_treasury_maturity_profile,https://www.argentina.gob.ar/sites/default/files/deuda_publica_30-06-2026_0.xlsx,e481f24585ef40b8ce7c2b515e66235c8b8ebcb4001a769091cb531a6373922e,2026-10-03T02:15:37Z
mecon_treasury_maturity_interest_row_26,2026-06-30,2027-06,monthly,interest,loans,detail,26,. En moneda extranjera,0.529066,million_usd,official_projection,mecon_quarterly_treasury_maturity_profile,https://www.argentina.gob.ar/sites/default/files/deuda_publica_30-06-2026_0.xlsx,e481f24585ef40b8ce7c2b515e66235c8b8ebcb4001a769091cb531a6373922e,2026-10-03T02:15:37Z
mecon_treasury_maturity_interest_row_27,2026-06-30,2027-06,monthly,interest,loans,detail,27,Organismos Oficiales,19.194111,million_usd,official_projection,mecon_quarterly_treasury_maturity_profile,https://www.argentina.gob.ar/sites/default/files/deuda_publica_30-06-2026_0.xlsx,e481f24585ef40b8ce7c2b515e66235c8b8ebcb4001a769091cb531a6373922e,2026-10-03T02:15:37Z
mecon_treasury_maturity_interest_row_31,2026-06-30,2027-06,monthly,interest,loans,detail,31,Avales,0.250765,million_usd,official_projection,mecon_quarterly_treasury_maturity_profile,https://www.argentina.gob.ar/sites/default/files/deuda_publica_30-06-2026_0.xlsx,e481f24585ef40b8ce7c2b515e66235c8b8ebcb4001a769091cb531a6373922e,2026-10-03T02:15:37Z
mecon_treasury_maturity_interest_row_33,2026-06-30,2027-06,monthly,interest,loans,detail,33,. En moneda extranjera,0.250765,million_usd,official_projection,mecon_quarterly_treasury_maturity_profile,https://www.argentina.gob.ar/sites/default/files/deuda_publica_30-06-2026_0.xlsx,e481f24585ef40b8ce7c2b515e66235c8b8ebcb4001a769091cb531a6373922e,2026-10-03T02:15:37Z
mecon_treasury_maturity_interest_securities,2026-06-30,2027-06,monthly,interest,securities,category,35,Títulos públicos y Letras del Tesoro,268.235670,million_usd,official_projection,mecon_quarterly_treasury_maturity_profile,https://www.argentina.gob.ar/sites/default/files/deuda_publica_30-06-2026_0.xlsx,e481f24585ef40b8ce7c2b515e66235c8b8ebcb4001a769091cb531a6373922e,2026-10-03T02:15:37Z
mecon_treasury_maturity_interest_row_48,2026-06-30,2027-06,monthly,interest,securities,detail,48,DESCUENTO,42.498263,million_usd,official_projection,mecon_quarterly_treasury_maturity_profile,https://www.argentina.gob.ar/sites/default/files/deuda_publica_30-06-2026_0.xlsx,e481f24585ef40b8ce7c2b515e66235c8b8ebcb4001a769091cb531a6373922e,2026-10-03T02:15:37Z
mecon_treasury_maturity_interest_row_49,2026-06-30,2027-06,monthly,interest,securities,detail,49,"Discount/$+CER/5,83%/2033",41.582059,million_usd,official_projection,mecon_quarterly_treasury_maturity_profile,https://www.argentina.gob.ar/sites/default/files/deuda_publica_30-06-2026_0.xlsx,e481f24585ef40b8ce7c2b515e66235c8b8ebcb4001a769091cb531a6373922e,2026-10-03T02:15:37Z
mecon_treasury_maturity_interest_row_50,2026-06-30,2027-06,monthly,interest,securities,detail,50,Emisión Canje 2005,40.378940,million_usd,official_projection,mecon_quarterly_treasury_maturity_profile,https://www.argentina.gob.ar/sites/default/files/deuda_publica_30-06-2026_0.xlsx,e481f24585ef40b8ce7c2b515e66235c8b8ebcb4001a769091cb531a6373922e,2026-10-03T02:15:37Z
mecon_treasury_maturity_interest_row_51,2026-06-30,2027-06,monthly,interest,securities,detail,51,Emisión Canje 2010,1.203119,million_usd,official_projection,mecon_quarterly_treasury_maturity_profile,https://www.argentina.gob.ar/sites/default/files/deuda_publica_30-06-2026_0.xlsx,e481f24585ef40b8ce7c2b515e66235c8b8ebcb4001a769091cb531a6373922e,2026-10-03T02:15:37Z
mecon_treasury_maturity_interest_row_52,2026-06-30,2027-06,monthly,interest,securities,detail,52,"Discount/JPY/4,33%/2033",0.916204,million_usd,official_projection,mecon_quarterly_treasury_maturity_profile,https://www.argentina.gob.ar/sites/default/files/deuda_publica_30-06-2026_0.xlsx,e481f24585ef40b8ce7c2b515e66235c8b8ebcb4001a769091cb531a6373922e,2026-10-03T02:15:37Z
mecon_treasury_maturity_interest_row_53,2026-06-30,2027-06,monthly,interest,securities,detail,53,Emisión Canje 2005,0.632150,million_usd,official_projection,mecon_quarterly_treasury_maturity_profile,https://www.argentina.gob.ar/sites/default/files/deuda_publica_30-06-2026_0.xlsx,e481f24585ef40b8ce7c2b515e66235c8b8ebcb4001a769091cb531a6373922e,2026-10-03T02:15:37Z
mecon_treasury_maturity_interest_row_54,2026-06-30,2027-06,monthly,interest,securities,detail,54,Emisión Canje 2010,0.284054,million_usd,official_projection,mecon_quarterly_treasury_maturity_profile,https://www.argentina.gob.ar/sites/default/files/deuda_publica_30-06-2026_0.xlsx,e481f24585ef40b8ce7c2b515e66235c8b8ebcb4001a769091cb531a6373922e,2026-10-03T02:15:37Z
mecon_treasury_maturity_interest_row_55,2026-06-30,2027-06,monthly,interest,securities,detail,55,"CUASIPAR/$+CER/3,31%/2045",199.218753,million_usd,official_projection,mecon_quarterly_treasury_maturity_profile,https://www.argentina.gob.ar/sites/default/files/deuda_publica_30-06-2026_0.xlsx,e481f24585ef40b8ce7c2b515e66235c8b8ebcb4001a769091cb531a6373922e,2026-10-03T02:15:37Z
mecon_treasury_maturity_interest_row_56,2026-06-30,2027-06,monthly,interest,securities,detail,56,"BONAR/$/6,72763943919512%/31-12-2028",0.027654,million_usd,official_projection,mecon_quarterly_treasury_maturity_profile,https://www.argentina.gob.ar/sites/default/files/deuda_publica_30-06-2026_0.xlsx,e481f24585ef40b8ce7c2b515e66235c8b8ebcb4001a769091cb531a6373922e,2026-10-03T02:15:37Z
mecon_treasury_maturity_interest_row_58,2026-06-30,2027-06,monthly,interest,securities,detail,58,BONAR/U$S/6%/29-10-2027,10.001852,million_usd,official_projection,mecon_quarterly_treasury_maturity_profile,https://www.argentina.gob.ar/sites/default/files/deuda_publica_30-06-2026_0.xlsx,e481f24585ef40b8ce7c2b515e66235c8b8ebcb4001a769091cb531a6373922e,2026-10-03T02:15:37Z
mecon_treasury_maturity_interest_row_59,2026-06-30,2027-06,monthly,interest,securities,detail,59,BONAR/U$S/6%/31-10-2028,10.001848,million_usd,official_projection,mecon_quarterly_treasury_maturity_profile,https://www.argentina.gob.ar/sites/default/files/deuda_publica_30-06-2026_0.xlsx,e481f24585ef40b8ce7c2b515e66235c8b8ebcb4001a769091cb531a6373922e,2026-10-03T02:15:37Z
mecon_treasury_maturity_interest_row_88,2026-06-30,2027-06,monthly,interest,securities,detail,88,LETRA INTRANSFERIBLE - BCRA,6.487298,million_usd,official_projection,mecon_quarterly_treasury_maturity_profile,https://www.argentina.gob.ar/sites/default/files/deuda_publica_30-06-2026_0.xlsx,e481f24585ef40b8ce7c2b515e66235c8b8ebcb4001a769091cb531a6373922e,2026-10-03T02:15:37Z
mecon_treasury_maturity_interest_row_101,2026-06-30,2027-06,monthly,interest,securities,detail,101,TOTAL DEUDA DENOMINADA EN PESOS,245.423289,million_usd,official_projection,mecon_quarterly_treasury_maturity_profile,https://www.argentina.gob.ar/sites/default/files/deuda_publica_30-06-2026_0.xlsx,e481f24585ef40b8ce7c2b515e66235c8b8ebcb4001a769091cb531a6373922e,2026-10-03T02:15:37Z
mecon_treasury_maturity_interest_row_102,2026-06-30,2027-06,monthly,interest,securities,detail,102,· Deuda ajustable por CER,245.395635,million_usd,official_projection,mecon_quarterly_treasury_maturity_profile,https://www.argentina.gob.ar/sites/default/files/deuda_publica_30-06-2026_0.xlsx,e481f24585ef40b8ce7c2b515e66235c8b8ebcb4001a769091cb531a6373922e,2026-10-03T02:15:37Z
mecon_treasury_maturity_interest_row_103,2026-06-30,2027-06,monthly,interest,securities,detail,103,· Deuda no ajustable por CER,0.027654,million_usd,official_projection,mecon_quarterly_treasury_maturity_profile,https://www.argentina.gob.ar/sites/default/files/deuda_publica_30-06-2026_0.xlsx,e481f24585ef40b8ce7c2b515e66235c8b8ebcb4001a769091cb531a6373922e,2026-10-03T02:15:37Z
mecon_treasury_maturity_interest_row_104,2026-06-30,2027-06,monthly,interest,securities,detail,104,TOTAL DEUDA EN MONEDA EXTRANJERA,175.683192,million_usd,official_projection,mecon_quarterly_treasury_maturity_profile,https://www.argentina.gob.ar/sites/default/files/deuda_publica_30-06-2026_0.xlsx,e481f24585ef40b8ce7c2b515e66235c8b8ebcb4001a769091cb531a6373922e,2026-10-03T02:15:37Z
mecon_treasury_maturity_capital_total,2026-06-30,2027-07,monthly,capital,total,total,13,Total,5879.250343,million_usd,official_projection,mecon_quarterly_treasury_maturity_profile,https://www.argentina.gob.ar/sites/default/files/deuda_publica_30-06-2026_0.xlsx,e481f24585ef40b8ce7c2b515e66235c8b8ebcb4001a769091cb531a6373922e,2026-10-03T02:15:37Z
mecon_treasury_maturity_capital_row_15,2026-06-30,2027-07,monthly,capital,total,term,15,MEDIANO Y LARGO PLAZO,5879.250343,million_usd,official_projection,mecon_quarterly_treasury_maturity_profile,https://www.argentina.gob.ar/sites/default/files/deuda_publica_30-06-2026_0.xlsx,e481f24585ef40b8ce7c2b515e66235c8b8ebcb4001a769091cb531a6373922e,2026-10-03T02:15:37Z
mecon_treasury_maturity_capital_loans,2026-06-30,2027-07,monthly,capital,loans,category,17,Préstamos,415.381824,million_usd,official_projection,mecon_quarterly_treasury_maturity_profile,https://www.argentina.gob.ar/sites/default/files/deuda_publica_30-06-2026_0.xlsx,e481f24585ef40b8ce7c2b515e66235c8b8ebcb4001a769091cb531a6373922e,2026-10-03T02:15:37Z
mecon_treasury_maturity_capital_row_18,2026-06-30,2027-07,monthly,capital,loans,detail,18,Organismos Internacionales,177.362863,million_usd,official_projection,mecon_quarterly_treasury_maturity_profile,https://www.argentina.gob.ar/sites/default/files/deuda_publica_30-06-2026_0.xlsx,e481f24585ef40b8ce7c2b515e66235c8b8ebcb4001a769091cb531a6373922e,2026-10-03T02:15:37Z
mecon_treasury_maturity_capital_row_19,2026-06-30,2027-07,monthly,capital,loans,detail,19,. BIRF,8.201373,million_usd,official_projection,mecon_quarterly_treasury_maturity_profile,https://www.argentina.gob.ar/sites/default/files/deuda_publica_30-06-2026_0.xlsx,e481f24585ef40b8ce7c2b515e66235c8b8ebcb4001a769091cb531a6373922e,2026-10-03T02:15:37Z
mecon_treasury_maturity_capital_row_20,2026-06-30,2027-07,monthly,capital,loans,detail,20,. BID,130.182272,million_usd,official_projection,mecon_quarterly_treasury_maturity_profile,https://www.argentina.gob.ar/sites/default/files/deuda_publica_30-06-2026_0.xlsx,e481f24585ef40b8ce7c2b515e66235c8b8ebcb4001a769091cb531a6373922e,2026-10-03T02:15:37Z
mecon_treasury_maturity_capital_row_22,2026-06-30,2027-07,monthly,capital,loans,detail,22,. Otros,38.979218,million_usd,official_projection,mecon_quarterly_treasury_maturity_profile,https://www.argentina.gob.ar/sites/default/files/deuda_publica_30-06-2026_0.xlsx,e481f24585ef40b8ce7c2b515e66235c8b8ebcb4001a769091cb531a6373922e,2026-10-03T02:15:37Z
mecon_treasury_maturity_capital_row_27,2026-06-30,2027-07,monthly,capital,loans,detail,27,Organismos Oficiales,231.129441,million_usd,official_projection,mecon_quarterly_treasury_maturity_profile,https://www.argentina.gob.ar/sites/default/files/deuda_publica_30-06-2026_0.xlsx,e481f24585ef40b8ce7c2b515e66235c8b8ebcb4001a769091cb531a6373922e,2026-10-03T02:15:37Z
mecon_treasury_maturity_capital_row_28,2026-06-30,2027-07,monthly,capital,loans,detail,28,Avales,6.889520,million_usd,official_projection,mecon_quarterly_treasury_maturity_profile,https://www.argentina.gob.ar/sites/default/files/deuda_publica_30-06-2026_0.xlsx,e481f24585ef40b8ce7c2b515e66235c8b8ebcb4001a769091cb531a6373922e,2026-10-03T02:15:37Z
mecon_treasury_maturity_capital_row_30,2026-06-30,2027-07,monthly,capital,loans,detail,30,. En moneda extranjera,6.889520,million_usd,official_projection,mecon_quarterly_treasury_maturity_profile,https://www.argentina.gob.ar/sites/default/files/deuda_publica_30-06-2026_0.xlsx,e481f24585ef40b8ce7c2b515e66235c8b8ebcb4001a769091cb531a6373922e,2026-10-03T02:15:37Z
mecon_treasury_maturity_capital_bcra_advances,2026-06-30,2027-07,monthly,capital,bcra_advances,category,32,Adelantos transitorios BCRA,0.000000,million_usd,official_projection,mecon_quarterly_treasury_maturity_profile,https://www.argentina.gob.ar/sites/default/files/deuda_publica_30-06-2026_0.xlsx,e481f24585ef40b8ce7c2b515e66235c8b8ebcb4001a769091cb531a6373922e,2026-10-03T02:15:37Z
mecon_treasury_maturity_capital_securities,2026-06-30,2027-07,monthly,capital,securities,category,34,Títulos públicos y Letras del Tesoro,5463.868519,million_usd,official_projection,mecon_quarterly_treasury_maturity_profile,https://www.argentina.gob.ar/sites/default/files/deuda_publica_30-06-2026_0.xlsx,e481f24585ef40b8ce7c2b515e66235c8b8ebcb4001a769091cb531a6373922e,2026-10-03T02:15:37Z
mecon_treasury_maturity_capital_row_42,2026-06-30,2027-07,monthly,capital,securities,detail,42,"BONO GLOBAL/EUR/0,125%/09-07-2030",106.519610,million_usd,official_projection,mecon_quarterly_treasury_maturity_profile,https://www.argentina.gob.ar/sites/default/files/deuda_publica_30-06-2026_0.xlsx,e481f24585ef40b8ce7c2b515e66235c8b8ebcb4001a769091cb531a6373922e,2026-10-03T02:15:37Z
mecon_treasury_maturity_capital_row_43,2026-06-30,2027-07,monthly,capital,securities,detail,43,"BONO GLOBAL/EUR/0,50%/09-07-2029",10.325535,million_usd,official_projection,mecon_quarterly_treasury_maturity_profile,https://www.argentina.gob.ar/sites/default/files/deuda_publica_30-06-2026_0.xlsx,e481f24585ef40b8ce7c2b515e66235c8b8ebcb4001a769091cb531a6373922e,2026-10-03T02:15:37Z
mecon_treasury_maturity_capital_row_44,2026-06-30,2027-07,monthly,capital,securities,detail,44,BONO GLOBAL/EUR/STEP UP/09-07-2046,6.441889,million_usd,official_projection,mecon_quarterly_treasury_maturity_profile,https://www.argentina.gob.ar/sites/default/files/deuda_publica_30-06-2026_0.xlsx,e481f24585ef40b8ce7c2b515e66235c8b8ebcb4001a769091cb531a6373922e,2026-10-03T02:15:37Z
mecon_treasury_maturity_capital_row_45,2026-06-30,2027-07,monthly,capital,securities,detail,45,BONO GLOBAL/EUR/STEP UP/09-01-2038,42.024259,million_usd,official_projection,mecon_quarterly_treasury_maturity_profile,https://www.argentina.gob.ar/sites/default/files/deuda_publica_30-06-2026_0.xlsx,e481f24585ef40b8ce7c2b515e66235c8b8ebcb4001a769091cb531a6373922e,2026-10-03T02:15:37Z
mecon_treasury_maturity_capital_row_46,2026-06-30,2027-07,monthly,capital,securities,detail,46,"BONO GLOBAL/U$S/1,00%/09-07-2029",262.052444,million_usd,official_projection,mecon_quarterly_treasury_maturity_profile,https://www.argentina.gob.ar/sites/default/files/deuda_publica_30-06-2026_0.xlsx,e481f24585ef40b8ce7c2b515e66235c8b8ebcb4001a769091cb531a6373922e,2026-10-03T02:15:37Z
mecon_treasury_maturity_capital_row_47,2026-06-30,2027-07,monthly,capital,securities,detail,47,BONO GLOBAL/U$S/STEP UP/09-07-2030,1086.994477,million_usd,official_projection,mecon_quarterly_treasury_maturity_profile,https://www.argentina.gob.ar/sites/default/files/deuda_publica_30-06-2026_0.xlsx,e481f24585ef40b8ce7c2b515e66235c8b8ebcb4001a769091cb531a6373922e,2026-10-03T02:15:37Z
mecon_treasury_maturity_capital_row_48,2026-06-30,2027-07,monthly,capital,securities,detail,48,BONO GLOBAL/U$S/STEP UP/09-07-2046,47.545389,million_usd,official_projection,mecon_quarterly_treasury_maturity_profile,https://www.argentina.gob.ar/sites/default/files/deuda_publica_30-06-2026_0.xlsx,e481f24585ef40b8ce7c2b515e66235c8b8ebcb4001a769091cb531a6373922e,2026-10-03T02:15:37Z
mecon_treasury_maturity_capital_row_49,2026-06-30,2027-07,monthly,capital,securities,detail,49,BONO GLOBAL/U$S/STEP UP/09-01-2038,517.501062,million_usd,official_projection,mecon_quarterly_treasury_maturity_profile,https://www.argentina.gob.ar/sites/default/files/deuda_publica_30-06-2026_0.xlsx,e481f24585ef40b8ce7c2b515e66235c8b8ebcb4001a769091cb531a6373922e,2026-10-03T02:15:37Z
mecon_treasury_maturity_capital_row_50,2026-06-30,2027-07,monthly,capital,securities,detail,50,"BONO R.A./U$S/1,00%/09-07-2029",139.411866,million_usd,official_projection,mecon_quarterly_treasury_maturity_profile,https://www.argentina.gob.ar/sites/default/files/deuda_publica_30-06-2026_0.xlsx,e481f24585ef40b8ce7c2b515e66235c8b8ebcb4001a769091cb531a6373922e,2026-10-03T02:15:37Z
mecon_treasury_maturity_capital_row_51,2026-06-30,2027-07,monthly,capital,securities,detail,51,BONO R.A./U$S/STEP UP/09-07-2030,1047.344014,million_usd,official_projection,mecon_quarterly_treasury_maturity_profile,https://www.argentina.gob.ar/sites/default/files/deuda_publica_30-06-2026_0.xlsx,e481f24585ef40b8ce7c2b515e66235c8b8ebcb4001a769091cb531a6373922e,2026-10-03T02:15:37Z
mecon_treasury_maturity_capital_row_52,2026-06-30,2027-07,monthly,capital,securities,detail,52,BONO R.A./U$S/STEP UP/09-01-2038,560.226252,million_usd,official_projection,mecon_quarterly_treasury_maturity_profile,https://www.argentina.gob.ar/sites/default/files/deuda_publica_30-06-2026_0.xlsx,e481f24585ef40b8ce7c2b515e66235c8b8ebcb4001a769091cb531a6373922e,2026-10-03T02:15:37Z
mecon_treasury_maturity_capital_row_53,2026-06-30,2027-07,monthly,capital,securities,detail,53,"BONAR/$/6,72763943919512%/31-12-2028",0.248139,million_usd,official_projection,mecon_quarterly_treasury_maturity_profile,https://www.argentina.gob.ar/sites/default/files/deuda_publica_30-06-2026_0.xlsx,e481f24585ef40b8ce7c2b515e66235c8b8ebcb4001a769091cb531a6373922e,2026-10-03T02:15:37Z
mecon_treasury_maturity_capital_row_55,2026-06-30,2027-07,monthly,capital,securities,detail,55,BONTE/$/BADLAR/05-07-2030,1.731703,million_usd,official_projection,mecon_quarterly_treasury_maturity_profile,https://www.argentina.gob.ar/sites/default/files/deuda_publica_30-06-2026_0.xlsx,e481f24585ef40b8ce7c2b515e66235c8b8ebcb4001a769091cb531a6373922e,2026-10-03T02:15:37Z
mecon_treasury_maturity_capital_row_81,2026-06-30,2027-07,monthly,capital,securities,detail,81,"BONCAP/$/TAMAR+5,40%/30-7-2027",1635.501878,million_usd,official_projection,mecon_quarterly_treasury_maturity_profile,https://www.argentina.gob.ar/sites/default/files/deuda_publica_30-06-2026_0.xlsx,e481f24585ef40b8ce7c2b515e66235c8b8ebcb4001a769091cb531a6373922e,2026-10-03T02:15:37Z
mecon_treasury_maturity_capital_row_100,2026-06-30,2027-07,monthly,capital,securities,detail,100,TOTAL DEUDA DENOMINADA EN PESOS,1637.481721,million_usd,official_projection,mecon_quarterly_treasury_maturity_profile,https://www.argentina.gob.ar/sites/default/files/deuda_publica_30-06-2026_0.xlsx,e481f24585ef40b8ce7c2b515e66235c8b8ebcb4001a769091cb531a6373922e,2026-10-03T02:15:37Z
mecon_treasury_maturity_capital_row_102,2026-06-30,2027-07,monthly,capital,securities,detail,102,· Deuda no ajustable por CER,1637.481721,million_usd,official_projection,mecon_quarterly_treasury_maturity_profile,https://www.argentina.gob.ar/sites/default/files/deuda_publica_30-06-2026_0.xlsx,e481f24585ef40b8ce7c2b515e66235c8b8ebcb4001a769091cb531a6373922e,2026-10-03T02:15:37Z
mecon_treasury_maturity_capital_row_103,2026-06-30,2027-07,monthly,capital,securities,detail,103,TOTAL DEUDA EN MONEDA EXTRANJERA,4241.768622,million_usd,official_projection,mecon_quarterly_treasury_maturity_profile,https://www.argentina.gob.ar/sites/default/files/deuda_publica_30-06-2026_0.xlsx,e481f24585ef40b8ce7c2b515e66235c8b8ebcb4001a769091cb531a6373922e,2026-10-03T02:15:37Z
mecon_treasury_maturity_interest_total,2026-06-30,2027-07,monthly,interest,total,total,13,Total,2120.642802,million_usd,official_projection,mecon_quarterly_treasury_maturity_profile,https://www.argentina.gob.ar/sites/default/files/deuda_publica_30-06-2026_0.xlsx,e481f24585ef40b8ce7c2b515e66235c8b8ebcb4001a769091cb531a6373922e,2026-10-03T02:15:37Z
mecon_treasury_maturity_interest_row_15,2026-06-30,2027-07,monthly,interest,total,term,15,MEDIANO Y LARGO PLAZO,2120.642802,million_usd,official_projection,mecon_quarterly_treasury_maturity_profile,https://www.argentina.gob.ar/sites/default/files/deuda_publica_30-06-2026_0.xlsx,e481f24585ef40b8ce7c2b515e66235c8b8ebcb4001a769091cb531a6373922e,2026-10-03T02:15:37Z
mecon_treasury_maturity_interest_loans,2026-06-30,2027-07,monthly,interest,loans,category,17,Préstamos,176.146226,million_usd,official_projection,mecon_quarterly_treasury_maturity_profile,https://www.argentina.gob.ar/sites/default/files/deuda_publica_30-06-2026_0.xlsx,e481f24585ef40b8ce7c2b515e66235c8b8ebcb4001a769091cb531a6373922e,2026-10-03T02:15:37Z
mecon_treasury_maturity_interest_row_18,2026-06-30,2027-07,monthly,interest,loans,detail,18,Organismos Internacionales,140.318912,million_usd,official_projection,mecon_quarterly_treasury_maturity_profile,https://www.argentina.gob.ar/sites/default/files/deuda_publica_30-06-2026_0.xlsx,e481f24585ef40b8ce7c2b515e66235c8b8ebcb4001a769091cb531a6373922e,2026-10-03T02:15:37Z
mecon_treasury_maturity_interest_row_19,2026-06-30,2027-07,monthly,interest,loans,detail,19,. BIRF,32.877746,million_usd,official_projection,mecon_quarterly_treasury_maturity_profile,https://www.argentina.gob.ar/sites/default/files/deuda_publica_30-06-2026_0.xlsx,e481f24585ef40b8ce7c2b515e66235c8b8ebcb4001a769091cb531a6373922e,2026-10-03T02:15:37Z
mecon_treasury_maturity_interest_row_20,2026-06-30,2027-07,monthly,interest,loans,detail,20,. BID,75.924619,million_usd,official_projection,mecon_quarterly_treasury_maturity_profile,https://www.argentina.gob.ar/sites/default/files/deuda_publica_30-06-2026_0.xlsx,e481f24585ef40b8ce7c2b515e66235c8b8ebcb4001a769091cb531a6373922e,2026-10-03T02:15:37Z
mecon_treasury_maturity_interest_row_22,2026-06-30,2027-07,monthly,interest,loans,detail,22,. Otros,31.516547,million_usd,official_projection,mecon_quarterly_treasury_maturity_profile,https://www.argentina.gob.ar/sites/default/files/deuda_publica_30-06-2026_0.xlsx,e481f24585ef40b8ce7c2b515e66235c8b8ebcb4001a769091cb531a6373922e,2026-10-03T02:15:37Z
mecon_treasury_maturity_interest_row_23,2026-06-30,2027-07,monthly,interest,loans,detail,23,Préstamos Garantizados,4.484057,million_usd,official_projection,mecon_quarterly_treasury_maturity_profile,https://www.argentina.gob.ar/sites/default/files/deuda_publica_30-06-2026_0.xlsx,e481f24585ef40b8ce7c2b515e66235c8b8ebcb4001a769091cb531a6373922e,2026-10-03T02:15:37Z
mecon_treasury_maturity_interest_row_24,2026-06-30,2027-07,monthly,interest,loans,detail,24,. En moneda nacional ajustable por CER,4.484057,million_usd,official_projection,mecon_quarterly_treasury_maturity_profile,https://www.argentina.gob.ar/sites/default/files/deuda_publica_30-06-2026_0.xlsx,e481f24585ef40b8ce7c2b515e66235c8b8ebcb4001a769091cb531a6373922e,2026-10-03T02:15:37Z
mecon_treasury_maturity_interest_row_27,2026-06-30,2027-07,monthly,interest,loans,detail,27,Organismos Oficiales,31.135914,million_usd,official_projection,mecon_quarterly_treasury_maturity_profile,https://www.argentina.gob.ar/sites/default/files/deuda_publica_30-06-2026_0.xlsx,e481f24585ef40b8ce7c2b515e66235c8b8ebcb4001a769091cb531a6373922e,2026-10-03T02:15:37Z
mecon_treasury_maturity_interest_row_31,2026-06-30,2027-07,monthly,interest,loans,detail,31,Avales,0.207343,million_usd,official_projection,mecon_quarterly_treasury_maturity_profile,https://www.argentina.gob.ar/sites/default/files/deuda_publica_30-06-2026_0.xlsx,e481f24585ef40b8ce7c2b515e66235c8b8ebcb4001a769091cb531a6373922e,2026-10-03T02:15:37Z
mecon_treasury_maturity_interest_row_33,2026-06-30,2027-07,monthly,interest,loans,detail,33,. En moneda extranjera,0.207343,million_usd,official_projection,mecon_quarterly_treasury_maturity_profile,https://www.argentina.gob.ar/sites/default/files/deuda_publica_30-06-2026_0.xlsx,e481f24585ef40b8ce7c2b515e66235c8b8ebcb4001a769091cb531a6373922e,2026-10-03T02:15:37Z
mecon_treasury_maturity_interest_securities,2026-06-30,2027-07,monthly,interest,securities,category,35,Títulos públicos y Letras del Tesoro,1944.496576,million_usd,official_projection,mecon_quarterly_treasury_maturity_profile,https://www.argentina.gob.ar/sites/default/files/deuda_publica_30-06-2026_0.xlsx,e481f24585ef40b8ce7c2b515e66235c8b8ebcb4001a769091cb531a6373922e,2026-10-03T02:15:37Z
mecon_treasury_maturity_interest_row_56,2026-06-30,2027-07,monthly,interest,securities,detail,56,"BONAR/$/6,72763943919512%/31-12-2028",0.026271,million_usd,official_projection,mecon_quarterly_treasury_maturity_profile,https://www.argentina.gob.ar/sites/default/files/deuda_publica_30-06-2026_0.xlsx,e481f24585ef40b8ce7c2b515e66235c8b8ebcb4001a769091cb531a6373922e,2026-10-03T02:15:37Z
mecon_treasury_maturity_interest_row_58,2026-06-30,2027-07,monthly,interest,securities,detail,58,BONAR/U$S/6%/29-10-2027,10.001852,million_usd,official_projection,mecon_quarterly_treasury_maturity_profile,https://www.argentina.gob.ar/sites/default/files/deuda_publica_30-06-2026_0.xlsx,e481f24585ef40b8ce7c2b515e66235c8b8ebcb4001a769091cb531a6373922e,2026-10-03T02:15:37Z
mecon_treasury_maturity_interest_row_59,2026-06-30,2027-07,monthly,interest,securities,detail,59,BONAR/U$S/6%/31-10-2028,10.001848,million_usd,official_projection,mecon_quarterly_treasury_maturity_profile,https://www.argentina.gob.ar/sites/default/files/deuda_publica_30-06-2026_0.xlsx,e481f24585ef40b8ce7c2b515e66235c8b8ebcb4001a769091cb531a6373922e,2026-10-03T02:15:37Z
mecon_treasury_maturity_interest_row_63,2026-06-30,2027-07,monthly,interest,securities,detail,63,"BONO GLOBAL/EUR/0,125%/09-07-2030",0.466023,million_usd,official_projection,mecon_quarterly_treasury_maturity_profile,https://www.argentina.gob.ar/sites/default/files/deuda_publica_30-06-2026_0.xlsx,e481f24585ef40b8ce7c2b515e66235c8b8ebcb4001a769091cb531a6373922e,2026-10-03T02:15:37Z
mecon_treasury_maturity_interest_row_64,2026-06-30,2027-07,monthly,interest,securities,detail,64,"BONO GLOBAL/EUR/0,50%/09-07-2029",0.129069,million_usd,official_projection,mecon_quarterly_treasury_maturity_profile,https://www.argentina.gob.ar/sites/default/files/deuda_publica_30-06-2026_0.xlsx,e481f24585ef40b8ce7c2b515e66235c8b8ebcb4001a769091cb531a6373922e,2026-10-03T02:15:37Z
mecon_treasury_maturity_interest_row_65,2026-06-30,2027-07,monthly,interest,securities,detail,65,BONO GLOBAL/EUR/STEP UP/09-01-2038,19.646341,million_usd,official_projection,mecon_quarterly_treasury_maturity_profile,https://www.argentina.gob.ar/sites/default/files/deuda_publica_30-06-2026_0.xlsx,e481f24585ef40b8ce7c2b515e66235c8b8ebcb4001a769091cb531a6373922e,2026-10-03T02:15:37Z
mecon_treasury_maturity_interest_row_66,2026-06-30,2027-07,monthly,interest,securities,detail,66,BONO GLOBAL/EUR/STEP UP/09-07-2035,6.613158,million_usd,official_projection,mecon_quarterly_treasury_maturity_profile,https://www.argentina.gob.ar/sites/default/files/deuda_publica_30-06-2026_0.xlsx,e481f24585ef40b8ce7c2b515e66235c8b8ebcb4001a769091cb531a6373922e,2026-10-03T02:15:37Z
mecon_treasury_maturity_interest_row_67,2026-06-30,2027-07,monthly,interest,securities,detail,67,BONO GLOBAL/EUR/STEP UP/09-07-2041,26.946572,million_usd,official_projection,mecon_quarterly_treasury_maturity_profile,https://www.argentina.gob.ar/sites/default/files/deuda_publica_30-06-2026_0.xlsx,e481f24585ef40b8ce7c2b515e66235c8b8ebcb4001a769091cb531a6373922e,2026-10-03T02:15:37Z
mecon_treasury_maturity_interest_row_68,2026-06-30,2027-07,monthly,interest,securities,detail,68,BONO GLOBAL/EUR/STEP UP/09-07-2046,5.181694,million_usd,official_projection,mecon_quarterly_treasury_maturity_profile,https://www.argentina.gob.ar/sites/default/files/deuda_publica_30-06-2026_0.xlsx,e481f24585ef40b8ce7c2b515e66235c8b8ebcb4001a769091cb531a6373922e,2026-10-03T02:15:37Z
mecon_treasury_maturity_interest_row_69,2026-06-30,2027-07,monthly,interest,securities,detail,69,"BONO GLOBAL/U$S/1,00%/09-07-2029",6.551311,million_usd,official_projection,mecon_quarterly_treasury_maturity_profile,https://www.argentina.gob.ar/sites/default/files/deuda_publica_30-06-2026_0.xlsx,e481f24585ef40b8ce7c2b515e66235c8b8ebcb4001a769091cb531a6373922e,2026-10-03T02:15:37Z
mecon_treasury_maturity_interest_row_70,2026-06-30,2027-07,monthly,interest,securities,detail,70,BONO GLOBAL/U$S/STEP UP/09-01-2038,284.625584,million_usd,official_projection,mecon_quarterly_treasury_maturity_profile,https://www.argentina.gob.ar/sites/default/files/deuda_publica_30-06-2026_0.xlsx,e481f24585ef40b8ce7c2b515e66235c8b8ebcb4001a769091cb531a6373922e,2026-10-03T02:15:37Z
mecon_treasury_maturity_interest_row_71,2026-06-30,2027-07,monthly,interest,securities,detail,71,BONO GLOBAL/U$S/STEP UP/09-07-2030,28.533605,million_usd,official_projection,mecon_quarterly_treasury_maturity_profile,https://www.argentina.gob.ar/sites/default/files/deuda_publica_30-06-2026_0.xlsx,e481f24585ef40b8ce7c2b515e66235c8b8ebcb4001a769091cb531a6373922e,2026-10-03T02:15:37Z
mecon_treasury_maturity_interest_row_72,2026-06-30,2027-07,monthly,interest,securities,detail,72,BONO GLOBAL/U$S/STEP UP/09-07-2035,421.499713,million_usd,official_projection,mecon_quarterly_treasury_maturity_profile,https://www.argentina.gob.ar/sites/default/files/deuda_publica_30-06-2026_0.xlsx,e481f24585ef40b8ce7c2b515e66235c8b8ebcb4001a769091cb531a6373922e,2026-10-03T02:15:37Z
mecon_treasury_maturity_interest_row_73,2026-06-30,2027-07,monthly,interest,securities,detail,73,BONO GLOBAL/U$S/STEP UP/09-07-2041,183.436947,million_usd,official_projection,mecon_quarterly_treasury_maturity_profile,https://www.argentina.gob.ar/sites/default/files/deuda_publica_30-06-2026_0.xlsx,e481f24585ef40b8ce7c2b515e66235c8b8ebcb4001a769091cb531a6373922e,2026-10-03T02:15:37Z
mecon_treasury_maturity_interest_row_74,2026-06-30,2027-07,monthly,interest,securities,detail,74,BONO GLOBAL/U$S/STEP UP/09-07-2046,38.244322,million_usd,official_projection,mecon_quarterly_treasury_maturity_profile,https://www.argentina.gob.ar/sites/default/files/deuda_publica_30-06-2026_0.xlsx,e481f24585ef40b8ce7c2b515e66235c8b8ebcb4001a769091cb531a6373922e,2026-10-03T02:15:37Z
mecon_treasury_maturity_interest_row_75,2026-06-30,2027-07,monthly,interest,securities,detail,75,"BONO R.A./U$S/1,00%/09-07-2029",3.485297,million_usd,official_projection,mecon_quarterly_treasury_maturity_profile,https://www.argentina.gob.ar/sites/default/files/deuda_publica_30-06-2026_0.xlsx,e481f24585ef40b8ce7c2b515e66235c8b8ebcb4001a769091cb531a6373922e,2026-10-03T02:15:37Z
mecon_treasury_maturity_interest_row_76,2026-06-30,2027-07,monthly,interest,securities,detail,76,BONO R.A./U$S/STEP UP/09-01-2038,308.124439,million_usd,official_projection,mecon_quarterly_treasury_maturity_profile,https://www.argentina.gob.ar/sites/default/files/deuda_publica_30-06-2026_0.xlsx,e481f24585ef40b8ce7c2b515e66235c8b8ebcb4001a769091cb531a6373922e,2026-10-03T02:15:37Z
mecon_treasury_maturity_interest_row_77,2026-06-30,2027-07,monthly,interest,securities,detail,77,BONO R.A./U$S/STEP UP/09-07-2030,27.492780,million_usd,official_projection,mecon_quarterly_treasury_maturity_profile,https://www.argentina.gob.ar/sites/default/files/deuda_publica_30-06-2026_0.xlsx,e481f24585ef40b8ce7c2b515e66235c8b8ebcb4001a769091cb531a6373922e,2026-10-03T02:15:37Z
mecon_treasury_maturity_interest_row_78,2026-06-30,2027-07,monthly,interest,securities,detail,78,BONO R.A./U$S/STEP UP/09-07-2035,417.532491,million_usd,official_projection,mecon_quarterly_treasury_maturity_profile,https://www.argentina.gob.ar/sites/default/files/deuda_publica_30-06-2026_0.xlsx,e481f24585ef40b8ce7c2b515e66235c8b8ebcb4001a769091cb531a6373922e,2026-10-03T02:15:37Z
mecon_treasury_maturity_interest_row_79,2026-06-30,2027-07,monthly,interest,securities,detail,79,BONO R.A./U$S/STEP UP/09-07-2041,26.989091,million_usd,official_projection,mecon_quarterly_treasury_maturity_profile,https://www.argentina.gob.ar/sites/default/files/deuda_publica_30-06-2026_0.xlsx,e481f24585ef40b8ce7c2b515e66235c8b8ebcb4001a769091cb531a6373922e,2026-10-03T02:15:37Z
mecon_treasury_maturity_interest_row_83,2026-06-30,2027-07,monthly,interest,securities,detail,83,BONTE/$/BADLAR/05-07-2030,0.634611,million_usd,official_projection,mecon_quarterly_treasury_maturity_profile,https://www.argentina.gob.ar/sites/default/files/deuda_publica_30-06-2026_0.xlsx,e481f24585ef40b8ce7c2b515e66235c8b8ebcb4001a769091cb531a6373922e,2026-10-03T02:15:37Z
mecon_treasury_maturity_interest_row_88,2026-06-30,2027-07,monthly,interest,securities,detail,88,LETRA INTRANSFERIBLE - BCRA,118.333555,million_usd,official_projection,mecon_quarterly_treasury_maturity_profile,https://www.argentina.gob.ar/sites/default/files/deuda_publica_30-06-2026_0.xlsx,e481f24585ef40b8ce7c2b515e66235c8b8ebcb4001a769091cb531a6373922e,2026-10-03T02:15:37Z
mecon_treasury_maturity_interest_row_101,2026-06-30,2027-07,monthly,interest,securities,detail,101,TOTAL DEUDA DENOMINADA EN PESOS,5.144940,million_usd,official_projection,mecon_quarterly_treasury_maturity_profile,https://www.argentina.gob.ar/sites/default/files/deuda_publica_30-06-2026_0.xlsx,e481f24585ef40b8ce7c2b515e66235c8b8ebcb4001a769091cb531a6373922e,2026-10-03T02:15:37Z
mecon_treasury_maturity_interest_row_102,2026-06-30,2027-07,monthly,interest,securities,detail,102,· Deuda ajustable por CER,4.484057,million_usd,official_projection,mecon_quarterly_treasury_maturity_profile,https://www.argentina.gob.ar/sites/default/files/deuda_publica_30-06-2026_0.xlsx,e481f24585ef40b8ce7c2b515e66235c8b8ebcb4001a769091cb531a6373922e,2026-10-03T02:15:37Z
mecon_treasury_maturity_interest_row_103,2026-06-30,2027-07,monthly,interest,securities,detail,103,· Deuda no ajustable por CER,0.660882,million_usd,official_projection,mecon_quarterly_treasury_maturity_profile,https://www.argentina.gob.ar/sites/default/files/deuda_publica_30-06-2026_0.xlsx,e481f24585ef40b8ce7c2b515e66235c8b8ebcb4001a769091cb531a6373922e,2026-10-03T02:15:37Z
mecon_treasury_maturity_interest_row_104,2026-06-30,2027-07,monthly,interest,securities,detail,104,TOTAL DEUDA EN MONEDA EXTRANJERA,2115.497862,million_usd,official_projection,mecon_quarterly_treasury_maturity_profile,https://www.argentina.gob.ar/sites/default/files/deuda_publica_30-06-2026_0.xlsx,e481f24585ef40b8ce7c2b515e66235c8b8ebcb4001a769091cb531a6373922e,2026-10-03T02:15:37Z
mecon_treasury_maturity_capital_total,2026-06-30,2027-08,monthly,capital,total,total,13,Total,1191.897287,million_usd,official_projection,mecon_quarterly_treasury_maturity_profile,https://www.argentina.gob.ar/sites/default/files/deuda_publica_30-06-2026_0.xlsx,e481f24585ef40b8ce7c2b515e66235c8b8ebcb4001a769091cb531a6373922e,2026-10-03T02:15:37Z
mecon_treasury_maturity_capital_row_15,2026-06-30,2027-08,monthly,capital,total,term,15,MEDIANO Y LARGO PLAZO,1191.897287,million_usd,official_projection,mecon_quarterly_treasury_maturity_profile,https://www.argentina.gob.ar/sites/default/files/deuda_publica_30-06-2026_0.xlsx,e481f24585ef40b8ce7c2b515e66235c8b8ebcb4001a769091cb531a6373922e,2026-10-03T02:15:37Z
mecon_treasury_maturity_capital_loans,2026-06-30,2027-08,monthly,capital,loans,category,17,Préstamos,97.985802,million_usd,official_projection,mecon_quarterly_treasury_maturity_profile,https://www.argentina.gob.ar/sites/default/files/deuda_publica_30-06-2026_0.xlsx,e481f24585ef40b8ce7c2b515e66235c8b8ebcb4001a769091cb531a6373922e,2026-10-03T02:15:37Z
mecon_treasury_maturity_capital_row_18,2026-06-30,2027-08,monthly,capital,loans,detail,18,Organismos Internacionales,86.340011,million_usd,official_projection,mecon_quarterly_treasury_maturity_profile,https://www.argentina.gob.ar/sites/default/files/deuda_publica_30-06-2026_0.xlsx,e481f24585ef40b8ce7c2b515e66235c8b8ebcb4001a769091cb531a6373922e,2026-10-03T02:15:37Z
mecon_treasury_maturity_capital_row_19,2026-06-30,2027-08,monthly,capital,loans,detail,19,. BIRF,5.245882,million_usd,official_projection,mecon_quarterly_treasury_maturity_profile,https://www.argentina.gob.ar/sites/default/files/deuda_publica_30-06-2026_0.xlsx,e481f24585ef40b8ce7c2b515e66235c8b8ebcb4001a769091cb531a6373922e,2026-10-03T02:15:37Z
mecon_treasury_maturity_capital_row_20,2026-06-30,2027-08,monthly,capital,loans,detail,20,. BID,43.996461,million_usd,official_projection,mecon_quarterly_treasury_maturity_profile,https://www.argentina.gob.ar/sites/default/files/deuda_publica_30-06-2026_0.xlsx,e481f24585ef40b8ce7c2b515e66235c8b8ebcb4001a769091cb531a6373922e,2026-10-03T02:15:37Z
mecon_treasury_maturity_capital_row_22,2026-06-30,2027-08,monthly,capital,loans,detail,22,. Otros,37.097668,million_usd,official_projection,mecon_quarterly_treasury_maturity_profile,https://www.argentina.gob.ar/sites/default/files/deuda_publica_30-06-2026_0.xlsx,e481f24585ef40b8ce7c2b515e66235c8b8ebcb4001a769091cb531a6373922e,2026-10-03T02:15:37Z
mecon_treasury_maturity_capital_row_27,2026-06-30,2027-08,monthly,capital,loans,detail,27,Organismos Oficiales,4.756271,million_usd,official_projection,mecon_quarterly_treasury_maturity_profile,https://www.argentina.gob.ar/sites/default/files/deuda_publica_30-06-2026_0.xlsx,e481f24585ef40b8ce7c2b515e66235c8b8ebcb4001a769091cb531a6373922e,2026-10-03T02:15:37Z
mecon_treasury_maturity_capital_row_28,2026-06-30,2027-08,monthly,capital,loans,detail,28,Avales,6.889520,million_usd,official_projection,mecon_quarterly_treasury_maturity_profile,https://www.argentina.gob.ar/sites/default/files/deuda_publica_30-06-2026_0.xlsx,e481f24585ef40b8ce7c2b515e66235c8b8ebcb4001a769091cb531a6373922e,2026-10-03T02:15:37Z
mecon_treasury_maturity_capital_row_30,2026-06-30,2027-08,monthly,capital,loans,detail,30,. En moneda extranjera,6.889520,million_usd,official_projection,mecon_quarterly_treasury_maturity_profile,https://www.argentina.gob.ar/sites/default/files/deuda_publica_30-06-2026_0.xlsx,e481f24585ef40b8ce7c2b515e66235c8b8ebcb4001a769091cb531a6373922e,2026-10-03T02:15:37Z
mecon_treasury_maturity_capital_bcra_advances,2026-06-30,2027-08,monthly,capital,bcra_advances,category,32,Adelantos transitorios BCRA,0.000000,million_usd,official_projection,mecon_quarterly_treasury_maturity_profile,https://www.argentina.gob.ar/sites/default/files/deuda_publica_30-06-2026_0.xlsx,e481f24585ef40b8ce7c2b515e66235c8b8ebcb4001a769091cb531a6373922e,2026-10-03T02:15:37Z
mecon_treasury_maturity_capital_securities,2026-06-30,2027-08,monthly,capital,securities,category,34,Títulos públicos y Letras del Tesoro,1093.911484,million_usd,official_projection,mecon_quarterly_treasury_maturity_profile,https://www.argentina.gob.ar/sites/default/files/deuda_publica_30-06-2026_0.xlsx,e481f24585ef40b8ce7c2b515e66235c8b8ebcb4001a769091cb531a6373922e,2026-10-03T02:15:37Z
mecon_treasury_maturity_capital_row_53,2026-06-30,2027-08,monthly,capital,securities,detail,53,"BONAR/$/6,72763943919512%/31-12-2028",0.249531,million_usd,official_projection,mecon_quarterly_treasury_maturity_profile,https://www.argentina.gob.ar/sites/default/files/deuda_publica_30-06-2026_0.xlsx,e481f24585ef40b8ce7c2b515e66235c8b8ebcb4001a769091cb531a6373922e,2026-10-03T02:15:37Z
mecon_treasury_maturity_capital_row_56,2026-06-30,2027-08,monthly,capital,securities,detail,56,BONTE/$/BADLAR+400PB/17-08-31,0.199034,million_usd,official_projection,mecon_quarterly_treasury_maturity_profile,https://www.argentina.gob.ar/sites/default/files/deuda_publica_30-06-2026_0.xlsx,e481f24585ef40b8ce7c2b515e66235c8b8ebcb4001a769091cb531a6373922e,2026-10-03T02:15:37Z
mecon_treasury_maturity_capital_row_82,2026-06-30,2027-08,monthly,capital,securities,detail,82,BONCAP/$/TAMAR+6%/31-08-2027,1088.257961,million_usd,official_projection,mecon_quarterly_treasury_maturity_profile,https://www.argentina.gob.ar/sites/default/files/deuda_publica_30-06-2026_0.xlsx,e481f24585ef40b8ce7c2b515e66235c8b8ebcb4001a769091cb531a6373922e,2026-10-03T02:15:37Z
mecon_treasury_maturity_capital_row_88,2026-06-30,2027-08,monthly,capital,securities,detail,88,OTROS (1),5.204960,million_usd,official_projection,mecon_quarterly_treasury_maturity_profile,https://www.argentina.gob.ar/sites/default/files/deuda_publica_30-06-2026_0.xlsx,e481f24585ef40b8ce7c2b515e66235c8b8ebcb4001a769091cb531a6373922e,2026-10-03T02:15:37Z
mecon_treasury_maturity_capital_row_89,2026-06-30,2027-08,monthly,capital,securities,detail,89,En moneda nacional,5.204960,million_usd,official_projection,mecon_quarterly_treasury_maturity_profile,https://www.argentina.gob.ar/sites/default/files/deuda_publica_30-06-2026_0.xlsx,e481f24585ef40b8ce7c2b515e66235c8b8ebcb4001a769091cb531a6373922e,2026-10-03T02:15:37Z
mecon_treasury_maturity_capital_row_92,2026-06-30,2027-08,monthly,capital,securities,detail,92,· No ajustable por CER,5.204960,million_usd,official_projection,mecon_quarterly_treasury_maturity_profile,https://www.argentina.gob.ar/sites/default/files/deuda_publica_30-06-2026_0.xlsx,e481f24585ef40b8ce7c2b515e66235c8b8ebcb4001a769091cb531a6373922e,2026-10-03T02:15:37Z
mecon_treasury_maturity_capital_row_93,2026-06-30,2027-08,monthly,capital,securities,detail,93,· Bonos de consolidación,5.204960,million_usd,official_projection,mecon_quarterly_treasury_maturity_profile,https://www.argentina.gob.ar/sites/default/files/deuda_publica_30-06-2026_0.xlsx,e481f24585ef40b8ce7c2b515e66235c8b8ebcb4001a769091cb531a6373922e,2026-10-03T02:15:37Z
mecon_treasury_maturity_capital_row_100,2026-06-30,2027-08,monthly,capital,securities,detail,100,TOTAL DEUDA DENOMINADA EN PESOS,1093.911484,million_usd,official_projection,mecon_quarterly_treasury_maturity_profile,https://www.argentina.gob.ar/sites/default/files/deuda_publica_30-06-2026_0.xlsx,e481f24585ef40b8ce7c2b515e66235c8b8ebcb4001a769091cb531a6373922e,2026-10-03T02:15:37Z
mecon_treasury_maturity_capital_row_102,2026-06-30,2027-08,monthly,capital,securities,detail,102,· Deuda no ajustable por CER,1093.911484,million_usd,official_projection,mecon_quarterly_treasury_maturity_profile,https://www.argentina.gob.ar/sites/default/files/deuda_publica_30-06-2026_0.xlsx,e481f24585ef40b8ce7c2b515e66235c8b8ebcb4001a769091cb531a6373922e,2026-10-03T02:15:37Z
mecon_treasury_maturity_capital_row_103,2026-06-30,2027-08,monthly,capital,securities,detail,103,TOTAL DEUDA EN MONEDA EXTRANJERA,97.985802,million_usd,official_projection,mecon_quarterly_treasury_maturity_profile,https://www.argentina.gob.ar/sites/default/files/deuda_publica_30-06-2026_0.xlsx,e481f24585ef40b8ce7c2b515e66235c8b8ebcb4001a769091cb531a6373922e,2026-10-03T02:15:37Z
mecon_treasury_maturity_interest_total,2026-06-30,2027-08,monthly,interest,total,total,13,Total,866.156423,million_usd,official_projection,mecon_quarterly_treasury_maturity_profile,https://www.argentina.gob.ar/sites/default/files/deuda_publica_30-06-2026_0.xlsx,e481f24585ef40b8ce7c2b515e66235c8b8ebcb4001a769091cb531a6373922e,2026-10-03T02:15:37Z
mecon_treasury_maturity_interest_row_15,2026-06-30,2027-08,monthly,interest,total,term,15,MEDIANO Y LARGO PLAZO,866.156423,million_usd,official_projection,mecon_quarterly_treasury_maturity_profile,https://www.argentina.gob.ar/sites/default/files/deuda_publica_30-06-2026_0.xlsx,e481f24585ef40b8ce7c2b515e66235c8b8ebcb4001a769091cb531a6373922e,2026-10-03T02:15:37Z
mecon_treasury_maturity_interest_loans,2026-06-30,2027-08,monthly,interest,loans,category,17,Préstamos,842.048870,million_usd,official_projection,mecon_quarterly_treasury_maturity_profile,https://www.argentina.gob.ar/sites/default/files/deuda_publica_30-06-2026_0.xlsx,e481f24585ef40b8ce7c2b515e66235c8b8ebcb4001a769091cb531a6373922e,2026-10-03T02:15:37Z
mecon_treasury_maturity_interest_row_18,2026-06-30,2027-08,monthly,interest,loans,detail,18,Organismos Internacionales,835.613993,million_usd,official_projection,mecon_quarterly_treasury_maturity_profile,https://www.argentina.gob.ar/sites/default/files/deuda_publica_30-06-2026_0.xlsx,e481f24585ef40b8ce7c2b515e66235c8b8ebcb4001a769091cb531a6373922e,2026-10-03T02:15:37Z
mecon_treasury_maturity_interest_row_19,2026-06-30,2027-08,monthly,interest,loans,detail,19,. BIRF,15.573028,million_usd,official_projection,mecon_quarterly_treasury_maturity_profile,https://www.argentina.gob.ar/sites/default/files/deuda_publica_30-06-2026_0.xlsx,e481f24585ef40b8ce7c2b515e66235c8b8ebcb4001a769091cb531a6373922e,2026-10-03T02:15:37Z
mecon_treasury_maturity_interest_row_20,2026-06-30,2027-08,monthly,interest,loans,detail,20,. BID,35.362346,million_usd,official_projection,mecon_quarterly_treasury_maturity_profile,https://www.argentina.gob.ar/sites/default/files/deuda_publica_30-06-2026_0.xlsx,e481f24585ef40b8ce7c2b515e66235c8b8ebcb4001a769091cb531a6373922e,2026-10-03T02:15:37Z
mecon_treasury_maturity_interest_row_21,2026-06-30,2027-08,monthly,interest,loans,detail,21,. FMI,765.754293,million_usd,official_projection,mecon_quarterly_treasury_maturity_profile,https://www.argentina.gob.ar/sites/default/files/deuda_publica_30-06-2026_0.xlsx,e481f24585ef40b8ce7c2b515e66235c8b8ebcb4001a769091cb531a6373922e,2026-10-03T02:15:37Z
mecon_treasury_maturity_interest_row_22,2026-06-30,2027-08,monthly,interest,loans,detail,22,. Otros,18.924326,million_usd,official_projection,mecon_quarterly_treasury_maturity_profile,https://www.argentina.gob.ar/sites/default/files/deuda_publica_30-06-2026_0.xlsx,e481f24585ef40b8ce7c2b515e66235c8b8ebcb4001a769091cb531a6373922e,2026-10-03T02:15:37Z
mecon_treasury_maturity_interest_row_23,2026-06-30,2027-08,monthly,interest,loans,detail,23,Préstamos Garantizados,4.594823,million_usd,official_projection,mecon_quarterly_treasury_maturity_profile,https://www.argentina.gob.ar/sites/default/files/deuda_publica_30-06-2026_0.xlsx,e481f24585ef40b8ce7c2b515e66235c8b8ebcb4001a769091cb531a6373922e,2026-10-03T02:15:37Z
mecon_treasury_maturity_interest_row_24,2026-06-30,2027-08,monthly,interest,loans,detail,24,. En moneda nacional ajustable por CER,4.594823,million_usd,official_projection,mecon_quarterly_treasury_maturity_profile,https://www.argentina.gob.ar/sites/default/files/deuda_publica_30-06-2026_0.xlsx,e481f24585ef40b8ce7c2b515e66235c8b8ebcb4001a769091cb531a6373922e,2026-10-03T02:15:37Z
mecon_treasury_maturity_interest_row_27,2026-06-30,2027-08,monthly,interest,loans,detail,27,Organismos Oficiales,1.689939,million_usd,official_projection,mecon_quarterly_treasury_maturity_profile,https://www.argentina.gob.ar/sites/default/files/deuda_publica_30-06-2026_0.xlsx,e481f24585ef40b8ce7c2b515e66235c8b8ebcb4001a769091cb531a6373922e,2026-10-03T02:15:37Z
mecon_treasury_maturity_interest_row_31,2026-06-30,2027-08,monthly,interest,loans,detail,31,Avales,0.150116,million_usd,official_projection,mecon_quarterly_treasury_maturity_profile,https://www.argentina.gob.ar/sites/default/files/deuda_publica_30-06-2026_0.xlsx,e481f24585ef40b8ce7c2b515e66235c8b8ebcb4001a769091cb531a6373922e,2026-10-03T02:15:37Z
mecon_treasury_maturity_interest_row_33,2026-06-30,2027-08,monthly,interest,loans,detail,33,. En moneda extranjera,0.150116,million_usd,official_projection,mecon_quarterly_treasury_maturity_profile,https://www.argentina.gob.ar/sites/default/files/deuda_publica_30-06-2026_0.xlsx,e481f24585ef40b8ce7c2b515e66235c8b8ebcb4001a769091cb531a6373922e,2026-10-03T02:15:37Z
mecon_treasury_maturity_interest_securities,2026-06-30,2027-08,monthly,interest,securities,category,35,Títulos públicos y Letras del Tesoro,24.107553,million_usd,official_projection,mecon_quarterly_treasury_maturity_profile,https://www.argentina.gob.ar/sites/default/files/deuda_publica_30-06-2026_0.xlsx,e481f24585ef40b8ce7c2b515e66235c8b8ebcb4001a769091cb531a6373922e,2026-10-03T02:15:37Z
mecon_treasury_maturity_interest_row_56,2026-06-30,2027-08,monthly,interest,securities,detail,56,"BONAR/$/6,72763943919512%/31-12-2028",0.024880,million_usd,official_projection,mecon_quarterly_treasury_maturity_profile,https://www.argentina.gob.ar/sites/default/files/deuda_publica_30-06-2026_0.xlsx,e481f24585ef40b8ce7c2b515e66235c8b8ebcb4001a769091cb531a6373922e,2026-10-03T02:15:37Z
mecon_treasury_maturity_interest_row_58,2026-06-30,2027-08,monthly,interest,securities,detail,58,BONAR/U$S/6%/29-10-2027,10.001852,million_usd,official_projection,mecon_quarterly_treasury_maturity_profile,https://www.argentina.gob.ar/sites/default/files/deuda_publica_30-06-2026_0.xlsx,e481f24585ef40b8ce7c2b515e66235c8b8ebcb4001a769091cb531a6373922e,2026-10-03T02:15:37Z
mecon_treasury_maturity_interest_row_59,2026-06-30,2027-08,monthly,interest,securities,detail,59,BONAR/U$S/6%/31-10-2028,10.001848,million_usd,official_projection,mecon_quarterly_treasury_maturity_profile,https://www.argentina.gob.ar/sites/default/files/deuda_publica_30-06-2026_0.xlsx,e481f24585ef40b8ce7c2b515e66235c8b8ebcb4001a769091cb531a6373922e,2026-10-03T02:15:37Z
mecon_treasury_maturity_interest_row_84,2026-06-30,2027-08,monthly,interest,securities,detail,84,BONTE/$/BADLAR/23-11-2027,1.222411,million_usd,official_projection,mecon_quarterly_treasury_maturity_profile,https://www.argentina.gob.ar/sites/default/files/deuda_publica_30-06-2026_0.xlsx,e481f24585ef40b8ce7c2b515e66235c8b8ebcb4001a769091cb531a6373922e,2026-10-03T02:15:37Z
mecon_treasury_maturity_interest_row_86,2026-06-30,2027-08,monthly,interest,securities,detail,86,BONTE/$/BADLAR+400PB/17-08-31,0.213198,million_usd,official_projection,mecon_quarterly_treasury_maturity_profile,https://www.argentina.gob.ar/sites/default/files/deuda_publica_30-06-2026_0.xlsx,e481f24585ef40b8ce7c2b515e66235c8b8ebcb4001a769091cb531a6373922e,2026-10-03T02:15:37Z
mecon_treasury_maturity_interest_row_92,2026-06-30,2027-08,monthly,interest,securities,detail,92,OTROS (1),2.643363,million_usd,official_projection,mecon_quarterly_treasury_maturity_profile,https://www.argentina.gob.ar/sites/default/files/deuda_publica_30-06-2026_0.xlsx,e481f24585ef40b8ce7c2b515e66235c8b8ebcb4001a769091cb531a6373922e,2026-10-03T02:15:37Z
mecon_treasury_maturity_interest_row_93,2026-06-30,2027-08,monthly,interest,securities,detail,93,. En moneda nacional,2.643363,million_usd,official_projection,mecon_quarterly_treasury_maturity_profile,https://www.argentina.gob.ar/sites/default/files/deuda_publica_30-06-2026_0.xlsx,e481f24585ef40b8ce7c2b515e66235c8b8ebcb4001a769091cb531a6373922e,2026-10-03T02:15:37Z
mecon_treasury_maturity_interest_row_96,2026-06-30,2027-08,monthly,interest,securities,detail,96,· No ajustable por CER,2.643363,million_usd,official_projection,mecon_quarterly_treasury_maturity_profile,https://www.argentina.gob.ar/sites/default/files/deuda_publica_30-06-2026_0.xlsx,e481f24585ef40b8ce7c2b515e66235c8b8ebcb4001a769091cb531a6373922e,2026-10-03T02:15:37Z
mecon_treasury_maturity_interest_row_97,2026-06-30,2027-08,monthly,interest,securities,detail,97,· Bonos de consolidación,2.643363,million_usd,official_projection,mecon_quarterly_treasury_maturity_profile,https://www.argentina.gob.ar/sites/default/files/deuda_publica_30-06-2026_0.xlsx,e481f24585ef40b8ce7c2b515e66235c8b8ebcb4001a769091cb531a6373922e,2026-10-03T02:15:37Z
mecon_treasury_maturity_interest_row_101,2026-06-30,2027-08,monthly,interest,securities,detail,101,TOTAL DEUDA DENOMINADA EN PESOS,8.698675,million_usd,official_projection,mecon_quarterly_treasury_maturity_profile,https://www.argentina.gob.ar/sites/default/files/deuda_publica_30-06-2026_0.xlsx,e481f24585ef40b8ce7c2b515e66235c8b8ebcb4001a769091cb531a6373922e,2026-10-03T02:15:37Z
mecon_treasury_maturity_interest_row_102,2026-06-30,2027-08,monthly,interest,securities,detail,102,· Deuda ajustable por CER,4.594823,million_usd,official_projection,mecon_quarterly_treasury_maturity_profile,https://www.argentina.gob.ar/sites/default/files/deuda_publica_30-06-2026_0.xlsx,e481f24585ef40b8ce7c2b515e66235c8b8ebcb4001a769091cb531a6373922e,2026-10-03T02:15:37Z
mecon_treasury_maturity_interest_row_103,2026-06-30,2027-08,monthly,interest,securities,detail,103,· Deuda no ajustable por CER,4.103852,million_usd,official_projection,mecon_quarterly_treasury_maturity_profile,https://www.argentina.gob.ar/sites/default/files/deuda_publica_30-06-2026_0.xlsx,e481f24585ef40b8ce7c2b515e66235c8b8ebcb4001a769091cb531a6373922e,2026-10-03T02:15:37Z
mecon_treasury_maturity_interest_row_104,2026-06-30,2027-08,monthly,interest,securities,detail,104,TOTAL DEUDA EN MONEDA EXTRANJERA,857.457748,million_usd,official_projection,mecon_quarterly_treasury_maturity_profile,https://www.argentina.gob.ar/sites/default/files/deuda_publica_30-06-2026_0.xlsx,e481f24585ef40b8ce7c2b515e66235c8b8ebcb4001a769091cb531a6373922e,2026-10-03T02:15:37Z
mecon_treasury_maturity_capital_total,2026-06-30,2027-09,monthly,capital,total,total,13,Total,4407.927267,million_usd,official_projection,mecon_quarterly_treasury_maturity_profile,https://www.argentina.gob.ar/sites/default/files/deuda_publica_30-06-2026_0.xlsx,e481f24585ef40b8ce7c2b515e66235c8b8ebcb4001a769091cb531a6373922e,2026-10-03T02:15:37Z
mecon_treasury_maturity_capital_row_15,2026-06-30,2027-09,monthly,capital,total,term,15,MEDIANO Y LARGO PLAZO,4407.927267,million_usd,official_projection,mecon_quarterly_treasury_maturity_profile,https://www.argentina.gob.ar/sites/default/files/deuda_publica_30-06-2026_0.xlsx,e481f24585ef40b8ce7c2b515e66235c8b8ebcb4001a769091cb531a6373922e,2026-10-03T02:15:37Z
mecon_treasury_maturity_capital_loans,2026-06-30,2027-09,monthly,capital,loans,category,17,Préstamos,2018.489584,million_usd,official_projection,mecon_quarterly_treasury_maturity_profile,https://www.argentina.gob.ar/sites/default/files/deuda_publica_30-06-2026_0.xlsx,e481f24585ef40b8ce7c2b515e66235c8b8ebcb4001a769091cb531a6373922e,2026-10-03T02:15:37Z
mecon_treasury_maturity_capital_row_18,2026-06-30,2027-09,monthly,capital,loans,detail,18,Organismos Internacionales,1655.086594,million_usd,official_projection,mecon_quarterly_treasury_maturity_profile,https://www.argentina.gob.ar/sites/default/files/deuda_publica_30-06-2026_0.xlsx,e481f24585ef40b8ce7c2b515e66235c8b8ebcb4001a769091cb531a6373922e,2026-10-03T02:15:37Z
mecon_treasury_maturity_capital_row_19,2026-06-30,2027-09,monthly,capital,loans,detail,19,. BIRF,71.214452,million_usd,official_projection,mecon_quarterly_treasury_maturity_profile,https://www.argentina.gob.ar/sites/default/files/deuda_publica_30-06-2026_0.xlsx,e481f24585ef40b8ce7c2b515e66235c8b8ebcb4001a769091cb531a6373922e,2026-10-03T02:15:37Z
mecon_treasury_maturity_capital_row_20,2026-06-30,2027-09,monthly,capital,loans,detail,20,. BID,262.871477,million_usd,official_projection,mecon_quarterly_treasury_maturity_profile,https://www.argentina.gob.ar/sites/default/files/deuda_publica_30-06-2026_0.xlsx,e481f24585ef40b8ce7c2b515e66235c8b8ebcb4001a769091cb531a6373922e,2026-10-03T02:15:37Z
mecon_treasury_maturity_capital_row_21,2026-06-30,2027-09,monthly,capital,loans,detail,21,. FMI,1243.106409,million_usd,official_projection,mecon_quarterly_treasury_maturity_profile,https://www.argentina.gob.ar/sites/default/files/deuda_publica_30-06-2026_0.xlsx,e481f24585ef40b8ce7c2b515e66235c8b8ebcb4001a769091cb531a6373922e,2026-10-03T02:15:37Z
mecon_treasury_maturity_capital_row_22,2026-06-30,2027-09,monthly,capital,loans,detail,22,. Otros,77.894256,million_usd,official_projection,mecon_quarterly_treasury_maturity_profile,https://www.argentina.gob.ar/sites/default/files/deuda_publica_30-06-2026_0.xlsx,e481f24585ef40b8ce7c2b515e66235c8b8ebcb4001a769091cb531a6373922e,2026-10-03T02:15:37Z
mecon_treasury_maturity_capital_row_23,2026-06-30,2027-09,monthly,capital,loans,detail,23,Préstamos Garantizados,217.954518,million_usd,official_projection,mecon_quarterly_treasury_maturity_profile,https://www.argentina.gob.ar/sites/default/files/deuda_publica_30-06-2026_0.xlsx,e481f24585ef40b8ce7c2b515e66235c8b8ebcb4001a769091cb531a6373922e,2026-10-03T02:15:37Z
mecon_treasury_maturity_capital_row_24,2026-06-30,2027-09,monthly,capital,loans,detail,24,. En moneda nacional ajustable por CER,217.954518,million_usd,official_projection,mecon_quarterly_treasury_maturity_profile,https://www.argentina.gob.ar/sites/default/files/deuda_publica_30-06-2026_0.xlsx,e481f24585ef40b8ce7c2b515e66235c8b8ebcb4001a769091cb531a6373922e,2026-10-03T02:15:37Z
mecon_treasury_maturity_capital_row_27,2026-06-30,2027-09,monthly,capital,loans,detail,27,Organismos Oficiales,138.558951,million_usd,official_projection,mecon_quarterly_treasury_maturity_profile,https://www.argentina.gob.ar/sites/default/files/deuda_publica_30-06-2026_0.xlsx,e481f24585ef40b8ce7c2b515e66235c8b8ebcb4001a769091cb531a6373922e,2026-10-03T02:15:37Z
mecon_treasury_maturity_capital_row_28,2026-06-30,2027-09,monthly,capital,loans,detail,28,Avales,6.889520,million_usd,official_projection,mecon_quarterly_treasury_maturity_profile,https://www.argentina.gob.ar/sites/default/files/deuda_publica_30-06-2026_0.xlsx,e481f24585ef40b8ce7c2b515e66235c8b8ebcb4001a769091cb531a6373922e,2026-10-03T02:15:37Z
mecon_treasury_maturity_capital_row_30,2026-06-30,2027-09,monthly,capital,loans,detail,30,. En moneda extranjera,6.889520,million_usd,official_projection,mecon_quarterly_treasury_maturity_profile,https://www.argentina.gob.ar/sites/default/files/deuda_publica_30-06-2026_0.xlsx,e481f24585ef40b8ce7c2b515e66235c8b8ebcb4001a769091cb531a6373922e,2026-10-03T02:15:37Z
mecon_treasury_maturity_capital_bcra_advances,2026-06-30,2027-09,monthly,capital,bcra_advances,category,32,Adelantos transitorios BCRA,0.000000,million_usd,official_projection,mecon_quarterly_treasury_maturity_profile,https://www.argentina.gob.ar/sites/default/files/deuda_publica_30-06-2026_0.xlsx,e481f24585ef40b8ce7c2b515e66235c8b8ebcb4001a769091cb531a6373922e,2026-10-03T02:15:37Z
mecon_treasury_maturity_capital_securities,2026-06-30,2027-09,monthly,capital,securities,category,34,Títulos públicos y Letras del Tesoro,2389.437683,million_usd,official_projection,mecon_quarterly_treasury_maturity_profile,https://www.argentina.gob.ar/sites/default/files/deuda_publica_30-06-2026_0.xlsx,e481f24585ef40b8ce7c2b515e66235c8b8ebcb4001a769091cb531a6373922e,2026-10-03T02:15:37Z
mecon_treasury_maturity_capital_row_53,2026-06-30,2027-09,monthly,capital,securities,detail,53,"BONAR/$/6,72763943919512%/31-12-2028",0.250929,million_usd,official_projection,mecon_quarterly_treasury_maturity_profile,https://www.argentina.gob.ar/sites/default/files/deuda_publica_30-06-2026_0.xlsx,e481f24585ef40b8ce7c2b515e66235c8b8ebcb4001a769091cb531a6373922e,2026-10-03T02:15:37Z
mecon_treasury_maturity_capital_row_72,2026-06-30,2027-09,monthly,capital,securities,detail,72,BONCER/$/0%+CER/30-09-2027,2388.650753,million_usd,official_projection,mecon_quarterly_treasury_maturity_profile,https://www.argentina.gob.ar/sites/default/files/deuda_publica_30-06-2026_0.xlsx,e481f24585ef40b8ce7c2b515e66235c8b8ebcb4001a769091cb531a6373922e,2026-10-03T02:15:37Z
mecon_treasury_maturity_capital_row_88,2026-06-30,2027-09,monthly,capital,securities,detail,88,OTROS (1),0.536000,million_usd,official_projection,mecon_quarterly_treasury_maturity_profile,https://www.argentina.gob.ar/sites/default/files/deuda_publica_30-06-2026_0.xlsx,e481f24585ef40b8ce7c2b515e66235c8b8ebcb4001a769091cb531a6373922e,2026-10-03T02:15:37Z
mecon_treasury_maturity_capital_row_95,2026-06-30,2027-09,monthly,capital,securities,detail,95,En moneda extranjera,0.536000,million_usd,official_projection,mecon_quarterly_treasury_maturity_profile,https://www.argentina.gob.ar/sites/default/files/deuda_publica_30-06-2026_0.xlsx,e481f24585ef40b8ce7c2b515e66235c8b8ebcb4001a769091cb531a6373922e,2026-10-03T02:15:37Z
mecon_treasury_maturity_capital_row_97,2026-06-30,2027-09,monthly,capital,securities,detail,97,· Otros,0.536000,million_usd,official_projection,mecon_quarterly_treasury_maturity_profile,https://www.argentina.gob.ar/sites/default/files/deuda_publica_30-06-2026_0.xlsx,e481f24585ef40b8ce7c2b515e66235c8b8ebcb4001a769091cb531a6373922e,2026-10-03T02:15:37Z
mecon_treasury_maturity_capital_row_100,2026-06-30,2027-09,monthly,capital,securities,detail,100,TOTAL DEUDA DENOMINADA EN PESOS,2606.856201,million_usd,official_projection,mecon_quarterly_treasury_maturity_profile,https://www.argentina.gob.ar/sites/default/files/deuda_publica_30-06-2026_0.xlsx,e481f24585ef40b8ce7c2b515e66235c8b8ebcb4001a769091cb531a6373922e,2026-10-03T02:15:37Z
mecon_treasury_maturity_capital_row_101,2026-06-30,2027-09,monthly,capital,securities,detail,101,· Deuda ajustable por CER,2606.605272,million_usd,official_projection,mecon_quarterly_treasury_maturity_profile,https://www.argentina.gob.ar/sites/default/files/deuda_publica_30-06-2026_0.xlsx,e481f24585ef40b8ce7c2b515e66235c8b8ebcb4001a769091cb531a6373922e,2026-10-03T02:15:37Z
mecon_treasury_maturity_capital_row_102,2026-06-30,2027-09,monthly,capital,securities,detail,102,· Deuda no ajustable por CER,0.250929,million_usd,official_projection,mecon_quarterly_treasury_maturity_profile,https://www.argentina.gob.ar/sites/default/files/deuda_publica_30-06-2026_0.xlsx,e481f24585ef40b8ce7c2b515e66235c8b8ebcb4001a769091cb531a6373922e,2026-10-03T02:15:37Z
mecon_treasury_maturity_capital_row_103,2026-06-30,2027-09,monthly,capital,securities,detail,103,TOTAL DEUDA EN MONEDA EXTRANJERA,1801.071066,million_usd,official_projection,mecon_quarterly_treasury_maturity_profile,https://www.argentina.gob.ar/sites/default/files/deuda_publica_30-06-2026_0.xlsx,e481f24585ef40b8ce7c2b515e66235c8b8ebcb4001a769091cb531a6373922e,2026-10-03T02:15:37Z
mecon_treasury_maturity_interest_total,2026-06-30,2027-09,monthly,interest,total,total,13,Total,330.096043,million_usd,official_projection,mecon_quarterly_treasury_maturity_profile,https://www.argentina.gob.ar/sites/default/files/deuda_publica_30-06-2026_0.xlsx,e481f24585ef40b8ce7c2b515e66235c8b8ebcb4001a769091cb531a6373922e,2026-10-03T02:15:37Z
mecon_treasury_maturity_interest_row_15,2026-06-30,2027-09,monthly,interest,total,term,15,MEDIANO Y LARGO PLAZO,330.096043,million_usd,official_projection,mecon_quarterly_treasury_maturity_profile,https://www.argentina.gob.ar/sites/default/files/deuda_publica_30-06-2026_0.xlsx,e481f24585ef40b8ce7c2b515e66235c8b8ebcb4001a769091cb531a6373922e,2026-10-03T02:15:37Z
mecon_treasury_maturity_interest_loans,2026-06-30,2027-09,monthly,interest,loans,category,17,Préstamos,247.901098,million_usd,official_projection,mecon_quarterly_treasury_maturity_profile,https://www.argentina.gob.ar/sites/default/files/deuda_publica_30-06-2026_0.xlsx,e481f24585ef40b8ce7c2b515e66235c8b8ebcb4001a769091cb531a6373922e,2026-10-03T02:15:37Z
mecon_treasury_maturity_interest_row_18,2026-06-30,2027-09,monthly,interest,loans,detail,18,Organismos Internacionales,227.953468,million_usd,official_projection,mecon_quarterly_treasury_maturity_profile,https://www.argentina.gob.ar/sites/default/files/deuda_publica_30-06-2026_0.xlsx,e481f24585ef40b8ce7c2b515e66235c8b8ebcb4001a769091cb531a6373922e,2026-10-03T02:15:37Z
mecon_treasury_maturity_interest_row_19,2026-06-30,2027-09,monthly,interest,loans,detail,19,. BIRF,61.239654,million_usd,official_projection,mecon_quarterly_treasury_maturity_profile,https://www.argentina.gob.ar/sites/default/files/deuda_publica_30-06-2026_0.xlsx,e481f24585ef40b8ce7c2b515e66235c8b8ebcb4001a769091cb531a6373922e,2026-10-03T02:15:37Z
mecon_treasury_maturity_interest_row_20,2026-06-30,2027-09,monthly,interest,loans,detail,20,. BID,109.924101,million_usd,official_projection,mecon_quarterly_treasury_maturity_profile,https://www.argentina.gob.ar/sites/default/files/deuda_publica_30-06-2026_0.xlsx,e481f24585ef40b8ce7c2b515e66235c8b8ebcb4001a769091cb531a6373922e,2026-10-03T02:15:37Z
mecon_treasury_maturity_interest_row_22,2026-06-30,2027-09,monthly,interest,loans,detail,22,. Otros,56.789713,million_usd,official_projection,mecon_quarterly_treasury_maturity_profile,https://www.argentina.gob.ar/sites/default/files/deuda_publica_30-06-2026_0.xlsx,e481f24585ef40b8ce7c2b515e66235c8b8ebcb4001a769091cb531a6373922e,2026-10-03T02:15:37Z
mecon_treasury_maturity_interest_row_23,2026-06-30,2027-09,monthly,interest,loans,detail,23,Préstamos Garantizados,4.594823,million_usd,official_projection,mecon_quarterly_treasury_maturity_profile,https://www.argentina.gob.ar/sites/default/files/deuda_publica_30-06-2026_0.xlsx,e481f24585ef40b8ce7c2b515e66235c8b8ebcb4001a769091cb531a6373922e,2026-10-03T02:15:37Z
mecon_treasury_maturity_interest_row_24,2026-06-30,2027-09,monthly,interest,loans,detail,24,. En moneda nacional ajustable por CER,4.594823,million_usd,official_projection,mecon_quarterly_treasury_maturity_profile,https://www.argentina.gob.ar/sites/default/files/deuda_publica_30-06-2026_0.xlsx,e481f24585ef40b8ce7c2b515e66235c8b8ebcb4001a769091cb531a6373922e,2026-10-03T02:15:37Z
mecon_treasury_maturity_interest_row_27,2026-06-30,2027-09,monthly,interest,loans,detail,27,Organismos Oficiales,10.441406,million_usd,official_projection,mecon_quarterly_treasury_maturity_profile,https://www.argentina.gob.ar/sites/default/files/deuda_publica_30-06-2026_0.xlsx,e481f24585ef40b8ce7c2b515e66235c8b8ebcb4001a769091cb531a6373922e,2026-10-03T02:15:37Z
mecon_treasury_maturity_interest_row_28,2026-06-30,2027-09,monthly,interest,loans,detail,28,Pagarés del Tesoro,4.801293,million_usd,official_projection,mecon_quarterly_treasury_maturity_profile,https://www.argentina.gob.ar/sites/default/files/deuda_publica_30-06-2026_0.xlsx,e481f24585ef40b8ce7c2b515e66235c8b8ebcb4001a769091cb531a6373922e,2026-10-03T02:15:37Z
mecon_treasury_maturity_interest_row_29,2026-06-30,2027-09,monthly,interest,loans,detail,29,. En moneda nacional ajustable por CER,4.801293,million_usd,official_projection,mecon_quarterly_treasury_maturity_profile,https://www.argentina.gob.ar/sites/default/files/deuda_publica_30-06-2026_0.xlsx,e481f24585ef40b8ce7c2b515e66235c8b8ebcb4001a769091cb531a6373922e,2026-10-03T02:15:37Z
mecon_treasury_maturity_interest_row_30,2026-06-30,2027-09,monthly,interest,loans,detail,30,Pagaré 2038 - B.N.A.,4.801293,million_usd,official_projection,mecon_quarterly_treasury_maturity_profile,https://www.argentina.gob.ar/sites/default/files/deuda_publica_30-06-2026_0.xlsx,e481f24585ef40b8ce7c2b515e66235c8b8ebcb4001a769091cb531a6373922e,2026-10-03T02:15:37Z
mecon_treasury_maturity_interest_row_31,2026-06-30,2027-09,monthly,interest,loans,detail,31,Avales,0.110109,million_usd,official_projection,mecon_quarterly_treasury_maturity_profile,https://www.argentina.gob.ar/sites/default/files/deuda_publica_30-06-2026_0.xlsx,e481f24585ef40b8ce7c2b515e66235c8b8ebcb4001a769091cb531a6373922e,2026-10-03T02:15:37Z
mecon_treasury_maturity_interest_row_33,2026-06-30,2027-09,monthly,interest,loans,detail,33,. En moneda extranjera,0.110109,million_usd,official_projection,mecon_quarterly_treasury_maturity_profile,https://www.argentina.gob.ar/sites/default/files/deuda_publica_30-06-2026_0.xlsx,e481f24585ef40b8ce7c2b515e66235c8b8ebcb4001a769091cb531a6373922e,2026-10-03T02:15:37Z
mecon_treasury_maturity_interest_securities,2026-06-30,2027-09,monthly,interest,securities,category,35,Títulos públicos y Letras del Tesoro,82.194945,million_usd,official_projection,mecon_quarterly_treasury_maturity_profile,https://www.argentina.gob.ar/sites/default/files/deuda_publica_30-06-2026_0.xlsx,e481f24585ef40b8ce7c2b515e66235c8b8ebcb4001a769091cb531a6373922e,2026-10-03T02:15:37Z
mecon_treasury_maturity_interest_row_36,2026-06-30,2027-09,monthly,interest,securities,detail,36,PAR,21.308136,million_usd,official_projection,mecon_quarterly_treasury_maturity_profile,https://www.argentina.gob.ar/sites/default/files/deuda_publica_30-06-2026_0.xlsx,e481f24585ef40b8ce7c2b515e66235c8b8ebcb4001a769091cb531a6373922e,2026-10-03T02:15:37Z
mecon_treasury_maturity_interest_row_37,2026-06-30,2027-09,monthly,interest,securities,detail,37,Par/$+CER/T.Fija/2038,9.293964,million_usd,official_projection,mecon_quarterly_treasury_maturity_profile,https://www.argentina.gob.ar/sites/default/files/deuda_publica_30-06-2026_0.xlsx,e481f24585ef40b8ce7c2b515e66235c8b8ebcb4001a769091cb531a6373922e,2026-10-03T02:15:37Z
mecon_treasury_maturity_interest_row_38,2026-06-30,2027-09,monthly,interest,securities,detail,38,Emisión Canje 2005,9.257148,million_usd,official_projection,mecon_quarterly_treasury_maturity_profile,https://www.argentina.gob.ar/sites/default/files/deuda_publica_30-06-2026_0.xlsx,e481f24585ef40b8ce7c2b515e66235c8b8ebcb4001a769091cb531a6373922e,2026-10-03T02:15:37Z
mecon_treasury_maturity_interest_row_39,2026-06-30,2027-09,monthly,interest,securities,detail,39,Emisión Canje 2010,0.036816,million_usd,official_projection,mecon_quarterly_treasury_maturity_profile,https://www.argentina.gob.ar/sites/default/files/deuda_publica_30-06-2026_0.xlsx,e481f24585ef40b8ce7c2b515e66235c8b8ebcb4001a769091cb531a6373922e,2026-10-03T02:15:37Z
mecon_treasury_maturity_interest_row_40,2026-06-30,2027-09,monthly,interest,securities,detail,40,Par/U$S/T.Fija/2038,0.671617,million_usd,official_projection,mecon_quarterly_treasury_maturity_profile,https://www.argentina.gob.ar/sites/default/files/deuda_publica_30-06-2026_0.xlsx,e481f24585ef40b8ce7c2b515e66235c8b8ebcb4001a769091cb531a6373922e,2026-10-03T02:15:37Z
mecon_treasury_maturity_interest_row_41,2026-06-30,2027-09,monthly,interest,securities,detail,41,Emisión Canje 2010,0.671617,million_usd,official_projection,mecon_quarterly_treasury_maturity_profile,https://www.argentina.gob.ar/sites/default/files/deuda_publica_30-06-2026_0.xlsx,e481f24585ef40b8ce7c2b515e66235c8b8ebcb4001a769091cb531a6373922e,2026-10-03T02:15:37Z
mecon_treasury_maturity_interest_row_42,2026-06-30,2027-09,monthly,interest,securities,detail,42,Leg. Nueva York,0.671617,million_usd,official_projection,mecon_quarterly_treasury_maturity_profile,https://www.argentina.gob.ar/sites/default/files/deuda_publica_30-06-2026_0.xlsx,e481f24585ef40b8ce7c2b515e66235c8b8ebcb4001a769091cb531a6373922e,2026-10-03T02:15:37Z
mecon_treasury_maturity_interest_row_43,2026-06-30,2027-09,monthly,interest,securities,detail,43,Par/EUR/T.Fija/2038,10.969058,million_usd,official_projection,mecon_quarterly_treasury_maturity_profile,https://www.argentina.gob.ar/sites/default/files/deuda_publica_30-06-2026_0.xlsx,e481f24585ef40b8ce7c2b515e66235c8b8ebcb4001a769091cb531a6373922e,2026-10-03T02:15:37Z
mecon_treasury_maturity_interest_row_44,2026-06-30,2027-09,monthly,interest,securities,detail,44,Emisión Canje 2010,10.969058,million_usd,official_projection,mecon_quarterly_treasury_maturity_profile,https://www.argentina.gob.ar/sites/default/files/deuda_publica_30-06-2026_0.xlsx,e481f24585ef40b8ce7c2b515e66235c8b8ebcb4001a769091cb531a6373922e,2026-10-03T02:15:37Z
mecon_treasury_maturity_interest_row_45,2026-06-30,2027-09,monthly,interest,securities,detail,45,Par/JPY/T.Fija/2038,0.373497,million_usd,official_projection,mecon_quarterly_treasury_maturity_profile,https://www.argentina.gob.ar/sites/default/files/deuda_publica_30-06-2026_0.xlsx,e481f24585ef40b8ce7c2b515e66235c8b8ebcb4001a769091cb531a6373922e,2026-10-03T02:15:37Z
mecon_treasury_maturity_interest_row_46,2026-06-30,2027-09,monthly,interest,securities,detail,46,Emisión Canje 2005,0.355895,million_usd,official_projection,mecon_quarterly_treasury_maturity_profile,https://www.argentina.gob.ar/sites/default/files/deuda_publica_30-06-2026_0.xlsx,e481f24585ef40b8ce7c2b515e66235c8b8ebcb4001a769091cb531a6373922e,2026-10-03T02:15:37Z
mecon_treasury_maturity_interest_row_47,2026-06-30,2027-09,monthly,interest,securities,detail,47,Emisión Canje 2010,0.017602,million_usd,official_projection,mecon_quarterly_treasury_maturity_profile,https://www.argentina.gob.ar/sites/default/files/deuda_publica_30-06-2026_0.xlsx,e481f24585ef40b8ce7c2b515e66235c8b8ebcb4001a769091cb531a6373922e,2026-10-03T02:15:37Z
mecon_treasury_maturity_interest_row_56,2026-06-30,2027-09,monthly,interest,securities,detail,56,"BONAR/$/6,72763943919512%/31-12-2028",0.023481,million_usd,official_projection,mecon_quarterly_treasury_maturity_profile,https://www.argentina.gob.ar/sites/default/files/deuda_publica_30-06-2026_0.xlsx,e481f24585ef40b8ce7c2b515e66235c8b8ebcb4001a769091cb531a6373922e,2026-10-03T02:15:37Z
mecon_treasury_maturity_interest_row_57,2026-06-30,2027-09,monthly,interest,securities,detail,57,BONAR DUAL 2036/DLK/29-09-2036,9.613117,million_usd,official_projection,mecon_quarterly_treasury_maturity_profile,https://www.argentina.gob.ar/sites/default/files/deuda_publica_30-06-2026_0.xlsx,e481f24585ef40b8ce7c2b515e66235c8b8ebcb4001a769091cb531a6373922e,2026-10-03T02:15:37Z
mecon_treasury_maturity_interest_row_58,2026-06-30,2027-09,monthly,interest,securities,detail,58,BONAR/U$S/6%/29-10-2027,10.001852,million_usd,official_projection,mecon_quarterly_treasury_maturity_profile,https://www.argentina.gob.ar/sites/default/files/deuda_publica_30-06-2026_0.xlsx,e481f24585ef40b8ce7c2b515e66235c8b8ebcb4001a769091cb531a6373922e,2026-10-03T02:15:37Z
mecon_treasury_maturity_interest_row_59,2026-06-30,2027-09,monthly,interest,securities,detail,59,BONAR/U$S/6%/31-10-2028,10.001848,million_usd,official_projection,mecon_quarterly_treasury_maturity_profile,https://www.argentina.gob.ar/sites/default/files/deuda_publica_30-06-2026_0.xlsx,e481f24585ef40b8ce7c2b515e66235c8b8ebcb4001a769091cb531a6373922e,2026-10-03T02:15:37Z
mecon_treasury_maturity_interest_row_88,2026-06-30,2027-09,monthly,interest,securities,detail,88,LETRA INTRANSFERIBLE - BCRA,31.220381,million_usd,official_projection,mecon_quarterly_treasury_maturity_profile,https://www.argentina.gob.ar/sites/default/files/deuda_publica_30-06-2026_0.xlsx,e481f24585ef40b8ce7c2b515e66235c8b8ebcb4001a769091cb531a6373922e,2026-10-03T02:15:37Z
mecon_treasury_maturity_interest_row_92,2026-06-30,2027-09,monthly,interest,securities,detail,92,OTROS (1),0.026130,million_usd,official_projection,mecon_quarterly_treasury_maturity_profile,https://www.argentina.gob.ar/sites/default/files/deuda_publica_30-06-2026_0.xlsx,e481f24585ef40b8ce7c2b515e66235c8b8ebcb4001a769091cb531a6373922e,2026-10-03T02:15:37Z
mecon_treasury_maturity_interest_row_98,2026-06-30,2027-09,monthly,interest,securities,detail,98,. En moneda extranjera,0.026130,million_usd,official_projection,mecon_quarterly_treasury_maturity_profile,https://www.argentina.gob.ar/sites/default/files/deuda_publica_30-06-2026_0.xlsx,e481f24585ef40b8ce7c2b515e66235c8b8ebcb4001a769091cb531a6373922e,2026-10-03T02:15:37Z
mecon_treasury_maturity_interest_row_99,2026-06-30,2027-09,monthly,interest,securities,detail,99,· Otros,0.026130,million_usd,official_projection,mecon_quarterly_treasury_maturity_profile,https://www.argentina.gob.ar/sites/default/files/deuda_publica_30-06-2026_0.xlsx,e481f24585ef40b8ce7c2b515e66235c8b8ebcb4001a769091cb531a6373922e,2026-10-03T02:15:37Z
mecon_treasury_maturity_interest_row_101,2026-06-30,2027-09,monthly,interest,securities,detail,101,TOTAL DEUDA DENOMINADA EN PESOS,28.326677,million_usd,official_projection,mecon_quarterly_treasury_maturity_profile,https://www.argentina.gob.ar/sites/default/files/deuda_publica_30-06-2026_0.xlsx,e481f24585ef40b8ce7c2b515e66235c8b8ebcb4001a769091cb531a6373922e,2026-10-03T02:15:37Z
mecon_treasury_maturity_interest_row_102,2026-06-30,2027-09,monthly,interest,securities,detail,102,· Deuda ajustable por CER,18.690079,million_usd,official_projection,mecon_quarterly_treasury_maturity_profile,https://www.argentina.gob.ar/sites/default/files/deuda_publica_30-06-2026_0.xlsx,e481f24585ef40b8ce7c2b515e66235c8b8ebcb4001a769091cb531a6373922e,2026-10-03T02:15:37Z
mecon_treasury_maturity_interest_row_103,2026-06-30,2027-09,monthly,interest,securities,detail,103,· Deuda no ajustable por CER,9.636598,million_usd,official_projection,mecon_quarterly_treasury_maturity_profile,https://www.argentina.gob.ar/sites/default/files/deuda_publica_30-06-2026_0.xlsx,e481f24585ef40b8ce7c2b515e66235c8b8ebcb4001a769091cb531a6373922e,2026-10-03T02:15:37Z
mecon_treasury_maturity_interest_row_104,2026-06-30,2027-09,monthly,interest,securities,detail,104,TOTAL DEUDA EN MONEDA EXTRANJERA,301.769366,million_usd,official_projection,mecon_quarterly_treasury_maturity_profile,https://www.argentina.gob.ar/sites/default/files/deuda_publica_30-06-2026_0.xlsx,e481f24585ef40b8ce7c2b515e66235c8b8ebcb4001a769091cb531a6373922e,2026-10-03T02:15:37Z
mecon_treasury_maturity_capital_total,2026-06-30,2027-10,monthly,capital,total,total,13,Total,2906.539073,million_usd,official_projection,mecon_quarterly_treasury_maturity_profile,https://www.argentina.gob.ar/sites/default/files/deuda_publica_30-06-2026_0.xlsx,e481f24585ef40b8ce7c2b515e66235c8b8ebcb4001a769091cb531a6373922e,2026-10-03T02:15:37Z
mecon_treasury_maturity_capital_row_15,2026-06-30,2027-10,monthly,capital,total,term,15,MEDIANO Y LARGO PLAZO,2906.539073,million_usd,official_projection,mecon_quarterly_treasury_maturity_profile,https://www.argentina.gob.ar/sites/default/files/deuda_publica_30-06-2026_0.xlsx,e481f24585ef40b8ce7c2b515e66235c8b8ebcb4001a769091cb531a6373922e,2026-10-03T02:15:37Z
mecon_treasury_maturity_capital_loans,2026-06-30,2027-10,monthly,capital,loans,category,17,Préstamos,564.553170,million_usd,official_projection,mecon_quarterly_treasury_maturity_profile,https://www.argentina.gob.ar/sites/default/files/deuda_publica_30-06-2026_0.xlsx,e481f24585ef40b8ce7c2b515e66235c8b8ebcb4001a769091cb531a6373922e,2026-10-03T02:15:37Z
mecon_treasury_maturity_capital_row_18,2026-06-30,2027-10,monthly,capital,loans,detail,18,Organismos Internacionales,545.077981,million_usd,official_projection,mecon_quarterly_treasury_maturity_profile,https://www.argentina.gob.ar/sites/default/files/deuda_publica_30-06-2026_0.xlsx,e481f24585ef40b8ce7c2b515e66235c8b8ebcb4001a769091cb531a6373922e,2026-10-03T02:15:37Z
mecon_treasury_maturity_capital_row_19,2026-06-30,2027-10,monthly,capital,loans,detail,19,. BIRF,69.910622,million_usd,official_projection,mecon_quarterly_treasury_maturity_profile,https://www.argentina.gob.ar/sites/default/files/deuda_publica_30-06-2026_0.xlsx,e481f24585ef40b8ce7c2b515e66235c8b8ebcb4001a769091cb531a6373922e,2026-10-03T02:15:37Z
mecon_treasury_maturity_capital_row_20,2026-06-30,2027-10,monthly,capital,loans,detail,20,. BID,68.190656,million_usd,official_projection,mecon_quarterly_treasury_maturity_profile,https://www.argentina.gob.ar/sites/default/files/deuda_publica_30-06-2026_0.xlsx,e481f24585ef40b8ce7c2b515e66235c8b8ebcb4001a769091cb531a6373922e,2026-10-03T02:15:37Z
mecon_treasury_maturity_capital_row_21,2026-06-30,2027-10,monthly,capital,loans,detail,21,. FMI,339.029021,million_usd,official_projection,mecon_quarterly_treasury_maturity_profile,https://www.argentina.gob.ar/sites/default/files/deuda_publica_30-06-2026_0.xlsx,e481f24585ef40b8ce7c2b515e66235c8b8ebcb4001a769091cb531a6373922e,2026-10-03T02:15:37Z
mecon_treasury_maturity_capital_row_22,2026-06-30,2027-10,monthly,capital,loans,detail,22,. Otros,67.947682,million_usd,official_projection,mecon_quarterly_treasury_maturity_profile,https://www.argentina.gob.ar/sites/default/files/deuda_publica_30-06-2026_0.xlsx,e481f24585ef40b8ce7c2b515e66235c8b8ebcb4001a769091cb531a6373922e,2026-10-03T02:15:37Z
mecon_treasury_maturity_capital_row_25,2026-06-30,2027-10,monthly,capital,loans,detail,25,Banca Comercial,7.808483,million_usd,official_projection,mecon_quarterly_treasury_maturity_profile,https://www.argentina.gob.ar/sites/default/files/deuda_publica_30-06-2026_0.xlsx,e481f24585ef40b8ce7c2b515e66235c8b8ebcb4001a769091cb531a6373922e,2026-10-03T02:15:37Z
mecon_treasury_maturity_capital_row_26,2026-06-30,2027-10,monthly,capital,loans,detail,26,. En moneda extranjera,7.808483,million_usd,official_projection,mecon_quarterly_treasury_maturity_profile,https://www.argentina.gob.ar/sites/default/files/deuda_publica_30-06-2026_0.xlsx,e481f24585ef40b8ce7c2b515e66235c8b8ebcb4001a769091cb531a6373922e,2026-10-03T02:15:37Z
mecon_treasury_maturity_capital_row_27,2026-06-30,2027-10,monthly,capital,loans,detail,27,Organismos Oficiales,5.065769,million_usd,official_projection,mecon_quarterly_treasury_maturity_profile,https://www.argentina.gob.ar/sites/default/files/deuda_publica_30-06-2026_0.xlsx,e481f24585ef40b8ce7c2b515e66235c8b8ebcb4001a769091cb531a6373922e,2026-10-03T02:15:37Z
mecon_treasury_maturity_capital_row_28,2026-06-30,2027-10,monthly,capital,loans,detail,28,Avales,6.600938,million_usd,official_projection,mecon_quarterly_treasury_maturity_profile,https://www.argentina.gob.ar/sites/default/files/deuda_publica_30-06-2026_0.xlsx,e481f24585ef40b8ce7c2b515e66235c8b8ebcb4001a769091cb531a6373922e,2026-10-03T02:15:37Z
mecon_treasury_maturity_capital_row_30,2026-06-30,2027-10,monthly,capital,loans,detail,30,. En moneda extranjera,6.600938,million_usd,official_projection,mecon_quarterly_treasury_maturity_profile,https://www.argentina.gob.ar/sites/default/files/deuda_publica_30-06-2026_0.xlsx,e481f24585ef40b8ce7c2b515e66235c8b8ebcb4001a769091cb531a6373922e,2026-10-03T02:15:37Z
mecon_treasury_maturity_capital_bcra_advances,2026-06-30,2027-10,monthly,capital,bcra_advances,category,32,Adelantos transitorios BCRA,0.000000,million_usd,official_projection,mecon_quarterly_treasury_maturity_profile,https://www.argentina.gob.ar/sites/default/files/deuda_publica_30-06-2026_0.xlsx,e481f24585ef40b8ce7c2b515e66235c8b8ebcb4001a769091cb531a6373922e,2026-10-03T02:15:37Z
mecon_treasury_maturity_capital_securities,2026-06-30,2027-10,monthly,capital,securities,category,34,Títulos públicos y Letras del Tesoro,2341.985903,million_usd,official_projection,mecon_quarterly_treasury_maturity_profile,https://www.argentina.gob.ar/sites/default/files/deuda_publica_30-06-2026_0.xlsx,e481f24585ef40b8ce7c2b515e66235c8b8ebcb4001a769091cb531a6373922e,2026-10-03T02:15:37Z
mecon_treasury_maturity_capital_row_53,2026-06-30,2027-10,monthly,capital,securities,detail,53,"BONAR/$/6,72763943919512%/31-12-2028",0.252336,million_usd,official_projection,mecon_quarterly_treasury_maturity_profile,https://www.argentina.gob.ar/sites/default/files/deuda_publica_30-06-2026_0.xlsx,e481f24585ef40b8ce7c2b515e66235c8b8ebcb4001a769091cb531a6373922e,2026-10-03T02:15:37Z
mecon_treasury_maturity_capital_row_54,2026-06-30,2027-10,monthly,capital,securities,detail,54,BONAR/U$S/6%/29-10-2027,2000.370497,million_usd,official_projection,mecon_quarterly_treasury_maturity_profile,https://www.argentina.gob.ar/sites/default/files/deuda_publica_30-06-2026_0.xlsx,e481f24585ef40b8ce7c2b515e66235c8b8ebcb4001a769091cb531a6373922e,2026-10-03T02:15:37Z
mecon_treasury_maturity_capital_row_73,2026-06-30,2027-10,monthly,capital,securities,detail,73,BONCER/$/0%+CER/29-10-2027,341.363070,million_usd,official_projection,mecon_quarterly_treasury_maturity_profile,https://www.argentina.gob.ar/sites/default/files/deuda_publica_30-06-2026_0.xlsx,e481f24585ef40b8ce7c2b515e66235c8b8ebcb4001a769091cb531a6373922e,2026-10-03T02:15:37Z
mecon_treasury_maturity_capital_row_100,2026-06-30,2027-10,monthly,capital,securities,detail,100,TOTAL DEUDA DENOMINADA EN PESOS,341.615406,million_usd,official_projection,mecon_quarterly_treasury_maturity_profile,https://www.argentina.gob.ar/sites/default/files/deuda_publica_30-06-2026_0.xlsx,e481f24585ef40b8ce7c2b515e66235c8b8ebcb4001a769091cb531a6373922e,2026-10-03T02:15:37Z
mecon_treasury_maturity_capital_row_101,2026-06-30,2027-10,monthly,capital,securities,detail,101,· Deuda ajustable por CER,341.363070,million_usd,official_projection,mecon_quarterly_treasury_maturity_profile,https://www.argentina.gob.ar/sites/default/files/deuda_publica_30-06-2026_0.xlsx,e481f24585ef40b8ce7c2b515e66235c8b8ebcb4001a769091cb531a6373922e,2026-10-03T02:15:37Z
mecon_treasury_maturity_capital_row_102,2026-06-30,2027-10,monthly,capital,securities,detail,102,· Deuda no ajustable por CER,0.252336,million_usd,official_projection,mecon_quarterly_treasury_maturity_profile,https://www.argentina.gob.ar/sites/default/files/deuda_publica_30-06-2026_0.xlsx,e481f24585ef40b8ce7c2b515e66235c8b8ebcb4001a769091cb531a6373922e,2026-10-03T02:15:37Z
mecon_treasury_maturity_capital_row_103,2026-06-30,2027-10,monthly,capital,securities,detail,103,TOTAL DEUDA EN MONEDA EXTRANJERA,2564.923667,million_usd,official_projection,mecon_quarterly_treasury_maturity_profile,https://www.argentina.gob.ar/sites/default/files/deuda_publica_30-06-2026_0.xlsx,e481f24585ef40b8ce7c2b515e66235c8b8ebcb4001a769091cb531a6373922e,2026-10-03T02:15:37Z
mecon_treasury_maturity_interest_total,2026-06-30,2027-10,monthly,interest,total,total,13,Total,261.576105,million_usd,official_projection,mecon_quarterly_treasury_maturity_profile,https://www.argentina.gob.ar/sites/default/files/deuda_publica_30-06-2026_0.xlsx,e481f24585ef40b8ce7c2b515e66235c8b8ebcb4001a769091cb531a6373922e,2026-10-03T02:15:37Z
mecon_treasury_maturity_interest_row_15,2026-06-30,2027-10,monthly,interest,total,term,15,MEDIANO Y LARGO PLAZO,261.576105,million_usd,official_projection,mecon_quarterly_treasury_maturity_profile,https://www.argentina.gob.ar/sites/default/files/deuda_publica_30-06-2026_0.xlsx,e481f24585ef40b8ce7c2b515e66235c8b8ebcb4001a769091cb531a6373922e,2026-10-03T02:15:37Z
mecon_treasury_maturity_interest_loans,2026-06-30,2027-10,monthly,interest,loans,category,17,Préstamos,214.855001,million_usd,official_projection,mecon_quarterly_treasury_maturity_profile,https://www.argentina.gob.ar/sites/default/files/deuda_publica_30-06-2026_0.xlsx,e481f24585ef40b8ce7c2b515e66235c8b8ebcb4001a769091cb531a6373922e,2026-10-03T02:15:37Z
mecon_treasury_maturity_interest_row_18,2026-06-30,2027-10,monthly,interest,loans,detail,18,Organismos Internacionales,209.164273,million_usd,official_projection,mecon_quarterly_treasury_maturity_profile,https://www.argentina.gob.ar/sites/default/files/deuda_publica_30-06-2026_0.xlsx,e481f24585ef40b8ce7c2b515e66235c8b8ebcb4001a769091cb531a6373922e,2026-10-03T02:15:37Z
mecon_treasury_maturity_interest_row_19,2026-06-30,2027-10,monthly,interest,loans,detail,19,. BIRF,118.462836,million_usd,official_projection,mecon_quarterly_treasury_maturity_profile,https://www.argentina.gob.ar/sites/default/files/deuda_publica_30-06-2026_0.xlsx,e481f24585ef40b8ce7c2b515e66235c8b8ebcb4001a769091cb531a6373922e,2026-10-03T02:15:37Z
mecon_treasury_maturity_interest_row_20,2026-06-30,2027-10,monthly,interest,loans,detail,20,. BID,52.121667,million_usd,official_projection,mecon_quarterly_treasury_maturity_profile,https://www.argentina.gob.ar/sites/default/files/deuda_publica_30-06-2026_0.xlsx,e481f24585ef40b8ce7c2b515e66235c8b8ebcb4001a769091cb531a6373922e,2026-10-03T02:15:37Z
mecon_treasury_maturity_interest_row_22,2026-06-30,2027-10,monthly,interest,loans,detail,22,. Otros,38.579770,million_usd,official_projection,mecon_quarterly_treasury_maturity_profile,https://www.argentina.gob.ar/sites/default/files/deuda_publica_30-06-2026_0.xlsx,e481f24585ef40b8ce7c2b515e66235c8b8ebcb4001a769091cb531a6373922e,2026-10-03T02:15:37Z
mecon_treasury_maturity_interest_row_23,2026-06-30,2027-10,monthly,interest,loans,detail,23,Préstamos Garantizados,3.575914,million_usd,official_projection,mecon_quarterly_treasury_maturity_profile,https://www.argentina.gob.ar/sites/default/files/deuda_publica_30-06-2026_0.xlsx,e481f24585ef40b8ce7c2b515e66235c8b8ebcb4001a769091cb531a6373922e,2026-10-03T02:15:37Z
mecon_treasury_maturity_interest_row_24,2026-06-30,2027-10,monthly,interest,loans,detail,24,. En moneda nacional ajustable por CER,3.575914,million_usd,official_projection,mecon_quarterly_treasury_maturity_profile,https://www.argentina.gob.ar/sites/default/files/deuda_publica_30-06-2026_0.xlsx,e481f24585ef40b8ce7c2b515e66235c8b8ebcb4001a769091cb531a6373922e,2026-10-03T02:15:37Z
mecon_treasury_maturity_interest_row_25,2026-06-30,2027-10,monthly,interest,loans,detail,25,Banca Comercial,0.558101,million_usd,official_projection,mecon_quarterly_treasury_maturity_profile,https://www.argentina.gob.ar/sites/default/files/deuda_publica_30-06-2026_0.xlsx,e481f24585ef40b8ce7c2b515e66235c8b8ebcb4001a769091cb531a6373922e,2026-10-03T02:15:37Z
mecon_treasury_maturity_interest_row_26,2026-06-30,2027-10,monthly,interest,loans,detail,26,. En moneda extranjera,0.558101,million_usd,official_projection,mecon_quarterly_treasury_maturity_profile,https://www.argentina.gob.ar/sites/default/files/deuda_publica_30-06-2026_0.xlsx,e481f24585ef40b8ce7c2b515e66235c8b8ebcb4001a769091cb531a6373922e,2026-10-03T02:15:37Z
mecon_treasury_maturity_interest_row_27,2026-06-30,2027-10,monthly,interest,loans,detail,27,Organismos Oficiales,1.509901,million_usd,official_projection,mecon_quarterly_treasury_maturity_profile,https://www.argentina.gob.ar/sites/default/files/deuda_publica_30-06-2026_0.xlsx,e481f24585ef40b8ce7c2b515e66235c8b8ebcb4001a769091cb531a6373922e,2026-10-03T02:15:37Z
mecon_treasury_maturity_interest_row_31,2026-06-30,2027-10,monthly,interest,loans,detail,31,Avales,0.046812,million_usd,official_projection,mecon_quarterly_treasury_maturity_profile,https://www.argentina.gob.ar/sites/default/files/deuda_publica_30-06-2026_0.xlsx,e481f24585ef40b8ce7c2b515e66235c8b8ebcb4001a769091cb531a6373922e,2026-10-03T02:15:37Z
mecon_treasury_maturity_interest_row_33,2026-06-30,2027-10,monthly,interest,loans,detail,33,. En moneda extranjera,0.046812,million_usd,official_projection,mecon_quarterly_treasury_maturity_profile,https://www.argentina.gob.ar/sites/default/files/deuda_publica_30-06-2026_0.xlsx,e481f24585ef40b8ce7c2b515e66235c8b8ebcb4001a769091cb531a6373922e,2026-10-03T02:15:37Z
mecon_treasury_maturity_interest_securities,2026-06-30,2027-10,monthly,interest,securities,category,35,Títulos públicos y Letras del Tesoro,46.721104,million_usd,official_projection,mecon_quarterly_treasury_maturity_profile,https://www.argentina.gob.ar/sites/default/files/deuda_publica_30-06-2026_0.xlsx,e481f24585ef40b8ce7c2b515e66235c8b8ebcb4001a769091cb531a6373922e,2026-10-03T02:15:37Z
mecon_treasury_maturity_interest_row_56,2026-06-30,2027-10,monthly,interest,securities,detail,56,"BONAR/$/6,72763943919512%/31-12-2028",0.022074,million_usd,official_projection,mecon_quarterly_treasury_maturity_profile,https://www.argentina.gob.ar/sites/default/files/deuda_publica_30-06-2026_0.xlsx,e481f24585ef40b8ce7c2b515e66235c8b8ebcb4001a769091cb531a6373922e,2026-10-03T02:15:37Z
mecon_treasury_maturity_interest_row_58,2026-06-30,2027-10,monthly,interest,securities,detail,58,BONAR/U$S/6%/29-10-2027,9.668457,million_usd,official_projection,mecon_quarterly_treasury_maturity_profile,https://www.argentina.gob.ar/sites/default/files/deuda_publica_30-06-2026_0.xlsx,e481f24585ef40b8ce7c2b515e66235c8b8ebcb4001a769091cb531a6373922e,2026-10-03T02:15:37Z
mecon_treasury_maturity_interest_row_59,2026-06-30,2027-10,monthly,interest,securities,detail,59,BONAR/U$S/6%/31-10-2028,9.668453,million_usd,official_projection,mecon_quarterly_treasury_maturity_profile,https://www.argentina.gob.ar/sites/default/files/deuda_publica_30-06-2026_0.xlsx,e481f24585ef40b8ce7c2b515e66235c8b8ebcb4001a769091cb531a6373922e,2026-10-03T02:15:37Z
mecon_treasury_maturity_interest_row_83,2026-06-30,2027-10,monthly,interest,securities,detail,83,BONTE/$/BADLAR/05-07-2030,0.549930,million_usd,official_projection,mecon_quarterly_treasury_maturity_profile,https://www.argentina.gob.ar/sites/default/files/deuda_publica_30-06-2026_0.xlsx,e481f24585ef40b8ce7c2b515e66235c8b8ebcb4001a769091cb531a6373922e,2026-10-03T02:15:37Z
mecon_treasury_maturity_interest_row_88,2026-06-30,2027-10,monthly,interest,securities,detail,88,LETRA INTRANSFERIBLE - BCRA,26.812189,million_usd,official_projection,mecon_quarterly_treasury_maturity_profile,https://www.argentina.gob.ar/sites/default/files/deuda_publica_30-06-2026_0.xlsx,e481f24585ef40b8ce7c2b515e66235c8b8ebcb4001a769091cb531a6373922e,2026-10-03T02:15:37Z
mecon_treasury_maturity_interest_row_101,2026-06-30,2027-10,monthly,interest,securities,detail,101,TOTAL DEUDA DENOMINADA EN PESOS,4.147918,million_usd,official_projection,mecon_quarterly_treasury_maturity_profile,https://www.argentina.gob.ar/sites/default/files/deuda_publica_30-06-2026_0.xlsx,e481f24585ef40b8ce7c2b515e66235c8b8ebcb4001a769091cb531a6373922e,2026-10-03T02:15:37Z
mecon_treasury_maturity_interest_row_102,2026-06-30,2027-10,monthly,interest,securities,detail,102,· Deuda ajustable por CER,3.575914,million_usd,official_projection,mecon_quarterly_treasury_maturity_profile,https://www.argentina.gob.ar/sites/default/files/deuda_publica_30-06-2026_0.xlsx,e481f24585ef40b8ce7c2b515e66235c8b8ebcb4001a769091cb531a6373922e,2026-10-03T02:15:37Z
mecon_treasury_maturity_interest_row_103,2026-06-30,2027-10,monthly,interest,securities,detail,103,· Deuda no ajustable por CER,0.572004,million_usd,official_projection,mecon_quarterly_treasury_maturity_profile,https://www.argentina.gob.ar/sites/default/files/deuda_publica_30-06-2026_0.xlsx,e481f24585ef40b8ce7c2b515e66235c8b8ebcb4001a769091cb531a6373922e,2026-10-03T02:15:37Z
mecon_treasury_maturity_interest_row_104,2026-06-30,2027-10,monthly,interest,securities,detail,104,TOTAL DEUDA EN MONEDA EXTRANJERA,257.428187,million_usd,official_projection,mecon_quarterly_treasury_maturity_profile,https://www.argentina.gob.ar/sites/default/files/deuda_publica_30-06-2026_0.xlsx,e481f24585ef40b8ce7c2b515e66235c8b8ebcb4001a769091cb531a6373922e,2026-10-03T02:15:37Z
mecon_treasury_maturity_capital_total,2026-06-30,2027-11,monthly,capital,total,total,13,Total,599.787170,million_usd,official_projection,mecon_quarterly_treasury_maturity_profile,https://www.argentina.gob.ar/sites/default/files/deuda_publica_30-06-2026_0.xlsx,e481f24585ef40b8ce7c2b515e66235c8b8ebcb4001a769091cb531a6373922e,2026-10-03T02:15:37Z
mecon_treasury_maturity_capital_row_15,2026-06-30,2027-11,monthly,capital,total,term,15,MEDIANO Y LARGO PLAZO,599.787170,million_usd,official_projection,mecon_quarterly_treasury_maturity_profile,https://www.argentina.gob.ar/sites/default/files/deuda_publica_30-06-2026_0.xlsx,e481f24585ef40b8ce7c2b515e66235c8b8ebcb4001a769091cb531a6373922e,2026-10-03T02:15:37Z
mecon_treasury_maturity_capital_loans,2026-06-30,2027-11,monthly,capital,loans,category,17,Préstamos,249.435677,million_usd,official_projection,mecon_quarterly_treasury_maturity_profile,https://www.argentina.gob.ar/sites/default/files/deuda_publica_30-06-2026_0.xlsx,e481f24585ef40b8ce7c2b515e66235c8b8ebcb4001a769091cb531a6373922e,2026-10-03T02:15:37Z
mecon_treasury_maturity_capital_row_18,2026-06-30,2027-11,monthly,capital,loans,detail,18,Organismos Internacionales,224.237827,million_usd,official_projection,mecon_quarterly_treasury_maturity_profile,https://www.argentina.gob.ar/sites/default/files/deuda_publica_30-06-2026_0.xlsx,e481f24585ef40b8ce7c2b515e66235c8b8ebcb4001a769091cb531a6373922e,2026-10-03T02:15:37Z
mecon_treasury_maturity_capital_row_19,2026-06-30,2027-11,monthly,capital,loans,detail,19,. BIRF,29.079874,million_usd,official_projection,mecon_quarterly_treasury_maturity_profile,https://www.argentina.gob.ar/sites/default/files/deuda_publica_30-06-2026_0.xlsx,e481f24585ef40b8ce7c2b515e66235c8b8ebcb4001a769091cb531a6373922e,2026-10-03T02:15:37Z
mecon_treasury_maturity_capital_row_20,2026-06-30,2027-11,monthly,capital,loans,detail,20,. BID,147.207459,million_usd,official_projection,mecon_quarterly_treasury_maturity_profile,https://www.argentina.gob.ar/sites/default/files/deuda_publica_30-06-2026_0.xlsx,e481f24585ef40b8ce7c2b515e66235c8b8ebcb4001a769091cb531a6373922e,2026-10-03T02:15:37Z
mecon_treasury_maturity_capital_row_22,2026-06-30,2027-11,monthly,capital,loans,detail,22,. Otros,47.950493,million_usd,official_projection,mecon_quarterly_treasury_maturity_profile,https://www.argentina.gob.ar/sites/default/files/deuda_publica_30-06-2026_0.xlsx,e481f24585ef40b8ce7c2b515e66235c8b8ebcb4001a769091cb531a6373922e,2026-10-03T02:15:37Z
mecon_treasury_maturity_capital_row_25,2026-06-30,2027-11,monthly,capital,loans,detail,25,Banca Comercial,23.301000,million_usd,official_projection,mecon_quarterly_treasury_maturity_profile,https://www.argentina.gob.ar/sites/default/files/deuda_publica_30-06-2026_0.xlsx,e481f24585ef40b8ce7c2b515e66235c8b8ebcb4001a769091cb531a6373922e,2026-10-03T02:15:37Z
mecon_treasury_maturity_capital_row_26,2026-06-30,2027-11,monthly,capital,loans,detail,26,. En moneda extranjera,23.301000,million_usd,official_projection,mecon_quarterly_treasury_maturity_profile,https://www.argentina.gob.ar/sites/default/files/deuda_publica_30-06-2026_0.xlsx,e481f24585ef40b8ce7c2b515e66235c8b8ebcb4001a769091cb531a6373922e,2026-10-03T02:15:37Z
mecon_treasury_maturity_capital_row_27,2026-06-30,2027-11,monthly,capital,loans,detail,27,Organismos Oficiales,1.618409,million_usd,official_projection,mecon_quarterly_treasury_maturity_profile,https://www.argentina.gob.ar/sites/default/files/deuda_publica_30-06-2026_0.xlsx,e481f24585ef40b8ce7c2b515e66235c8b8ebcb4001a769091cb531a6373922e,2026-10-03T02:15:37Z
mecon_treasury_maturity_capital_row_28,2026-06-30,2027-11,monthly,capital,loans,detail,28,Avales,0.278442,million_usd,official_projection,mecon_quarterly_treasury_maturity_profile,https://www.argentina.gob.ar/sites/default/files/deuda_publica_30-06-2026_0.xlsx,e481f24585ef40b8ce7c2b515e66235c8b8ebcb4001a769091cb531a6373922e,2026-10-03T02:15:37Z
mecon_treasury_maturity_capital_row_30,2026-06-30,2027-11,monthly,capital,loans,detail,30,. En moneda extranjera,0.278442,million_usd,official_projection,mecon_quarterly_treasury_maturity_profile,https://www.argentina.gob.ar/sites/default/files/deuda_publica_30-06-2026_0.xlsx,e481f24585ef40b8ce7c2b515e66235c8b8ebcb4001a769091cb531a6373922e,2026-10-03T02:15:37Z
mecon_treasury_maturity_capital_bcra_advances,2026-06-30,2027-11,monthly,capital,bcra_advances,category,32,Adelantos transitorios BCRA,0.000000,million_usd,official_projection,mecon_quarterly_treasury_maturity_profile,https://www.argentina.gob.ar/sites/default/files/deuda_publica_30-06-2026_0.xlsx,e481f24585ef40b8ce7c2b515e66235c8b8ebcb4001a769091cb531a6373922e,2026-10-03T02:15:37Z
mecon_treasury_maturity_capital_securities,2026-06-30,2027-11,monthly,capital,securities,category,34,Títulos públicos y Letras del Tesoro,350.351494,million_usd,official_projection,mecon_quarterly_treasury_maturity_profile,https://www.argentina.gob.ar/sites/default/files/deuda_publica_30-06-2026_0.xlsx,e481f24585ef40b8ce7c2b515e66235c8b8ebcb4001a769091cb531a6373922e,2026-10-03T02:15:37Z
mecon_treasury_maturity_capital_row_53,2026-06-30,2027-11,monthly,capital,securities,detail,53,"BONAR/$/6,72763943919512%/31-12-2028",0.253751,million_usd,official_projection,mecon_quarterly_treasury_maturity_profile,https://www.argentina.gob.ar/sites/default/files/deuda_publica_30-06-2026_0.xlsx,e481f24585ef40b8ce7c2b515e66235c8b8ebcb4001a769091cb531a6373922e,2026-10-03T02:15:37Z
mecon_treasury_maturity_capital_row_56,2026-06-30,2027-11,monthly,capital,securities,detail,56,BONTE/$/BADLAR+400PB/17-08-31,0.199034,million_usd,official_projection,mecon_quarterly_treasury_maturity_profile,https://www.argentina.gob.ar/sites/default/files/deuda_publica_30-06-2026_0.xlsx,e481f24585ef40b8ce7c2b515e66235c8b8ebcb4001a769091cb531a6373922e,2026-10-03T02:15:37Z
mecon_treasury_maturity_capital_row_59,2026-06-30,2027-11,monthly,capital,securities,detail,59,BONTE/$/BADLAR/23-11-2027,32.994106,million_usd,official_projection,mecon_quarterly_treasury_maturity_profile,https://www.argentina.gob.ar/sites/default/files/deuda_publica_30-06-2026_0.xlsx,e481f24585ef40b8ce7c2b515e66235c8b8ebcb4001a769091cb531a6373922e,2026-10-03T02:15:37Z
mecon_treasury_maturity_capital_row_65,2026-06-30,2027-11,monthly,capital,securities,detail,65,"BONCER/$+CER/2,25%/09-11-2028",188.563828,million_usd,official_projection,mecon_quarterly_treasury_maturity_profile,https://www.argentina.gob.ar/sites/default/files/deuda_publica_30-06-2026_0.xlsx,e481f24585ef40b8ce7c2b515e66235c8b8ebcb4001a769091cb531a6373922e,2026-10-03T02:15:37Z
mecon_treasury_maturity_capital_row_68,2026-06-30,2027-11,monthly,capital,securities,detail,68,"BONCER/$/2,50%+CER/30-11-2031",123.135815,million_usd,official_projection,mecon_quarterly_treasury_maturity_profile,https://www.argentina.gob.ar/sites/default/files/deuda_publica_30-06-2026_0.xlsx,e481f24585ef40b8ce7c2b515e66235c8b8ebcb4001a769091cb531a6373922e,2026-10-03T02:15:37Z
mecon_treasury_maturity_capital_row_88,2026-06-30,2027-11,monthly,capital,securities,detail,88,OTROS (1),5.204960,million_usd,official_projection,mecon_quarterly_treasury_maturity_profile,https://www.argentina.gob.ar/sites/default/files/deuda_publica_30-06-2026_0.xlsx,e481f24585ef40b8ce7c2b515e66235c8b8ebcb4001a769091cb531a6373922e,2026-10-03T02:15:37Z
mecon_treasury_maturity_capital_row_89,2026-06-30,2027-11,monthly,capital,securities,detail,89,En moneda nacional,5.204960,million_usd,official_projection,mecon_quarterly_treasury_maturity_profile,https://www.argentina.gob.ar/sites/default/files/deuda_publica_30-06-2026_0.xlsx,e481f24585ef40b8ce7c2b515e66235c8b8ebcb4001a769091cb531a6373922e,2026-10-03T02:15:37Z
mecon_treasury_maturity_capital_row_92,2026-06-30,2027-11,monthly,capital,securities,detail,92,· No ajustable por CER,5.204960,million_usd,official_projection,mecon_quarterly_treasury_maturity_profile,https://www.argentina.gob.ar/sites/default/files/deuda_publica_30-06-2026_0.xlsx,e481f24585ef40b8ce7c2b515e66235c8b8ebcb4001a769091cb531a6373922e,2026-10-03T02:15:37Z
mecon_treasury_maturity_capital_row_93,2026-06-30,2027-11,monthly,capital,securities,detail,93,· Bonos de consolidación,5.204960,million_usd,official_projection,mecon_quarterly_treasury_maturity_profile,https://www.argentina.gob.ar/sites/default/files/deuda_publica_30-06-2026_0.xlsx,e481f24585ef40b8ce7c2b515e66235c8b8ebcb4001a769091cb531a6373922e,2026-10-03T02:15:37Z
mecon_treasury_maturity_capital_row_100,2026-06-30,2027-11,monthly,capital,securities,detail,100,TOTAL DEUDA DENOMINADA EN PESOS,350.351494,million_usd,official_projection,mecon_quarterly_treasury_maturity_profile,https://www.argentina.gob.ar/sites/default/files/deuda_publica_30-06-2026_0.xlsx,e481f24585ef40b8ce7c2b515e66235c8b8ebcb4001a769091cb531a6373922e,2026-10-03T02:15:37Z
mecon_treasury_maturity_capital_row_101,2026-06-30,2027-11,monthly,capital,securities,detail,101,· Deuda ajustable por CER,311.699643,million_usd,official_projection,mecon_quarterly_treasury_maturity_profile,https://www.argentina.gob.ar/sites/default/files/deuda_publica_30-06-2026_0.xlsx,e481f24585ef40b8ce7c2b515e66235c8b8ebcb4001a769091cb531a6373922e,2026-10-03T02:15:37Z
mecon_treasury_maturity_capital_row_102,2026-06-30,2027-11,monthly,capital,securities,detail,102,· Deuda no ajustable por CER,38.651850,million_usd,official_projection,mecon_quarterly_treasury_maturity_profile,https://www.argentina.gob.ar/sites/default/files/deuda_publica_30-06-2026_0.xlsx,e481f24585ef40b8ce7c2b515e66235c8b8ebcb4001a769091cb531a6373922e,2026-10-03T02:15:37Z
mecon_treasury_maturity_capital_row_103,2026-06-30,2027-11,monthly,capital,securities,detail,103,TOTAL DEUDA EN MONEDA EXTRANJERA,249.435677,million_usd,official_projection,mecon_quarterly_treasury_maturity_profile,https://www.argentina.gob.ar/sites/default/files/deuda_publica_30-06-2026_0.xlsx,e481f24585ef40b8ce7c2b515e66235c8b8ebcb4001a769091cb531a6373922e,2026-10-03T02:15:37Z
mecon_treasury_maturity_interest_total,2026-06-30,2027-11,monthly,interest,total,total,13,Total,1174.372400,million_usd,official_projection,mecon_quarterly_treasury_maturity_profile,https://www.argentina.gob.ar/sites/default/files/deuda_publica_30-06-2026_0.xlsx,e481f24585ef40b8ce7c2b515e66235c8b8ebcb4001a769091cb531a6373922e,2026-10-03T02:15:37Z
mecon_treasury_maturity_interest_row_15,2026-06-30,2027-11,monthly,interest,total,term,15,MEDIANO Y LARGO PLAZO,1174.372400,million_usd,official_projection,mecon_quarterly_treasury_maturity_profile,https://www.argentina.gob.ar/sites/default/files/deuda_publica_30-06-2026_0.xlsx,e481f24585ef40b8ce7c2b515e66235c8b8ebcb4001a769091cb531a6373922e,2026-10-03T02:15:37Z
mecon_treasury_maturity_interest_loans,2026-06-30,2027-11,monthly,interest,loans,category,17,Préstamos,939.252081,million_usd,official_projection,mecon_quarterly_treasury_maturity_profile,https://www.argentina.gob.ar/sites/default/files/deuda_publica_30-06-2026_0.xlsx,e481f24585ef40b8ce7c2b515e66235c8b8ebcb4001a769091cb531a6373922e,2026-10-03T02:15:37Z
mecon_treasury_maturity_interest_row_18,2026-06-30,2027-11,monthly,interest,loans,detail,18,Organismos Internacionales,933.898356,million_usd,official_projection,mecon_quarterly_treasury_maturity_profile,https://www.argentina.gob.ar/sites/default/files/deuda_publica_30-06-2026_0.xlsx,e481f24585ef40b8ce7c2b515e66235c8b8ebcb4001a769091cb531a6373922e,2026-10-03T02:15:37Z
mecon_treasury_maturity_interest_row_19,2026-06-30,2027-11,monthly,interest,loans,detail,19,. BIRF,24.733002,million_usd,official_projection,mecon_quarterly_treasury_maturity_profile,https://www.argentina.gob.ar/sites/default/files/deuda_publica_30-06-2026_0.xlsx,e481f24585ef40b8ce7c2b515e66235c8b8ebcb4001a769091cb531a6373922e,2026-10-03T02:15:37Z
mecon_treasury_maturity_interest_row_20,2026-06-30,2027-11,monthly,interest,loans,detail,20,. BID,131.562105,million_usd,official_projection,mecon_quarterly_treasury_maturity_profile,https://www.argentina.gob.ar/sites/default/files/deuda_publica_30-06-2026_0.xlsx,e481f24585ef40b8ce7c2b515e66235c8b8ebcb4001a769091cb531a6373922e,2026-10-03T02:15:37Z
mecon_treasury_maturity_interest_row_21,2026-06-30,2027-11,monthly,interest,loans,detail,21,. FMI,749.025159,million_usd,official_projection,mecon_quarterly_treasury_maturity_profile,https://www.argentina.gob.ar/sites/default/files/deuda_publica_30-06-2026_0.xlsx,e481f24585ef40b8ce7c2b515e66235c8b8ebcb4001a769091cb531a6373922e,2026-10-03T02:15:37Z
mecon_treasury_maturity_interest_row_22,2026-06-30,2027-11,monthly,interest,loans,detail,22,. Otros,28.578090,million_usd,official_projection,mecon_quarterly_treasury_maturity_profile,https://www.argentina.gob.ar/sites/default/files/deuda_publica_30-06-2026_0.xlsx,e481f24585ef40b8ce7c2b515e66235c8b8ebcb4001a769091cb531a6373922e,2026-10-03T02:15:37Z
mecon_treasury_maturity_interest_row_23,2026-06-30,2027-11,monthly,interest,loans,detail,23,Préstamos Garantizados,3.686679,million_usd,official_projection,mecon_quarterly_treasury_maturity_profile,https://www.argentina.gob.ar/sites/default/files/deuda_publica_30-06-2026_0.xlsx,e481f24585ef40b8ce7c2b515e66235c8b8ebcb4001a769091cb531a6373922e,2026-10-03T02:15:37Z
mecon_treasury_maturity_interest_row_24,2026-06-30,2027-11,monthly,interest,loans,detail,24,. En moneda nacional ajustable por CER,3.686679,million_usd,official_projection,mecon_quarterly_treasury_maturity_profile,https://www.argentina.gob.ar/sites/default/files/deuda_publica_30-06-2026_0.xlsx,e481f24585ef40b8ce7c2b515e66235c8b8ebcb4001a769091cb531a6373922e,2026-10-03T02:15:37Z
mecon_treasury_maturity_interest_row_25,2026-06-30,2027-11,monthly,interest,loans,detail,25,Banca Comercial,0.754711,million_usd,official_projection,mecon_quarterly_treasury_maturity_profile,https://www.argentina.gob.ar/sites/default/files/deuda_publica_30-06-2026_0.xlsx,e481f24585ef40b8ce7c2b515e66235c8b8ebcb4001a769091cb531a6373922e,2026-10-03T02:15:37Z
mecon_treasury_maturity_interest_row_26,2026-06-30,2027-11,monthly,interest,loans,detail,26,. En moneda extranjera,0.754711,million_usd,official_projection,mecon_quarterly_treasury_maturity_profile,https://www.argentina.gob.ar/sites/default/files/deuda_publica_30-06-2026_0.xlsx,e481f24585ef40b8ce7c2b515e66235c8b8ebcb4001a769091cb531a6373922e,2026-10-03T02:15:37Z
mecon_treasury_maturity_interest_row_27,2026-06-30,2027-11,monthly,interest,loans,detail,27,Organismos Oficiales,0.911076,million_usd,official_projection,mecon_quarterly_treasury_maturity_profile,https://www.argentina.gob.ar/sites/default/files/deuda_publica_30-06-2026_0.xlsx,e481f24585ef40b8ce7c2b515e66235c8b8ebcb4001a769091cb531a6373922e,2026-10-03T02:15:37Z
mecon_treasury_maturity_interest_row_31,2026-06-30,2027-11,monthly,interest,loans,detail,31,Avales,0.001259,million_usd,official_projection,mecon_quarterly_treasury_maturity_profile,https://www.argentina.gob.ar/sites/default/files/deuda_publica_30-06-2026_0.xlsx,e481f24585ef40b8ce7c2b515e66235c8b8ebcb4001a769091cb531a6373922e,2026-10-03T02:15:37Z
mecon_treasury_maturity_interest_row_33,2026-06-30,2027-11,monthly,interest,loans,detail,33,. En moneda extranjera,0.001259,million_usd,official_projection,mecon_quarterly_treasury_maturity_profile,https://www.argentina.gob.ar/sites/default/files/deuda_publica_30-06-2026_0.xlsx,e481f24585ef40b8ce7c2b515e66235c8b8ebcb4001a769091cb531a6373922e,2026-10-03T02:15:37Z
mecon_treasury_maturity_interest_securities,2026-06-30,2027-11,monthly,interest,securities,category,35,Títulos públicos y Letras del Tesoro,235.120319,million_usd,official_projection,mecon_quarterly_treasury_maturity_profile,https://www.argentina.gob.ar/sites/default/files/deuda_publica_30-06-2026_0.xlsx,e481f24585ef40b8ce7c2b515e66235c8b8ebcb4001a769091cb531a6373922e,2026-10-03T02:15:37Z
mecon_treasury_maturity_interest_row_56,2026-06-30,2027-11,monthly,interest,securities,detail,56,"BONAR/$/6,72763943919512%/31-12-2028",0.020659,million_usd,official_projection,mecon_quarterly_treasury_maturity_profile,https://www.argentina.gob.ar/sites/default/files/deuda_publica_30-06-2026_0.xlsx,e481f24585ef40b8ce7c2b515e66235c8b8ebcb4001a769091cb531a6373922e,2026-10-03T02:15:37Z
mecon_treasury_maturity_interest_row_59,2026-06-30,2027-11,monthly,interest,securities,detail,59,BONAR/U$S/6%/31-10-2028,10.335243,million_usd,official_projection,mecon_quarterly_treasury_maturity_profile,https://www.argentina.gob.ar/sites/default/files/deuda_publica_30-06-2026_0.xlsx,e481f24585ef40b8ce7c2b515e66235c8b8ebcb4001a769091cb531a6373922e,2026-10-03T02:15:37Z
mecon_treasury_maturity_interest_row_60,2026-06-30,2027-11,monthly,interest,securities,detail,60,"BONCER/$/2,50%+CER/30-11-2031",13.852779,million_usd,official_projection,mecon_quarterly_treasury_maturity_profile,https://www.argentina.gob.ar/sites/default/files/deuda_publica_30-06-2026_0.xlsx,e481f24585ef40b8ce7c2b515e66235c8b8ebcb4001a769091cb531a6373922e,2026-10-03T02:15:37Z
mecon_treasury_maturity_interest_row_62,2026-06-30,2027-11,monthly,interest,securities,detail,62,"BONCER/$+CER/2,25%/09-11-2028",6.364029,million_usd,official_projection,mecon_quarterly_treasury_maturity_profile,https://www.argentina.gob.ar/sites/default/files/deuda_publica_30-06-2026_0.xlsx,e481f24585ef40b8ce7c2b515e66235c8b8ebcb4001a769091cb531a6373922e,2026-10-03T02:15:37Z
mecon_treasury_maturity_interest_row_84,2026-06-30,2027-11,monthly,interest,securities,detail,84,BONTE/$/BADLAR/23-11-2027,1.222411,million_usd,official_projection,mecon_quarterly_treasury_maturity_profile,https://www.argentina.gob.ar/sites/default/files/deuda_publica_30-06-2026_0.xlsx,e481f24585ef40b8ce7c2b515e66235c8b8ebcb4001a769091cb531a6373922e,2026-10-03T02:15:37Z
mecon_treasury_maturity_interest_row_85,2026-06-30,2027-11,monthly,interest,securities,detail,85,"BONTE/$/29,50%/30-05-2030",168.265847,million_usd,official_projection,mecon_quarterly_treasury_maturity_profile,https://www.argentina.gob.ar/sites/default/files/deuda_publica_30-06-2026_0.xlsx,e481f24585ef40b8ce7c2b515e66235c8b8ebcb4001a769091cb531a6373922e,2026-10-03T02:15:37Z
mecon_treasury_maturity_interest_row_86,2026-06-30,2027-11,monthly,interest,securities,detail,86,BONTE/$/BADLAR+400PB/17-08-31,0.200657,million_usd,official_projection,mecon_quarterly_treasury_maturity_profile,https://www.argentina.gob.ar/sites/default/files/deuda_publica_30-06-2026_0.xlsx,e481f24585ef40b8ce7c2b515e66235c8b8ebcb4001a769091cb531a6373922e,2026-10-03T02:15:37Z
mecon_treasury_maturity_interest_row_87,2026-06-30,2027-11,monthly,interest,securities,detail,87,"BONTE/U$S/6,5%/30-11-2029",32.500000,million_usd,official_projection,mecon_quarterly_treasury_maturity_profile,https://www.argentina.gob.ar/sites/default/files/deuda_publica_30-06-2026_0.xlsx,e481f24585ef40b8ce7c2b515e66235c8b8ebcb4001a769091cb531a6373922e,2026-10-03T02:15:37Z
mecon_treasury_maturity_interest_row_92,2026-06-30,2027-11,monthly,interest,securities,detail,92,OTROS (1),2.358693,million_usd,official_projection,mecon_quarterly_treasury_maturity_profile,https://www.argentina.gob.ar/sites/default/files/deuda_publica_30-06-2026_0.xlsx,e481f24585ef40b8ce7c2b515e66235c8b8ebcb4001a769091cb531a6373922e,2026-10-03T02:15:37Z
mecon_treasury_maturity_interest_row_93,2026-06-30,2027-11,monthly,interest,securities,detail,93,. En moneda nacional,2.358693,million_usd,official_projection,mecon_quarterly_treasury_maturity_profile,https://www.argentina.gob.ar/sites/default/files/deuda_publica_30-06-2026_0.xlsx,e481f24585ef40b8ce7c2b515e66235c8b8ebcb4001a769091cb531a6373922e,2026-10-03T02:15:37Z
mecon_treasury_maturity_interest_row_96,2026-06-30,2027-11,monthly,interest,securities,detail,96,· No ajustable por CER,2.358693,million_usd,official_projection,mecon_quarterly_treasury_maturity_profile,https://www.argentina.gob.ar/sites/default/files/deuda_publica_30-06-2026_0.xlsx,e481f24585ef40b8ce7c2b515e66235c8b8ebcb4001a769091cb531a6373922e,2026-10-03T02:15:37Z
mecon_treasury_maturity_interest_row_97,2026-06-30,2027-11,monthly,interest,securities,detail,97,· Bonos de consolidación,2.358693,million_usd,official_projection,mecon_quarterly_treasury_maturity_profile,https://www.argentina.gob.ar/sites/default/files/deuda_publica_30-06-2026_0.xlsx,e481f24585ef40b8ce7c2b515e66235c8b8ebcb4001a769091cb531a6373922e,2026-10-03T02:15:37Z
mecon_treasury_maturity_interest_row_101,2026-06-30,2027-11,monthly,interest,securities,detail,101,TOTAL DEUDA DENOMINADA EN PESOS,195.971755,million_usd,official_projection,mecon_quarterly_treasury_maturity_profile,https://www.argentina.gob.ar/sites/default/files/deuda_publica_30-06-2026_0.xlsx,e481f24585ef40b8ce7c2b515e66235c8b8ebcb4001a769091cb531a6373922e,2026-10-03T02:15:37Z
mecon_treasury_maturity_interest_row_102,2026-06-30,2027-11,monthly,interest,securities,detail,102,· Deuda ajustable por CER,23.903487,million_usd,official_projection,mecon_quarterly_treasury_maturity_profile,https://www.argentina.gob.ar/sites/default/files/deuda_publica_30-06-2026_0.xlsx,e481f24585ef40b8ce7c2b515e66235c8b8ebcb4001a769091cb531a6373922e,2026-10-03T02:15:37Z
mecon_treasury_maturity_interest_row_103,2026-06-30,2027-11,monthly,interest,securities,detail,103,· Deuda no ajustable por CER,172.068268,million_usd,official_projection,mecon_quarterly_treasury_maturity_profile,https://www.argentina.gob.ar/sites/default/files/deuda_publica_30-06-2026_0.xlsx,e481f24585ef40b8ce7c2b515e66235c8b8ebcb4001a769091cb531a6373922e,2026-10-03T02:15:37Z
mecon_treasury_maturity_interest_row_104,2026-06-30,2027-11,monthly,interest,securities,detail,104,TOTAL DEUDA EN MONEDA EXTRANJERA,978.400645,million_usd,official_projection,mecon_quarterly_treasury_maturity_profile,https://www.argentina.gob.ar/sites/default/files/deuda_publica_30-06-2026_0.xlsx,e481f24585ef40b8ce7c2b515e66235c8b8ebcb4001a769091cb531a6373922e,2026-10-03T02:15:37Z
mecon_treasury_maturity_capital_total,2026-06-30,2027-12,monthly,capital,total,total,13,Total,18648.126562,million_usd,official_projection,mecon_quarterly_treasury_maturity_profile,https://www.argentina.gob.ar/sites/default/files/deuda_publica_30-06-2026_0.xlsx,e481f24585ef40b8ce7c2b515e66235c8b8ebcb4001a769091cb531a6373922e,2026-10-03T02:15:37Z
mecon_treasury_maturity_capital_row_15,2026-06-30,2027-12,monthly,capital,total,term,15,MEDIANO Y LARGO PLAZO,18648.126562,million_usd,official_projection,mecon_quarterly_treasury_maturity_profile,https://www.argentina.gob.ar/sites/default/files/deuda_publica_30-06-2026_0.xlsx,e481f24585ef40b8ce7c2b515e66235c8b8ebcb4001a769091cb531a6373922e,2026-10-03T02:15:37Z
mecon_treasury_maturity_capital_loans,2026-06-30,2027-12,monthly,capital,loans,category,17,Préstamos,1762.355517,million_usd,official_projection,mecon_quarterly_treasury_maturity_profile,https://www.argentina.gob.ar/sites/default/files/deuda_publica_30-06-2026_0.xlsx,e481f24585ef40b8ce7c2b515e66235c8b8ebcb4001a769091cb531a6373922e,2026-10-03T02:15:37Z
mecon_treasury_maturity_capital_row_18,2026-06-30,2027-12,monthly,capital,loans,detail,18,Organismos Internacionales,960.968325,million_usd,official_projection,mecon_quarterly_treasury_maturity_profile,https://www.argentina.gob.ar/sites/default/files/deuda_publica_30-06-2026_0.xlsx,e481f24585ef40b8ce7c2b515e66235c8b8ebcb4001a769091cb531a6373922e,2026-10-03T02:15:37Z
mecon_treasury_maturity_capital_row_19,2026-06-30,2027-12,monthly,capital,loans,detail,19,. BIRF,42.560399,million_usd,official_projection,mecon_quarterly_treasury_maturity_profile,https://www.argentina.gob.ar/sites/default/files/deuda_publica_30-06-2026_0.xlsx,e481f24585ef40b8ce7c2b515e66235c8b8ebcb4001a769091cb531a6373922e,2026-10-03T02:15:37Z
mecon_treasury_maturity_capital_row_20,2026-06-30,2027-12,monthly,capital,loans,detail,20,. BID,22.153934,million_usd,official_projection,mecon_quarterly_treasury_maturity_profile,https://www.argentina.gob.ar/sites/default/files/deuda_publica_30-06-2026_0.xlsx,e481f24585ef40b8ce7c2b515e66235c8b8ebcb4001a769091cb531a6373922e,2026-10-03T02:15:37Z
mecon_treasury_maturity_capital_row_21,2026-06-30,2027-12,monthly,capital,loans,detail,21,. FMI,847.572552,million_usd,official_projection,mecon_quarterly_treasury_maturity_profile,https://www.argentina.gob.ar/sites/default/files/deuda_publica_30-06-2026_0.xlsx,e481f24585ef40b8ce7c2b515e66235c8b8ebcb4001a769091cb531a6373922e,2026-10-03T02:15:37Z
mecon_treasury_maturity_capital_row_22,2026-06-30,2027-12,monthly,capital,loans,detail,22,. Otros,48.681439,million_usd,official_projection,mecon_quarterly_treasury_maturity_profile,https://www.argentina.gob.ar/sites/default/files/deuda_publica_30-06-2026_0.xlsx,e481f24585ef40b8ce7c2b515e66235c8b8ebcb4001a769091cb531a6373922e,2026-10-03T02:15:37Z
mecon_treasury_maturity_capital_row_27,2026-06-30,2027-12,monthly,capital,loans,detail,27,Organismos Oficiales,1.387192,million_usd,official_projection,mecon_quarterly_treasury_maturity_profile,https://www.argentina.gob.ar/sites/default/files/deuda_publica_30-06-2026_0.xlsx,e481f24585ef40b8ce7c2b515e66235c8b8ebcb4001a769091cb531a6373922e,2026-10-03T02:15:37Z
mecon_treasury_maturity_capital_row_28,2026-06-30,2027-12,monthly,capital,loans,detail,28,Avales,800.000000,million_usd,official_projection,mecon_quarterly_treasury_maturity_profile,https://www.argentina.gob.ar/sites/default/files/deuda_publica_30-06-2026_0.xlsx,e481f24585ef40b8ce7c2b515e66235c8b8ebcb4001a769091cb531a6373922e,2026-10-03T02:15:37Z
mecon_treasury_maturity_capital_row_30,2026-06-30,2027-12,monthly,capital,loans,detail,30,. En moneda extranjera,800.000000,million_usd,official_projection,mecon_quarterly_treasury_maturity_profile,https://www.argentina.gob.ar/sites/default/files/deuda_publica_30-06-2026_0.xlsx,e481f24585ef40b8ce7c2b515e66235c8b8ebcb4001a769091cb531a6373922e,2026-10-03T02:15:37Z
mecon_treasury_maturity_capital_bcra_advances,2026-06-30,2027-12,monthly,capital,bcra_advances,category,32,Adelantos transitorios BCRA,0.000000,million_usd,official_projection,mecon_quarterly_treasury_maturity_profile,https://www.argentina.gob.ar/sites/default/files/deuda_publica_30-06-2026_0.xlsx,e481f24585ef40b8ce7c2b515e66235c8b8ebcb4001a769091cb531a6373922e,2026-10-03T02:15:37Z
mecon_treasury_maturity_capital_securities,2026-06-30,2027-12,monthly,capital,securities,category,34,Títulos públicos y Letras del Tesoro,16885.771045,million_usd,official_projection,mecon_quarterly_treasury_maturity_profile,https://www.argentina.gob.ar/sites/default/files/deuda_publica_30-06-2026_0.xlsx,e481f24585ef40b8ce7c2b515e66235c8b8ebcb4001a769091cb531a6373922e,2026-10-03T02:15:37Z
mecon_treasury_maturity_capital_row_35,2026-06-30,2027-12,monthly,capital,securities,detail,35,DESCUENTO,104.914616,million_usd,official_projection,mecon_quarterly_treasury_maturity_profile,https://www.argentina.gob.ar/sites/default/files/deuda_publica_30-06-2026_0.xlsx,e481f24585ef40b8ce7c2b515e66235c8b8ebcb4001a769091cb531a6373922e,2026-10-03T02:15:37Z
mecon_treasury_maturity_capital_row_36,2026-06-30,2027-12,monthly,capital,securities,detail,36,"Discount/$+CER/5,83%/2033",101.891839,million_usd,official_projection,mecon_quarterly_treasury_maturity_profile,https://www.argentina.gob.ar/sites/default/files/deuda_publica_30-06-2026_0.xlsx,e481f24585ef40b8ce7c2b515e66235c8b8ebcb4001a769091cb531a6373922e,2026-10-03T02:15:37Z
mecon_treasury_maturity_capital_row_37,2026-06-30,2027-12,monthly,capital,securities,detail,37,Emisión Canje 2005,98.943739,million_usd,official_projection,mecon_quarterly_treasury_maturity_profile,https://www.argentina.gob.ar/sites/default/files/deuda_publica_30-06-2026_0.xlsx,e481f24585ef40b8ce7c2b515e66235c8b8ebcb4001a769091cb531a6373922e,2026-10-03T02:15:37Z
mecon_treasury_maturity_capital_row_38,2026-06-30,2027-12,monthly,capital,securities,detail,38,Emisión Canje 2010,2.948100,million_usd,official_projection,mecon_quarterly_treasury_maturity_profile,https://www.argentina.gob.ar/sites/default/files/deuda_publica_30-06-2026_0.xlsx,e481f24585ef40b8ce7c2b515e66235c8b8ebcb4001a769091cb531a6373922e,2026-10-03T02:15:37Z
mecon_treasury_maturity_capital_row_39,2026-06-30,2027-12,monthly,capital,securities,detail,39,"Discount/JPY/4,33%/2033",3.022778,million_usd,official_projection,mecon_quarterly_treasury_maturity_profile,https://www.argentina.gob.ar/sites/default/files/deuda_publica_30-06-2026_0.xlsx,e481f24585ef40b8ce7c2b515e66235c8b8ebcb4001a769091cb531a6373922e,2026-10-03T02:15:37Z
mecon_treasury_maturity_capital_row_40,2026-06-30,2027-12,monthly,capital,securities,detail,40,Emisión Canje 2005,2.085614,million_usd,official_projection,mecon_quarterly_treasury_maturity_profile,https://www.argentina.gob.ar/sites/default/files/deuda_publica_30-06-2026_0.xlsx,e481f24585ef40b8ce7c2b515e66235c8b8ebcb4001a769091cb531a6373922e,2026-10-03T02:15:37Z
mecon_treasury_maturity_capital_row_41,2026-06-30,2027-12,monthly,capital,securities,detail,41,Emisión Canje 2010,0.937164,million_usd,official_projection,mecon_quarterly_treasury_maturity_profile,https://www.argentina.gob.ar/sites/default/files/deuda_publica_30-06-2026_0.xlsx,e481f24585ef40b8ce7c2b515e66235c8b8ebcb4001a769091cb531a6373922e,2026-10-03T02:15:37Z
mecon_treasury_maturity_capital_row_53,2026-06-30,2027-12,monthly,capital,securities,detail,53,"BONAR/$/6,72763943919512%/31-12-2028",0.255174,million_usd,official_projection,mecon_quarterly_treasury_maturity_profile,https://www.argentina.gob.ar/sites/default/files/deuda_publica_30-06-2026_0.xlsx,e481f24585ef40b8ce7c2b515e66235c8b8ebcb4001a769091cb531a6373922e,2026-10-03T02:15:37Z
mecon_treasury_maturity_capital_row_71,2026-06-30,2027-12,monthly,capital,securities,detail,71,BONCER/$/0%+CER/15-12-2027,16514.858785,million_usd,official_projection,mecon_quarterly_treasury_maturity_profile,https://www.argentina.gob.ar/sites/default/files/deuda_publica_30-06-2026_0.xlsx,e481f24585ef40b8ce7c2b515e66235c8b8ebcb4001a769091cb531a6373922e,2026-10-03T02:15:37Z
mecon_treasury_maturity_capital_row_84,2026-06-30,2027-12,monthly,capital,securities,detail,84,Letras en Garantía,265.742470,million_usd,official_projection,mecon_quarterly_treasury_maturity_profile,https://www.argentina.gob.ar/sites/default/files/deuda_publica_30-06-2026_0.xlsx,e481f24585ef40b8ce7c2b515e66235c8b8ebcb4001a769091cb531a6373922e,2026-10-03T02:15:37Z
mecon_treasury_maturity_capital_row_100,2026-06-30,2027-12,monthly,capital,securities,detail,100,TOTAL DEUDA DENOMINADA EN PESOS,16617.005797,million_usd,official_projection,mecon_quarterly_treasury_maturity_profile,https://www.argentina.gob.ar/sites/default/files/deuda_publica_30-06-2026_0.xlsx,e481f24585ef40b8ce7c2b515e66235c8b8ebcb4001a769091cb531a6373922e,2026-10-03T02:15:37Z
mecon_treasury_maturity_capital_row_101,2026-06-30,2027-12,monthly,capital,securities,detail,101,· Deuda ajustable por CER,16616.750624,million_usd,official_projection,mecon_quarterly_treasury_maturity_profile,https://www.argentina.gob.ar/sites/default/files/deuda_publica_30-06-2026_0.xlsx,e481f24585ef40b8ce7c2b515e66235c8b8ebcb4001a769091cb531a6373922e,2026-10-03T02:15:37Z
mecon_treasury_maturity_capital_row_102,2026-06-30,2027-12,monthly,capital,securities,detail,102,· Deuda no ajustable por CER,0.255174,million_usd,official_projection,mecon_quarterly_treasury_maturity_profile,https://www.argentina.gob.ar/sites/default/files/deuda_publica_30-06-2026_0.xlsx,e481f24585ef40b8ce7c2b515e66235c8b8ebcb4001a769091cb531a6373922e,2026-10-03T02:15:37Z
mecon_treasury_maturity_capital_row_103,2026-06-30,2027-12,monthly,capital,securities,detail,103,TOTAL DEUDA EN MONEDA EXTRANJERA,2031.120764,million_usd,official_projection,mecon_quarterly_treasury_maturity_profile,https://www.argentina.gob.ar/sites/default/files/deuda_publica_30-06-2026_0.xlsx,e481f24585ef40b8ce7c2b515e66235c8b8ebcb4001a769091cb531a6373922e,2026-10-03T02:15:37Z
mecon_treasury_maturity_interest_total,2026-06-30,2027-12,monthly,interest,total,total,13,Total,400.564179,million_usd,official_projection,mecon_quarterly_treasury_maturity_profile,https://www.argentina.gob.ar/sites/default/files/deuda_publica_30-06-2026_0.xlsx,e481f24585ef40b8ce7c2b515e66235c8b8ebcb4001a769091cb531a6373922e,2026-10-03T02:15:37Z
mecon_treasury_maturity_interest_row_15,2026-06-30,2027-12,monthly,interest,total,term,15,MEDIANO Y LARGO PLAZO,400.564179,million_usd,official_projection,mecon_quarterly_treasury_maturity_profile,https://www.argentina.gob.ar/sites/default/files/deuda_publica_30-06-2026_0.xlsx,e481f24585ef40b8ce7c2b515e66235c8b8ebcb4001a769091cb531a6373922e,2026-10-03T02:15:37Z
mecon_treasury_maturity_interest_loans,2026-06-30,2027-12,monthly,interest,loans,category,17,Préstamos,145.338725,million_usd,official_projection,mecon_quarterly_treasury_maturity_profile,https://www.argentina.gob.ar/sites/default/files/deuda_publica_30-06-2026_0.xlsx,e481f24585ef40b8ce7c2b515e66235c8b8ebcb4001a769091cb531a6373922e,2026-10-03T02:15:37Z
mecon_treasury_maturity_interest_row_18,2026-06-30,2027-12,monthly,interest,loans,detail,18,Organismos Internacionales,125.705941,million_usd,official_projection,mecon_quarterly_treasury_maturity_profile,https://www.argentina.gob.ar/sites/default/files/deuda_publica_30-06-2026_0.xlsx,e481f24585ef40b8ce7c2b515e66235c8b8ebcb4001a769091cb531a6373922e,2026-10-03T02:15:37Z
mecon_treasury_maturity_interest_row_19,2026-06-30,2027-12,monthly,interest,loans,detail,19,. BIRF,76.021887,million_usd,official_projection,mecon_quarterly_treasury_maturity_profile,https://www.argentina.gob.ar/sites/default/files/deuda_publica_30-06-2026_0.xlsx,e481f24585ef40b8ce7c2b515e66235c8b8ebcb4001a769091cb531a6373922e,2026-10-03T02:15:37Z
mecon_treasury_maturity_interest_row_20,2026-06-30,2027-12,monthly,interest,loans,detail,20,. BID,27.030543,million_usd,official_projection,mecon_quarterly_treasury_maturity_profile,https://www.argentina.gob.ar/sites/default/files/deuda_publica_30-06-2026_0.xlsx,e481f24585ef40b8ce7c2b515e66235c8b8ebcb4001a769091cb531a6373922e,2026-10-03T02:15:37Z
mecon_treasury_maturity_interest_row_22,2026-06-30,2027-12,monthly,interest,loans,detail,22,. Otros,22.653511,million_usd,official_projection,mecon_quarterly_treasury_maturity_profile,https://www.argentina.gob.ar/sites/default/files/deuda_publica_30-06-2026_0.xlsx,e481f24585ef40b8ce7c2b515e66235c8b8ebcb4001a769091cb531a6373922e,2026-10-03T02:15:37Z
mecon_treasury_maturity_interest_row_23,2026-06-30,2027-12,monthly,interest,loans,detail,23,Préstamos Garantizados,3.575914,million_usd,official_projection,mecon_quarterly_treasury_maturity_profile,https://www.argentina.gob.ar/sites/default/files/deuda_publica_30-06-2026_0.xlsx,e481f24585ef40b8ce7c2b515e66235c8b8ebcb4001a769091cb531a6373922e,2026-10-03T02:15:37Z
mecon_treasury_maturity_interest_row_24,2026-06-30,2027-12,monthly,interest,loans,detail,24,. En moneda nacional ajustable por CER,3.575914,million_usd,official_projection,mecon_quarterly_treasury_maturity_profile,https://www.argentina.gob.ar/sites/default/files/deuda_publica_30-06-2026_0.xlsx,e481f24585ef40b8ce7c2b515e66235c8b8ebcb4001a769091cb531a6373922e,2026-10-03T02:15:37Z
mecon_treasury_maturity_interest_row_25,2026-06-30,2027-12,monthly,interest,loans,detail,25,Banca Comercial,0.537835,million_usd,official_projection,mecon_quarterly_treasury_maturity_profile,https://www.argentina.gob.ar/sites/default/files/deuda_publica_30-06-2026_0.xlsx,e481f24585ef40b8ce7c2b515e66235c8b8ebcb4001a769091cb531a6373922e,2026-10-03T02:15:37Z
mecon_treasury_maturity_interest_row_26,2026-06-30,2027-12,monthly,interest,loans,detail,26,. En moneda extranjera,0.537835,million_usd,official_projection,mecon_quarterly_treasury_maturity_profile,https://www.argentina.gob.ar/sites/default/files/deuda_publica_30-06-2026_0.xlsx,e481f24585ef40b8ce7c2b515e66235c8b8ebcb4001a769091cb531a6373922e,2026-10-03T02:15:37Z
mecon_treasury_maturity_interest_row_27,2026-06-30,2027-12,monthly,interest,loans,detail,27,Organismos Oficiales,15.519035,million_usd,official_projection,mecon_quarterly_treasury_maturity_profile,https://www.argentina.gob.ar/sites/default/files/deuda_publica_30-06-2026_0.xlsx,e481f24585ef40b8ce7c2b515e66235c8b8ebcb4001a769091cb531a6373922e,2026-10-03T02:15:37Z
mecon_treasury_maturity_interest_securities,2026-06-30,2027-12,monthly,interest,securities,category,35,Títulos públicos y Letras del Tesoro,255.225454,million_usd,official_projection,mecon_quarterly_treasury_maturity_profile,https://www.argentina.gob.ar/sites/default/files/deuda_publica_30-06-2026_0.xlsx,e481f24585ef40b8ce7c2b515e66235c8b8ebcb4001a769091cb531a6373922e,2026-10-03T02:15:37Z
mecon_treasury_maturity_interest_row_48,2026-06-30,2027-12,monthly,interest,securities,detail,48,DESCUENTO,39.462673,million_usd,official_projection,mecon_quarterly_treasury_maturity_profile,https://www.argentina.gob.ar/sites/default/files/deuda_publica_30-06-2026_0.xlsx,e481f24585ef40b8ce7c2b515e66235c8b8ebcb4001a769091cb531a6373922e,2026-10-03T02:15:37Z
mecon_treasury_maturity_interest_row_49,2026-06-30,2027-12,monthly,interest,securities,detail,49,"Discount/$+CER/5,83%/2033",38.611912,million_usd,official_projection,mecon_quarterly_treasury_maturity_profile,https://www.argentina.gob.ar/sites/default/files/deuda_publica_30-06-2026_0.xlsx,e481f24585ef40b8ce7c2b515e66235c8b8ebcb4001a769091cb531a6373922e,2026-10-03T02:15:37Z
mecon_treasury_maturity_interest_row_50,2026-06-30,2027-12,monthly,interest,securities,detail,50,Emisión Canje 2005,37.494730,million_usd,official_projection,mecon_quarterly_treasury_maturity_profile,https://www.argentina.gob.ar/sites/default/files/deuda_publica_30-06-2026_0.xlsx,e481f24585ef40b8ce7c2b515e66235c8b8ebcb4001a769091cb531a6373922e,2026-10-03T02:15:37Z
mecon_treasury_maturity_interest_row_51,2026-06-30,2027-12,monthly,interest,securities,detail,51,Emisión Canje 2010,1.117182,million_usd,official_projection,mecon_quarterly_treasury_maturity_profile,https://www.argentina.gob.ar/sites/default/files/deuda_publica_30-06-2026_0.xlsx,e481f24585ef40b8ce7c2b515e66235c8b8ebcb4001a769091cb531a6373922e,2026-10-03T02:15:37Z
mecon_treasury_maturity_interest_row_52,2026-06-30,2027-12,monthly,interest,securities,detail,52,"Discount/JPY/4,33%/2033",0.850761,million_usd,official_projection,mecon_quarterly_treasury_maturity_profile,https://www.argentina.gob.ar/sites/default/files/deuda_publica_30-06-2026_0.xlsx,e481f24585ef40b8ce7c2b515e66235c8b8ebcb4001a769091cb531a6373922e,2026-10-03T02:15:37Z
mecon_treasury_maturity_interest_row_53,2026-06-30,2027-12,monthly,interest,securities,detail,53,Emisión Canje 2005,0.586996,million_usd,official_projection,mecon_quarterly_treasury_maturity_profile,https://www.argentina.gob.ar/sites/default/files/deuda_publica_30-06-2026_0.xlsx,e481f24585ef40b8ce7c2b515e66235c8b8ebcb4001a769091cb531a6373922e,2026-10-03T02:15:37Z
mecon_treasury_maturity_interest_row_54,2026-06-30,2027-12,monthly,interest,securities,detail,54,Emisión Canje 2010,0.263765,million_usd,official_projection,mecon_quarterly_treasury_maturity_profile,https://www.argentina.gob.ar/sites/default/files/deuda_publica_30-06-2026_0.xlsx,e481f24585ef40b8ce7c2b515e66235c8b8ebcb4001a769091cb531a6373922e,2026-10-03T02:15:37Z
mecon_treasury_maturity_interest_row_55,2026-06-30,2027-12,monthly,interest,securities,detail,55,"CUASIPAR/$+CER/3,31%/2045",199.218753,million_usd,official_projection,mecon_quarterly_treasury_maturity_profile,https://www.argentina.gob.ar/sites/default/files/deuda_publica_30-06-2026_0.xlsx,e481f24585ef40b8ce7c2b515e66235c8b8ebcb4001a769091cb531a6373922e,2026-10-03T02:15:37Z
mecon_treasury_maturity_interest_row_56,2026-06-30,2027-12,monthly,interest,securities,detail,56,"BONAR/$/6,72763943919512%/31-12-2028",0.019237,million_usd,official_projection,mecon_quarterly_treasury_maturity_profile,https://www.argentina.gob.ar/sites/default/files/deuda_publica_30-06-2026_0.xlsx,e481f24585ef40b8ce7c2b515e66235c8b8ebcb4001a769091cb531a6373922e,2026-10-03T02:15:37Z
mecon_treasury_maturity_interest_row_59,2026-06-30,2027-12,monthly,interest,securities,detail,59,BONAR/U$S/6%/31-10-2028,10.001848,million_usd,official_projection,mecon_quarterly_treasury_maturity_profile,https://www.argentina.gob.ar/sites/default/files/deuda_publica_30-06-2026_0.xlsx,e481f24585ef40b8ce7c2b515e66235c8b8ebcb4001a769091cb531a6373922e,2026-10-03T02:15:37Z
mecon_treasury_maturity_interest_row_88,2026-06-30,2027-12,monthly,interest,securities,detail,88,LETRA INTRANSFERIBLE - BCRA,6.522943,million_usd,official_projection,mecon_quarterly_treasury_maturity_profile,https://www.argentina.gob.ar/sites/default/files/deuda_publica_30-06-2026_0.xlsx,e481f24585ef40b8ce7c2b515e66235c8b8ebcb4001a769091cb531a6373922e,2026-10-03T02:15:37Z
mecon_treasury_maturity_interest_row_101,2026-06-30,2027-12,monthly,interest,securities,detail,101,TOTAL DEUDA DENOMINADA EN PESOS,241.425815,million_usd,official_projection,mecon_quarterly_treasury_maturity_profile,https://www.argentina.gob.ar/sites/default/files/deuda_publica_30-06-2026_0.xlsx,e481f24585ef40b8ce7c2b515e66235c8b8ebcb4001a769091cb531a6373922e,2026-10-03T02:15:37Z
mecon_treasury_maturity_interest_row_102,2026-06-30,2027-12,monthly,interest,securities,detail,102,· Deuda ajustable por CER,241.406579,million_usd,official_projection,mecon_quarterly_treasury_maturity_profile,https://www.argentina.gob.ar/sites/default/files/deuda_publica_30-06-2026_0.xlsx,e481f24585ef40b8ce7c2b515e66235c8b8ebcb4001a769091cb531a6373922e,2026-10-03T02:15:37Z
mecon_treasury_maturity_interest_row_103,2026-06-30,2027-12,monthly,interest,securities,detail,103,· Deuda no ajustable por CER,0.019237,million_usd,official_projection,mecon_quarterly_treasury_maturity_profile,https://www.argentina.gob.ar/sites/default/files/deuda_publica_30-06-2026_0.xlsx,e481f24585ef40b8ce7c2b515e66235c8b8ebcb4001a769091cb531a6373922e,2026-10-03T02:15:37Z
mecon_treasury_maturity_interest_row_104,2026-06-30,2027-12,monthly,interest,securities,detail,104,TOTAL DEUDA EN MONEDA EXTRANJERA,159.138363,million_usd,official_projection,mecon_quarterly_treasury_maturity_profile,https://www.argentina.gob.ar/sites/default/files/deuda_publica_30-06-2026_0.xlsx,e481f24585ef40b8ce7c2b515e66235c8b8ebcb4001a769091cb531a6373922e,2026-10-03T02:15:37Z
