period,gross_private_and_ooi_million_usd,net_reserves_million_usd,bcra_liabilities_million_usd,gross_total_million_usd,gross_debt_percent_gdp,published_net_debt_million_usd
2003-Q2,146061.100000,1300.000000,5862.000000,152587.000000,78.000000,150623.100000
2007-Q3,141085.924000,41829.000000,18532.802550,165206.000000,35.000000,117789.726550
2015-Q3,93703.000000,-1446.000000,38532.917960,239959.000000,52.600000,133681.917960
2019-11,195811.880000,12100.000000,17422.065960,313299.000000,89.800000,201133.945960
2023-11,229800.240000,-10500.000000,70043.661410,425556.000000,97.800000,310343.901410
2026-05,268392.880000,-9100.000000,15546.508840,479273.000000,70.000000,293039.388840
