period,value_million_usd
2013,202629.572340
2014,221747.982485
2015,222703.203814
2016,288447.822781
2017,334706.966557
2018,345384.743295
